,date,AAPL stock,isPartial
0,2012-01-01,1.69,False
1,2012-01-02,2.6,False
2,2012-01-03,4.16,False
3,2012-01-04,3.25,False
4,2012-01-05,3.77,False
5,2012-01-06,4.29,False
6,2012-01-07,1.9500000000000002,False
7,2012-01-08,0.52,False
8,2012-01-09,6.11,False
9,2012-01-10,1.17,False
10,2012-01-11,4.03,False
11,2012-01-12,1.9500000000000002,False
12,2012-01-13,2.99,False
13,2012-01-14,0.52,False
14,2012-01-15,0.52,False
15,2012-01-16,2.34,False
16,2012-01-17,5.07,False
17,2012-01-18,4.29,False
18,2012-01-19,5.46,False
19,2012-01-20,4.03,False
20,2012-01-21,0.52,False
21,2012-01-22,2.8600000000000003,False
22,2012-01-23,3.9000000000000004,False
23,2012-01-24,7.41,False
24,2012-01-25,13.0,False
25,2012-01-26,6.37,False
26,2012-01-27,5.33,False
27,2012-01-28,1.9500000000000002,False
28,2012-01-29,1.82,False
29,2012-01-30,3.5100000000000002,False
30,2012-01-31,4.68,False
0,2012-02-01,7.99,False
1,2012-02-02,7.65,False
2,2012-02-03,11.05,False
3,2012-02-04,3.06,False
4,2012-02-05,2.5500000000000003,False
5,2012-02-06,5.78,False
6,2012-02-07,10.030000000000001,False
7,2012-02-08,9.690000000000001,False
8,2012-02-09,15.64,False
9,2012-02-10,13.600000000000001,False
10,2012-02-11,3.91,False
11,2012-02-12,2.5500000000000003,False
12,2012-02-13,12.41,False
13,2012-02-14,14.620000000000001,False
14,2012-02-15,17.0,False
15,2012-02-16,16.150000000000002,False
16,2012-02-17,9.180000000000001,False
17,2012-02-18,5.78,False
18,2012-02-19,1.87,False
19,2012-02-20,5.95,False
20,2012-02-21,11.22,False
21,2012-02-22,11.73,False
22,2012-02-23,11.73,False
23,2012-02-24,12.41,False
24,2012-02-25,3.06,False
25,2012-02-26,3.91,False
26,2012-02-27,9.690000000000001,False
27,2012-02-28,15.98,False
28,2012-02-29,16.150000000000002,False
0,2012-03-01,10.4,False
1,2012-03-02,11.700000000000001,False
2,2012-03-03,6.5,False
3,2012-03-04,2.8600000000000003,False
4,2012-03-05,10.4,False
5,2012-03-06,13.26,False
6,2012-03-07,12.48,False
7,2012-03-08,13.780000000000001,False
8,2012-03-09,9.36,False
9,2012-03-10,3.12,False
10,2012-03-11,3.9000000000000004,False
11,2012-03-12,8.06,False
12,2012-03-13,9.620000000000001,False
13,2012-03-14,15.34,False
14,2012-03-15,17.68,False
15,2012-03-16,14.3,False
16,2012-03-17,7.0200000000000005,False
17,2012-03-18,4.16,False
18,2012-03-19,26.0,False
19,2012-03-20,22.880000000000003,False
20,2012-03-21,17.16,False
21,2012-03-22,12.74,False
22,2012-03-23,16.64,False
23,2012-03-24,5.720000000000001,False
24,2012-03-25,2.8600000000000003,False
25,2012-03-26,12.74,False
26,2012-03-27,12.48,False
27,2012-03-28,13.26,False
28,2012-03-29,9.36,False
29,2012-03-30,11.440000000000001,False
30,2012-03-31,6.24,False
0,2012-04-01,3.64,False
1,2012-04-02,10.4,False
2,2012-04-03,14.56,False
3,2012-04-04,11.18,False
4,2012-04-05,8.84,False
5,2012-04-06,8.84,False
6,2012-04-07,3.38,False
7,2012-04-08,3.64,False
8,2012-04-09,9.1,False
9,2012-04-10,12.48,False
10,2012-04-11,13.0,False
11,2012-04-12,14.82,False
12,2012-04-13,13.0,False
13,2012-04-14,3.38,False
14,2012-04-15,2.8600000000000003,False
15,2012-04-16,15.08,False
16,2012-04-17,18.46,False
17,2012-04-18,13.52,False
18,2012-04-19,13.52,False
19,2012-04-20,11.96,False
20,2012-04-21,4.68,False
21,2012-04-22,2.6,False
22,2012-04-23,16.38,False
23,2012-04-24,21.84,False
24,2012-04-25,26.0,False
25,2012-04-26,18.2,False
26,2012-04-27,13.52,False
27,2012-04-28,5.720000000000001,False
28,2012-04-29,2.6,False
29,2012-04-30,13.0,False
0,2012-05-01,16.94,False
1,2012-05-02,13.86,False
2,2012-05-03,9.68,False
3,2012-05-04,12.1,False
4,2012-05-05,5.5,False
5,2012-05-06,0.88,False
6,2012-05-07,12.32,False
7,2012-05-08,10.34,False
8,2012-05-09,11.66,False
9,2012-05-10,10.34,False
10,2012-05-11,13.86,False
11,2012-05-12,8.14,False
12,2012-05-13,1.98,False
13,2012-05-14,6.82,False
14,2012-05-15,11.22,False
15,2012-05-16,14.08,False
16,2012-05-17,15.18,False
17,2012-05-18,22.0,False
18,2012-05-19,5.72,False
19,2012-05-20,2.42,False
20,2012-05-21,20.68,False
21,2012-05-22,20.46,False
22,2012-05-23,17.6,False
23,2012-05-24,16.28,False
24,2012-05-25,12.540000000000001,False
25,2012-05-26,3.3,False
26,2012-05-27,3.74,False
27,2012-05-28,4.4,False
28,2012-05-29,13.64,False
29,2012-05-30,13.2,False
30,2012-05-31,12.1,False
0,2012-06-01,16.0,False
1,2012-06-02,6.88,False
2,2012-06-03,0.8,False
3,2012-06-04,7.84,False
4,2012-06-05,11.36,False
5,2012-06-06,6.08,False
6,2012-06-07,8.8,False
7,2012-06-08,5.12,False
8,2012-06-09,3.84,False
9,2012-06-10,0.8,False
10,2012-06-11,12.48,False
11,2012-06-12,9.6,False
12,2012-06-13,8.48,False
13,2012-06-14,9.76,False
14,2012-06-15,5.12,False
15,2012-06-16,1.44,False
16,2012-06-17,4.48,False
17,2012-06-18,5.92,False
18,2012-06-19,8.96,False
19,2012-06-20,8.48,False
20,2012-06-21,8.0,False
21,2012-06-22,3.2,False
22,2012-06-23,2.4,False
23,2012-06-24,1.44,False
24,2012-06-25,10.88,False
25,2012-06-26,12.48,False
26,2012-06-27,9.92,False
27,2012-06-28,7.36,False
28,2012-06-29,9.28,False
29,2012-06-30,1.6,False
0,2012-07-01,0.8,False
1,2012-07-02,5.44,False
2,2012-07-03,10.24,False
3,2012-07-04,4.48,False
4,2012-07-05,6.88,False
5,2012-07-06,6.4,False
6,2012-07-07,0.8,False
7,2012-07-08,3.04,False
8,2012-07-09,9.120000000000001,False
9,2012-07-10,7.2,False
10,2012-07-11,6.24,False
11,2012-07-12,6.88,False
12,2012-07-13,4.48,False
13,2012-07-14,5.28,False
14,2012-07-15,2.24,False
15,2012-07-16,7.84,False
16,2012-07-17,9.6,False
17,2012-07-18,4.96,False
18,2012-07-19,11.84,False
19,2012-07-20,5.76,False
20,2012-07-21,3.2,False
21,2012-07-22,1.6,False
22,2012-07-23,7.36,False
23,2012-07-24,16.0,False
24,2012-07-25,12.96,False
25,2012-07-26,10.08,False
26,2012-07-27,11.040000000000001,False
27,2012-07-28,1.6,False
28,2012-07-29,1.44,False
29,2012-07-30,13.92,False
30,2012-07-31,9.92,False
0,2012-08-01,9.24,False
1,2012-08-02,12.389999999999999,False
2,2012-08-03,10.08,False
3,2012-08-04,5.88,False
4,2012-08-05,2.31,False
5,2012-08-06,10.5,False
6,2012-08-07,9.45,False
7,2012-08-08,13.229999999999999,False
8,2012-08-09,10.29,False
9,2012-08-10,10.709999999999999,False
10,2012-08-11,3.57,False
11,2012-08-12,1.89,False
12,2012-08-13,8.4,False
13,2012-08-14,10.5,False
14,2012-08-15,11.76,False
15,2012-08-16,10.29,False
16,2012-08-17,19.74,False
17,2012-08-18,6.93,False
18,2012-08-19,4.2,False
19,2012-08-20,15.75,False
20,2012-08-21,21.0,False
21,2012-08-22,14.49,False
22,2012-08-23,16.169999999999998,False
23,2012-08-24,20.58,False
24,2012-08-25,11.549999999999999,False
25,2012-08-26,6.93,False
26,2012-08-27,20.79,False
27,2012-08-28,19.74,False
28,2012-08-29,15.959999999999999,False
29,2012-08-30,12.6,False
30,2012-08-31,9.66,False
0,2012-09-01,3.0,False
1,2012-09-02,3.0,False
2,2012-09-03,1.25,False
3,2012-09-04,8.25,False
4,2012-09-05,11.75,False
5,2012-09-06,11.25,False
6,2012-09-07,10.25,False
7,2012-09-08,3.5,False
8,2012-09-09,2.75,False
9,2012-09-10,10.5,False
10,2012-09-11,11.25,False
11,2012-09-12,25.0,False
12,2012-09-13,19.75,False
13,2012-09-14,16.0,False
14,2012-09-15,4.5,False
15,2012-09-16,4.25,False
16,2012-09-17,15.0,False
17,2012-09-18,14.75,False
18,2012-09-19,13.75,False
19,2012-09-20,12.25,False
20,2012-09-21,12.25,False
21,2012-09-22,6.0,False
22,2012-09-23,2.5,False
23,2012-09-24,13.75,False
24,2012-09-25,9.75,False
25,2012-09-26,11.5,False
26,2012-09-27,12.75,False
27,2012-09-28,10.75,False
28,2012-09-29,5.0,False
29,2012-09-30,3.75,False
0,2012-10-01,13.5,False
1,2012-10-02,15.39,False
2,2012-10-03,9.99,False
3,2012-10-04,14.850000000000001,False
4,2012-10-05,13.770000000000001,False
5,2012-10-06,2.43,False
6,2012-10-07,2.7,False
7,2012-10-08,14.850000000000001,False
8,2012-10-09,13.770000000000001,False
9,2012-10-10,14.580000000000002,False
10,2012-10-11,10.530000000000001,False
11,2012-10-12,12.96,False
12,2012-10-13,4.050000000000001,False
13,2012-10-14,2.97,False
14,2012-10-15,12.96,False
15,2012-10-16,13.5,False
16,2012-10-17,12.96,False
17,2012-10-18,14.31,False
18,2012-10-19,15.66,False
19,2012-10-20,5.67,False
20,2012-10-21,3.24,False
21,2012-10-22,15.930000000000001,False
22,2012-10-23,21.87,False
23,2012-10-24,22.950000000000003,False
24,2012-10-25,22.68,False
25,2012-10-26,27.0,False
26,2012-10-27,5.4,False
27,2012-10-28,2.16,False
28,2012-10-29,10.530000000000001,False
29,2012-10-30,6.75,False
30,2012-10-31,15.930000000000001,False
0,2012-11-01,11.34,False
1,2012-11-02,11.549999999999999,False
2,2012-11-03,5.25,False
3,2012-11-04,3.36,False
4,2012-11-05,10.29,False
5,2012-11-06,9.45,False
6,2012-11-07,17.43,False
7,2012-11-08,21.0,False
8,2012-11-09,12.6,False
9,2012-11-10,4.2,False
10,2012-11-11,2.73,False
11,2012-11-12,10.29,False
12,2012-11-13,11.969999999999999,False
13,2012-11-14,13.02,False
14,2012-11-15,12.389999999999999,False
15,2012-11-16,14.28,False
16,2012-11-17,4.41,False
17,2012-11-18,3.57,False
18,2012-11-19,14.7,False
19,2012-11-20,13.02,False
20,2012-11-21,14.91,False
21,2012-11-22,3.36,False
22,2012-11-23,10.08,False
23,2012-11-24,3.57,False
24,2012-11-25,4.83,False
25,2012-11-26,8.82,False
26,2012-11-27,11.34,False
27,2012-11-28,9.87,False
28,2012-11-29,11.549999999999999,False
29,2012-11-30,9.87,False
0,2012-12-01,3.5100000000000002,False
1,2012-12-02,3.5100000000000002,False
2,2012-12-03,9.18,False
3,2012-12-04,20.790000000000003,False
4,2012-12-05,27.0,False
5,2012-12-06,26.19,False
6,2012-12-07,22.14,False
7,2012-12-08,7.83,False
8,2012-12-09,3.5100000000000002,False
9,2012-12-10,16.200000000000003,False
10,2012-12-11,17.82,False
11,2012-12-12,17.01,False
12,2012-12-13,19.17,False
13,2012-12-14,26.46,False
14,2012-12-15,8.91,False
15,2012-12-16,4.050000000000001,False
16,2012-12-17,21.87,False
17,2012-12-18,17.01,False
18,2012-12-19,18.09,False
19,2012-12-20,14.040000000000001,False
20,2012-12-21,12.420000000000002,False
21,2012-12-22,2.16,False
22,2012-12-23,3.7800000000000002,False
23,2012-12-24,13.5,False
24,2012-12-25,1.62,False
25,2012-12-26,12.690000000000001,False
26,2012-12-27,25.650000000000002,False
27,2012-12-28,14.850000000000001,False
28,2012-12-29,5.130000000000001,False
29,2012-12-30,1.35,False
30,2012-12-31,18.900000000000002,False
0,2013-01-01,2.4000000000000004,False
1,2013-01-02,11.200000000000001,False
2,2013-01-03,9.200000000000001,False
3,2013-01-04,10.0,False
4,2013-01-05,2.8000000000000003,False
5,2013-01-06,1.2000000000000002,False
6,2013-01-07,6.0,False
7,2013-01-08,7.2,False
8,2013-01-09,5.6000000000000005,False
9,2013-01-10,6.4,False
10,2013-01-11,8.0,False
11,2013-01-12,2.8000000000000003,False
12,2013-01-13,1.2000000000000002,False
13,2013-01-14,10.4,False
14,2013-01-15,16.8,False
15,2013-01-16,17.2,False
16,2013-01-17,13.200000000000001,False
17,2013-01-18,14.8,False
18,2013-01-19,3.2,False
19,2013-01-20,2.8000000000000003,False
20,2013-01-21,4.800000000000001,False
21,2013-01-22,10.0,False
22,2013-01-23,20.0,False
23,2013-01-24,40.0,False
24,2013-01-25,26.400000000000002,False
25,2013-01-26,10.4,False
26,2013-01-27,4.800000000000001,False
27,2013-01-28,16.400000000000002,False
28,2013-01-29,16.0,False
29,2013-01-30,12.4,False
30,2013-01-31,10.0,False
0,2013-02-01,26.099999999999998,False
1,2013-02-02,6.959999999999999,False
2,2013-02-03,8.41,False
3,2013-02-04,24.65,False
4,2013-02-05,18.849999999999998,False
5,2013-02-06,23.779999999999998,False
6,2013-02-07,27.839999999999996,False
7,2013-02-08,28.13,False
8,2013-02-09,11.309999999999999,False
9,2013-02-10,4.93,False
10,2013-02-11,22.04,False
11,2013-02-12,28.999999999999996,False
12,2013-02-13,24.069999999999997,False
13,2013-02-14,18.56,False
14,2013-02-15,23.2,False
15,2013-02-16,6.09,False
16,2013-02-17,2.03,False
17,2013-02-18,8.12,False
18,2013-02-19,16.24,False
19,2013-02-20,17.689999999999998,False
20,2013-02-21,17.98,False
21,2013-02-22,15.37,False
22,2013-02-23,5.22,False
23,2013-02-24,2.61,False
24,2013-02-25,16.529999999999998,False
25,2013-02-26,24.069999999999997,False
26,2013-02-27,20.88,False
27,2013-02-28,21.75,False
0,2013-03-01,26.880000000000003,False
1,2013-03-02,11.200000000000001,False
2,2013-03-03,4.48,False
3,2013-03-04,24.64,False
4,2013-03-05,28.000000000000004,False
5,2013-03-06,26.6,False
6,2013-03-07,23.8,False
7,2013-03-08,24.080000000000002,False
8,2013-03-09,5.880000000000001,False
9,2013-03-10,7.280000000000001,False
10,2013-03-11,21.840000000000003,False
11,2013-03-12,20.44,False
12,2013-03-13,23.240000000000002,False
13,2013-03-14,21.840000000000003,False
14,2013-03-15,26.040000000000003,False
15,2013-03-16,12.040000000000001,False
16,2013-03-17,3.9200000000000004,False
17,2013-03-18,27.720000000000002,False
18,2013-03-19,24.64,False
19,2013-03-20,20.720000000000002,False
20,2013-03-21,16.240000000000002,False
21,2013-03-22,19.6,False
22,2013-03-23,5.880000000000001,False
23,2013-03-24,3.6400000000000006,False
24,2013-03-25,19.040000000000003,False
25,2013-03-26,22.96,False
26,2013-03-27,18.76,False
27,2013-03-28,20.160000000000004,False
28,2013-03-29,15.400000000000002,False
29,2013-03-30,6.16,False
30,2013-03-31,3.9200000000000004,False
0,2013-04-01,14.4,False
1,2013-04-02,13.600000000000001,False
2,2013-04-03,12.0,False
3,2013-04-04,13.200000000000001,False
4,2013-04-05,8.4,False
5,2013-04-06,3.6,False
6,2013-04-07,2.8000000000000003,False
7,2013-04-08,7.6000000000000005,False
8,2013-04-09,11.200000000000001,False
9,2013-04-10,10.4,False
10,2013-04-11,11.200000000000001,False
11,2013-04-12,10.8,False
12,2013-04-13,4.4,False
13,2013-04-14,2.8000000000000003,False
14,2013-04-15,10.4,False
15,2013-04-16,8.8,False
16,2013-04-17,22.8,False
17,2013-04-18,17.2,False
18,2013-04-19,20.8,False
19,2013-04-20,9.200000000000001,False
20,2013-04-21,1.2000000000000002,False
21,2013-04-22,18.0,False
22,2013-04-23,40.0,False
23,2013-04-24,35.6,False
24,2013-04-25,15.600000000000001,False
25,2013-04-26,16.8,False
26,2013-04-27,6.800000000000001,False
27,2013-04-28,4.0,False
28,2013-04-29,17.6,False
29,2013-04-30,18.0,False
0,2013-05-01,24.09,False
1,2013-05-02,28.71,False
2,2013-05-03,31.68,False
3,2013-05-04,9.9,False
4,2013-05-05,5.61,False
5,2013-05-06,26.73,False
6,2013-05-07,27.060000000000002,False
7,2013-05-08,24.09,False
8,2013-05-09,29.37,False
9,2013-05-10,23.43,False
10,2013-05-11,4.95,False
11,2013-05-12,1.32,False
12,2013-05-13,18.150000000000002,False
13,2013-05-14,24.75,False
14,2013-05-15,33.0,False
15,2013-05-16,17.16,False
16,2013-05-17,18.150000000000002,False
17,2013-05-18,6.930000000000001,False
18,2013-05-19,4.29,False
19,2013-05-20,22.77,False
20,2013-05-21,23.43,False
21,2013-05-22,16.17,False
22,2013-05-23,23.76,False
23,2013-05-24,19.470000000000002,False
24,2013-05-25,7.590000000000001,False
25,2013-05-26,3.6300000000000003,False
26,2013-05-27,6.2700000000000005,False
27,2013-05-28,16.5,False
28,2013-05-29,17.490000000000002,False
29,2013-05-30,16.17,False
30,2013-05-31,17.82,False
0,2013-06-01,9.9,False
1,2013-06-02,2.4,False
2,2013-06-03,19.8,False
3,2013-06-04,16.8,False
4,2013-06-05,16.8,False
5,2013-06-06,15.0,False
6,2013-06-07,15.299999999999999,False
7,2013-06-08,8.7,False
8,2013-06-09,2.4,False
9,2013-06-10,30.0,False
10,2013-06-11,26.7,False
11,2013-06-12,17.099999999999998,False
12,2013-06-13,16.2,False
13,2013-06-14,16.8,False
14,2013-06-15,8.1,False
15,2013-06-16,3.5999999999999996,False
16,2013-06-17,16.8,False
17,2013-06-18,16.2,False
18,2013-06-19,14.7,False
19,2013-06-20,21.599999999999998,False
20,2013-06-21,16.2,False
21,2013-06-22,8.7,False
22,2013-06-23,5.3999999999999995,False
23,2013-06-24,16.2,False
24,2013-06-25,19.2,False
25,2013-06-26,16.8,False
26,2013-06-27,19.5,False
27,2013-06-28,19.5,False
28,2013-06-29,7.5,False
29,2013-06-30,6.8999999999999995,False
0,2013-07-01,9.92,False
1,2013-07-02,15.36,False
2,2013-07-03,8.96,False
3,2013-07-04,3.2,False
4,2013-07-05,15.68,False
5,2013-07-06,4.8,False
6,2013-07-07,3.52,False
7,2013-07-08,16.0,False
8,2013-07-09,13.120000000000001,False
9,2013-07-10,9.92,False
10,2013-07-11,20.48,False
11,2013-07-12,12.48,False
12,2013-07-13,3.84,False
13,2013-07-14,4.48,False
14,2013-07-15,13.76,False
15,2013-07-16,10.56,False
16,2013-07-17,12.48,False
17,2013-07-18,12.16,False
18,2013-07-19,13.76,False
19,2013-07-20,5.44,False
20,2013-07-21,3.52,False
21,2013-07-22,10.56,False
22,2013-07-23,19.2,False
23,2013-07-24,32.0,False
24,2013-07-25,17.6,False
25,2013-07-26,12.48,False
26,2013-07-27,8.32,False
27,2013-07-28,4.48,False
28,2013-07-29,12.48,False
29,2013-07-30,11.84,False
30,2013-07-31,16.64,False
0,2013-08-01,16.56,False
1,2013-08-02,15.479999999999999,False
2,2013-08-03,6.84,False
3,2013-08-04,6.12,False
4,2013-08-05,17.28,False
5,2013-08-06,17.64,False
6,2013-08-07,12.959999999999999,False
7,2013-08-08,15.12,False
8,2013-08-09,14.04,False
9,2013-08-10,3.2399999999999998,False
10,2013-08-11,4.32,False
11,2013-08-12,24.84,False
12,2013-08-13,24.48,False
13,2013-08-14,36.0,False
14,2013-08-15,31.32,False
15,2013-08-16,26.279999999999998,False
16,2013-08-17,6.84,False
17,2013-08-18,3.96,False
18,2013-08-19,21.599999999999998,False
19,2013-08-20,19.8,False
20,2013-08-21,18.0,False
21,2013-08-22,21.24,False
22,2013-08-23,20.16,False
23,2013-08-24,9.0,False
24,2013-08-25,2.52,False
25,2013-08-26,22.32,False
26,2013-08-27,17.64,False
27,2013-08-28,16.2,False
28,2013-08-29,14.76,False
29,2013-08-30,13.32,False
30,2013-08-31,5.04,False
0,2013-09-01,3.01,False
1,2013-09-02,4.7299999999999995,False
2,2013-09-03,18.49,False
3,2013-09-04,16.34,False
4,2013-09-05,12.9,False
5,2013-09-06,16.34,False
6,2013-09-07,6.45,False
7,2013-09-08,4.7299999999999995,False
8,2013-09-09,18.49,False
9,2013-09-10,37.41,False
10,2013-09-11,43.0,False
11,2013-09-12,29.669999999999998,False
12,2013-09-13,25.8,False
13,2013-09-14,11.18,False
14,2013-09-15,6.88,False
15,2013-09-16,22.79,False
16,2013-09-17,22.36,False
17,2013-09-18,23.22,False
18,2013-09-19,24.08,False
19,2013-09-20,22.79,False
20,2013-09-21,5.59,False
21,2013-09-22,6.45,False
22,2013-09-23,30.96,False
23,2013-09-24,19.78,False
24,2013-09-25,17.63,False
25,2013-09-26,15.48,False
26,2013-09-27,18.49,False
27,2013-09-28,4.7299999999999995,False
28,2013-09-29,3.87,False
29,2013-09-30,13.33,False
0,2013-10-01,22.75,False
1,2013-10-02,19.95,False
2,2013-10-03,19.95,False
3,2013-10-04,19.95,False
4,2013-10-05,4.199999999999999,False
5,2013-10-06,2.8,False
6,2013-10-07,24.849999999999998,False
7,2013-10-08,17.15,False
8,2013-10-09,16.799999999999997,False
9,2013-10-10,16.45,False
10,2013-10-11,16.45,False
11,2013-10-12,3.15,False
12,2013-10-13,2.4499999999999997,False
13,2013-10-14,21.7,False
14,2013-10-15,18.2,False
15,2013-10-16,21.349999999999998,False
16,2013-10-17,23.799999999999997,False
17,2013-10-18,23.45,False
18,2013-10-19,7.699999999999999,False
19,2013-10-20,6.3,False
20,2013-10-21,18.9,False
21,2013-10-22,35.0,False
22,2013-10-23,32.55,False
23,2013-10-24,31.849999999999998,False
24,2013-10-25,22.4,False
25,2013-10-26,9.45,False
26,2013-10-27,5.25,False
27,2013-10-28,26.25,False
28,2013-10-29,34.3,False
29,2013-10-30,16.45,False
30,2013-10-31,19.95,False
0,2013-11-01,20.0,False
1,2013-11-02,9.5,False
2,2013-11-03,2.5,False
3,2013-11-04,18.25,False
4,2013-11-05,15.0,False
5,2013-11-06,15.0,False
6,2013-11-07,18.5,False
7,2013-11-08,16.0,False
8,2013-11-09,7.5,False
9,2013-11-10,4.75,False
10,2013-11-11,14.0,False
11,2013-11-12,16.75,False
12,2013-11-13,12.5,False
13,2013-11-14,18.5,False
14,2013-11-15,16.0,False
15,2013-11-16,7.5,False
16,2013-11-17,3.75,False
17,2013-11-18,19.0,False
18,2013-11-19,15.25,False
19,2013-11-20,19.0,False
20,2013-11-21,15.75,False
21,2013-11-22,17.5,False
22,2013-11-23,3.0,False
23,2013-11-24,4.25,False
24,2013-11-25,12.75,False
25,2013-11-26,17.75,False
26,2013-11-27,25.0,False
27,2013-11-28,10.0,False
28,2013-11-29,20.5,False
29,2013-11-30,6.25,False
0,2013-12-01,4.8,False
1,2013-12-02,21.76,False
2,2013-12-03,25.28,False
3,2013-12-04,24.0,False
4,2013-12-05,24.32,False
5,2013-12-06,20.8,False
6,2013-12-07,7.68,False
7,2013-12-08,5.44,False
8,2013-12-09,14.4,False
9,2013-12-10,21.12,False
10,2013-12-11,15.68,False
11,2013-12-12,13.76,False
12,2013-12-13,19.52,False
13,2013-12-14,4.8,False
14,2013-12-15,3.52,False
15,2013-12-16,10.88,False
16,2013-12-17,13.44,False
17,2013-12-18,23.04,False
18,2013-12-19,16.96,False
19,2013-12-20,21.76,False
20,2013-12-21,9.28,False
21,2013-12-22,5.44,False
22,2013-12-23,32.0,False
23,2013-12-24,24.96,False
24,2013-12-25,6.4,False
25,2013-12-26,24.32,False
26,2013-12-27,18.56,False
27,2013-12-28,8.32,False
28,2013-12-29,6.72,False
29,2013-12-30,14.72,False
30,2013-12-31,23.36,False
0,2014-01-01,4.16,False
1,2014-01-02,7.68,False
2,2014-01-03,7.36,False
3,2014-01-04,3.2,False
4,2014-01-05,1.6,False
5,2014-01-06,5.76,False
6,2014-01-07,7.04,False
7,2014-01-08,8.64,False
8,2014-01-09,7.68,False
9,2014-01-10,6.4,False
10,2014-01-11,1.6,False
11,2014-01-12,0.96,False
12,2014-01-13,6.08,False
13,2014-01-14,7.04,False
14,2014-01-15,9.92,False
15,2014-01-16,9.6,False
16,2014-01-17,9.92,False
17,2014-01-18,3.84,False
18,2014-01-19,1.28,False
19,2014-01-20,4.8,False
20,2014-01-21,9.92,False
21,2014-01-22,10.88,False
22,2014-01-23,9.6,False
23,2014-01-24,8.32,False
24,2014-01-25,2.56,False
25,2014-01-26,1.6,False
26,2014-01-27,12.48,False
27,2014-01-28,32.0,False
28,2014-01-29,19.84,False
29,2014-01-30,14.08,False
30,2014-01-31,10.56,False
0,2014-02-01,11.52,False
1,2014-02-02,4.16,False
2,2014-02-03,20.48,False
3,2014-02-04,19.84,False
4,2014-02-05,23.68,False
5,2014-02-06,20.48,False
6,2014-02-07,26.88,False
7,2014-02-08,7.68,False
8,2014-02-09,7.04,False
9,2014-02-10,25.6,False
10,2014-02-11,26.240000000000002,False
11,2014-02-12,27.2,False
12,2014-02-13,32.0,False
13,2014-02-14,25.92,False
14,2014-02-15,5.44,False
15,2014-02-16,2.24,False
16,2014-02-17,13.44,False
17,2014-02-18,19.2,False
18,2014-02-19,19.2,False
19,2014-02-20,21.76,False
20,2014-02-21,18.56,False
21,2014-02-22,5.44,False
22,2014-02-23,7.04,False
23,2014-02-24,19.52,False
24,2014-02-25,21.76,False
25,2014-02-26,27.52,False
26,2014-02-27,25.92,False
27,2014-02-28,22.400000000000002,False
0,2014-03-01,4.4,False
1,2014-03-02,3.4000000000000004,False
2,2014-03-03,20.0,False
3,2014-03-04,11.600000000000001,False
4,2014-03-05,16.0,False
5,2014-03-06,17.2,False
6,2014-03-07,13.4,False
7,2014-03-08,5.4,False
8,2014-03-09,1.4000000000000001,False
9,2014-03-10,13.600000000000001,False
10,2014-03-11,14.600000000000001,False
11,2014-03-12,11.0,False
12,2014-03-13,11.600000000000001,False
13,2014-03-14,14.4,False
14,2014-03-15,2.4000000000000004,False
15,2014-03-16,2.4000000000000004,False
16,2014-03-17,4.0,False
17,2014-03-18,11.200000000000001,False
18,2014-03-19,7.800000000000001,False
19,2014-03-20,5.4,False
20,2014-03-21,8.200000000000001,False
21,2014-03-22,4.4,False
22,2014-03-23,1.0,False
23,2014-03-24,7.6000000000000005,False
24,2014-03-25,9.200000000000001,False
25,2014-03-26,7.0,False
26,2014-03-27,9.8,False
27,2014-03-28,14.8,False
28,2014-03-29,1.4000000000000001,False
29,2014-03-30,1.0,False
30,2014-03-31,11.0,False
0,2014-04-01,3.7800000000000002,False
1,2014-04-02,5.4,False
2,2014-04-03,6.210000000000001,False
3,2014-04-04,4.32,False
4,2014-04-05,1.35,False
5,2014-04-06,1.08,False
6,2014-04-07,5.130000000000001,False
7,2014-04-08,5.67,False
8,2014-04-09,6.75,False
9,2014-04-10,5.4,False
10,2014-04-11,4.59,False
11,2014-04-12,1.35,False
12,2014-04-13,0.54,False
13,2014-04-14,4.32,False
14,2014-04-15,5.130000000000001,False
15,2014-04-16,4.32,False
16,2014-04-17,6.75,False
17,2014-04-18,2.43,False
18,2014-04-19,1.08,False
19,2014-04-20,0.81,False
20,2014-04-21,4.32,False
21,2014-04-22,4.59,False
22,2014-04-23,14.580000000000002,False
23,2014-04-24,27.0,False
24,2014-04-25,15.39,False
25,2014-04-26,3.7800000000000002,False
26,2014-04-27,2.43,False
27,2014-04-28,7.290000000000001,False
28,2014-04-29,10.260000000000002,False
29,2014-04-30,11.07,False
0,2014-05-01,18.599999999999998,False
1,2014-05-02,15.299999999999999,False
2,2014-05-03,5.7,False
3,2014-05-04,5.1,False
4,2014-05-05,18.9,False
5,2014-05-06,17.099999999999998,False
6,2014-05-07,21.3,False
7,2014-05-08,18.0,False
8,2014-05-09,21.3,False
9,2014-05-10,5.3999999999999995,False
10,2014-05-11,5.1,False
11,2014-05-12,19.5,False
12,2014-05-13,19.5,False
13,2014-05-14,15.6,False
14,2014-05-15,14.7,False
15,2014-05-16,15.899999999999999,False
16,2014-05-17,8.1,False
17,2014-05-18,3.9,False
18,2014-05-19,18.3,False
19,2014-05-20,18.0,False
20,2014-05-21,17.099999999999998,False
21,2014-05-22,12.9,False
22,2014-05-23,17.7,False
23,2014-05-24,9.6,False
24,2014-05-25,6.3,False
25,2014-05-26,6.0,False
26,2014-05-27,22.2,False
27,2014-05-28,21.3,False
28,2014-05-29,23.4,False
29,2014-05-30,30.0,False
30,2014-05-31,8.7,False
0,2014-06-01,3.5700000000000003,False
1,2014-06-02,19.38,False
2,2014-06-03,21.42,False
3,2014-06-04,20.91,False
4,2014-06-05,13.26,False
5,2014-06-06,19.38,False
6,2014-06-07,4.59,False
7,2014-06-08,6.63,False
8,2014-06-09,51.0,False
9,2014-06-10,28.05,False
10,2014-06-11,29.07,False
11,2014-06-12,22.95,False
12,2014-06-13,26.01,False
13,2014-06-14,8.67,False
14,2014-06-15,9.69,False
15,2014-06-16,17.85,False
16,2014-06-17,15.3,False
17,2014-06-18,19.38,False
18,2014-06-19,14.280000000000001,False
19,2014-06-20,12.75,False
20,2014-06-21,8.16,False
21,2014-06-22,5.61,False
22,2014-06-23,14.790000000000001,False
23,2014-06-24,15.3,False
24,2014-06-25,16.32,False
25,2014-06-26,19.38,False
26,2014-06-27,15.81,False
27,2014-06-28,4.08,False
28,2014-06-29,1.53,False
29,2014-06-30,16.32,False
0,2014-07-01,26.400000000000002,False
1,2014-07-02,22.400000000000002,False
2,2014-07-03,22.400000000000002,False
3,2014-07-04,4.800000000000001,False
4,2014-07-05,2.8000000000000003,False
5,2014-07-06,7.6000000000000005,False
6,2014-07-07,20.8,False
7,2014-07-08,23.6,False
8,2014-07-09,15.600000000000001,False
9,2014-07-10,22.400000000000002,False
10,2014-07-11,16.8,False
11,2014-07-12,3.6,False
12,2014-07-13,4.4,False
13,2014-07-14,22.8,False
14,2014-07-15,20.8,False
15,2014-07-16,30.0,False
16,2014-07-17,23.6,False
17,2014-07-18,21.6,False
18,2014-07-19,6.800000000000001,False
19,2014-07-20,2.0,False
20,2014-07-21,16.8,False
21,2014-07-22,40.0,False
22,2014-07-23,38.400000000000006,False
23,2014-07-24,30.0,False
24,2014-07-25,28.400000000000002,False
25,2014-07-26,8.4,False
26,2014-07-27,3.2,False
27,2014-07-28,29.200000000000003,False
28,2014-07-29,25.200000000000003,False
29,2014-07-30,19.200000000000003,False
30,2014-07-31,24.8,False
0,2014-08-01,30.6,False
1,2014-08-02,9.860000000000001,False
2,2014-08-03,4.08,False
3,2014-08-04,21.42,False
4,2014-08-05,21.080000000000002,False
5,2014-08-06,23.12,False
6,2014-08-07,22.78,False
7,2014-08-08,20.740000000000002,False
8,2014-08-09,6.460000000000001,False
9,2014-08-10,5.78,False
10,2014-08-11,21.42,False
11,2014-08-12,19.040000000000003,False
12,2014-08-13,20.060000000000002,False
13,2014-08-14,26.860000000000003,False
14,2014-08-15,21.080000000000002,False
15,2014-08-16,8.84,False
16,2014-08-17,4.760000000000001,False
17,2014-08-18,23.12,False
18,2014-08-19,34.0,False
19,2014-08-20,30.26,False
20,2014-08-21,25.500000000000004,False
21,2014-08-22,27.200000000000003,False
22,2014-08-23,9.180000000000001,False
23,2014-08-24,6.460000000000001,False
24,2014-08-25,28.560000000000002,False
25,2014-08-26,26.180000000000003,False
26,2014-08-27,27.540000000000003,False
27,2014-08-28,26.180000000000003,False
28,2014-08-29,27.880000000000003,False
29,2014-08-30,7.82,False
30,2014-08-31,4.08,False
0,2014-09-01,4.41,False
1,2014-09-02,17.64,False
2,2014-09-03,26.95,False
3,2014-09-04,24.99,False
4,2014-09-05,23.03,False
5,2014-09-06,7.35,False
6,2014-09-07,6.37,False
7,2014-09-08,17.15,False
8,2014-09-09,49.0,False
9,2014-09-10,40.18,False
10,2014-09-11,30.87,False
11,2014-09-12,28.91,False
12,2014-09-13,7.35,False
13,2014-09-14,3.92,False
14,2014-09-15,22.54,False
15,2014-09-16,24.99,False
16,2014-09-17,21.56,False
17,2014-09-18,18.13,False
18,2014-09-19,24.5,False
19,2014-09-20,5.88,False
20,2014-09-21,2.94,False
21,2014-09-22,25.48,False
22,2014-09-23,19.11,False
23,2014-09-24,20.09,False
24,2014-09-25,26.95,False
25,2014-09-26,23.52,False
26,2014-09-27,5.39,False
27,2014-09-28,3.92,False
28,2014-09-29,17.64,False
29,2014-09-30,15.68,False
0,2014-10-01,29.25,False
1,2014-10-02,24.18,False
2,2014-10-03,23.400000000000002,False
3,2014-10-04,11.31,False
4,2014-10-05,4.29,False
5,2014-10-06,24.96,False
6,2014-10-07,23.79,False
7,2014-10-08,23.79,False
8,2014-10-09,30.42,False
9,2014-10-10,24.96,False
10,2014-10-11,9.36,False
11,2014-10-12,2.34,False
12,2014-10-13,21.060000000000002,False
13,2014-10-14,18.330000000000002,False
14,2014-10-15,29.64,False
15,2014-10-16,32.370000000000005,False
16,2014-10-17,27.69,False
17,2014-10-18,7.800000000000001,False
18,2014-10-19,3.9000000000000004,False
19,2014-10-20,33.93,False
20,2014-10-21,37.44,False
21,2014-10-22,37.83,False
22,2014-10-23,39.0,False
23,2014-10-24,36.27,False
24,2014-10-25,7.0200000000000005,False
25,2014-10-26,4.29,False
26,2014-10-27,28.470000000000002,False
27,2014-10-28,26.130000000000003,False
28,2014-10-29,23.400000000000002,False
29,2014-10-30,25.740000000000002,False
30,2014-10-31,29.25,False
0,2014-11-01,7.68,False
1,2014-11-02,5.12,False
2,2014-11-03,29.44,False
3,2014-11-04,32.0,False
4,2014-11-05,25.6,False
5,2014-11-06,24.0,False
6,2014-11-07,24.32,False
7,2014-11-08,7.04,False
8,2014-11-09,3.52,False
9,2014-11-10,17.6,False
10,2014-11-11,19.84,False
11,2014-11-12,17.28,False
12,2014-11-13,21.12,False
13,2014-11-14,26.240000000000002,False
14,2014-11-15,8.64,False
15,2014-11-16,3.2,False
16,2014-11-17,21.44,False
17,2014-11-18,21.44,False
18,2014-11-19,20.8,False
19,2014-11-20,31.04,False
20,2014-11-21,29.76,False
21,2014-11-22,3.84,False
22,2014-11-23,6.72,False
23,2014-11-24,18.56,False
24,2014-11-25,21.76,False
25,2014-11-26,23.04,False
26,2014-11-27,8.96,False
27,2014-11-28,17.28,False
28,2014-11-29,6.08,False
29,2014-11-30,5.44,False
0,2014-12-01,30.03,False
1,2014-12-02,31.35,False
2,2014-12-03,32.01,False
3,2014-12-04,28.05,False
4,2014-12-05,33.0,False
5,2014-12-06,8.58,False
6,2014-12-07,5.28,False
7,2014-12-08,21.45,False
8,2014-12-09,26.07,False
9,2014-12-10,28.380000000000003,False
10,2014-12-11,18.810000000000002,False
11,2014-12-12,26.07,False
12,2014-12-13,6.930000000000001,False
13,2014-12-14,3.6300000000000003,False
14,2014-12-15,23.76,False
15,2014-12-16,25.080000000000002,False
16,2014-12-17,28.380000000000003,False
17,2014-12-18,21.78,False
18,2014-12-19,24.09,False
19,2014-12-20,6.6000000000000005,False
20,2014-12-21,6.930000000000001,False
21,2014-12-22,19.8,False
22,2014-12-23,21.12,False
23,2014-12-24,22.11,False
24,2014-12-25,5.28,False
25,2014-12-26,19.470000000000002,False
26,2014-12-27,6.930000000000001,False
27,2014-12-28,4.95,False
28,2014-12-29,23.43,False
29,2014-12-30,16.830000000000002,False
30,2014-12-31,21.12,False
0,2015-01-01,3.74,False
1,2015-01-02,10.200000000000001,False
2,2015-01-03,2.3800000000000003,False
3,2015-01-04,2.04,False
4,2015-01-05,10.540000000000001,False
5,2015-01-06,14.620000000000001,False
6,2015-01-07,12.920000000000002,False
7,2015-01-08,8.84,False
8,2015-01-09,9.180000000000001,False
9,2015-01-10,3.4000000000000004,False
10,2015-01-11,1.36,False
11,2015-01-12,12.58,False
12,2015-01-13,7.82,False
13,2015-01-14,13.260000000000002,False
14,2015-01-15,8.5,False
15,2015-01-16,13.600000000000001,False
16,2015-01-17,5.1000000000000005,False
17,2015-01-18,3.06,False
18,2015-01-19,6.460000000000001,False
19,2015-01-20,9.180000000000001,False
20,2015-01-21,14.620000000000001,False
21,2015-01-22,13.260000000000002,False
22,2015-01-23,13.260000000000002,False
23,2015-01-24,2.04,False
24,2015-01-25,3.74,False
25,2015-01-26,10.88,False
26,2015-01-27,23.46,False
27,2015-01-28,34.0,False
28,2015-01-29,27.880000000000003,False
29,2015-01-30,24.14,False
30,2015-01-31,8.16,False
0,2015-02-01,2.96,False
1,2015-02-02,27.75,False
2,2015-02-03,27.009999999999998,False
3,2015-02-04,31.82,False
4,2015-02-05,30.71,False
5,2015-02-06,34.41,False
6,2015-02-07,5.55,False
7,2015-02-08,5.55,False
8,2015-02-09,18.87,False
9,2015-02-10,28.86,False
10,2015-02-11,29.97,False
11,2015-02-12,37.0,False
12,2015-02-13,35.15,False
13,2015-02-14,9.99,False
14,2015-02-15,6.29,False
15,2015-02-16,15.54,False
16,2015-02-17,31.45,False
17,2015-02-18,36.63,False
18,2015-02-19,29.6,False
19,2015-02-20,35.89,False
20,2015-02-21,5.55,False
21,2015-02-22,6.66,False
22,2015-02-23,35.89,False
23,2015-02-24,35.519999999999996,False
24,2015-02-25,28.49,False
25,2015-02-26,31.08,False
26,2015-02-27,31.08,False
27,2015-02-28,7.4,False
0,2015-03-01,6.29,False
1,2015-03-02,29.23,False
2,2015-03-03,30.34,False
3,2015-03-04,28.86,False
4,2015-03-05,19.24,False
5,2015-03-06,29.6,False
6,2015-03-07,12.209999999999999,False
7,2015-03-08,4.81,False
8,2015-03-09,37.0,False
9,2015-03-10,32.19,False
10,2015-03-11,27.75,False
11,2015-03-12,29.97,False
12,2015-03-13,24.05,False
13,2015-03-14,5.92,False
14,2015-03-15,7.77,False
15,2015-03-16,19.61,False
16,2015-03-17,22.57,False
17,2015-03-18,29.23,False
18,2015-03-19,25.53,False
19,2015-03-20,25.9,False
20,2015-03-21,8.879999999999999,False
21,2015-03-22,4.4399999999999995,False
22,2015-03-23,19.98,False
23,2015-03-24,22.2,False
24,2015-03-25,15.91,False
25,2015-03-26,27.009999999999998,False
26,2015-03-27,18.13,False
27,2015-03-28,5.55,False
28,2015-03-29,1.85,False
29,2015-03-30,22.57,False
30,2015-03-31,20.35,False
0,2015-04-01,15.99,False
1,2015-04-02,14.040000000000001,False
2,2015-04-03,8.19,False
3,2015-04-04,3.12,False
4,2015-04-05,0.39,False
5,2015-04-06,13.65,False
6,2015-04-07,20.28,False
7,2015-04-08,15.600000000000001,False
8,2015-04-09,13.26,False
9,2015-04-10,24.18,False
10,2015-04-11,7.0200000000000005,False
11,2015-04-12,3.12,False
12,2015-04-13,15.600000000000001,False
13,2015-04-14,15.21,False
14,2015-04-15,16.77,False
15,2015-04-16,14.82,False
16,2015-04-17,16.38,False
17,2015-04-18,3.5100000000000002,False
18,2015-04-19,2.73,False
19,2015-04-20,15.21,False
20,2015-04-21,20.67,False
21,2015-04-22,20.28,False
22,2015-04-23,15.21,False
23,2015-04-24,24.96,False
24,2015-04-25,6.24,False
25,2015-04-26,3.9000000000000004,False
26,2015-04-27,33.93,False
27,2015-04-28,39.0,False
28,2015-04-29,31.200000000000003,False
29,2015-04-30,21.45,False
0,2015-05-01,32.0,False
1,2015-05-02,7.68,False
2,2015-05-03,5.44,False
3,2015-05-04,21.76,False
4,2015-05-05,22.080000000000002,False
5,2015-05-06,20.16,False
6,2015-05-07,20.8,False
7,2015-05-08,23.68,False
8,2015-05-09,3.84,False
9,2015-05-10,3.84,False
10,2015-05-11,19.52,False
11,2015-05-12,21.12,False
12,2015-05-13,13.120000000000001,False
13,2015-05-14,18.56,False
14,2015-05-15,14.08,False
15,2015-05-16,3.84,False
16,2015-05-17,2.24,False
17,2015-05-18,17.6,False
18,2015-05-19,19.2,False
19,2015-05-20,16.64,False
20,2015-05-21,14.72,False
21,2015-05-22,19.52,False
22,2015-05-23,8.64,False
23,2015-05-24,3.84,False
24,2015-05-25,4.16,False
25,2015-05-26,19.2,False
26,2015-05-27,17.92,False
27,2015-05-28,14.72,False
28,2015-05-29,16.96,False
29,2015-05-30,5.12,False
30,2015-05-31,2.88,False
0,2015-06-01,21.3,False
1,2015-06-02,21.3,False
2,2015-06-03,21.0,False
3,2015-06-04,24.9,False
4,2015-06-05,22.5,False
5,2015-06-06,8.1,False
6,2015-06-07,4.5,False
7,2015-06-08,30.0,False
8,2015-06-09,26.4,False
9,2015-06-10,28.5,False
10,2015-06-11,22.5,False
11,2015-06-12,12.9,False
12,2015-06-13,3.5999999999999996,False
13,2015-06-14,5.3999999999999995,False
14,2015-06-15,19.5,False
15,2015-06-16,18.0,False
16,2015-06-17,18.3,False
17,2015-06-18,21.9,False
18,2015-06-19,16.8,False
19,2015-06-20,3.0,False
20,2015-06-21,3.0,False
21,2015-06-22,24.9,False
22,2015-06-23,18.599999999999998,False
23,2015-06-24,27.3,False
24,2015-06-25,22.8,False
25,2015-06-26,20.7,False
26,2015-06-27,3.0,False
27,2015-06-28,4.8,False
28,2015-06-29,23.099999999999998,False
29,2015-06-30,24.3,False
0,2015-07-01,9.24,False
1,2015-07-02,10.12,False
2,2015-07-03,4.4,False
3,2015-07-04,1.76,False
4,2015-07-05,1.76,False
5,2015-07-06,11.88,False
6,2015-07-07,10.56,False
7,2015-07-08,14.08,False
8,2015-07-09,14.96,False
9,2015-07-10,18.04,False
10,2015-07-11,3.08,False
11,2015-07-12,1.32,False
12,2015-07-13,14.08,False
13,2015-07-14,12.32,False
14,2015-07-15,13.2,False
15,2015-07-16,14.52,False
16,2015-07-17,18.04,False
17,2015-07-18,3.96,False
18,2015-07-19,3.52,False
19,2015-07-20,19.8,False
20,2015-07-21,33.88,False
21,2015-07-22,44.0,False
22,2015-07-23,25.52,False
23,2015-07-24,22.44,False
24,2015-07-25,4.4,False
25,2015-07-26,3.52,False
26,2015-07-27,16.28,False
27,2015-07-28,15.4,False
28,2015-07-29,14.52,False
29,2015-07-30,14.08,False
30,2015-07-31,14.52,False
0,2015-08-01,4.95,False
1,2015-08-02,1.1,False
2,2015-08-03,16.5,False
3,2015-08-04,34.1,False
4,2015-08-05,25.85,False
5,2015-08-06,22.0,False
6,2015-08-07,12.100000000000001,False
7,2015-08-08,6.6000000000000005,False
8,2015-08-09,4.4,False
9,2015-08-10,17.05,False
10,2015-08-11,21.450000000000003,False
11,2015-08-12,27.500000000000004,False
12,2015-08-13,19.8,False
13,2015-08-14,13.200000000000001,False
14,2015-08-15,3.8500000000000005,False
15,2015-08-16,3.8500000000000005,False
16,2015-08-17,13.200000000000001,False
17,2015-08-18,12.65,False
18,2015-08-19,14.3,False
19,2015-08-20,14.850000000000001,False
20,2015-08-21,26.950000000000003,False
21,2015-08-22,10.450000000000001,False
22,2015-08-23,5.5,False
23,2015-08-24,55.00000000000001,False
24,2015-08-25,45.650000000000006,False
25,2015-08-26,40.7,False
26,2015-08-27,34.1,False
27,2015-08-28,26.400000000000002,False
28,2015-08-29,8.8,False
29,2015-08-30,1.6500000000000001,False
30,2015-08-31,15.400000000000002,False
0,2015-09-01,40.419999999999995,False
1,2015-09-02,36.19,False
2,2015-09-03,38.07,False
3,2015-09-04,29.61,False
4,2015-09-05,9.399999999999999,False
5,2015-09-06,4.699999999999999,False
6,2015-09-07,6.109999999999999,False
7,2015-09-08,39.01,False
8,2015-09-09,47.0,False
9,2015-09-10,37.129999999999995,False
10,2015-09-11,36.19,False
11,2015-09-12,9.399999999999999,False
12,2015-09-13,6.58,False
13,2015-09-14,26.79,False
14,2015-09-15,32.43,False
15,2015-09-16,27.729999999999997,False
16,2015-09-17,31.959999999999997,False
17,2015-09-18,23.97,False
18,2015-09-19,9.399999999999999,False
19,2015-09-20,3.29,False
20,2015-09-21,23.029999999999998,False
21,2015-09-22,26.32,False
22,2015-09-23,25.849999999999998,False
23,2015-09-24,25.849999999999998,False
24,2015-09-25,24.439999999999998,False
25,2015-09-26,6.58,False
26,2015-09-27,4.2299999999999995,False
27,2015-09-28,27.259999999999998,False
28,2015-09-29,32.43,False
29,2015-09-30,30.549999999999997,False
0,2015-10-01,22.8,False
1,2015-10-02,20.52,False
2,2015-10-03,3.42,False
3,2015-10-04,3.42,False
4,2015-10-05,17.86,False
5,2015-10-06,17.86,False
6,2015-10-07,15.58,False
7,2015-10-08,20.14,False
8,2015-10-09,16.72,False
9,2015-10-10,3.42,False
10,2015-10-11,3.8,False
11,2015-10-12,14.06,False
12,2015-10-13,16.34,False
13,2015-10-14,13.68,False
14,2015-10-15,14.06,False
15,2015-10-16,19.38,False
16,2015-10-17,5.32,False
17,2015-10-18,2.66,False
18,2015-10-19,16.34,False
19,2015-10-20,15.96,False
20,2015-10-21,17.86,False
21,2015-10-22,21.66,False
22,2015-10-23,25.84,False
23,2015-10-24,6.84,False
24,2015-10-25,5.32,False
25,2015-10-26,25.46,False
26,2015-10-27,36.1,False
27,2015-10-28,38.0,False
28,2015-10-29,22.42,False
29,2015-10-30,22.04,False
30,2015-10-31,4.18,False
0,2015-11-01,4.62,False
1,2015-11-02,29.040000000000003,False
2,2015-11-03,32.67,False
3,2015-11-04,33.0,False
4,2015-11-05,30.69,False
5,2015-11-06,28.05,False
6,2015-11-07,8.58,False
7,2015-11-08,3.6300000000000003,False
8,2015-11-09,17.82,False
9,2015-11-10,27.060000000000002,False
10,2015-11-11,27.060000000000002,False
11,2015-11-12,27.060000000000002,False
12,2015-11-13,25.740000000000002,False
13,2015-11-14,6.2700000000000005,False
14,2015-11-15,5.61,False
15,2015-11-16,21.78,False
16,2015-11-17,25.740000000000002,False
17,2015-11-18,24.75,False
18,2015-11-19,24.75,False
19,2015-11-20,25.41,False
20,2015-11-21,8.25,False
21,2015-11-22,2.31,False
22,2015-11-23,20.790000000000003,False
23,2015-11-24,20.790000000000003,False
24,2015-11-25,19.470000000000002,False
25,2015-11-26,8.58,False
26,2015-11-27,14.520000000000001,False
27,2015-11-28,5.28,False
28,2015-11-29,2.31,False
29,2015-11-30,20.130000000000003,False
0,2015-12-01,24.49,False
1,2015-12-02,19.53,False
2,2015-12-03,22.63,False
3,2015-12-04,27.59,False
4,2015-12-05,8.06,False
5,2015-12-06,2.17,False
6,2015-12-07,19.53,False
7,2015-12-08,26.66,False
8,2015-12-09,26.97,False
9,2015-12-10,26.97,False
10,2015-12-11,22.63,False
11,2015-12-12,8.06,False
12,2015-12-13,4.96,False
13,2015-12-14,22.32,False
14,2015-12-15,27.59,False
15,2015-12-16,28.21,False
16,2015-12-17,24.18,False
17,2015-12-18,26.66,False
18,2015-12-19,9.92,False
19,2015-12-20,5.58,False
20,2015-12-21,31.0,False
21,2015-12-22,23.25,False
22,2015-12-23,26.66,False
23,2015-12-24,22.94,False
24,2015-12-25,5.58,False
25,2015-12-26,3.7199999999999998,False
26,2015-12-27,3.1,False
27,2015-12-28,22.94,False
28,2015-12-29,24.49,False
29,2015-12-30,24.49,False
30,2015-12-31,19.22,False
0,2016-01-01,5.6000000000000005,False
1,2016-01-02,3.9200000000000004,False
2,2016-01-03,2.8000000000000003,False
3,2016-01-04,28.000000000000004,False
4,2016-01-05,32.480000000000004,False
5,2016-01-06,28.560000000000002,False
6,2016-01-07,46.480000000000004,False
7,2016-01-08,45.36000000000001,False
8,2016-01-09,9.520000000000001,False
9,2016-01-10,2.8000000000000003,False
10,2016-01-11,28.560000000000002,False
11,2016-01-12,24.080000000000002,False
12,2016-01-13,32.480000000000004,False
13,2016-01-14,28.560000000000002,False
14,2016-01-15,31.360000000000003,False
15,2016-01-16,7.840000000000001,False
16,2016-01-17,5.040000000000001,False
17,2016-01-18,9.520000000000001,False
18,2016-01-19,28.000000000000004,False
19,2016-01-20,36.400000000000006,False
20,2016-01-21,28.000000000000004,False
21,2016-01-22,32.480000000000004,False
22,2016-01-23,8.4,False
23,2016-01-24,2.8000000000000003,False
24,2016-01-25,23.520000000000003,False
25,2016-01-26,49.28,False
26,2016-01-27,56.00000000000001,False
27,2016-01-28,45.92,False
28,2016-01-29,34.720000000000006,False
29,2016-01-30,8.4,False
30,2016-01-31,4.48,False
0,2016-02-01,36.54,False
1,2016-02-02,42.0,False
2,2016-02-03,35.699999999999996,False
3,2016-02-04,36.12,False
4,2016-02-05,36.54,False
5,2016-02-06,12.6,False
6,2016-02-07,6.3,False
7,2016-02-08,39.059999999999995,False
8,2016-02-09,39.48,False
9,2016-02-10,31.08,False
10,2016-02-11,35.28,False
11,2016-02-12,31.919999999999998,False
12,2016-02-13,6.72,False
13,2016-02-14,4.62,False
14,2016-02-15,10.5,False
15,2016-02-16,28.14,False
16,2016-02-17,34.86,False
17,2016-02-18,30.24,False
18,2016-02-19,28.56,False
19,2016-02-20,5.04,False
20,2016-02-21,4.2,False
21,2016-02-22,34.019999999999996,False
22,2016-02-23,29.82,False
23,2016-02-24,27.72,False
24,2016-02-25,28.98,False
25,2016-02-26,30.66,False
26,2016-02-27,5.88,False
27,2016-02-28,4.2,False
28,2016-02-29,29.4,False
0,2016-03-01,26.130000000000003,False
1,2016-03-02,34.32,False
2,2016-03-03,22.62,False
3,2016-03-04,32.76,False
4,2016-03-05,7.800000000000001,False
5,2016-03-06,3.9000000000000004,False
6,2016-03-07,26.130000000000003,False
7,2016-03-08,20.67,False
8,2016-03-09,28.86,False
9,2016-03-10,23.01,False
10,2016-03-11,23.79,False
11,2016-03-12,6.63,False
12,2016-03-13,4.68,False
13,2016-03-14,26.91,False
14,2016-03-15,28.080000000000002,False
15,2016-03-16,28.86,False
16,2016-03-17,34.71,False
17,2016-03-18,25.35,False
18,2016-03-19,5.8500000000000005,False
19,2016-03-20,6.24,False
20,2016-03-21,39.0,False
21,2016-03-22,35.1,False
22,2016-03-23,32.76,False
23,2016-03-24,25.740000000000002,False
24,2016-03-25,11.31,False
25,2016-03-26,3.5100000000000002,False
26,2016-03-27,3.9000000000000004,False
27,2016-03-28,23.79,False
28,2016-03-29,32.76,False
29,2016-03-30,34.71,False
30,2016-03-31,27.69,False
0,2016-04-01,9.68,False
1,2016-04-02,2.2,False
2,2016-04-03,1.76,False
3,2016-04-04,12.32,False
4,2016-04-05,10.56,False
5,2016-04-06,14.52,False
6,2016-04-07,11.0,False
7,2016-04-08,9.24,False
8,2016-04-09,2.64,False
9,2016-04-10,1.32,False
10,2016-04-11,8.8,False
11,2016-04-12,13.64,False
12,2016-04-13,10.56,False
13,2016-04-14,9.68,False
14,2016-04-15,12.32,False
15,2016-04-16,3.08,False
16,2016-04-17,1.76,False
17,2016-04-18,11.0,False
18,2016-04-19,10.12,False
19,2016-04-20,14.52,False
20,2016-04-21,12.32,False
21,2016-04-22,11.0,False
22,2016-04-23,1.76,False
23,2016-04-24,1.76,False
24,2016-04-25,12.32,False
25,2016-04-26,25.080000000000002,False
26,2016-04-27,44.0,False
27,2016-04-28,24.64,False
28,2016-04-29,18.92,False
29,2016-04-30,3.96,False
0,2016-05-01,4.8,False
1,2016-05-02,32.16,False
2,2016-05-03,36.96,False
3,2016-05-04,34.08,False
4,2016-05-05,30.24,False
5,2016-05-06,28.32,False
6,2016-05-07,5.279999999999999,False
7,2016-05-08,4.8,False
8,2016-05-09,24.96,False
9,2016-05-10,29.279999999999998,False
10,2016-05-11,23.04,False
11,2016-05-12,36.0,False
12,2016-05-13,34.56,False
13,2016-05-14,6.24,False
14,2016-05-15,3.36,False
15,2016-05-16,48.0,False
16,2016-05-17,36.48,False
17,2016-05-18,30.24,False
18,2016-05-19,24.48,False
19,2016-05-20,29.759999999999998,False
20,2016-05-21,6.24,False
21,2016-05-22,4.8,False
22,2016-05-23,26.4,False
23,2016-05-24,30.24,False
24,2016-05-25,36.0,False
25,2016-05-26,31.68,False
26,2016-05-27,25.439999999999998,False
27,2016-05-28,5.76,False
28,2016-05-29,3.84,False
29,2016-05-30,6.72,False
30,2016-05-31,22.08,False
0,2016-06-01,16.34,False
1,2016-06-02,18.62,False
2,2016-06-03,16.34,False
3,2016-06-04,3.42,False
4,2016-06-05,2.2800000000000002,False
5,2016-06-06,14.06,False
6,2016-06-07,18.240000000000002,False
7,2016-06-08,20.14,False
8,2016-06-09,15.96,False
9,2016-06-10,15.2,False
10,2016-06-11,3.42,False
11,2016-06-12,3.42,False
12,2016-06-13,15.96,False
13,2016-06-14,19.38,False
14,2016-06-15,14.06,False
15,2016-06-16,18.62,False
16,2016-06-17,16.34,False
17,2016-06-18,6.46,False
18,2016-06-19,2.66,False
19,2016-06-20,17.1,False
20,2016-06-21,14.06,False
21,2016-06-22,13.68,False
22,2016-06-23,17.48,False
23,2016-06-24,38.0,False
24,2016-06-25,3.8,False
25,2016-06-26,2.66,False
26,2016-06-27,24.7,False
27,2016-06-28,24.32,False
28,2016-06-29,22.04,False
29,2016-06-30,22.42,False
0,2016-07-01,12.0,False
1,2016-07-02,2.8000000000000003,False
2,2016-07-03,2.0,False
3,2016-07-04,2.4000000000000004,False
4,2016-07-05,11.200000000000001,False
5,2016-07-06,10.4,False
6,2016-07-07,10.4,False
7,2016-07-08,14.0,False
8,2016-07-09,2.8000000000000003,False
9,2016-07-10,1.6,False
10,2016-07-11,11.600000000000001,False
11,2016-07-12,11.600000000000001,False
12,2016-07-13,12.4,False
13,2016-07-14,13.200000000000001,False
14,2016-07-15,13.200000000000001,False
15,2016-07-16,2.8000000000000003,False
16,2016-07-17,2.0,False
17,2016-07-18,14.8,False
18,2016-07-19,13.600000000000001,False
19,2016-07-20,12.4,False
20,2016-07-21,13.200000000000001,False
21,2016-07-22,12.4,False
22,2016-07-23,2.0,False
23,2016-07-24,2.8000000000000003,False
24,2016-07-25,12.8,False
25,2016-07-26,28.400000000000002,False
26,2016-07-27,40.0,False
27,2016-07-28,28.400000000000002,False
28,2016-07-29,19.200000000000003,False
29,2016-07-30,3.2,False
30,2016-07-31,2.4000000000000004,False
0,2016-08-01,28.12,False
1,2016-08-02,25.080000000000002,False
2,2016-08-03,28.88,False
3,2016-08-04,32.68,False
4,2016-08-05,29.64,False
5,2016-08-06,6.08,False
6,2016-08-07,4.5600000000000005,False
7,2016-08-08,23.56,False
8,2016-08-09,28.12,False
9,2016-08-10,24.32,False
10,2016-08-11,31.16,False
11,2016-08-12,27.36,False
12,2016-08-13,4.18,False
13,2016-08-14,3.8,False
14,2016-08-15,30.78,False
15,2016-08-16,28.12,False
16,2016-08-17,22.8,False
17,2016-08-18,20.52,False
18,2016-08-19,24.32,False
19,2016-08-20,5.32,False
20,2016-08-21,4.18,False
21,2016-08-22,20.9,False
22,2016-08-23,15.96,False
23,2016-08-24,23.94,False
24,2016-08-25,19.76,False
25,2016-08-26,18.240000000000002,False
26,2016-08-27,4.5600000000000005,False
27,2016-08-28,2.2800000000000002,False
28,2016-08-29,22.42,False
29,2016-08-30,38.0,False
30,2016-08-31,28.12,False
0,2016-09-01,19.35,False
1,2016-09-02,20.21,False
2,2016-09-03,3.01,False
3,2016-09-04,2.15,False
4,2016-09-05,4.3,False
5,2016-09-06,21.5,False
6,2016-09-07,43.0,False
7,2016-09-08,37.41,False
8,2016-09-09,30.099999999999998,False
9,2016-09-10,6.88,False
10,2016-09-11,3.87,False
11,2016-09-12,25.8,False
12,2016-09-13,31.39,False
13,2016-09-14,36.55,False
14,2016-09-15,40.85,False
15,2016-09-16,39.99,False
16,2016-09-17,6.88,False
17,2016-09-18,6.02,False
18,2016-09-19,25.8,False
19,2016-09-20,26.66,False
20,2016-09-21,25.37,False
21,2016-09-22,26.66,False
22,2016-09-23,30.53,False
23,2016-09-24,6.02,False
24,2016-09-25,3.87,False
25,2016-09-26,20.21,False
26,2016-09-27,19.78,False
27,2016-09-28,23.22,False
28,2016-09-29,25.8,False
29,2016-09-30,19.35,False
0,2016-10-01,3.5100000000000002,False
1,2016-10-02,2.73,False
2,2016-10-03,14.43,False
3,2016-10-04,15.99,False
4,2016-10-05,14.040000000000001,False
5,2016-10-06,17.94,False
6,2016-10-07,12.870000000000001,False
7,2016-10-08,1.9500000000000002,False
8,2016-10-09,1.56,False
9,2016-10-10,18.330000000000002,False
10,2016-10-11,23.400000000000002,False
11,2016-10-12,22.23,False
12,2016-10-13,17.16,False
13,2016-10-14,15.99,False
14,2016-10-15,5.07,False
15,2016-10-16,4.29,False
16,2016-10-17,14.82,False
17,2016-10-18,16.38,False
18,2016-10-19,16.38,False
19,2016-10-20,16.77,False
20,2016-10-21,18.330000000000002,False
21,2016-10-22,5.8500000000000005,False
22,2016-10-23,3.9000000000000004,False
23,2016-10-24,15.600000000000001,False
24,2016-10-25,39.0,False
25,2016-10-26,35.49,False
26,2016-10-27,22.23,False
27,2016-10-28,19.89,False
28,2016-10-29,4.29,False
29,2016-10-30,2.73,False
30,2016-10-31,14.43,False
0,2016-11-01,14.280000000000001,False
1,2016-11-02,13.940000000000001,False
2,2016-11-03,15.3,False
3,2016-11-04,15.98,False
4,2016-11-05,1.02,False
5,2016-11-06,1.02,False
6,2016-11-07,14.96,False
7,2016-11-08,13.260000000000002,False
8,2016-11-09,34.0,False
9,2016-11-10,20.060000000000002,False
10,2016-11-11,15.64,False
11,2016-11-12,2.72,False
12,2016-11-13,2.72,False
13,2016-11-14,17.34,False
14,2016-11-15,13.940000000000001,False
15,2016-11-16,15.64,False
16,2016-11-17,14.620000000000001,False
17,2016-11-18,12.920000000000002,False
18,2016-11-19,3.4000000000000004,False
19,2016-11-20,2.04,False
20,2016-11-21,12.920000000000002,False
21,2016-11-22,14.280000000000001,False
22,2016-11-23,12.920000000000002,False
23,2016-11-24,4.760000000000001,False
24,2016-11-25,9.520000000000001,False
25,2016-11-26,2.04,False
26,2016-11-27,1.7000000000000002,False
27,2016-11-28,12.920000000000002,False
28,2016-11-29,8.5,False
29,2016-11-30,14.280000000000001,False
0,2016-12-01,20.720000000000002,False
1,2016-12-02,19.880000000000003,False
2,2016-12-03,3.3600000000000003,False
3,2016-12-04,2.24,False
4,2016-12-05,21.560000000000002,False
5,2016-12-06,24.64,False
6,2016-12-07,28.000000000000004,False
7,2016-12-08,26.320000000000004,False
8,2016-12-09,24.64,False
9,2016-12-10,5.040000000000001,False
10,2016-12-11,2.8000000000000003,False
11,2016-12-12,24.360000000000003,False
12,2016-12-13,27.44,False
13,2016-12-14,22.96,False
14,2016-12-15,24.080000000000002,False
15,2016-12-16,24.080000000000002,False
16,2016-12-17,5.32,False
17,2016-12-18,4.760000000000001,False
18,2016-12-19,19.880000000000003,False
19,2016-12-20,18.76,False
20,2016-12-21,26.040000000000003,False
21,2016-12-22,20.720000000000002,False
22,2016-12-23,25.76,False
23,2016-12-24,3.08,False
24,2016-12-25,1.9600000000000002,False
25,2016-12-26,7.000000000000001,False
26,2016-12-27,22.400000000000002,False
27,2016-12-28,24.080000000000002,False
28,2016-12-29,15.400000000000002,False
29,2016-12-30,23.8,False
30,2016-12-31,4.2,False
0,2017-01-01,1.7000000000000002,False
1,2017-01-02,3.74,False
2,2017-01-03,10.200000000000001,False
3,2017-01-04,7.82,False
4,2017-01-05,8.16,False
5,2017-01-06,8.16,False
6,2017-01-07,2.72,False
7,2017-01-08,1.02,False
8,2017-01-09,11.9,False
9,2017-01-10,7.82,False
10,2017-01-11,8.84,False
11,2017-01-12,9.520000000000001,False
12,2017-01-13,10.540000000000001,False
13,2017-01-14,1.7000000000000002,False
14,2017-01-15,0.34,False
15,2017-01-16,3.74,False
16,2017-01-17,9.180000000000001,False
17,2017-01-18,11.56,False
18,2017-01-19,9.180000000000001,False
19,2017-01-20,9.180000000000001,False
20,2017-01-21,1.7000000000000002,False
21,2017-01-22,1.02,False
22,2017-01-23,9.180000000000001,False
23,2017-01-24,8.84,False
24,2017-01-25,12.58,False
25,2017-01-26,13.600000000000001,False
26,2017-01-27,11.9,False
27,2017-01-28,3.4000000000000004,False
28,2017-01-29,2.3800000000000003,False
29,2017-01-30,12.920000000000002,False
30,2017-01-31,34.0,False
0,2017-02-01,49.0,False
1,2017-02-02,31.849999999999998,False
2,2017-02-03,18.62,False
3,2017-02-04,7.35,False
4,2017-02-05,1.96,False
5,2017-02-06,17.64,False
6,2017-02-07,20.58,False
7,2017-02-08,18.13,False
8,2017-02-09,19.11,False
9,2017-02-10,20.09,False
10,2017-02-11,4.41,False
11,2017-02-12,2.45,False
12,2017-02-13,21.56,False
13,2017-02-14,21.56,False
14,2017-02-15,22.54,False
15,2017-02-16,23.52,False
16,2017-02-17,15.68,False
17,2017-02-18,5.88,False
18,2017-02-19,1.96,False
19,2017-02-20,5.39,False
20,2017-02-21,15.68,False
21,2017-02-22,19.6,False
22,2017-02-23,16.66,False
23,2017-02-24,15.68,False
24,2017-02-25,3.92,False
25,2017-02-26,2.94,False
26,2017-02-27,21.07,False
27,2017-02-28,17.64,False
0,2017-03-01,37.83,False
1,2017-03-02,39.0,False
2,2017-03-03,28.470000000000002,False
3,2017-03-04,8.58,False
4,2017-03-05,4.29,False
5,2017-03-06,29.25,False
6,2017-03-07,30.42,False
7,2017-03-08,24.18,False
8,2017-03-09,34.71,False
9,2017-03-10,24.18,False
10,2017-03-11,7.0200000000000005,False
11,2017-03-12,1.9500000000000002,False
12,2017-03-13,22.62,False
13,2017-03-14,28.080000000000002,False
14,2017-03-15,35.49,False
15,2017-03-16,30.42,False
16,2017-03-17,30.42,False
17,2017-03-18,7.800000000000001,False
18,2017-03-19,5.07,False
19,2017-03-20,21.060000000000002,False
20,2017-03-21,32.370000000000005,False
21,2017-03-22,21.84,False
22,2017-03-23,24.57,False
23,2017-03-24,21.84,False
24,2017-03-25,6.63,False
25,2017-03-26,4.29,False
26,2017-03-27,23.01,False
27,2017-03-28,30.42,False
28,2017-03-29,38.22,False
29,2017-03-30,30.810000000000002,False
30,2017-03-31,32.370000000000005,False
0,2017-04-01,5.61,False
1,2017-04-02,3.3000000000000003,False
2,2017-04-03,23.1,False
3,2017-04-04,21.78,False
4,2017-04-05,27.720000000000002,False
5,2017-04-06,23.76,False
6,2017-04-07,22.44,False
7,2017-04-08,7.92,False
8,2017-04-09,2.64,False
9,2017-04-10,20.46,False
10,2017-04-11,17.82,False
11,2017-04-12,21.12,False
12,2017-04-13,18.48,False
13,2017-04-14,10.56,False
14,2017-04-15,3.6300000000000003,False
15,2017-04-16,3.6300000000000003,False
16,2017-04-17,19.8,False
17,2017-04-18,25.080000000000002,False
18,2017-04-19,25.740000000000002,False
19,2017-04-20,21.12,False
20,2017-04-21,21.78,False
21,2017-04-22,5.61,False
22,2017-04-23,1.98,False
23,2017-04-24,21.78,False
24,2017-04-25,33.0,False
25,2017-04-26,19.470000000000002,False
26,2017-04-27,20.790000000000003,False
27,2017-04-28,24.09,False
28,2017-04-29,5.28,False
29,2017-04-30,3.96,False
0,2017-05-01,28.560000000000002,False
1,2017-05-02,56.00000000000001,False
2,2017-05-03,51.52,False
3,2017-05-04,28.000000000000004,False
4,2017-05-05,26.880000000000003,False
5,2017-05-06,6.16,False
6,2017-05-07,4.48,False
7,2017-05-08,39.760000000000005,False
8,2017-05-09,39.760000000000005,False
9,2017-05-10,35.84,False
10,2017-05-11,25.200000000000003,False
11,2017-05-12,25.76,False
12,2017-05-13,7.280000000000001,False
13,2017-05-14,3.3600000000000003,False
14,2017-05-15,24.64,False
15,2017-05-16,25.76,False
16,2017-05-17,29.120000000000005,False
17,2017-05-18,30.240000000000002,False
18,2017-05-19,22.400000000000002,False
19,2017-05-20,7.280000000000001,False
20,2017-05-21,3.9200000000000004,False
21,2017-05-22,26.320000000000004,False
22,2017-05-23,17.92,False
23,2017-05-24,21.840000000000003,False
24,2017-05-25,24.080000000000002,False
25,2017-05-26,21.28,False
26,2017-05-27,6.16,False
27,2017-05-28,1.6800000000000002,False
28,2017-05-29,4.48,False
29,2017-05-30,22.400000000000002,False
30,2017-05-31,21.840000000000003,False
0,2017-06-01,27.54,False
1,2017-06-02,34.68,False
2,2017-06-03,7.65,False
3,2017-06-04,3.5700000000000003,False
4,2017-06-05,41.31,False
5,2017-06-06,42.33,False
6,2017-06-07,30.09,False
7,2017-06-08,31.62,False
8,2017-06-09,51.0,False
9,2017-06-10,12.24,False
10,2017-06-11,7.140000000000001,False
11,2017-06-12,47.94,False
12,2017-06-13,49.980000000000004,False
13,2017-06-14,50.49,False
14,2017-06-15,34.68,False
15,2017-06-16,33.15,False
16,2017-06-17,11.73,False
17,2017-06-18,5.61,False
18,2017-06-19,33.660000000000004,False
19,2017-06-20,33.15,False
20,2017-06-21,25.5,False
21,2017-06-22,33.15,False
22,2017-06-23,32.13,False
23,2017-06-24,6.12,False
24,2017-06-25,5.61,False
25,2017-06-26,26.52,False
26,2017-06-27,30.09,False
27,2017-06-28,26.01,False
28,2017-06-29,32.64,False
29,2017-06-30,33.15,False
0,2017-07-01,4.62,False
1,2017-07-02,4.2,False
2,2017-07-03,34.86,False
3,2017-07-04,19.74,False
4,2017-07-05,31.08,False
5,2017-07-06,31.919999999999998,False
6,2017-07-07,27.3,False
7,2017-07-08,7.14,False
8,2017-07-09,3.36,False
9,2017-07-10,31.08,False
10,2017-07-11,24.779999999999998,False
11,2017-07-12,31.08,False
12,2017-07-13,30.66,False
13,2017-07-14,30.66,False
14,2017-07-15,7.14,False
15,2017-07-16,5.46,False
16,2017-07-17,33.18,False
17,2017-07-18,36.54,False
18,2017-07-19,40.32,False
19,2017-07-20,30.66,False
20,2017-07-21,31.5,False
21,2017-07-22,7.9799999999999995,False
22,2017-07-23,5.88,False
23,2017-07-24,29.4,False
24,2017-07-25,36.12,False
25,2017-07-26,34.019999999999996,False
26,2017-07-27,42.0,False
27,2017-07-28,32.76,False
28,2017-07-29,11.34,False
29,2017-07-30,4.62,False
30,2017-07-31,38.22,False
0,2017-08-01,48.0,False
1,2017-08-02,64.0,False
2,2017-08-03,31.36,False
3,2017-08-04,21.76,False
4,2017-08-05,4.48,False
5,2017-08-06,2.56,False
6,2017-08-07,21.12,False
7,2017-08-08,25.6,False
8,2017-08-09,21.12,False
9,2017-08-10,21.76,False
10,2017-08-11,21.76,False
11,2017-08-12,3.84,False
12,2017-08-13,3.2,False
13,2017-08-14,19.2,False
14,2017-08-15,23.04,False
15,2017-08-16,20.48,False
16,2017-08-17,17.28,False
17,2017-08-18,19.2,False
18,2017-08-19,3.84,False
19,2017-08-20,3.2,False
20,2017-08-21,16.64,False
21,2017-08-22,17.28,False
22,2017-08-23,14.72,False
23,2017-08-24,16.0,False
24,2017-08-25,14.72,False
25,2017-08-26,3.84,False
26,2017-08-27,2.56,False
27,2017-08-28,17.28,False
28,2017-08-29,17.92,False
29,2017-08-30,19.84,False
30,2017-08-31,19.2,False
0,2017-09-01,20.720000000000002,False
1,2017-09-02,6.720000000000001,False
2,2017-09-03,1.6800000000000002,False
3,2017-09-04,5.040000000000001,False
4,2017-09-05,17.360000000000003,False
5,2017-09-06,19.040000000000003,False
6,2017-09-07,20.720000000000002,False
7,2017-09-08,16.8,False
8,2017-09-09,3.9200000000000004,False
9,2017-09-10,3.9200000000000004,False
10,2017-09-11,20.160000000000004,False
11,2017-09-12,56.00000000000001,False
12,2017-09-13,39.2,False
13,2017-09-14,30.240000000000002,False
14,2017-09-15,25.200000000000003,False
15,2017-09-16,6.16,False
16,2017-09-17,3.3600000000000003,False
17,2017-09-18,25.200000000000003,False
18,2017-09-19,22.400000000000002,False
19,2017-09-20,29.120000000000005,False
20,2017-09-21,25.76,False
21,2017-09-22,31.92,False
22,2017-09-23,4.48,False
23,2017-09-24,4.48,False
24,2017-09-25,24.64,False
25,2017-09-26,28.560000000000002,False
26,2017-09-27,26.320000000000004,False
27,2017-09-28,21.840000000000003,False
28,2017-09-29,17.92,False
29,2017-09-30,7.280000000000001,False
0,2017-10-01,3.36,False
1,2017-10-02,26.88,False
2,2017-10-03,29.759999999999998,False
3,2017-10-04,29.279999999999998,False
4,2017-10-05,27.36,False
5,2017-10-06,24.96,False
6,2017-10-07,4.8,False
7,2017-10-08,4.32,False
8,2017-10-09,26.4,False
9,2017-10-10,25.919999999999998,False
10,2017-10-11,28.32,False
11,2017-10-12,25.919999999999998,False
12,2017-10-13,21.599999999999998,False
13,2017-10-14,5.279999999999999,False
14,2017-10-15,3.36,False
15,2017-10-16,28.32,False
16,2017-10-17,34.08,False
17,2017-10-18,28.32,False
18,2017-10-19,39.36,False
19,2017-10-20,33.12,False
20,2017-10-21,5.76,False
21,2017-10-22,4.8,False
22,2017-10-23,27.84,False
23,2017-10-24,29.759999999999998,False
24,2017-10-25,24.96,False
25,2017-10-26,35.519999999999996,False
26,2017-10-27,47.519999999999996,False
27,2017-10-28,13.44,False
28,2017-10-29,5.76,False
29,2017-10-30,39.839999999999996,False
30,2017-10-31,48.0,False
0,2017-11-01,29.58,False
1,2017-11-02,51.04,False
2,2017-11-03,57.99999999999999,False
3,2017-11-04,9.86,False
4,2017-11-05,4.06,False
5,2017-11-06,27.259999999999998,False
6,2017-11-07,24.939999999999998,False
7,2017-11-08,24.36,False
8,2017-11-09,24.939999999999998,False
9,2017-11-10,23.2,False
10,2017-11-11,4.06,False
11,2017-11-12,2.32,False
12,2017-11-13,15.659999999999998,False
13,2017-11-14,17.98,False
14,2017-11-15,23.779999999999998,False
15,2017-11-16,17.98,False
16,2017-11-17,22.619999999999997,False
17,2017-11-18,4.64,False
18,2017-11-19,3.4799999999999995,False
19,2017-11-20,16.24,False
20,2017-11-21,18.56,False
21,2017-11-22,18.56,False
22,2017-11-23,5.8,False
23,2017-11-24,14.499999999999998,False
24,2017-11-25,4.06,False
25,2017-11-26,2.9,False
26,2017-11-27,19.139999999999997,False
27,2017-11-28,19.72,False
28,2017-11-29,24.939999999999998,False
29,2017-11-30,26.68,False
0,2017-12-01,36.34,False
1,2017-12-02,10.58,False
2,2017-12-03,6.44,False
3,2017-12-04,42.78,False
4,2017-12-05,41.86,False
5,2017-12-06,38.18,False
6,2017-12-07,32.660000000000004,False
7,2017-12-08,34.04,False
8,2017-12-09,8.280000000000001,False
9,2017-12-10,5.5200000000000005,False
10,2017-12-11,39.56,False
11,2017-12-12,36.800000000000004,False
12,2017-12-13,33.58,False
13,2017-12-14,34.96,False
14,2017-12-15,35.88,False
15,2017-12-16,9.66,False
16,2017-12-17,4.6000000000000005,False
17,2017-12-18,32.660000000000004,False
18,2017-12-19,43.24,False
19,2017-12-20,33.58,False
20,2017-12-21,34.5,False
21,2017-12-22,35.42,False
22,2017-12-23,10.58,False
23,2017-12-24,5.98,False
24,2017-12-25,6.44,False
25,2017-12-26,44.620000000000005,False
26,2017-12-27,46.0,False
27,2017-12-28,43.24,False
28,2017-12-29,43.7,False
29,2017-12-30,10.58,False
30,2017-12-31,8.280000000000001,False
0,2018-01-01,5.300000000000001,False
1,2018-01-02,29.68,False
2,2018-01-03,33.92,False
3,2018-01-04,31.8,False
4,2018-01-05,37.1,False
5,2018-01-06,6.36,False
6,2018-01-07,4.24,False
7,2018-01-08,25.44,False
8,2018-01-09,30.21,False
9,2018-01-10,28.09,False
10,2018-01-11,31.270000000000003,False
11,2018-01-12,34.980000000000004,False
12,2018-01-13,9.01,False
13,2018-01-14,3.71,False
14,2018-01-15,11.66,False
15,2018-01-16,29.68,False
16,2018-01-17,31.270000000000003,False
17,2018-01-18,41.870000000000005,False
18,2018-01-19,33.92,False
19,2018-01-20,7.42,False
20,2018-01-21,2.6500000000000004,False
21,2018-01-22,30.740000000000002,False
22,2018-01-23,39.22,False
23,2018-01-24,34.45,False
24,2018-01-25,36.04,False
25,2018-01-26,40.28,False
26,2018-01-27,11.66,False
27,2018-01-28,6.890000000000001,False
28,2018-01-29,46.64,False
29,2018-01-30,49.29,False
30,2018-01-31,53.0,False
0,2018-02-01,69.3,False
1,2018-02-02,77.0,False
2,2018-02-03,13.09,False
3,2018-02-04,5.390000000000001,False
4,2018-02-05,51.59,False
5,2018-02-06,63.910000000000004,False
6,2018-02-07,44.660000000000004,False
7,2018-02-08,46.2,False
8,2018-02-09,47.74,False
9,2018-02-10,8.47,False
10,2018-02-11,5.390000000000001,False
11,2018-02-12,40.04,False
12,2018-02-13,41.58,False
13,2018-02-14,37.730000000000004,False
14,2018-02-15,38.5,False
15,2018-02-16,37.730000000000004,False
16,2018-02-17,6.93,False
17,2018-02-18,5.390000000000001,False
18,2018-02-19,11.55,False
19,2018-02-20,30.8,False
20,2018-02-21,32.34,False
21,2018-02-22,30.8,False
22,2018-02-23,32.34,False
23,2018-02-24,5.390000000000001,False
24,2018-02-25,3.85,False
25,2018-02-26,33.11,False
26,2018-02-27,37.730000000000004,False
27,2018-02-28,30.8,False
0,2018-03-01,42.660000000000004,False
1,2018-03-02,37.800000000000004,False
2,2018-03-03,9.18,False
3,2018-03-04,3.7800000000000002,False
4,2018-03-05,39.42,False
5,2018-03-06,37.800000000000004,False
6,2018-03-07,35.64,False
7,2018-03-08,33.480000000000004,False
8,2018-03-09,38.34,False
9,2018-03-10,9.72,False
10,2018-03-11,6.48,False
11,2018-03-12,38.88,False
12,2018-03-13,38.88,False
13,2018-03-14,34.56,False
14,2018-03-15,29.160000000000004,False
15,2018-03-16,29.160000000000004,False
16,2018-03-17,8.100000000000001,False
17,2018-03-18,4.32,False
18,2018-03-19,35.1,False
19,2018-03-20,41.040000000000006,False
20,2018-03-21,39.96,False
21,2018-03-22,42.660000000000004,False
22,2018-03-23,39.42,False
23,2018-03-24,10.8,False
24,2018-03-25,7.5600000000000005,False
25,2018-03-26,45.36,False
26,2018-03-27,53.46,False
27,2018-03-28,54.0,False
28,2018-03-29,43.74,False
29,2018-03-30,21.060000000000002,False
30,2018-03-31,6.48,False
0,2018-04-01,5.5,False
1,2018-04-02,46.75000000000001,False
2,2018-04-03,48.95,False
3,2018-04-04,46.75000000000001,False
4,2018-04-05,40.150000000000006,False
5,2018-04-06,39.050000000000004,False
6,2018-04-07,9.350000000000001,False
7,2018-04-08,4.95,False
8,2018-04-09,41.800000000000004,False
9,2018-04-10,39.050000000000004,False
10,2018-04-11,36.300000000000004,False
11,2018-04-12,33.550000000000004,False
12,2018-04-13,34.650000000000006,False
13,2018-04-14,7.15,False
14,2018-04-15,3.8500000000000005,False
15,2018-04-16,31.35,False
16,2018-04-17,36.85,False
17,2018-04-18,34.650000000000006,False
18,2018-04-19,42.35,False
19,2018-04-20,52.25000000000001,False
20,2018-04-21,13.750000000000002,False
21,2018-04-22,6.6000000000000005,False
22,2018-04-23,46.2,False
23,2018-04-24,44.0,False
24,2018-04-25,48.95,False
25,2018-04-26,48.95,False
26,2018-04-27,53.900000000000006,False
27,2018-04-28,8.25,False
28,2018-04-29,6.6000000000000005,False
29,2018-04-30,55.00000000000001,False
0,2018-05-01,70.0,False
1,2018-05-02,67.19999999999999,False
2,2018-05-03,37.8,False
3,2018-05-04,47.599999999999994,False
4,2018-05-05,9.799999999999999,False
5,2018-05-06,4.8999999999999995,False
6,2018-05-07,37.099999999999994,False
7,2018-05-08,32.9,False
8,2018-05-09,28.7,False
9,2018-05-10,37.8,False
10,2018-05-11,35.0,False
11,2018-05-12,5.6,False
12,2018-05-13,4.8999999999999995,False
13,2018-05-14,23.099999999999998,False
14,2018-05-15,22.4,False
15,2018-05-16,21.0,False
16,2018-05-17,19.599999999999998,False
17,2018-05-18,19.599999999999998,False
18,2018-05-19,4.199999999999999,False
19,2018-05-20,2.0999999999999996,False
20,2018-05-21,23.099999999999998,False
21,2018-05-22,21.0,False
22,2018-05-23,20.299999999999997,False
23,2018-05-24,23.799999999999997,False
24,2018-05-25,18.9,False
25,2018-05-26,4.8999999999999995,False
26,2018-05-27,3.5,False
27,2018-05-28,4.199999999999999,False
28,2018-05-29,21.7,False
29,2018-05-30,14.7,False
30,2018-05-31,18.2,False
0,2018-06-01,43.61,False
1,2018-06-02,8.82,False
2,2018-06-03,3.4299999999999997,False
3,2018-06-04,49.0,False
4,2018-06-05,46.06,False
5,2018-06-06,45.57,False
6,2018-06-07,38.71,False
7,2018-06-08,46.06,False
8,2018-06-09,13.23,False
9,2018-06-10,6.859999999999999,False
10,2018-06-11,34.3,False
11,2018-06-12,31.849999999999998,False
12,2018-06-13,33.81,False
13,2018-06-14,41.16,False
14,2018-06-15,29.4,False
15,2018-06-16,6.859999999999999,False
16,2018-06-17,5.39,False
17,2018-06-18,34.79,False
18,2018-06-19,46.06,False
19,2018-06-20,38.22,False
20,2018-06-21,34.79,False
21,2018-06-22,34.3,False
22,2018-06-23,9.8,False
23,2018-06-24,2.94,False
24,2018-06-25,33.32,False
25,2018-06-26,38.22,False
26,2018-06-27,38.22,False
27,2018-06-28,33.81,False
28,2018-06-29,37.73,False
29,2018-06-30,7.35,False
0,2018-07-01,0.96,False
1,2018-07-02,7.68,False
2,2018-07-03,9.12,False
3,2018-07-04,2.88,False
4,2018-07-05,9.6,False
5,2018-07-06,9.6,False
6,2018-07-07,2.4,False
7,2018-07-08,0.96,False
8,2018-07-09,9.6,False
9,2018-07-10,11.04,False
10,2018-07-11,8.64,False
11,2018-07-12,12.0,False
12,2018-07-13,11.04,False
13,2018-07-14,1.92,False
14,2018-07-15,1.44,False
15,2018-07-16,9.12,False
16,2018-07-17,11.52,False
17,2018-07-18,9.12,False
18,2018-07-19,11.52,False
19,2018-07-20,10.559999999999999,False
20,2018-07-21,1.92,False
21,2018-07-22,0.96,False
22,2018-07-23,9.6,False
23,2018-07-24,10.08,False
24,2018-07-25,12.0,False
25,2018-07-26,20.64,False
26,2018-07-27,17.28,False
27,2018-07-28,3.36,False
28,2018-07-29,1.92,False
29,2018-07-30,17.28,False
30,2018-07-31,48.0,False
0,2018-08-01,84.0,False
1,2018-08-02,63.839999999999996,False
2,2018-08-03,45.36,False
3,2018-08-04,9.24,False
4,2018-08-05,2.52,False
5,2018-08-06,25.2,False
6,2018-08-07,27.72,False
7,2018-08-08,25.2,False
8,2018-08-09,19.32,False
9,2018-08-10,18.48,False
10,2018-08-11,5.88,False
11,2018-08-12,4.2,False
12,2018-08-13,21.0,False
13,2018-08-14,19.32,False
14,2018-08-15,22.68,False
15,2018-08-16,20.16,False
16,2018-08-17,25.2,False
17,2018-08-18,6.72,False
18,2018-08-19,4.2,False
19,2018-08-20,23.52,False
20,2018-08-21,25.2,False
21,2018-08-22,21.84,False
22,2018-08-23,18.48,False
23,2018-08-24,19.32,False
24,2018-08-25,3.36,False
25,2018-08-26,4.2,False
26,2018-08-27,21.84,False
27,2018-08-28,21.84,False
28,2018-08-29,25.2,False
29,2018-08-30,31.08,False
30,2018-08-31,31.08,False
0,2018-09-01,10.24,False
1,2018-09-02,3.84,False
2,2018-09-03,6.4,False
3,2018-09-04,37.76,False
4,2018-09-05,45.44,False
5,2018-09-06,38.4,False
6,2018-09-07,32.0,False
7,2018-09-08,10.24,False
8,2018-09-09,5.76,False
9,2018-09-10,40.32,False
10,2018-09-11,42.24,False
11,2018-09-12,64.0,False
12,2018-09-13,59.52,False
13,2018-09-14,43.52,False
14,2018-09-15,5.76,False
15,2018-09-16,3.84,False
16,2018-09-17,36.480000000000004,False
17,2018-09-18,41.6,False
18,2018-09-19,38.4,False
19,2018-09-20,33.92,False
20,2018-09-21,37.12,False
21,2018-09-22,10.88,False
22,2018-09-23,4.48,False
23,2018-09-24,29.44,False
24,2018-09-25,30.72,False
25,2018-09-26,31.36,False
26,2018-09-27,32.0,False
27,2018-09-28,37.76,False
28,2018-09-29,5.76,False
29,2018-09-30,3.2,False
0,2018-10-01,40.92,False
1,2018-10-02,34.980000000000004,False
2,2018-10-03,40.92,False
3,2018-10-04,43.56,False
4,2018-10-05,39.6,False
5,2018-10-06,7.260000000000001,False
6,2018-10-07,3.3000000000000003,False
7,2018-10-08,34.32,False
8,2018-10-09,34.980000000000004,False
9,2018-10-10,48.84,False
10,2018-10-11,66.0,False
11,2018-10-12,53.46,False
12,2018-10-13,12.540000000000001,False
13,2018-10-14,5.94,False
14,2018-10-15,35.64,False
15,2018-10-16,44.22,False
16,2018-10-17,38.28,False
17,2018-10-18,34.980000000000004,False
18,2018-10-19,36.300000000000004,False
19,2018-10-20,8.58,False
20,2018-10-21,3.3000000000000003,False
21,2018-10-22,29.700000000000003,False
22,2018-10-23,40.92,False
23,2018-10-24,42.9,False
24,2018-10-25,48.18,False
25,2018-10-26,56.760000000000005,False
26,2018-10-27,8.58,False
27,2018-10-28,5.28,False
28,2018-10-29,44.88,False
29,2018-10-30,53.46,False
30,2018-10-31,56.760000000000005,False
0,2018-11-01,84.0,False
1,2018-11-02,100.0,False
2,2018-11-03,12.0,False
3,2018-11-04,8.0,False
4,2018-11-05,56.0,False
5,2018-11-06,41.0,False
6,2018-11-07,41.0,False
7,2018-11-08,37.0,False
8,2018-11-09,33.0,False
9,2018-11-10,7.0,False
10,2018-11-11,5.0,False
11,2018-11-12,41.0,False
12,2018-11-13,47.0,False
13,2018-11-14,49.0,False
14,2018-11-15,49.0,False
15,2018-11-16,46.0,False
16,2018-11-17,8.0,False
17,2018-11-18,4.0,False
18,2018-11-19,42.0,False
19,2018-11-20,61.0,False
20,2018-11-21,47.0,False
21,2018-11-22,14.0,False
22,2018-11-23,27.0,False
23,2018-11-24,7.0,False
24,2018-11-25,6.0,False
25,2018-11-26,38.0,False
26,2018-11-27,42.0,False
27,2018-11-28,42.0,False
28,2018-11-29,39.0,False
29,2018-11-30,30.0,False
0,2018-12-01,9.94,False
1,2018-12-02,7.81,False
2,2018-12-03,63.19,False
3,2018-12-04,64.61,False
4,2018-12-05,23.43,False
5,2018-12-06,71.0,False
6,2018-12-07,56.089999999999996,False
7,2018-12-08,11.36,False
8,2018-12-09,7.1,False
9,2018-12-10,62.48,False
10,2018-12-11,55.379999999999995,False
11,2018-12-12,52.54,False
12,2018-12-13,41.18,False
13,2018-12-14,44.019999999999996,False
14,2018-12-15,12.07,False
15,2018-12-16,4.97,False
16,2018-12-17,57.51,False
17,2018-12-18,43.309999999999995,False
18,2018-12-19,46.86,False
19,2018-12-20,53.959999999999994,False
20,2018-12-21,66.74,False
21,2018-12-22,19.169999999999998,False
22,2018-12-23,8.52,False
23,2018-12-24,53.25,False
24,2018-12-25,21.299999999999997,False
25,2018-12-26,63.19,False
26,2018-12-27,58.93,False
27,2018-12-28,54.669999999999995,False
28,2018-12-29,9.94,False
29,2018-12-30,4.97,False
30,2018-12-31,46.86,False
0,2019-01-01,7.2,False
1,2019-01-02,38.7,False
2,2019-01-03,90.0,False
3,2019-01-04,61.2,False
4,2019-01-05,9.9,False
5,2019-01-06,6.3,False
6,2019-01-07,28.8,False
7,2019-01-08,26.1,False
8,2019-01-09,31.5,False
9,2019-01-10,23.400000000000002,False
10,2019-01-11,25.2,False
11,2019-01-12,5.4,False
12,2019-01-13,3.6,False
13,2019-01-14,18.0,False
14,2019-01-15,20.7,False
15,2019-01-16,22.5,False
16,2019-01-17,21.6,False
17,2019-01-18,24.3,False
18,2019-01-19,5.4,False
19,2019-01-20,3.6,False
20,2019-01-21,7.2,False
21,2019-01-22,19.8,False
22,2019-01-23,17.1,False
23,2019-01-24,18.0,False
24,2019-01-25,19.8,False
25,2019-01-26,5.4,False
26,2019-01-27,2.7,False
27,2019-01-28,20.7,False
28,2019-01-29,47.7,False
29,2019-01-30,55.800000000000004,False
30,2019-01-31,36.0,False
0,2019-02-01,53.0,False
1,2019-02-02,10.07,False
2,2019-02-03,5.83,False
3,2019-02-04,45.580000000000005,False
4,2019-02-05,42.93,False
5,2019-02-06,41.34,False
6,2019-02-07,34.45,False
7,2019-02-08,30.21,False
8,2019-02-09,7.95,False
9,2019-02-10,4.24,False
10,2019-02-11,34.980000000000004,False
11,2019-02-12,32.33,False
12,2019-02-13,29.68,False
13,2019-02-14,37.1,False
14,2019-02-15,33.39,False
15,2019-02-16,7.95,False
16,2019-02-17,1.59,False
17,2019-02-18,9.540000000000001,False
18,2019-02-19,26.5,False
19,2019-02-20,31.270000000000003,False
20,2019-02-21,24.91,False
21,2019-02-22,30.21,False
22,2019-02-23,6.890000000000001,False
23,2019-02-24,4.7700000000000005,False
24,2019-02-25,31.8,False
25,2019-02-26,25.44,False
26,2019-02-27,27.560000000000002,False
27,2019-02-28,29.150000000000002,False
0,2019-03-01,39.36,False
1,2019-03-02,11.04,False
2,2019-03-03,1.92,False
3,2019-03-04,34.08,False
4,2019-03-05,36.96,False
5,2019-03-06,31.68,False
6,2019-03-07,27.84,False
7,2019-03-08,25.439999999999998,False
8,2019-03-09,5.76,False
9,2019-03-10,2.88,False
10,2019-03-11,42.72,False
11,2019-03-12,48.0,False
12,2019-03-13,35.519999999999996,False
13,2019-03-14,41.28,False
14,2019-03-15,36.48,False
15,2019-03-16,11.04,False
16,2019-03-17,6.24,False
