,date,ADBE stock,isPartial
0,2012-01-01,2.66,False
1,2012-01-02,2.0300000000000002,False
2,2012-01-03,1.8900000000000001,False
3,2012-01-04,1.8900000000000001,False
4,2012-01-05,0.0,False
5,2012-01-06,1.9600000000000002,False
6,2012-01-07,0.0,False
7,2012-01-08,2.1700000000000004,False
8,2012-01-09,1.8200000000000003,False
9,2012-01-10,0.0,False
10,2012-01-11,1.8200000000000003,False
11,2012-01-12,0.0,False
12,2012-01-13,0.0,False
13,2012-01-14,2.1700000000000004,False
14,2012-01-15,0.0,False
15,2012-01-16,0.0,False
16,2012-01-17,0.0,False
17,2012-01-18,0.0,False
18,2012-01-19,3.6400000000000006,False
19,2012-01-20,1.8900000000000001,False
20,2012-01-21,2.1700000000000004,False
21,2012-01-22,2.1,False
22,2012-01-23,1.8200000000000003,False
23,2012-01-24,1.7500000000000002,False
24,2012-01-25,1.8200000000000003,False
25,2012-01-26,1.8200000000000003,False
26,2012-01-27,1.8900000000000001,False
27,2012-01-28,0.0,False
28,2012-01-29,0.0,False
29,2012-01-30,1.7500000000000002,False
30,2012-01-31,7.000000000000001,False
0,2012-02-01,0.0,False
1,2012-02-02,0.0,False
2,2012-02-03,0.0,False
3,2012-02-04,0.0,False
4,2012-02-05,0.0,False
5,2012-02-06,2.82,False
6,2012-02-07,5.64,False
7,2012-02-08,2.82,False
8,2012-02-09,2.88,False
9,2012-02-10,2.94,False
10,2012-02-11,0.0,False
11,2012-02-12,0.0,False
12,2012-02-13,2.82,False
13,2012-02-14,0.0,False
14,2012-02-15,0.0,False
15,2012-02-16,2.88,False
16,2012-02-17,6.0,False
17,2012-02-18,3.42,False
18,2012-02-19,3.42,False
19,2012-02-20,2.94,False
20,2012-02-21,4.38,False
21,2012-02-22,0.0,False
22,2012-02-23,0.0,False
23,2012-02-24,0.0,False
24,2012-02-25,0.0,False
25,2012-02-26,0.0,False
26,2012-02-27,0.0,False
27,2012-02-28,4.2,False
28,2012-02-29,2.82,False
0,2012-03-01,2.94,False
1,2012-03-02,0.0,False
2,2012-03-03,3.54,False
3,2012-03-04,0.0,False
4,2012-03-05,2.88,False
5,2012-03-06,2.82,False
6,2012-03-07,5.52,False
7,2012-03-08,2.88,False
8,2012-03-09,2.94,False
9,2012-03-10,3.36,False
10,2012-03-11,3.36,False
11,2012-03-12,2.76,False
12,2012-03-13,0.0,False
13,2012-03-14,5.58,False
14,2012-03-15,0.0,False
15,2012-03-16,3.0,False
16,2012-03-17,3.42,False
17,2012-03-18,0.0,False
18,2012-03-19,0.0,False
19,2012-03-20,5.58,False
20,2012-03-21,5.52,False
21,2012-03-22,2.88,False
22,2012-03-23,6.0,False
23,2012-03-24,0.0,False
24,2012-03-25,3.42,False
25,2012-03-26,0.0,False
26,2012-03-27,0.0,False
27,2012-03-28,2.82,False
28,2012-03-29,5.7,False
29,2012-03-30,0.0,False
30,2012-03-31,3.42,False
0,2012-04-01,0.0,False
1,2012-04-02,3.0,False
2,2012-04-03,3.0,False
3,2012-04-04,3.12,False
4,2012-04-05,3.12,False
5,2012-04-06,0.0,False
6,2012-04-07,0.0,False
7,2012-04-08,0.0,False
8,2012-04-09,0.0,False
9,2012-04-10,4.62,False
10,2012-04-11,0.0,False
11,2012-04-12,6.0,False
12,2012-04-13,0.0,False
13,2012-04-14,0.0,False
14,2012-04-15,3.54,False
15,2012-04-16,2.94,False
16,2012-04-17,2.88,False
17,2012-04-18,0.0,False
18,2012-04-19,0.0,False
19,2012-04-20,3.06,False
20,2012-04-21,0.0,False
21,2012-04-22,0.0,False
22,2012-04-23,2.94,False
23,2012-04-24,0.0,False
24,2012-04-25,0.0,False
25,2012-04-26,3.0,False
26,2012-04-27,0.0,False
27,2012-04-28,3.6599999999999997,False
28,2012-04-29,0.0,False
29,2012-04-30,3.06,False
0,2012-05-01,4.5,False
1,2012-05-02,4.1000000000000005,False
2,2012-05-03,4.1000000000000005,False
3,2012-05-04,4.25,False
4,2012-05-05,0.0,False
5,2012-05-06,0.0,False
6,2012-05-07,0.0,False
7,2012-05-08,0.0,False
8,2012-05-09,0.0,False
9,2012-05-10,0.0,False
10,2012-05-11,4.3,False
11,2012-05-12,5.0,False
12,2012-05-13,0.0,False
13,2012-05-14,4.0,False
14,2012-05-15,4.0,False
15,2012-05-16,0.0,False
16,2012-05-17,0.0,False
17,2012-05-18,4.3500000000000005,False
18,2012-05-19,0.0,False
19,2012-05-20,4.95,False
20,2012-05-21,4.0,False
21,2012-05-22,0.0,False
22,2012-05-23,0.0,False
23,2012-05-24,0.0,False
24,2012-05-25,4.4,False
25,2012-05-26,0.0,False
26,2012-05-27,0.0,False
27,2012-05-28,0.0,False
28,2012-05-29,3.95,False
29,2012-05-30,4.0,False
30,2012-05-31,0.0,False
0,2012-06-01,0.0,False
1,2012-06-02,0.0,False
2,2012-06-03,0.0,False
3,2012-06-04,3.92,False
4,2012-06-05,7.84,False
5,2012-06-06,0.0,False
6,2012-06-07,4.08,False
7,2012-06-08,4.16,False
8,2012-06-09,0.0,False
9,2012-06-10,0.0,False
10,2012-06-11,7.76,False
11,2012-06-12,0.0,False
12,2012-06-13,4.0,False
13,2012-06-14,0.0,False
14,2012-06-15,0.0,False
15,2012-06-16,0.0,False
16,2012-06-17,0.0,False
17,2012-06-18,3.92,False
18,2012-06-19,3.92,False
19,2012-06-20,4.0,False
20,2012-06-21,4.0,False
21,2012-06-22,4.16,False
22,2012-06-23,0.0,False
23,2012-06-24,0.0,False
24,2012-06-25,0.0,False
25,2012-06-26,0.0,False
26,2012-06-27,8.0,False
27,2012-06-28,4.0,False
28,2012-06-29,0.0,False
29,2012-06-30,5.04,False
0,2012-07-01,0.0,False
1,2012-07-02,0.0,False
2,2012-07-03,1.58,False
3,2012-07-04,1.68,False
4,2012-07-05,0.0,False
5,2012-07-06,0.0,False
6,2012-07-07,0.0,False
7,2012-07-08,0.0,False
8,2012-07-09,0.0,False
9,2012-07-10,0.0,False
10,2012-07-11,0.0,False
11,2012-07-12,0.0,False
12,2012-07-13,0.0,False
13,2012-07-14,2.0,False
14,2012-07-15,0.0,False
15,2012-07-16,0.0,False
16,2012-07-17,0.0,False
17,2012-07-18,0.0,False
18,2012-07-19,0.0,False
19,2012-07-20,0.0,False
20,2012-07-21,0.0,False
21,2012-07-22,0.0,False
22,2012-07-23,1.62,False
23,2012-07-24,0.0,False
24,2012-07-25,1.62,False
25,2012-07-26,1.62,False
26,2012-07-27,0.0,False
27,2012-07-28,2.0,False
28,2012-07-29,0.0,False
29,2012-07-30,1.6,False
30,2012-07-31,1.58,False
0,2012-08-01,0.0,False
1,2012-08-02,0.0,False
2,2012-08-03,0.0,False
3,2012-08-04,3.0,False
4,2012-08-05,0.0,False
5,2012-08-06,0.0,False
6,2012-08-07,2.4,False
7,2012-08-08,2.4299999999999997,False
8,2012-08-09,0.0,False
9,2012-08-10,2.52,False
10,2012-08-11,2.9699999999999998,False
11,2012-08-12,0.0,False
12,2012-08-13,0.0,False
13,2012-08-14,0.0,False
14,2012-08-15,2.4899999999999998,False
15,2012-08-16,0.0,False
16,2012-08-17,2.55,False
17,2012-08-18,0.0,False
18,2012-08-19,0.0,False
19,2012-08-20,0.0,False
20,2012-08-21,2.4299999999999997,False
21,2012-08-22,2.4,False
22,2012-08-23,0.0,False
23,2012-08-24,2.52,False
24,2012-08-25,0.0,False
25,2012-08-26,0.0,False
26,2012-08-27,0.0,False
27,2012-08-28,2.31,False
28,2012-08-29,2.34,False
29,2012-08-30,0.0,False
30,2012-08-31,2.4299999999999997,False
0,2012-09-01,0.0,False
1,2012-09-02,0.0,False
2,2012-09-03,0.0,False
3,2012-09-04,0.0,False
4,2012-09-05,0.0,False
5,2012-09-06,0.0,False
6,2012-09-07,0.0,False
7,2012-09-08,1.89,False
8,2012-09-09,0.0,False
9,2012-09-10,0.0,False
10,2012-09-11,3.0,False
11,2012-09-12,0.0,False
12,2012-09-13,0.0,False
13,2012-09-14,0.0,False
14,2012-09-15,0.0,False
15,2012-09-16,0.0,False
16,2012-09-17,0.0,False
17,2012-09-18,0.0,False
18,2012-09-19,0.0,False
19,2012-09-20,1.53,False
20,2012-09-21,1.5899999999999999,False
21,2012-09-22,0.0,False
22,2012-09-23,0.0,False
23,2012-09-24,1.5,False
24,2012-09-25,0.0,False
25,2012-09-26,1.5,False
26,2012-09-27,0.0,False
27,2012-09-28,0.0,False
28,2012-09-29,0.0,False
29,2012-09-30,0.0,False
0,2012-10-01,0.0,False
1,2012-10-02,1.0,False
2,2012-10-03,1.0,False
3,2012-10-04,2.0,False
4,2012-10-05,0.0,False
5,2012-10-06,0.0,False
6,2012-10-07,1.16,False
7,2012-10-08,0.0,False
8,2012-10-09,0.0,False
9,2012-10-10,0.0,False
10,2012-10-11,0.0,False
11,2012-10-12,0.0,False
12,2012-10-13,0.0,False
13,2012-10-14,0.0,False
14,2012-10-15,0.96,False
15,2012-10-16,0.0,False
16,2012-10-17,0.0,False
17,2012-10-18,0.0,False
18,2012-10-19,0.0,False
19,2012-10-20,0.0,False
20,2012-10-21,0.0,False
21,2012-10-22,0.9400000000000001,False
22,2012-10-23,0.9400000000000001,False
23,2012-10-24,0.0,False
24,2012-10-25,0.0,False
25,2012-10-26,0.0,False
26,2012-10-27,0.0,False
27,2012-10-28,0.0,False
28,2012-10-29,0.0,False
29,2012-10-30,0.0,False
30,2012-10-31,0.0,False
0,2012-11-01,0.0,False
1,2012-11-02,0.0,False
2,2012-11-03,0.0,False
3,2012-11-04,0.0,False
4,2012-11-05,0.0,False
5,2012-11-06,0.0,False
6,2012-11-07,0.0,False
7,2012-11-08,0.0,False
8,2012-11-09,0.0,False
9,2012-11-10,2.0,False
10,2012-11-11,0.0,False
11,2012-11-12,0.0,False
12,2012-11-13,1.6600000000000001,False
13,2012-11-14,1.6600000000000001,False
14,2012-11-15,0.0,False
15,2012-11-16,0.0,False
16,2012-11-17,0.0,False
17,2012-11-18,0.0,False
18,2012-11-19,0.0,False
19,2012-11-20,0.0,False
20,2012-11-21,1.6600000000000001,False
21,2012-11-22,0.0,False
22,2012-11-23,0.0,False
23,2012-11-24,0.0,False
24,2012-11-25,0.0,False
25,2012-11-26,1.58,False
26,2012-11-27,1.6,False
27,2012-11-28,0.0,False
28,2012-11-29,0.0,False
29,2012-11-30,0.0,False
0,2012-12-01,3.48,False
1,2012-12-02,0.0,False
2,2012-12-03,0.0,False
3,2012-12-04,2.82,False
4,2012-12-05,0.0,False
5,2012-12-06,0.0,False
6,2012-12-07,0.0,False
7,2012-12-08,3.54,False
8,2012-12-09,0.0,False
9,2012-12-10,0.0,False
10,2012-12-11,0.0,False
11,2012-12-12,2.88,False
12,2012-12-13,4.38,False
13,2012-12-14,6.0,False
14,2012-12-15,3.42,False
15,2012-12-16,3.42,False
16,2012-12-17,2.88,False
17,2012-12-18,4.38,False
18,2012-12-19,3.0,False
19,2012-12-20,0.0,False
20,2012-12-21,3.1799999999999997,False
21,2012-12-22,0.0,False
22,2012-12-23,0.0,False
23,2012-12-24,3.6599999999999997,False
24,2012-12-25,0.0,False
25,2012-12-26,3.2399999999999998,False
26,2012-12-27,3.12,False
27,2012-12-28,3.1799999999999997,False
28,2012-12-29,3.54,False
29,2012-12-30,0.0,False
30,2012-12-31,3.54,False
0,2013-01-01,4.9799999999999995,False
1,2013-01-02,2.6399999999999997,False
2,2013-01-03,2.58,False
3,2013-01-04,2.6999999999999997,False
4,2013-01-05,0.0,False
5,2013-01-06,6.0,False
6,2013-01-07,0.0,False
7,2013-01-08,2.52,False
8,2013-01-09,2.52,False
9,2013-01-10,4.9799999999999995,False
10,2013-01-11,5.16,False
11,2013-01-12,0.0,False
12,2013-01-13,0.0,False
13,2013-01-14,4.9799999999999995,False
14,2013-01-15,2.4,False
15,2013-01-16,0.0,False
16,2013-01-17,0.0,False
17,2013-01-18,5.22,False
18,2013-01-19,0.0,False
19,2013-01-20,0.0,False
20,2013-01-21,0.0,False
21,2013-01-22,0.0,False
22,2013-01-23,0.0,False
23,2013-01-24,0.0,False
24,2013-01-25,0.0,False
25,2013-01-26,0.0,False
26,2013-01-27,0.0,False
27,2013-01-28,0.0,False
28,2013-01-29,2.4,False
29,2013-01-30,2.4,False
30,2013-01-31,0.0,False
0,2013-02-01,4.0,False
1,2013-02-02,0.0,False
2,2013-02-03,0.0,False
3,2013-02-04,0.0,False
4,2013-02-05,0.0,False
5,2013-02-06,1.8800000000000001,False
6,2013-02-07,2.88,False
7,2013-02-08,0.0,False
8,2013-02-09,2.32,False
9,2013-02-10,0.0,False
10,2013-02-11,3.84,False
11,2013-02-12,0.0,False
12,2013-02-13,3.8000000000000003,False
13,2013-02-14,0.0,False
14,2013-02-15,3.96,False
15,2013-02-16,2.24,False
16,2013-02-17,0.0,False
17,2013-02-18,0.0,False
18,2013-02-19,1.84,False
19,2013-02-20,0.0,False
20,2013-02-21,1.8800000000000001,False
21,2013-02-22,0.0,False
22,2013-02-23,0.0,False
23,2013-02-24,0.0,False
24,2013-02-25,0.0,False
25,2013-02-26,1.84,False
26,2013-02-27,1.84,False
27,2013-02-28,3.72,False
0,2013-03-01,0.0,False
1,2013-03-02,0.0,False
2,2013-03-03,0.0,False
3,2013-03-04,1.6500000000000001,False
4,2013-03-05,1.6500000000000001,False
5,2013-03-06,3.25,False
6,2013-03-07,0.0,False
7,2013-03-08,0.0,False
8,2013-03-09,0.0,False
9,2013-03-10,0.0,False
10,2013-03-11,1.6,False
11,2013-03-12,0.0,False
12,2013-03-13,0.0,False
13,2013-03-14,1.6500000000000001,False
14,2013-03-15,1.6500000000000001,False
15,2013-03-16,3.8000000000000003,False
16,2013-03-17,1.85,False
17,2013-03-18,0.0,False
18,2013-03-19,1.6,False
19,2013-03-20,3.2,False
20,2013-03-21,1.7000000000000002,False
21,2013-03-22,1.7000000000000002,False
22,2013-03-23,1.9000000000000001,False
23,2013-03-24,0.0,False
24,2013-03-25,0.0,False
25,2013-03-26,1.6500000000000001,False
26,2013-03-27,5.0,False
27,2013-03-28,0.0,False
28,2013-03-29,0.0,False
29,2013-03-30,0.0,False
30,2013-03-31,0.0,False
0,2013-04-01,5.250000000000001,False
1,2013-04-02,3.3600000000000003,False
2,2013-04-03,6.65,False
3,2013-04-04,0.0,False
4,2013-04-05,0.0,False
5,2013-04-06,0.0,False
6,2013-04-07,0.0,False
7,2013-04-08,0.0,False
8,2013-04-09,4.41,False
9,2013-04-10,6.65,False
10,2013-04-11,5.040000000000001,False
11,2013-04-12,7.000000000000001,False
12,2013-04-13,0.0,False
13,2013-04-14,0.0,False
14,2013-04-15,3.3600000000000003,False
15,2013-04-16,3.2900000000000005,False
16,2013-04-17,0.0,False
17,2013-04-18,3.43,False
18,2013-04-19,3.5000000000000004,False
19,2013-04-20,4.0600000000000005,False
20,2013-04-21,0.0,False
21,2013-04-22,3.3600000000000003,False
22,2013-04-23,0.0,False
23,2013-04-24,3.3600000000000003,False
24,2013-04-25,0.0,False
25,2013-04-26,0.0,False
26,2013-04-27,4.0600000000000005,False
27,2013-04-28,0.0,False
28,2013-04-29,3.3600000000000003,False
29,2013-04-30,0.0,False
0,2013-05-01,5.6000000000000005,False
1,2013-05-02,0.0,False
2,2013-05-03,5.44,False
3,2013-05-04,3.12,False
4,2013-05-05,0.0,False
5,2013-05-06,7.84,False
6,2013-05-07,5.12,False
7,2013-05-08,2.64,False
8,2013-05-09,8.0,False
9,2013-05-10,2.72,False
10,2013-05-11,0.0,False
11,2013-05-12,0.0,False
12,2013-05-13,0.0,False
13,2013-05-14,0.0,False
14,2013-05-15,2.56,False
15,2013-05-16,2.56,False
16,2013-05-17,0.0,False
17,2013-05-18,0.0,False
18,2013-05-19,0.0,False
19,2013-05-20,2.56,False
20,2013-05-21,2.48,False
21,2013-05-22,0.0,False
22,2013-05-23,2.56,False
23,2013-05-24,5.44,False
24,2013-05-25,0.0,False
25,2013-05-26,0.0,False
26,2013-05-27,2.56,False
27,2013-05-28,0.0,False
28,2013-05-29,0.0,False
29,2013-05-30,0.0,False
30,2013-05-31,0.0,False
0,2013-06-01,0.0,False
1,2013-06-02,3.5000000000000004,False
2,2013-06-03,2.87,False
3,2013-06-04,2.87,False
4,2013-06-05,2.87,False
5,2013-06-06,2.9400000000000004,False
6,2013-06-07,3.08,False
7,2013-06-08,0.0,False
8,2013-06-09,7.000000000000001,False
9,2013-06-10,0.0,False
10,2013-06-11,0.0,False
11,2013-06-12,2.87,False
12,2013-06-13,2.9400000000000004,False
13,2013-06-14,0.0,False
14,2013-06-15,0.0,False
15,2013-06-16,3.5700000000000003,False
16,2013-06-17,0.0,False
17,2013-06-18,4.340000000000001,False
18,2013-06-19,4.83,False
19,2013-06-20,2.9400000000000004,False
20,2013-06-21,3.08,False
21,2013-06-22,3.5700000000000003,False
22,2013-06-23,0.0,False
23,2013-06-24,5.8100000000000005,False
24,2013-06-25,2.87,False
25,2013-06-26,2.9400000000000004,False
26,2013-06-27,0.0,False
27,2013-06-28,3.08,False
28,2013-06-29,0.0,False
29,2013-06-30,3.6400000000000006,False
0,2013-07-01,2.31,False
1,2013-07-02,3.08,False
2,2013-07-03,3.43,False
3,2013-07-04,2.3800000000000003,False
4,2013-07-05,2.5200000000000005,False
5,2013-07-06,0.0,False
6,2013-07-07,0.0,False
7,2013-07-08,7.000000000000001,False
8,2013-07-09,2.31,False
9,2013-07-10,2.31,False
10,2013-07-11,4.69,False
11,2013-07-12,4.0600000000000005,False
12,2013-07-13,0.0,False
13,2013-07-14,2.8000000000000003,False
14,2013-07-15,0.0,False
15,2013-07-16,3.8500000000000005,False
16,2013-07-17,0.0,False
17,2013-07-18,2.3800000000000003,False
18,2013-07-19,0.0,False
19,2013-07-20,0.0,False
20,2013-07-21,2.87,False
21,2013-07-22,2.31,False
22,2013-07-23,3.43,False
23,2013-07-24,0.0,False
24,2013-07-25,2.31,False
25,2013-07-26,0.0,False
26,2013-07-27,2.87,False
27,2013-07-28,2.87,False
28,2013-07-29,3.7800000000000002,False
29,2013-07-30,0.0,False
30,2013-07-31,0.0,False
0,2013-08-01,0.0,False
1,2013-08-02,3.2399999999999998,False
2,2013-08-03,3.78,False
3,2013-08-04,0.0,False
4,2013-08-05,0.0,False
5,2013-08-06,0.0,False
6,2013-08-07,0.0,False
7,2013-08-08,0.0,False
8,2013-08-09,0.0,False
9,2013-08-10,3.84,False
10,2013-08-11,0.0,False
11,2013-08-12,0.0,False
12,2013-08-13,0.0,False
13,2013-08-14,0.0,False
14,2013-08-15,3.2399999999999998,False
15,2013-08-16,0.0,False
16,2013-08-17,0.0,False
17,2013-08-18,3.5999999999999996,False
18,2013-08-19,3.06,False
19,2013-08-20,0.0,False
20,2013-08-21,2.94,False
21,2013-08-22,0.0,False
22,2013-08-23,3.1799999999999997,False
23,2013-08-24,0.0,False
24,2013-08-25,0.0,False
25,2013-08-26,3.0,False
26,2013-08-27,2.94,False
27,2013-08-28,2.94,False
28,2013-08-29,6.0,False
29,2013-08-30,3.06,False
30,2013-08-31,0.0,False
0,2013-09-01,0.0,False
1,2013-09-02,0.0,False
2,2013-09-03,2.3000000000000003,False
3,2013-09-04,4.6000000000000005,False
4,2013-09-05,0.0,False
5,2013-09-06,0.0,False
6,2013-09-07,0.0,False
7,2013-09-08,0.0,False
8,2013-09-09,2.3000000000000003,False
9,2013-09-10,0.0,False
10,2013-09-11,2.2,False
11,2013-09-12,2.2,False
12,2013-09-13,0.0,False
13,2013-09-14,0.0,False
14,2013-09-15,0.0,False
15,2013-09-16,2.2,False
16,2013-09-17,2.2,False
17,2013-09-18,10.0,False
18,2013-09-19,3.4000000000000004,False
19,2013-09-20,2.4000000000000004,False
20,2013-09-21,0.0,False
21,2013-09-22,2.6,False
22,2013-09-23,0.0,False
23,2013-09-24,2.2,False
24,2013-09-25,2.2,False
25,2013-09-26,0.0,False
26,2013-09-27,4.800000000000001,False
27,2013-09-28,0.0,False
28,2013-09-29,0.0,False
29,2013-09-30,4.4,False
0,2013-10-01,3.96,False
1,2013-10-02,0.0,False
2,2013-10-03,6.12,False
3,2013-10-04,7.29,False
4,2013-10-05,3.51,False
5,2013-10-06,3.51,False
6,2013-10-07,2.9699999999999998,False
7,2013-10-08,4.5,False
8,2013-10-09,9.0,False
9,2013-10-10,4.5,False
10,2013-10-11,0.0,False
11,2013-10-12,3.5999999999999996,False
12,2013-10-13,0.0,False
13,2013-10-14,4.59,False
14,2013-10-15,0.0,False
15,2013-10-16,3.06,False
16,2013-10-17,5.13,False
17,2013-10-18,4.68,False
18,2013-10-19,0.0,False
19,2013-10-20,0.0,False
20,2013-10-21,0.0,False
21,2013-10-22,5.9399999999999995,False
22,2013-10-23,0.0,False
23,2013-10-24,2.9699999999999998,False
24,2013-10-25,3.15,False
25,2013-10-26,0.0,False
26,2013-10-27,3.42,False
27,2013-10-28,2.88,False
28,2013-10-29,2.88,False
29,2013-10-30,2.88,False
30,2013-10-31,3.06,False
0,2013-11-01,0.0,False
1,2013-11-02,4.8,False
2,2013-11-03,0.0,False
3,2013-11-04,0.0,False
4,2013-11-05,5.84,False
5,2013-11-06,3.92,False
6,2013-11-07,8.0,False
7,2013-11-08,0.0,False
8,2013-11-09,0.0,False
9,2013-11-10,4.5600000000000005,False
10,2013-11-11,3.92,False
11,2013-11-12,7.84,False
12,2013-11-13,0.0,False
13,2013-11-14,8.0,False
14,2013-11-15,4.16,False
15,2013-11-16,0.0,False
16,2013-11-17,4.5600000000000005,False
17,2013-11-18,3.84,False
18,2013-11-19,7.76,False
19,2013-11-20,3.92,False
20,2013-11-21,8.0,False
21,2013-11-22,0.0,False
22,2013-11-23,0.0,False
23,2013-11-24,4.48,False
24,2013-11-25,3.84,False
25,2013-11-26,0.0,False
26,2013-11-27,0.0,False
27,2013-11-28,0.0,False
28,2013-11-29,4.24,False
29,2013-11-30,0.0,False
0,2013-12-01,3.85,False
1,2013-12-02,3.3,False
2,2013-12-03,0.0,False
3,2013-12-04,0.0,False
4,2013-12-05,0.0,False
5,2013-12-06,3.63,False
6,2013-12-07,0.0,False
7,2013-12-08,0.0,False
8,2013-12-09,5.06,False
9,2013-12-10,3.41,False
10,2013-12-11,4.62,False
11,2013-12-12,3.52,False
12,2013-12-13,11.0,False
13,2013-12-14,5.5,False
14,2013-12-15,0.0,False
15,2013-12-16,3.41,False
16,2013-12-17,7.04,False
17,2013-12-18,4.73,False
18,2013-12-19,6.05,False
19,2013-12-20,5.72,False
20,2013-12-21,0.0,False
21,2013-12-22,4.29,False
22,2013-12-23,5.72,False
23,2013-12-24,4.29,False
24,2013-12-25,4.62,False
25,2013-12-26,3.85,False
26,2013-12-27,5.83,False
27,2013-12-28,0.0,False
28,2013-12-29,0.0,False
29,2013-12-30,7.48,False
30,2013-12-31,0.0,False
0,2014-01-01,4.95,False
1,2014-01-02,7.92,False
2,2014-01-03,7.92,False
3,2014-01-04,0.0,False
4,2014-01-05,0.0,False
5,2014-01-06,5.61,False
6,2014-01-07,3.63,False
7,2014-01-08,3.74,False
8,2014-01-09,6.16,False
9,2014-01-10,9.57,False
10,2014-01-11,4.4,False
11,2014-01-12,0.0,False
12,2014-01-13,4.84,False
13,2014-01-14,3.63,False
14,2014-01-15,7.26,False
15,2014-01-16,3.63,False
16,2014-01-17,5.72,False
17,2014-01-18,4.4,False
18,2014-01-19,8.47,False
19,2014-01-20,3.63,False
20,2014-01-21,11.0,False
21,2014-01-22,3.52,False
22,2014-01-23,7.37,False
23,2014-01-24,7.59,False
24,2014-01-25,0.0,False
25,2014-01-26,4.29,False
26,2014-01-27,4.73,False
27,2014-01-28,7.15,False
28,2014-01-29,7.26,False
29,2014-01-30,5.5,False
30,2014-01-31,7.59,False
0,2014-02-01,0.0,False
1,2014-02-02,4.340000000000001,False
2,2014-02-03,5.74,False
3,2014-02-04,3.7800000000000002,False
4,2014-02-05,5.040000000000001,False
5,2014-02-06,5.32,False
6,2014-02-07,4.340000000000001,False
7,2014-02-08,4.48,False
8,2014-02-09,0.0,False
9,2014-02-10,7.5600000000000005,False
10,2014-02-11,7.420000000000001,False
11,2014-02-12,3.7800000000000002,False
12,2014-02-13,7.5600000000000005,False
13,2014-02-14,14.000000000000002,False
14,2014-02-15,9.100000000000001,False
15,2014-02-16,4.48,False
16,2014-02-17,7.5600000000000005,False
17,2014-02-18,7.5600000000000005,False
18,2014-02-19,3.7800000000000002,False
19,2014-02-20,0.0,False
20,2014-02-21,7.98,False
21,2014-02-22,0.0,False
22,2014-02-23,4.48,False
23,2014-02-24,3.7800000000000002,False
24,2014-02-25,7.5600000000000005,False
25,2014-02-26,7.5600000000000005,False
26,2014-02-27,7.5600000000000005,False
27,2014-02-28,12.040000000000001,False
0,2014-03-01,7.67,False
1,2014-03-02,0.0,False
2,2014-03-03,5.8500000000000005,False
3,2014-03-04,7.41,False
4,2014-03-05,8.84,False
5,2014-03-06,10.92,False
6,2014-03-07,4.55,False
7,2014-03-08,0.0,False
8,2014-03-09,5.07,False
9,2014-03-10,6.63,False
10,2014-03-11,4.29,False
11,2014-03-12,0.0,False
12,2014-03-13,4.42,False
13,2014-03-14,4.55,False
14,2014-03-15,0.0,False
15,2014-03-16,0.0,False
16,2014-03-17,7.28,False
17,2014-03-18,6.5,False
18,2014-03-19,13.0,False
19,2014-03-20,10.27,False
20,2014-03-21,4.55,False
21,2014-03-22,5.07,False
22,2014-03-23,4.94,False
23,2014-03-24,8.58,False
24,2014-03-25,4.29,False
25,2014-03-26,4.29,False
26,2014-03-27,6.5,False
27,2014-03-28,4.55,False
28,2014-03-29,0.0,False
29,2014-03-30,5.07,False
30,2014-03-31,8.58,False
0,2014-04-01,2.88,False
1,2014-04-02,2.88,False
2,2014-04-03,5.7,False
3,2014-04-04,3.0,False
4,2014-04-05,0.0,False
5,2014-04-06,3.36,False
6,2014-04-07,2.88,False
7,2014-04-08,0.0,False
8,2014-04-09,5.76,False
9,2014-04-10,5.76,False
10,2014-04-11,3.06,False
11,2014-04-12,0.0,False
12,2014-04-13,0.0,False
13,2014-04-14,2.88,False
14,2014-04-15,0.0,False
15,2014-04-16,0.0,False
16,2014-04-17,3.12,False
17,2014-04-18,0.0,False
18,2014-04-19,3.54,False
19,2014-04-20,0.0,False
20,2014-04-21,4.68,False
21,2014-04-22,0.0,False
22,2014-04-23,4.32,False
23,2014-04-24,2.94,False
24,2014-04-25,6.0,False
25,2014-04-26,0.0,False
26,2014-04-27,3.36,False
27,2014-04-28,0.0,False
28,2014-04-29,0.0,False
29,2014-04-30,0.0,False
0,2014-05-01,3.4000000000000004,False
1,2014-05-02,10.0,False
2,2014-05-03,7.300000000000001,False
3,2014-05-04,3.7,False
4,2014-05-05,3.1,False
5,2014-05-06,3.1,False
6,2014-05-07,4.6000000000000005,False
7,2014-05-08,3.1,False
8,2014-05-09,3.3000000000000003,False
9,2014-05-10,0.0,False
10,2014-05-11,3.6,False
11,2014-05-12,3.0,False
12,2014-05-13,3.0,False
13,2014-05-14,0.0,False
14,2014-05-15,4.2,False
15,2014-05-16,4.3,False
16,2014-05-17,3.8000000000000003,False
17,2014-05-18,0.0,False
18,2014-05-19,3.1,False
19,2014-05-20,3.1,False
20,2014-05-21,0.0,False
21,2014-05-22,6.9,False
22,2014-05-23,5.4,False
23,2014-05-24,0.0,False
24,2014-05-25,4.2,False
25,2014-05-26,3.5,False
26,2014-05-27,6.7,False
27,2014-05-28,0.0,False
28,2014-05-29,5.300000000000001,False
29,2014-05-30,3.6,False
30,2014-05-31,0.0,False
0,2014-06-01,0.0,False
1,2014-06-02,3.0,False
2,2014-06-03,0.0,False
3,2014-06-04,3.0,False
4,2014-06-05,3.0,False
5,2014-06-06,6.4799999999999995,False
6,2014-06-07,3.84,False
7,2014-06-08,0.0,False
8,2014-06-09,3.12,False
9,2014-06-10,3.12,False
10,2014-06-11,3.0,False
11,2014-06-12,3.0,False
12,2014-06-13,3.2399999999999998,False
13,2014-06-14,0.0,False
14,2014-06-15,3.5999999999999996,False
15,2014-06-16,6.0,False
16,2014-06-17,12.0,False
17,2014-06-18,9.12,False
18,2014-06-19,11.04,False
19,2014-06-20,3.2399999999999998,False
20,2014-06-21,0.0,False
21,2014-06-22,0.0,False
22,2014-06-23,3.12,False
23,2014-06-24,6.12,False
24,2014-06-25,4.56,False
25,2014-06-26,3.12,False
26,2014-06-27,6.4799999999999995,False
27,2014-06-28,0.0,False
28,2014-06-29,0.0,False
29,2014-06-30,3.0,False
0,2014-07-01,6.5600000000000005,False
1,2014-07-02,6.0,False
2,2014-07-03,0.0,False
3,2014-07-04,4.32,False
4,2014-07-05,0.0,False
5,2014-07-06,4.8,False
6,2014-07-07,5.84,False
7,2014-07-08,3.92,False
8,2014-07-09,3.92,False
9,2014-07-10,3.92,False
10,2014-07-11,4.16,False
11,2014-07-12,0.0,False
12,2014-07-13,0.0,False
13,2014-07-14,3.92,False
14,2014-07-15,7.76,False
15,2014-07-16,4.0,False
16,2014-07-17,4.0,False
17,2014-07-18,4.16,False
18,2014-07-19,0.0,False
19,2014-07-20,4.8,False
20,2014-07-21,3.92,False
21,2014-07-22,4.0,False
22,2014-07-23,0.0,False
23,2014-07-24,8.0,False
24,2014-07-25,0.0,False
25,2014-07-26,0.0,False
26,2014-07-27,0.0,False
27,2014-07-28,0.0,False
28,2014-07-29,3.92,False
29,2014-07-30,0.0,False
30,2014-07-31,4.08,False
0,2014-08-01,0.0,False
1,2014-08-02,0.0,False
2,2014-08-03,0.0,False
3,2014-08-04,3.36,False
4,2014-08-05,0.0,False
5,2014-08-06,3.36,False
6,2014-08-07,0.0,False
7,2014-08-08,0.0,False
8,2014-08-09,0.0,False
9,2014-08-10,0.0,False
10,2014-08-11,0.0,False
11,2014-08-12,0.0,False
12,2014-08-13,3.3200000000000003,False
13,2014-08-14,0.0,False
14,2014-08-15,0.0,False
15,2014-08-16,0.0,False
16,2014-08-17,4.0,False
17,2014-08-18,3.3200000000000003,False
18,2014-08-19,3.2800000000000002,False
19,2014-08-20,3.24,False
20,2014-08-21,0.0,False
21,2014-08-22,3.4,False
22,2014-08-23,0.0,False
23,2014-08-24,0.0,False
24,2014-08-25,0.0,False
25,2014-08-26,0.0,False
26,2014-08-27,0.0,False
27,2014-08-28,0.0,False
28,2014-08-29,0.0,False
29,2014-08-30,0.0,False
30,2014-08-31,3.8000000000000003,False
0,2014-09-01,2.1,False
1,2014-09-02,0.0,False
2,2014-09-03,0.0,False
3,2014-09-04,0.0,False
4,2014-09-05,0.0,False
5,2014-09-06,0.0,False
6,2014-09-07,2.4,False
7,2014-09-08,0.0,False
8,2014-09-09,1.92,False
9,2014-09-10,0.0,False
10,2014-09-11,0.0,False
11,2014-09-12,0.0,False
12,2014-09-13,0.0,False
13,2014-09-14,2.4,False
14,2014-09-15,0.0,False
15,2014-09-16,6.0,False
16,2014-09-17,5.3999999999999995,False
17,2014-09-18,4.08,False
18,2014-09-19,3.12,False
19,2014-09-20,0.0,False
20,2014-09-21,2.34,False
21,2014-09-22,4.02,False
22,2014-09-23,1.98,False
23,2014-09-24,1.98,False
24,2014-09-25,2.04,False
25,2014-09-26,0.0,False
26,2014-09-27,0.0,False
27,2014-09-28,0.0,False
28,2014-09-29,1.98,False
29,2014-09-30,1.98,False
0,2014-10-01,4.69,False
1,2014-10-02,2.45,False
2,2014-10-03,0.0,False
3,2014-10-04,5.880000000000001,False
4,2014-10-05,0.0,False
5,2014-10-06,2.3800000000000003,False
6,2014-10-07,3.5700000000000003,False
7,2014-10-08,2.3800000000000003,False
8,2014-10-09,2.3800000000000003,False
9,2014-10-10,0.0,False
10,2014-10-11,0.0,False
11,2014-10-12,0.0,False
12,2014-10-13,4.62,False
13,2014-10-14,2.31,False
14,2014-10-15,2.31,False
15,2014-10-16,2.3800000000000003,False
16,2014-10-17,0.0,False
17,2014-10-18,2.8000000000000003,False
18,2014-10-19,0.0,False
19,2014-10-20,2.3800000000000003,False
20,2014-10-21,2.31,False
21,2014-10-22,4.69,False
22,2014-10-23,2.31,False
23,2014-10-24,2.3800000000000003,False
24,2014-10-25,0.0,False
25,2014-10-26,0.0,False
26,2014-10-27,2.31,False
27,2014-10-28,7.000000000000001,False
28,2014-10-29,2.3800000000000003,False
29,2014-10-30,2.3800000000000003,False
30,2014-10-31,2.5200000000000005,False
0,2014-11-01,2.48,False
1,2014-11-02,0.0,False
2,2014-11-03,0.0,False
3,2014-11-04,3.96,False
4,2014-11-05,1.96,False
5,2014-11-06,4.0,False
6,2014-11-07,2.08,False
7,2014-11-08,2.4,False
8,2014-11-09,0.0,False
9,2014-11-10,1.96,False
10,2014-11-11,1.96,False
11,2014-11-12,2.0,False
12,2014-11-13,1.96,False
13,2014-11-14,2.08,False
14,2014-11-15,0.0,False
15,2014-11-16,0.0,False
16,2014-11-17,1.96,False
17,2014-11-18,2.12,False
18,2014-11-19,0.0,False
19,2014-11-20,2.04,False
20,2014-11-21,0.0,False
21,2014-11-22,0.0,False
22,2014-11-23,2.2800000000000002,False
23,2014-11-24,0.0,False
24,2014-11-25,0.0,False
25,2014-11-26,0.0,False
26,2014-11-27,0.0,False
27,2014-11-28,0.0,False
28,2014-11-29,0.0,False
29,2014-11-30,0.0,False
0,2014-12-01,0.0,False
1,2014-12-02,3.1,False
2,2014-12-03,3.2,False
3,2014-12-04,0.0,False
4,2014-12-05,0.0,False
5,2014-12-06,3.7,False
6,2014-12-07,0.0,False
7,2014-12-08,3.1,False
8,2014-12-09,3.1,False
9,2014-12-10,0.0,False
10,2014-12-11,4.800000000000001,False
11,2014-12-12,10.0,False
12,2014-12-13,0.0,False
13,2014-12-14,0.0,False
14,2014-12-15,6.2,False
15,2014-12-16,0.0,False
16,2014-12-17,3.2,False
17,2014-12-18,6.7,False
18,2014-12-19,0.0,False
19,2014-12-20,3.8000000000000003,False
20,2014-12-21,0.0,False
21,2014-12-22,3.3000000000000003,False
22,2014-12-23,3.5,False
23,2014-12-24,3.9000000000000004,False
24,2014-12-25,0.0,False
25,2014-12-26,0.0,False
26,2014-12-27,3.8000000000000003,False
27,2014-12-28,0.0,False
28,2014-12-29,0.0,False
29,2014-12-30,3.4000000000000004,False
30,2014-12-31,3.8000000000000003,False
0,2015-01-01,0.0,False
1,2015-01-02,6.0,False
2,2015-01-03,4.800000000000001,False
3,2015-01-04,4.7,False
4,2015-01-05,4.0,False
5,2015-01-06,6.0,False
6,2015-01-07,4.0,False
7,2015-01-08,8.0,False
8,2015-01-09,8.1,False
9,2015-01-10,4.6000000000000005,False
10,2015-01-11,0.0,False
11,2015-01-12,4.0,False
12,2015-01-13,3.8000000000000003,False
13,2015-01-14,3.9000000000000004,False
14,2015-01-15,3.9000000000000004,False
15,2015-01-16,4.1000000000000005,False
16,2015-01-17,0.0,False
17,2015-01-18,0.0,False
18,2015-01-19,0.0,False
19,2015-01-20,3.9000000000000004,False
20,2015-01-21,0.0,False
21,2015-01-22,5.800000000000001,False
22,2015-01-23,10.0,False
23,2015-01-24,4.5,False
24,2015-01-25,4.5,False
25,2015-01-26,3.8000000000000003,False
26,2015-01-27,3.9000000000000004,False
27,2015-01-28,3.8000000000000003,False
28,2015-01-29,5.800000000000001,False
29,2015-01-30,6.0,False
30,2015-01-31,0.0,False
0,2015-02-01,0.0,False
1,2015-02-02,4.9,False
2,2015-02-03,2.4000000000000004,False
3,2015-02-04,0.0,False
4,2015-02-05,2.45,False
5,2015-02-06,2.5500000000000003,False
6,2015-02-07,0.0,False
7,2015-02-08,0.0,False
8,2015-02-09,0.0,False
9,2015-02-10,2.4000000000000004,False
10,2015-02-11,2.4000000000000004,False
11,2015-02-12,2.5,False
12,2015-02-13,0.0,False
13,2015-02-14,0.0,False
14,2015-02-15,0.0,False
15,2015-02-16,0.0,False
16,2015-02-17,2.5,False
17,2015-02-18,0.0,False
18,2015-02-19,5.0,False
19,2015-02-20,2.5500000000000003,False
20,2015-02-21,0.0,False
21,2015-02-22,0.0,False
22,2015-02-23,3.6,False
23,2015-02-24,4.75,False
24,2015-02-25,2.45,False
25,2015-02-26,2.45,False
26,2015-02-27,2.5,False
27,2015-02-28,0.0,False
0,2015-03-01,0.0,False
1,2015-03-02,0.0,False
2,2015-03-03,3.84,False
3,2015-03-04,5.12,False
4,2015-03-05,2.56,False
5,2015-03-06,0.0,False
6,2015-03-07,3.04,False
7,2015-03-08,0.0,False
8,2015-03-09,5.04,False
9,2015-03-10,2.56,False
10,2015-03-11,2.56,False
11,2015-03-12,0.0,False
12,2015-03-13,5.44,False
13,2015-03-14,0.0,False
14,2015-03-15,2.96,False
15,2015-03-16,0.0,False
16,2015-03-17,6.4,False
17,2015-03-18,5.2,False
18,2015-03-19,2.56,False
19,2015-03-20,8.0,False
20,2015-03-21,3.04,False
21,2015-03-22,0.0,False
22,2015-03-23,2.56,False
23,2015-03-24,2.56,False
24,2015-03-25,0.0,False
25,2015-03-26,6.0,False
26,2015-03-27,0.0,False
27,2015-03-28,0.0,False
28,2015-03-29,0.0,False
29,2015-03-30,2.56,False
30,2015-03-31,0.0,False
0,2015-04-01,0.0,False
1,2015-04-02,5.0,False
2,2015-04-03,1.85,False
3,2015-04-04,0.0,False
4,2015-04-05,0.0,False
5,2015-04-06,1.6500000000000001,False
6,2015-04-07,3.1,False
7,2015-04-08,0.0,False
8,2015-04-09,1.6,False
9,2015-04-10,1.6500000000000001,False
10,2015-04-11,0.0,False
11,2015-04-12,0.0,False
12,2015-04-13,1.55,False
13,2015-04-14,1.6,False
14,2015-04-15,1.55,False
15,2015-04-16,1.6,False
16,2015-04-17,3.25,False
17,2015-04-18,0.0,False
18,2015-04-19,0.0,False
19,2015-04-20,1.6,False
20,2015-04-21,1.6,False
21,2015-04-22,0.0,False
22,2015-04-23,0.0,False
23,2015-04-24,1.6500000000000001,False
24,2015-04-25,0.0,False
25,2015-04-26,1.85,False
26,2015-04-27,3.1500000000000004,False
27,2015-04-28,1.55,False
28,2015-04-29,4.75,False
29,2015-04-30,0.0,False
0,2015-05-01,2.2199999999999998,False
1,2015-05-02,0.0,False
2,2015-05-03,0.0,False
3,2015-05-04,2.01,False
4,2015-05-05,0.0,False
5,2015-05-06,2.01,False
6,2015-05-07,0.0,False
7,2015-05-08,0.0,False
8,2015-05-09,0.0,False
9,2015-05-10,0.0,False
10,2015-05-11,2.01,False
11,2015-05-12,3.0,False
12,2015-05-13,0.0,False
13,2015-05-14,0.0,False
14,2015-05-15,2.1,False
15,2015-05-16,2.4,False
16,2015-05-17,0.0,False
17,2015-05-18,1.95,False
18,2015-05-19,1.92,False
19,2015-05-20,0.0,False
20,2015-05-21,0.0,False
21,2015-05-22,0.0,False
22,2015-05-23,0.0,False
23,2015-05-24,2.37,False
24,2015-05-25,0.0,False
25,2015-05-26,0.0,False
26,2015-05-27,0.0,False
27,2015-05-28,0.0,False
28,2015-05-29,0.0,False
29,2015-05-30,2.37,False
30,2015-05-31,0.0,False
0,2015-06-01,0.0,False
1,2015-06-02,1.9600000000000002,False
2,2015-06-03,2.0300000000000002,False
3,2015-06-04,0.0,False
4,2015-06-05,2.1,False
5,2015-06-06,0.0,False
6,2015-06-07,0.0,False
7,2015-06-08,0.0,False
8,2015-06-09,3.99,False
9,2015-06-10,0.0,False
10,2015-06-11,0.0,False
11,2015-06-12,2.1,False
12,2015-06-13,0.0,False
13,2015-06-14,0.0,False
14,2015-06-15,1.9600000000000002,False
15,2015-06-16,7.000000000000001,False
16,2015-06-17,3.99,False
17,2015-06-18,0.0,False
18,2015-06-19,2.1700000000000004,False
19,2015-06-20,0.0,False
20,2015-06-21,2.45,False
21,2015-06-22,3.0100000000000002,False
22,2015-06-23,0.0,False
23,2015-06-24,3.0100000000000002,False
24,2015-06-25,2.0300000000000002,False
25,2015-06-26,4.2700000000000005,False
26,2015-06-27,0.0,False
27,2015-06-28,0.0,False
28,2015-06-29,6.0200000000000005,False
29,2015-06-30,0.0,False
0,2015-07-01,6.0,False
1,2015-07-02,5.9399999999999995,False
2,2015-07-03,3.12,False
3,2015-07-04,3.5999999999999996,False
4,2015-07-05,0.0,False
5,2015-07-06,2.94,False
6,2015-07-07,2.94,False
7,2015-07-08,5.88,False
8,2015-07-09,3.0,False
9,2015-07-10,3.06,False
10,2015-07-11,0.0,False
11,2015-07-12,3.5999999999999996,False
12,2015-07-13,0.0,False
13,2015-07-14,5.88,False
14,2015-07-15,4.5,False
15,2015-07-16,6.0,False
16,2015-07-17,3.1799999999999997,False
17,2015-07-18,3.84,False
18,2015-07-19,0.0,False
19,2015-07-20,3.12,False
20,2015-07-21,0.0,False
21,2015-07-22,0.0,False
22,2015-07-23,0.0,False
23,2015-07-24,3.06,False
24,2015-07-25,0.0,False
25,2015-07-26,0.0,False
26,2015-07-27,0.0,False
27,2015-07-28,0.0,False
28,2015-07-29,2.94,False
29,2015-07-30,2.94,False
30,2015-07-31,3.06,False
0,2015-08-01,0.0,False
1,2015-08-02,0.0,False
2,2015-08-03,0.0,False
3,2015-08-04,0.0,False
4,2015-08-05,3.06,False
5,2015-08-06,3.12,False
6,2015-08-07,3.2399999999999998,False
7,2015-08-08,0.0,False
8,2015-08-09,0.0,False
9,2015-08-10,6.0,False
10,2015-08-11,0.0,False
11,2015-08-12,3.0,False
12,2015-08-13,0.0,False
13,2015-08-14,3.12,False
14,2015-08-15,0.0,False
15,2015-08-16,0.0,False
16,2015-08-17,0.0,False
17,2015-08-18,3.0,False
18,2015-08-19,3.0,False
19,2015-08-20,0.0,False
20,2015-08-21,3.12,False
21,2015-08-22,0.0,False
22,2015-08-23,0.0,False
23,2015-08-24,2.94,False
24,2015-08-25,4.38,False
25,2015-08-26,0.0,False
26,2015-08-27,3.0,False
27,2015-08-28,3.06,False
28,2015-08-29,0.0,False
29,2015-08-30,0.0,False
30,2015-08-31,0.0,False
0,2015-09-01,6.88,False
1,2015-09-02,3.44,False
2,2015-09-03,7.04,False
3,2015-09-04,3.52,False
4,2015-09-05,0.0,False
5,2015-09-06,0.0,False
6,2015-09-07,0.0,False
7,2015-09-08,3.44,False
8,2015-09-09,6.96,False
9,2015-09-10,0.0,False
10,2015-09-11,3.52,False
11,2015-09-12,4.0,False
12,2015-09-13,4.0,False
13,2015-09-14,3.44,False
14,2015-09-15,0.0,False
15,2015-09-16,3.36,False
16,2015-09-17,8.0,False
17,2015-09-18,5.36,False
18,2015-09-19,4.08,False
19,2015-09-20,0.0,False
20,2015-09-21,4.48,False
21,2015-09-22,3.36,False
22,2015-09-23,3.44,False
23,2015-09-24,3.44,False
24,2015-09-25,0.0,False
25,2015-09-26,4.0,False
26,2015-09-27,0.0,False
27,2015-09-28,6.5600000000000005,False
28,2015-09-29,3.36,False
29,2015-09-30,3.36,False
0,2015-10-01,0.0,False
1,2015-10-02,0.0,False
2,2015-10-03,3.48,False
3,2015-10-04,3.48,False
4,2015-10-05,2.94,False
5,2015-10-06,2.94,False
6,2015-10-07,2.94,False
7,2015-10-08,6.0,False
8,2015-10-09,3.06,False
9,2015-10-10,0.0,False
10,2015-10-11,3.54,False
11,2015-10-12,0.0,False
12,2015-10-13,2.94,False
13,2015-10-14,2.88,False
14,2015-10-15,0.0,False
15,2015-10-16,0.0,False
16,2015-10-17,0.0,False
17,2015-10-18,0.0,False
18,2015-10-19,2.88,False
19,2015-10-20,2.88,False
20,2015-10-21,0.0,False
21,2015-10-22,0.0,False
22,2015-10-23,3.06,False
23,2015-10-24,0.0,False
24,2015-10-25,0.0,False
25,2015-10-26,5.7,False
26,2015-10-27,0.0,False
27,2015-10-28,2.88,False
28,2015-10-29,2.94,False
29,2015-10-30,0.0,False
30,2015-10-31,3.54,False
0,2015-11-01,0.0,False
1,2015-11-02,1.7000000000000002,False
2,2015-11-03,5.0,False
3,2015-11-04,1.6500000000000001,False
4,2015-11-05,1.7000000000000002,False
5,2015-11-06,1.75,False
6,2015-11-07,2.0500000000000003,False
7,2015-11-08,1.9500000000000002,False
8,2015-11-09,0.0,False
9,2015-11-10,3.3000000000000003,False
10,2015-11-11,1.75,False
11,2015-11-12,1.75,False
12,2015-11-13,0.0,False
13,2015-11-14,0.0,False
14,2015-11-15,0.0,False
15,2015-11-16,0.0,False
16,2015-11-17,0.0,False
17,2015-11-18,1.7000000000000002,False
18,2015-11-19,3.4000000000000004,False
19,2015-11-20,0.0,False
20,2015-11-21,1.9500000000000002,False
21,2015-11-22,1.9000000000000001,False
22,2015-11-23,1.7000000000000002,False
23,2015-11-24,0.0,False
24,2015-11-25,1.7000000000000002,False
25,2015-11-26,0.0,False
26,2015-11-27,0.0,False
27,2015-11-28,2.0,False
28,2015-11-29,3.8000000000000003,False
29,2015-11-30,1.6500000000000001,False
0,2015-12-01,3.12,False
1,2015-12-02,3.12,False
2,2015-12-03,3.12,False
3,2015-12-04,4.8100000000000005,False
4,2015-12-05,0.0,False
5,2015-12-06,3.64,False
6,2015-12-07,4.16,False
7,2015-12-08,3.12,False
8,2015-12-09,5.2,False
9,2015-12-10,10.530000000000001,False
10,2015-12-11,13.0,False
11,2015-12-12,3.64,False
12,2015-12-13,0.0,False
13,2015-12-14,12.09,False
14,2015-12-15,9.49,False
15,2015-12-16,4.8100000000000005,False
16,2015-12-17,3.25,False
17,2015-12-18,5.2,False
18,2015-12-19,7.800000000000001,False
19,2015-12-20,3.77,False
20,2015-12-21,4.94,False
21,2015-12-22,6.890000000000001,False
22,2015-12-23,5.33,False
23,2015-12-24,0.0,False
24,2015-12-25,8.58,False
25,2015-12-26,0.0,False
26,2015-12-27,3.9000000000000004,False
27,2015-12-28,3.38,False
28,2015-12-29,6.76,False
29,2015-12-30,5.8500000000000005,False
30,2015-12-31,3.77,False
0,2016-01-01,0.0,False
1,2016-01-02,0.0,False
2,2016-01-03,0.0,False
3,2016-01-04,1.2,False
4,2016-01-05,2.4,False
5,2016-01-06,1.76,False
6,2016-01-07,3.52,False
7,2016-01-08,3.68,False
8,2016-01-09,0.0,False
9,2016-01-10,1.28,False
10,2016-01-11,1.12,False
11,2016-01-12,1.12,False
12,2016-01-13,0.0,False
13,2016-01-14,8.0,False
14,2016-01-15,1.84,False
15,2016-01-16,1.36,False
16,2016-01-17,0.0,False
17,2016-01-18,1.12,False
18,2016-01-19,1.12,False
19,2016-01-20,1.2,False
20,2016-01-21,1.2,False
21,2016-01-22,1.84,False
22,2016-01-23,0.0,False
23,2016-01-24,0.0,False
24,2016-01-25,0.0,False
25,2016-01-26,2.32,False
26,2016-01-27,1.12,False
27,2016-01-28,1.76,False
28,2016-01-29,1.84,False
29,2016-01-30,1.36,False
30,2016-01-31,0.0,False
0,2016-02-01,3.96,False
1,2016-02-02,7.8,False
2,2016-02-03,6.4799999999999995,False
3,2016-02-04,8.04,False
4,2016-02-05,11.04,False
5,2016-02-06,9.24,False
6,2016-02-07,0.0,False
7,2016-02-08,8.16,False
8,2016-02-09,3.96,False
9,2016-02-10,5.88,False
10,2016-02-11,12.0,False
11,2016-02-12,4.08,False
12,2016-02-13,0.0,False
13,2016-02-14,4.4399999999999995,False
14,2016-02-15,7.92,False
15,2016-02-16,3.84,False
16,2016-02-17,7.92,False
17,2016-02-18,3.84,False
18,2016-02-19,4.08,False
19,2016-02-20,4.4399999999999995,False
20,2016-02-21,0.0,False
21,2016-02-22,6.4799999999999995,False
22,2016-02-23,3.84,False
23,2016-02-24,6.4799999999999995,False
24,2016-02-25,3.96,False
25,2016-02-26,5.3999999999999995,False
26,2016-02-27,0.0,False
27,2016-02-28,0.0,False
28,2016-02-29,3.7199999999999998,False
0,2016-03-01,0.0,False
1,2016-03-02,3.99,False
2,2016-03-03,3.04,False
3,2016-03-04,6.2700000000000005,False
4,2016-03-05,0.0,False
5,2016-03-06,0.0,False
6,2016-03-07,3.04,False
7,2016-03-08,3.04,False
8,2016-03-09,2.09,False
9,2016-03-10,2.09,False
10,2016-03-11,3.04,False
11,2016-03-12,2.2800000000000002,False
12,2016-03-13,2.2800000000000002,False
13,2016-03-14,1.9,False
14,2016-03-15,3.99,False
15,2016-03-16,7.98,False
16,2016-03-17,14.25,False
17,2016-03-18,19.0,False
18,2016-03-19,2.2800000000000002,False
19,2016-03-20,0.0,False
20,2016-03-21,9.120000000000001,False
21,2016-03-22,3.99,False
22,2016-03-23,6.2700000000000005,False
23,2016-03-24,8.74,False
24,2016-03-25,4.5600000000000005,False
25,2016-03-26,0.0,False
26,2016-03-27,0.0,False
27,2016-03-28,4.18,False
28,2016-03-29,3.99,False
29,2016-03-30,2.09,False
30,2016-03-31,9.120000000000001,False
0,2016-04-01,5.1000000000000005,False
1,2016-04-02,0.0,False
2,2016-04-03,0.0,False
3,2016-04-04,0.0,False
4,2016-04-05,9.8,False
5,2016-04-06,0.0,False
6,2016-04-07,0.0,False
7,2016-04-08,5.2,False
8,2016-04-09,5.7,False
9,2016-04-10,0.0,False
10,2016-04-11,4.9,False
11,2016-04-12,7.300000000000001,False
12,2016-04-13,4.9,False
13,2016-04-14,0.0,False
14,2016-04-15,0.0,False
15,2016-04-16,0.0,False
16,2016-04-17,5.6000000000000005,False
17,2016-04-18,7.300000000000001,False
18,2016-04-19,4.9,False
19,2016-04-20,7.4,False
20,2016-04-21,0.0,False
21,2016-04-22,0.0,False
22,2016-04-23,0.0,False
23,2016-04-24,0.0,False
24,2016-04-25,9.600000000000001,False
25,2016-04-26,7.300000000000001,False
26,2016-04-27,4.800000000000001,False
27,2016-04-28,10.0,False
28,2016-04-29,5.2,False
29,2016-04-30,0.0,False
0,2016-05-01,0.0,False
1,2016-05-02,2.31,False
2,2016-05-03,2.24,False
3,2016-05-04,0.0,False
4,2016-05-05,2.31,False
5,2016-05-06,2.3800000000000003,False
6,2016-05-07,2.66,False
7,2016-05-08,2.5900000000000003,False
8,2016-05-09,2.24,False
9,2016-05-10,0.0,False
10,2016-05-11,4.41,False
11,2016-05-12,2.24,False
12,2016-05-13,3.5000000000000004,False
13,2016-05-14,2.5900000000000003,False
14,2016-05-15,0.0,False
15,2016-05-16,2.24,False
16,2016-05-17,4.48,False
17,2016-05-18,4.41,False
18,2016-05-19,2.24,False
19,2016-05-20,7.000000000000001,False
20,2016-05-21,0.0,False
21,2016-05-22,0.0,False
22,2016-05-23,0.0,False
23,2016-05-24,2.24,False
24,2016-05-25,3.0100000000000002,False
25,2016-05-26,3.1500000000000004,False
26,2016-05-27,2.3800000000000003,False
27,2016-05-28,2.66,False
28,2016-05-29,0.0,False
29,2016-05-30,0.0,False
30,2016-05-31,3.7100000000000004,False
0,2016-06-01,2.7600000000000002,False
1,2016-06-02,0.0,False
2,2016-06-03,4.6000000000000005,False
3,2016-06-04,0.0,False
4,2016-06-05,3.22,False
5,2016-06-06,8.51,False
6,2016-06-07,2.7600000000000002,False
7,2016-06-08,5.75,False
8,2016-06-09,2.99,False
9,2016-06-10,4.6000000000000005,False
10,2016-06-11,3.45,False
11,2016-06-12,0.0,False
12,2016-06-13,4.140000000000001,False
13,2016-06-14,0.0,False
14,2016-06-15,4.140000000000001,False
15,2016-06-16,0.0,False
16,2016-06-17,0.0,False
17,2016-06-18,3.45,False
18,2016-06-19,3.45,False
19,2016-06-20,7.13,False
20,2016-06-21,23.0,False
21,2016-06-22,18.86,False
22,2016-06-23,5.98,False
23,2016-06-24,10.58,False
24,2016-06-25,3.45,False
25,2016-06-26,0.0,False
26,2016-06-27,4.37,False
27,2016-06-28,2.99,False
28,2016-06-29,8.74,False
29,2016-06-30,2.99,False
0,2016-07-01,11.0,False
1,2016-07-02,0.0,False
2,2016-07-03,0.0,False
3,2016-07-04,0.0,False
4,2016-07-05,2.75,False
5,2016-07-06,2.75,False
6,2016-07-07,2.75,False
7,2016-07-08,4.29,False
8,2016-07-09,3.19,False
9,2016-07-10,6.16,False
10,2016-07-11,2.64,False
11,2016-07-12,4.07,False
12,2016-07-13,2.75,False
13,2016-07-14,7.81,False
14,2016-07-15,2.75,False
15,2016-07-16,0.0,False
16,2016-07-17,0.0,False
17,2016-07-18,2.75,False
18,2016-07-19,2.75,False
19,2016-07-20,8.25,False
20,2016-07-21,2.75,False
21,2016-07-22,2.75,False
22,2016-07-23,3.19,False
23,2016-07-24,0.0,False
24,2016-07-25,2.64,False
25,2016-07-26,4.07,False
26,2016-07-27,2.75,False
27,2016-07-28,0.0,False
28,2016-07-29,0.0,False
29,2016-07-30,0.0,False
30,2016-07-31,0.0,False
0,2016-08-01,1.6,False
1,2016-08-02,1.6,False
2,2016-08-03,8.0,False
3,2016-08-04,3.2,False
4,2016-08-05,1.68,False
5,2016-08-06,0.0,False
6,2016-08-07,0.0,False
7,2016-08-08,1.6,False
8,2016-08-09,1.6,False
9,2016-08-10,1.6,False
10,2016-08-11,5.04,False
11,2016-08-12,1.68,False
12,2016-08-13,0.0,False
13,2016-08-14,1.92,False
14,2016-08-15,0.0,False
15,2016-08-16,3.36,False
16,2016-08-17,3.36,False
17,2016-08-18,2.56,False
18,2016-08-19,1.76,False
19,2016-08-20,1.92,False
20,2016-08-21,1.92,False
21,2016-08-22,0.0,False
22,2016-08-23,2.48,False
23,2016-08-24,0.0,False
24,2016-08-25,1.6,False
25,2016-08-26,1.6,False
26,2016-08-27,1.84,False
27,2016-08-28,1.84,False
28,2016-08-29,3.04,False
29,2016-08-30,2.32,False
30,2016-08-31,1.52,False
0,2016-09-01,0.0,False
1,2016-09-02,6.84,False
2,2016-09-03,0.0,False
3,2016-09-04,0.0,False
4,2016-09-05,0.0,False
5,2016-09-06,3.23,False
6,2016-09-07,3.23,False
7,2016-09-08,3.23,False
8,2016-09-09,3.42,False
9,2016-09-10,0.0,False
10,2016-09-11,0.0,False
11,2016-09-12,6.46,False
12,2016-09-13,6.46,False
13,2016-09-14,3.23,False
14,2016-09-15,3.23,False
15,2016-09-16,3.42,False
16,2016-09-17,0.0,False
17,2016-09-18,3.61,False
18,2016-09-19,3.23,False
19,2016-09-20,19.0,False
20,2016-09-21,15.77,False
21,2016-09-22,11.4,False
22,2016-09-23,3.42,False
23,2016-09-24,3.8,False
24,2016-09-25,3.61,False
25,2016-09-26,11.02,False
26,2016-09-27,3.23,False
27,2016-09-28,6.46,False
28,2016-09-29,4.75,False
29,2016-09-30,3.23,False
0,2016-10-01,4.64,False
1,2016-10-02,0.0,False
2,2016-10-03,2.64,False
3,2016-10-04,0.0,False
4,2016-10-05,8.0,False
5,2016-10-06,2.72,False
6,2016-10-07,2.8000000000000003,False
7,2016-10-08,0.0,False
8,2016-10-09,0.0,False
9,2016-10-10,2.72,False
10,2016-10-11,5.44,False
11,2016-10-12,0.0,False
12,2016-10-13,5.44,False
13,2016-10-14,2.8000000000000003,False
14,2016-10-15,0.0,False
15,2016-10-16,0.0,False
16,2016-10-17,5.28,False
17,2016-10-18,2.64,False
18,2016-10-19,2.64,False
19,2016-10-20,2.64,False
20,2016-10-21,0.0,False
21,2016-10-22,3.12,False
22,2016-10-23,0.0,False
23,2016-10-24,7.84,False
24,2016-10-25,5.28,False
25,2016-10-26,2.64,False
26,2016-10-27,2.72,False
27,2016-10-28,2.8000000000000003,False
28,2016-10-29,0.0,False
29,2016-10-30,0.0,False
30,2016-10-31,0.0,False
0,2016-11-01,0.0,False
1,2016-11-02,3.3000000000000003,False
2,2016-11-03,3.4000000000000004,False
3,2016-11-04,3.5,False
4,2016-11-05,3.8000000000000003,False
5,2016-11-06,3.7,False
6,2016-11-07,4.9,False
7,2016-11-08,4.800000000000001,False
8,2016-11-09,9.0,False
9,2016-11-10,10.0,False
10,2016-11-11,5.800000000000001,False
11,2016-11-12,3.8000000000000003,False
12,2016-11-13,0.0,False
13,2016-11-14,3.3000000000000003,False
14,2016-11-15,4.9,False
15,2016-11-16,3.3000000000000003,False
16,2016-11-17,4.4,False
17,2016-11-18,3.4000000000000004,False
18,2016-11-19,3.8000000000000003,False
19,2016-11-20,3.7,False
20,2016-11-21,4.800000000000001,False
21,2016-11-22,3.3000000000000003,False
22,2016-11-23,4.9,False
23,2016-11-24,0.0,False
24,2016-11-25,6.7,False
25,2016-11-26,0.0,False
26,2016-11-27,0.0,False
27,2016-11-28,3.1,False
28,2016-11-29,6.2,False
29,2016-11-30,3.2,False
0,2016-12-01,4.95,False
1,2016-12-02,0.0,False
2,2016-12-03,0.0,False
3,2016-12-04,0.0,False
4,2016-12-05,4.05,False
5,2016-12-06,2.85,False
6,2016-12-07,5.85,False
7,2016-12-08,6.0,False
8,2016-12-09,12.15,False
9,2016-12-10,3.4499999999999997,False
10,2016-12-11,3.3,False
11,2016-12-12,2.85,False
12,2016-12-13,11.549999999999999,False
13,2016-12-14,4.8,False
14,2016-12-15,15.0,False
15,2016-12-16,9.45,False
16,2016-12-17,3.4499999999999997,False
17,2016-12-18,0.0,False
18,2016-12-19,10.65,False
19,2016-12-20,4.6499999999999995,False
20,2016-12-21,3.15,False
21,2016-12-22,9.6,False
22,2016-12-23,0.0,False
23,2016-12-24,0.0,False
24,2016-12-25,0.0,False
25,2016-12-26,0.0,False
26,2016-12-27,3.15,False
27,2016-12-28,6.3,False
28,2016-12-29,3.15,False
29,2016-12-30,6.6,False
30,2016-12-31,3.5999999999999996,False
0,2017-01-01,3.85,False
1,2017-01-02,3.3,False
2,2017-01-03,9.46,False
3,2017-01-04,3.08,False
4,2017-01-05,3.19,False
5,2017-01-06,0.0,False
6,2017-01-07,7.04,False
7,2017-01-08,3.52,False
8,2017-01-09,5.06,False
9,2017-01-10,6.05,False
10,2017-01-11,4.51,False
11,2017-01-12,3.08,False
12,2017-01-13,4.73,False
13,2017-01-14,6.93,False
14,2017-01-15,3.41,False
15,2017-01-16,2.97,False
16,2017-01-17,3.96,False
17,2017-01-18,8.91,False
18,2017-01-19,3.08,False
19,2017-01-20,3.08,False
20,2017-01-21,0.0,False
21,2017-01-22,0.0,False
22,2017-01-23,4.4,False
23,2017-01-24,7.48,False
24,2017-01-25,11.0,False
25,2017-01-26,4.51,False
26,2017-01-27,5.17,False
27,2017-01-28,3.52,False
28,2017-01-29,0.0,False
29,2017-01-30,6.93,False
30,2017-01-31,3.96,False
0,2017-02-01,5.28,False
1,2017-02-02,0.0,False
2,2017-02-03,2.86,False
3,2017-02-04,0.0,False
4,2017-02-05,0.0,False
5,2017-02-06,2.64,False
6,2017-02-07,2.64,False
7,2017-02-08,2.64,False
8,2017-02-09,11.0,False
9,2017-02-10,2.86,False
10,2017-02-11,0.0,False
11,2017-02-12,0.0,False
12,2017-02-13,5.28,False
13,2017-02-14,5.39,False
14,2017-02-15,5.39,False
15,2017-02-16,5.39,False
16,2017-02-17,4.07,False
17,2017-02-18,0.0,False
18,2017-02-19,3.08,False
19,2017-02-20,0.0,False
20,2017-02-21,0.0,False
21,2017-02-22,0.0,False
22,2017-02-23,2.75,False
23,2017-02-24,2.75,False
24,2017-02-25,3.08,False
25,2017-02-26,0.0,False
26,2017-02-27,6.49,False
27,2017-02-28,2.64,False
0,2017-03-01,2.7,False
1,2017-03-02,2.7,False
2,2017-03-03,4.32,False
3,2017-03-04,4.59,False
4,2017-03-05,2.97,False
5,2017-03-06,4.050000000000001,False
6,2017-03-07,5.130000000000001,False
7,2017-03-08,8.100000000000001,False
8,2017-03-09,4.050000000000001,False
9,2017-03-10,14.31,False
10,2017-03-11,4.59,False
11,2017-03-12,0.0,False
12,2017-03-13,2.43,False
13,2017-03-14,2.7,False
14,2017-03-15,4.59,False
15,2017-03-16,23.220000000000002,False
16,2017-03-17,27.0,False
17,2017-03-18,8.370000000000001,False
18,2017-03-19,5.130000000000001,False
19,2017-03-20,9.99,False
20,2017-03-21,12.690000000000001,False
21,2017-03-22,5.4,False
22,2017-03-23,11.88,False
23,2017-03-24,2.97,False
24,2017-03-25,3.24,False
25,2017-03-26,3.24,False
26,2017-03-27,4.59,False
27,2017-03-28,3.7800000000000002,False
28,2017-03-29,7.290000000000001,False
29,2017-03-30,5.67,False
30,2017-03-31,5.67,False
0,2017-04-01,5.12,False
1,2017-04-02,5.12,False
2,2017-04-03,7.2,False
3,2017-04-04,10.88,False
4,2017-04-05,16.0,False
5,2017-04-06,5.92,False
6,2017-04-07,10.56,False
7,2017-04-08,5.12,False
8,2017-04-09,5.12,False
9,2017-04-10,8.8,False
10,2017-04-11,13.44,False
11,2017-04-12,4.48,False
12,2017-04-13,15.68,False
13,2017-04-14,4.96,False
14,2017-04-15,0.0,False
15,2017-04-16,7.84,False
16,2017-04-17,10.72,False
17,2017-04-18,8.64,False
18,2017-04-19,8.64,False
19,2017-04-20,13.280000000000001,False
20,2017-04-21,9.28,False
21,2017-04-22,0.0,False
22,2017-04-23,9.92,False
23,2017-04-24,8.8,False
24,2017-04-25,11.68,False
25,2017-04-26,10.72,False
26,2017-04-27,7.36,False
27,2017-04-28,16.0,False
28,2017-04-29,5.12,False
29,2017-04-30,5.12,False
0,2017-05-01,5.46,False
1,2017-05-02,17.43,False
2,2017-05-03,10.08,False
3,2017-05-04,10.08,False
4,2017-05-05,10.5,False
5,2017-05-06,5.67,False
6,2017-05-07,5.88,False
7,2017-05-08,10.08,False
8,2017-05-09,9.87,False
9,2017-05-10,12.389999999999999,False
10,2017-05-11,15.33,False
11,2017-05-12,13.229999999999999,False
12,2017-05-13,5.88,False
13,2017-05-14,0.0,False
14,2017-05-15,13.229999999999999,False
15,2017-05-16,10.709999999999999,False
16,2017-05-17,5.46,False
17,2017-05-18,7.9799999999999995,False
18,2017-05-19,17.009999999999998,False
19,2017-05-20,0.0,False
20,2017-05-21,0.0,False
21,2017-05-22,0.0,False
22,2017-05-23,21.0,False
23,2017-05-24,5.46,False
24,2017-05-25,10.92,False
25,2017-05-26,20.16,False
26,2017-05-27,6.51,False
27,2017-05-28,6.51,False
28,2017-05-29,5.46,False
29,2017-05-30,15.75,False
30,2017-05-31,10.5,False
0,2017-06-01,5.04,False
1,2017-06-02,5.04,False
2,2017-06-03,11.34,False
3,2017-06-04,0.0,False
4,2017-06-05,9.66,False
5,2017-06-06,7.9799999999999995,False
6,2017-06-07,6.3,False
7,2017-06-08,7.9799999999999995,False
8,2017-06-09,10.08,False
9,2017-06-10,3.78,False
10,2017-06-11,3.78,False
11,2017-06-12,10.92,False
12,2017-06-13,9.24,False
13,2017-06-14,16.38,False
14,2017-06-15,6.72,False
15,2017-06-16,6.72,False
16,2017-06-17,7.9799999999999995,False
17,2017-06-18,3.78,False
18,2017-06-19,15.959999999999999,False
19,2017-06-20,40.74,False
20,2017-06-21,42.0,False
21,2017-06-22,25.2,False
22,2017-06-23,17.64,False
23,2017-06-24,7.56,False
24,2017-06-25,5.88,False
25,2017-06-26,6.72,False
26,2017-06-27,6.72,False
27,2017-06-28,11.76,False
28,2017-06-29,6.72,False
29,2017-06-30,15.54,False
0,2017-07-01,5.04,False
1,2017-07-02,0.0,False
2,2017-07-03,4.56,False
3,2017-07-04,6.72,False
4,2017-07-05,9.12,False
5,2017-07-06,8.879999999999999,False
6,2017-07-07,18.24,False
7,2017-07-08,5.04,False
8,2017-07-09,0.0,False
9,2017-07-10,6.4799999999999995,False
10,2017-07-11,10.799999999999999,False
11,2017-07-12,17.52,False
12,2017-07-13,4.32,False
13,2017-07-14,0.0,False
14,2017-07-15,0.0,False
15,2017-07-16,7.68,False
16,2017-07-17,13.2,False
17,2017-07-18,17.52,False
18,2017-07-19,24.0,False
19,2017-07-20,10.799999999999999,False
20,2017-07-21,9.12,False
21,2017-07-22,10.32,False
22,2017-07-23,10.08,False
23,2017-07-24,6.4799999999999995,False
24,2017-07-25,6.4799999999999995,False
25,2017-07-26,6.4799999999999995,False
26,2017-07-27,6.4799999999999995,False
27,2017-07-28,13.44,False
28,2017-07-29,0.0,False
29,2017-07-30,0.0,False
30,2017-07-31,6.4799999999999995,False
0,2017-08-01,17.6,False
1,2017-08-02,18.92,False
2,2017-08-03,7.92,False
3,2017-08-04,6.38,False
4,2017-08-05,4.62,False
5,2017-08-06,0.0,False
6,2017-08-07,5.94,False
7,2017-08-08,7.7,False
8,2017-08-09,7.92,False
9,2017-08-10,8.14,False
10,2017-08-11,4.18,False
11,2017-08-12,4.62,False
12,2017-08-13,4.62,False
13,2017-08-14,8.14,False
14,2017-08-15,8.36,False
15,2017-08-16,12.1,False
16,2017-08-17,8.14,False
17,2017-08-18,6.16,False
18,2017-08-19,4.62,False
19,2017-08-20,0.0,False
20,2017-08-21,5.94,False
21,2017-08-22,7.92,False
22,2017-08-23,7.92,False
23,2017-08-24,8.14,False
24,2017-08-25,8.58,False
25,2017-08-26,0.0,False
26,2017-08-27,0.0,False
27,2017-08-28,7.92,False
28,2017-08-29,9.9,False
29,2017-08-30,14.08,False
30,2017-08-31,22.0,False
0,2017-09-01,3.42,False
1,2017-09-02,3.8,False
2,2017-09-03,0.0,False
3,2017-09-04,0.0,False
4,2017-09-05,3.42,False
5,2017-09-06,6.84,False
6,2017-09-07,16.72,False
7,2017-09-08,6.84,False
8,2017-09-09,3.8,False
9,2017-09-10,0.0,False
10,2017-09-11,4.94,False
11,2017-09-12,4.94,False
12,2017-09-13,4.94,False
13,2017-09-14,6.84,False
14,2017-09-15,6.84,False
15,2017-09-16,3.8,False
16,2017-09-17,0.0,False
17,2017-09-18,9.88,False
18,2017-09-19,34.2,False
19,2017-09-20,38.0,False
20,2017-09-21,28.5,False
21,2017-09-22,10.26,False
22,2017-09-23,3.8,False
23,2017-09-24,0.0,False
24,2017-09-25,18.240000000000002,False
25,2017-09-26,14.44,False
26,2017-09-27,8.36,False
27,2017-09-28,8.36,False
28,2017-09-29,15.58,False
29,2017-09-30,3.8,False
0,2017-10-01,9.01,False
1,2017-10-02,9.540000000000001,False
2,2017-10-03,11.13,False
3,2017-10-04,15.9,False
4,2017-10-05,7.95,False
5,2017-10-06,9.540000000000001,False
6,2017-10-07,3.71,False
7,2017-10-08,3.71,False
8,2017-10-09,6.36,False
9,2017-10-10,7.95,False
10,2017-10-11,7.95,False
11,2017-10-12,9.540000000000001,False
12,2017-10-13,9.540000000000001,False
13,2017-10-14,3.71,False
14,2017-10-15,0.0,False
15,2017-10-16,17.490000000000002,False
16,2017-10-17,11.13,False
17,2017-10-18,23.32,False
18,2017-10-19,53.0,False
19,2017-10-20,29.68,False
20,2017-10-21,9.01,False
21,2017-10-22,8.48,False
22,2017-10-23,16.96,False
23,2017-10-24,18.55,False
24,2017-10-25,16.96,False
25,2017-10-26,7.95,False
26,2017-10-27,21.200000000000003,False
27,2017-10-28,5.300000000000001,False
28,2017-10-29,3.71,False
29,2017-10-30,15.370000000000001,False
30,2017-10-31,14.31,False
0,2017-11-01,25.419999999999998,False
1,2017-11-02,41.0,False
2,2017-11-03,25.83,False
3,2017-11-04,10.66,False
4,2017-11-05,6.97,False
5,2017-11-06,21.32,False
6,2017-11-07,30.34,False
7,2017-11-08,24.599999999999998,False
8,2017-11-09,18.45,False
9,2017-11-10,12.709999999999999,False
10,2017-11-11,6.97,False
11,2017-11-12,6.97,False
12,2017-11-13,21.32,False
13,2017-11-14,15.17,False
14,2017-11-15,30.34,False
15,2017-11-16,27.47,False
16,2017-11-17,25.419999999999998,False
17,2017-11-18,13.94,False
18,2017-11-19,10.25,False
19,2017-11-20,24.189999999999998,False
20,2017-11-21,9.02,False
21,2017-11-22,18.45,False
22,2017-11-23,25.009999999999998,False
23,2017-11-24,15.579999999999998,False
24,2017-11-25,13.94,False
25,2017-11-26,0.0,False
26,2017-11-27,14.76,False
27,2017-11-28,14.76,False
28,2017-11-29,33.62,False
29,2017-11-30,24.599999999999998,False
0,2017-12-01,15.54,False
1,2017-12-02,7.56,False
2,2017-12-03,3.78,False
3,2017-12-04,31.5,False
4,2017-12-05,21.84,False
5,2017-12-06,11.76,False
6,2017-12-07,11.76,False
7,2017-12-08,12.18,False
8,2017-12-09,3.78,False
9,2017-12-10,3.78,False
10,2017-12-11,7.9799999999999995,False
11,2017-12-12,18.9,False
12,2017-12-13,16.8,False
13,2017-12-14,42.0,False
14,2017-12-15,37.8,False
15,2017-12-16,7.56,False
16,2017-12-17,5.46,False
17,2017-12-18,5.46,False
18,2017-12-19,8.82,False
19,2017-12-20,15.12,False
20,2017-12-21,7.9799999999999995,False
21,2017-12-22,7.14,False
22,2017-12-23,3.78,False
23,2017-12-24,6.3,False
24,2017-12-25,4.2,False
25,2017-12-26,5.46,False
26,2017-12-27,5.04,False
27,2017-12-28,10.5,False
28,2017-12-29,3.36,False
29,2017-12-30,13.44,False
30,2017-12-31,3.78,False
0,2018-01-01,6.3,False
1,2018-01-02,21.7,False
2,2018-01-03,8.75,False
3,2018-01-04,31.499999999999996,False
4,2018-01-05,23.099999999999998,False
5,2018-01-06,5.949999999999999,False
6,2018-01-07,8.75,False
7,2018-01-08,10.149999999999999,False
8,2018-01-09,20.299999999999997,False
9,2018-01-10,13.649999999999999,False
10,2018-01-11,15.399999999999999,False
11,2018-01-12,33.599999999999994,False
12,2018-01-13,14.7,False
13,2018-01-14,5.949999999999999,False
14,2018-01-15,7.699999999999999,False
15,2018-01-16,23.45,False
16,2018-01-17,19.95,False
17,2018-01-18,20.299999999999997,False
18,2018-01-19,10.5,False
19,2018-01-20,5.949999999999999,False
20,2018-01-21,5.6,False
21,2018-01-22,18.2,False
22,2018-01-23,35.0,False
23,2018-01-24,29.749999999999996,False
24,2018-01-25,11.899999999999999,False
25,2018-01-26,24.5,False
26,2018-01-27,8.75,False
27,2018-01-28,11.549999999999999,False
28,2018-01-29,11.549999999999999,False
29,2018-01-30,18.549999999999997,False
30,2018-01-31,23.45,False
0,2018-02-01,38.800000000000004,False
1,2018-02-02,40.0,False
2,2018-02-03,8.0,False
3,2018-02-04,12.8,False
4,2018-02-05,11.200000000000001,False
5,2018-02-06,36.0,False
6,2018-02-07,22.400000000000002,False
7,2018-02-08,32.0,False
8,2018-02-09,17.6,False
9,2018-02-10,27.200000000000003,False
10,2018-02-11,23.200000000000003,False
11,2018-02-12,25.200000000000003,False
12,2018-02-13,32.0,False
13,2018-02-14,25.200000000000003,False
14,2018-02-15,25.6,False
15,2018-02-16,21.200000000000003,False
16,2018-02-17,8.0,False
17,2018-02-18,0.0,False
18,2018-02-19,11.200000000000001,False
19,2018-02-20,26.8,False
20,2018-02-21,24.400000000000002,False
21,2018-02-22,24.8,False
22,2018-02-23,25.6,False
23,2018-02-24,7.6000000000000005,False
24,2018-02-25,7.6000000000000005,False
25,2018-02-26,24.400000000000002,False
26,2018-02-27,30.8,False
27,2018-02-28,22.0,False
0,2018-03-01,11.36,False
1,2018-03-02,15.62,False
2,2018-03-03,6.39,False
3,2018-03-04,4.26,False
4,2018-03-05,18.46,False
5,2018-03-06,17.04,False
6,2018-03-07,15.62,False
7,2018-03-08,32.66,False
8,2018-03-09,16.33,False
9,2018-03-10,6.39,False
10,2018-03-11,6.39,False
11,2018-03-12,17.04,False
12,2018-03-13,36.21,False
13,2018-03-14,24.849999999999998,False
14,2018-03-15,71.0,False
15,2018-03-16,63.9,False
16,2018-03-17,8.52,False
17,2018-03-18,6.39,False
18,2018-03-19,34.79,False
19,2018-03-20,34.08,False
20,2018-03-21,26.979999999999997,False
21,2018-03-22,32.66,False
22,2018-03-23,44.019999999999996,False
23,2018-03-24,6.39,False
24,2018-03-25,9.23,False
25,2018-03-26,26.979999999999997,False
26,2018-03-27,23.43,False
27,2018-03-28,39.76,False
28,2018-03-29,30.529999999999998,False
29,2018-03-30,14.91,False
30,2018-03-31,7.1,False
0,2018-04-01,4.84,False
1,2018-04-02,23.76,False
2,2018-04-03,37.4,False
3,2018-04-04,25.080000000000002,False
4,2018-04-05,44.0,False
5,2018-04-06,27.72,False
6,2018-04-07,11.88,False
7,2018-04-08,0.0,False
8,2018-04-09,15.4,False
9,2018-04-10,20.68,False
10,2018-04-11,18.04,False
11,2018-04-12,25.080000000000002,False
12,2018-04-13,15.84,False
13,2018-04-14,14.52,False
14,2018-04-15,7.04,False
15,2018-04-16,8.36,False
16,2018-04-17,27.72,False
17,2018-04-18,25.080000000000002,False
18,2018-04-19,28.6,False
19,2018-04-20,13.2,False
20,2018-04-21,9.68,False
21,2018-04-22,4.84,False
22,2018-04-23,8.36,False
23,2018-04-24,13.64,False
24,2018-04-25,20.68,False
25,2018-04-26,22.44,False
26,2018-04-27,17.6,False
27,2018-04-28,14.96,False
28,2018-04-29,4.84,False
29,2018-04-30,22.88,False
0,2018-05-01,23.46,False
1,2018-05-02,23.97,False
2,2018-05-03,18.36,False
3,2018-05-04,19.38,False
4,2018-05-05,12.75,False
5,2018-05-06,0.0,False
6,2018-05-07,14.790000000000001,False
7,2018-05-08,20.4,False
8,2018-05-09,31.62,False
9,2018-05-10,37.230000000000004,False
10,2018-05-11,42.33,False
11,2018-05-12,13.26,False
12,2018-05-13,6.63,False
13,2018-05-14,38.76,False
14,2018-05-15,36.72,False
15,2018-05-16,36.72,False
16,2018-05-17,20.4,False
17,2018-05-18,19.38,False
18,2018-05-19,9.69,False
19,2018-05-20,6.63,False
20,2018-05-21,37.74,False
21,2018-05-22,51.0,False
22,2018-05-23,20.4,False
23,2018-05-24,37.74,False
24,2018-05-25,15.81,False
25,2018-05-26,6.63,False
26,2018-05-27,6.63,False
27,2018-05-28,11.22,False
28,2018-05-29,18.36,False
29,2018-05-30,49.980000000000004,False
30,2018-05-31,30.6,False
0,2018-06-01,11.96,False
1,2018-06-02,8.280000000000001,False
2,2018-06-03,3.68,False
3,2018-06-04,25.76,False
4,2018-06-05,18.400000000000002,False
5,2018-06-06,19.32,False
6,2018-06-07,29.44,False
7,2018-06-08,18.400000000000002,False
8,2018-06-09,9.200000000000001,False
9,2018-06-10,6.44,False
10,2018-06-11,26.68,False
11,2018-06-12,27.6,False
12,2018-06-13,25.76,False
13,2018-06-14,78.2,False
14,2018-06-15,92.0,False
15,2018-06-16,16.560000000000002,False
16,2018-06-17,23.0,False
17,2018-06-18,21.16,False
18,2018-06-19,36.800000000000004,False
19,2018-06-20,33.120000000000005,False
20,2018-06-21,29.44,False
21,2018-06-22,18.400000000000002,False
22,2018-06-23,5.5200000000000005,False
23,2018-06-24,7.36,False
24,2018-06-25,22.080000000000002,False
25,2018-06-26,22.080000000000002,False
26,2018-06-27,18.400000000000002,False
27,2018-06-28,16.560000000000002,False
28,2018-06-29,23.92,False
29,2018-06-30,6.44,False
0,2018-07-01,8.7,False
1,2018-07-02,37.12,False
2,2018-07-03,18.56,False
3,2018-07-04,12.18,False
4,2018-07-05,27.839999999999996,False
5,2018-07-06,25.52,False
6,2018-07-07,7.539999999999999,False
7,2018-07-08,0.0,False
8,2018-07-09,41.76,False
9,2018-07-10,32.48,False
10,2018-07-11,22.04,False
11,2018-07-12,57.99999999999999,False
12,2018-07-13,36.54,False
13,2018-07-14,8.12,False
14,2018-07-15,5.8,False
15,2018-07-16,27.839999999999996,False
16,2018-07-17,39.44,False
17,2018-07-18,36.54,False
18,2018-07-19,33.64,False
19,2018-07-20,16.24,False
20,2018-07-21,5.8,False
21,2018-07-22,5.8,False
22,2018-07-23,29.58,False
23,2018-07-24,28.999999999999996,False
24,2018-07-25,31.319999999999997,False
25,2018-07-26,29.58,False
26,2018-07-27,30.159999999999997,False
27,2018-07-28,11.6,False
28,2018-07-29,16.24,False
29,2018-07-30,37.699999999999996,False
30,2018-07-31,42.339999999999996,False
0,2018-08-01,41.480000000000004,False
1,2018-08-02,40.800000000000004,False
2,2018-08-03,68.0,False
3,2018-08-04,23.8,False
4,2018-08-05,15.64,False
5,2018-08-06,32.64,False
6,2018-08-07,45.56,False
7,2018-08-08,43.52,False
8,2018-08-09,34.68,False
9,2018-08-10,36.04,False
10,2018-08-11,8.16,False
11,2018-08-12,8.16,False
12,2018-08-13,39.440000000000005,False
13,2018-08-14,51.00000000000001,False
14,2018-08-15,42.84,False
15,2018-08-16,38.080000000000005,False
16,2018-08-17,36.04,False
17,2018-08-18,32.64,False
18,2018-08-19,16.32,False
19,2018-08-20,36.04,False
20,2018-08-21,40.120000000000005,False
21,2018-08-22,43.52,False
22,2018-08-23,42.84,False
23,2018-08-24,41.480000000000004,False
24,2018-08-25,16.32,False
25,2018-08-26,13.600000000000001,False
26,2018-08-27,39.440000000000005,False
27,2018-08-28,34.68,False
28,2018-08-29,59.84,False
29,2018-08-30,62.56,False
30,2018-08-31,44.88,False
0,2018-09-01,9.84,False
1,2018-09-02,4.1,False
2,2018-09-03,9.84,False
3,2018-09-04,16.4,False
4,2018-09-05,21.32,False
5,2018-09-06,24.599999999999998,False
6,2018-09-07,22.139999999999997,False
7,2018-09-08,4.1,False
8,2018-09-09,5.739999999999999,False
9,2018-09-10,18.04,False
10,2018-09-11,16.4,False
11,2018-09-12,34.44,False
12,2018-09-13,58.22,False
13,2018-09-14,82.0,False
14,2018-09-15,26.24,False
15,2018-09-16,7.38,False
16,2018-09-17,26.24,False
17,2018-09-18,27.88,False
18,2018-09-19,22.959999999999997,False
19,2018-09-20,21.32,False
20,2018-09-21,41.0,False
21,2018-09-22,4.1,False
22,2018-09-23,4.1,False
23,2018-09-24,36.08,False
24,2018-09-25,18.04,False
25,2018-09-26,32.8,False
26,2018-09-27,24.599999999999998,False
27,2018-09-28,20.5,False
28,2018-09-29,4.1,False
29,2018-09-30,11.479999999999999,False
0,2018-10-01,29.0,False
1,2018-10-02,29.0,False
2,2018-10-03,27.0,False
3,2018-10-04,19.0,False
4,2018-10-05,29.0,False
5,2018-10-06,10.0,False
6,2018-10-07,9.0,False
7,2018-10-08,40.0,False
8,2018-10-09,51.0,False
9,2018-10-10,41.0,False
10,2018-10-11,63.0,False
11,2018-10-12,54.0,False
12,2018-10-13,7.0,False
13,2018-10-14,5.0,False
14,2018-10-15,65.0,False
15,2018-10-16,100.0,False
16,2018-10-17,41.0,False
17,2018-10-18,45.0,False
18,2018-10-19,52.0,False
19,2018-10-20,12.0,False
20,2018-10-21,12.0,False
21,2018-10-22,28.0,False
22,2018-10-23,36.0,False
23,2018-10-24,36.0,False
24,2018-10-25,28.0,False
25,2018-10-26,49.0,False
26,2018-10-27,9.0,False
27,2018-10-28,9.0,False
28,2018-10-29,29.0,False
29,2018-10-30,36.0,False
30,2018-10-31,32.0,False
0,2018-11-01,54.78,False
1,2018-11-02,46.2,False
2,2018-11-03,18.48,False
3,2018-11-04,0.0,False
4,2018-11-05,36.300000000000004,False
5,2018-11-06,27.720000000000002,False
6,2018-11-07,46.86,False
7,2018-11-08,55.440000000000005,False
8,2018-11-09,39.6,False
9,2018-11-10,6.6000000000000005,False
10,2018-11-11,6.6000000000000005,False
11,2018-11-12,21.78,False
12,2018-11-13,52.14,False
13,2018-11-14,28.380000000000003,False
14,2018-11-15,54.78,False
15,2018-11-16,25.080000000000002,False
16,2018-11-17,10.56,False
17,2018-11-18,15.84,False
18,2018-11-19,56.760000000000005,False
19,2018-11-20,66.0,False
20,2018-11-21,44.88,False
21,2018-11-22,14.520000000000001,False
22,2018-11-23,18.48,False
23,2018-11-24,9.24,False
24,2018-11-25,13.860000000000001,False
25,2018-11-26,36.96,False
26,2018-11-27,33.660000000000004,False
27,2018-11-28,66.0,False
28,2018-11-29,48.84,False
29,2018-11-30,40.92,False
0,2018-12-01,4.1,False
1,2018-12-02,0.0,False
2,2018-12-03,30.34,False
3,2018-12-04,31.979999999999997,False
4,2018-12-05,15.579999999999998,False
5,2018-12-06,32.8,False
6,2018-12-07,31.979999999999997,False
7,2018-12-08,12.299999999999999,False
8,2018-12-09,5.739999999999999,False
9,2018-12-10,21.32,False
10,2018-12-11,28.7,False
11,2018-12-12,25.419999999999998,False
12,2018-12-13,76.25999999999999,False
13,2018-12-14,82.0,False
14,2018-12-15,4.1,False
15,2018-12-16,6.56,False
16,2018-12-17,23.779999999999998,False
17,2018-12-18,27.88,False
18,2018-12-19,43.46,False
19,2018-12-20,28.7,False
20,2018-12-21,38.54,False
21,2018-12-22,6.56,False
22,2018-12-23,6.56,False
23,2018-12-24,15.579999999999998,False
24,2018-12-25,18.86,False
25,2018-12-26,18.04,False
26,2018-12-27,32.8,False
27,2018-12-28,29.52,False
28,2018-12-29,8.2,False
29,2018-12-30,4.1,False
30,2018-12-31,14.76,False
0,2019-01-01,25.2,False
1,2019-01-02,48.0,False
2,2019-01-03,60.0,False
3,2019-01-04,39.6,False
4,2019-01-05,14.399999999999999,False
5,2019-01-06,13.2,False
6,2019-01-07,40.8,False
7,2019-01-08,49.8,False
8,2019-01-09,55.8,False
9,2019-01-10,53.4,False
10,2019-01-11,34.199999999999996,False
11,2019-01-12,16.8,False
12,2019-01-13,14.399999999999999,False
13,2019-01-14,40.199999999999996,False
14,2019-01-15,45.0,False
15,2019-01-16,40.199999999999996,False
16,2019-01-17,40.199999999999996,False
17,2019-01-18,36.0,False
18,2019-01-19,25.8,False
19,2019-01-20,10.799999999999999,False
20,2019-01-21,34.8,False
21,2019-01-22,24.599999999999998,False
22,2019-01-23,51.0,False
23,2019-01-24,58.8,False
24,2019-01-25,43.199999999999996,False
25,2019-01-26,12.6,False
26,2019-01-27,21.0,False
27,2019-01-28,27.0,False
28,2019-01-29,36.6,False
29,2019-01-30,41.4,False
30,2019-01-31,54.6,False
0,2019-02-01,41.4,False
1,2019-02-02,13.950000000000001,False
2,2019-02-03,6.75,False
3,2019-02-04,37.800000000000004,False
4,2019-02-05,28.35,False
5,2019-02-06,31.05,False
6,2019-02-07,24.75,False
7,2019-02-08,38.7,False
8,2019-02-09,24.75,False
9,2019-02-10,10.35,False
10,2019-02-11,27.45,False
11,2019-02-12,24.3,False
12,2019-02-13,42.75,False
13,2019-02-14,28.35,False
14,2019-02-15,19.35,False
15,2019-02-16,10.8,False
16,2019-02-17,7.2,False
17,2019-02-18,15.75,False
18,2019-02-19,31.05,False
19,2019-02-20,43.2,False
20,2019-02-21,34.2,False
21,2019-02-22,45.0,False
22,2019-02-23,21.6,False
23,2019-02-24,10.35,False
24,2019-02-25,18.45,False
25,2019-02-26,43.2,False
26,2019-02-27,32.4,False
27,2019-02-28,28.35,False
0,2019-03-01,8.54,False
1,2019-03-02,9.76,False
2,2019-03-03,3.05,False
3,2019-03-04,12.81,False
4,2019-03-05,22.57,False
5,2019-03-06,12.2,False
6,2019-03-07,5.49,False
7,2019-03-08,10.37,False
8,2019-03-09,0.0,False
9,2019-03-10,3.05,False
10,2019-03-11,7.32,False
11,2019-03-12,19.52,False
12,2019-03-13,19.52,False
13,2019-03-14,61.0,False
14,2019-03-15,55.51,False
15,2019-03-16,9.76,False
16,2019-03-17,6.71,False
17,2019-03-18,12.81,False
18,2019-03-19,27.45,False
19,2019-03-20,11.59,False
20,2019-03-21,20.74,False
21,2019-03-22,12.2,False
22,2019-03-23,4.88,False
23,2019-03-24,6.1,False
24,2019-03-25,8.54,False
25,2019-03-26,14.03,False
26,2019-03-27,15.86,False
27,2019-03-28,18.91,False
28,2019-03-29,16.47,False
29,2019-03-30,3.05,False
30,2019-03-31,4.88,False
