,date,AMD stock,isPartial
0,2012-01-01,0.54,False
1,2012-01-02,0.42,False
2,2012-01-03,0.78,False
3,2012-01-04,0.39,False
4,2012-01-05,0.78,False
5,2012-01-06,0.42,False
6,2012-01-07,0.44999999999999996,False
7,2012-01-08,1.3199999999999998,False
8,2012-01-09,1.89,False
9,2012-01-10,2.25,False
10,2012-01-11,3.0,False
11,2012-01-12,0.75,False
12,2012-01-13,2.76,False
13,2012-01-14,1.3499999999999999,False
14,2012-01-15,0.0,False
15,2012-01-16,0.75,False
16,2012-01-17,1.47,False
17,2012-01-18,0.75,False
18,2012-01-19,1.1099999999999999,False
19,2012-01-20,1.92,False
20,2012-01-21,0.44999999999999996,False
21,2012-01-22,0.87,False
22,2012-01-23,1.08,False
23,2012-01-24,2.58,False
24,2012-01-25,0.75,False
25,2012-01-26,0.36,False
26,2012-01-27,2.6999999999999997,False
27,2012-01-28,0.44999999999999996,False
28,2012-01-29,0.8999999999999999,False
29,2012-01-30,1.08,False
30,2012-01-31,0.36,False
0,2012-02-01,2.9099999999999997,False
1,2012-02-02,0.8999999999999999,False
2,2012-02-03,0.9299999999999999,False
3,2012-02-04,1.89,False
4,2012-02-05,1.05,False
5,2012-02-06,1.1099999999999999,False
6,2012-02-07,1.98,False
7,2012-02-08,1.1099999999999999,False
8,2012-02-09,1.3499999999999999,False
9,2012-02-10,2.1,False
10,2012-02-11,0.8099999999999999,False
11,2012-02-12,0.78,False
12,2012-02-13,1.98,False
13,2012-02-14,1.1099999999999999,False
14,2012-02-15,2.94,False
15,2012-02-16,2.04,False
16,2012-02-17,2.58,False
17,2012-02-18,0.8099999999999999,False
18,2012-02-19,0.54,False
19,2012-02-20,0.69,False
20,2012-02-21,3.0,False
21,2012-02-22,0.8999999999999999,False
22,2012-02-23,1.1099999999999999,False
23,2012-02-24,1.17,False
24,2012-02-25,1.08,False
25,2012-02-26,0.54,False
26,2012-02-27,0.87,False
27,2012-02-28,1.98,False
28,2012-02-29,1.3199999999999998,False
0,2012-03-01,3.0,False
1,2012-03-02,0.78,False
2,2012-03-03,0.6,False
3,2012-03-04,0.57,False
4,2012-03-05,2.46,False
5,2012-03-06,2.85,False
6,2012-03-07,0.9299999999999999,False
7,2012-03-08,1.44,False
8,2012-03-09,0.75,False
9,2012-03-10,1.14,False
10,2012-03-11,0.57,False
11,2012-03-12,1.17,False
12,2012-03-13,1.17,False
13,2012-03-14,1.65,False
14,2012-03-15,1.92,False
15,2012-03-16,2.76,False
16,2012-03-17,1.44,False
17,2012-03-18,1.14,False
18,2012-03-19,1.68,False
19,2012-03-20,2.13,False
20,2012-03-21,0.72,False
21,2012-03-22,1.47,False
22,2012-03-23,1.26,False
23,2012-03-24,1.47,False
24,2012-03-25,1.17,False
25,2012-03-26,2.34,False
26,2012-03-27,0.96,False
27,2012-03-28,1.2,False
28,2012-03-29,1.95,False
29,2012-03-30,1.26,False
30,2012-03-31,0.57,False
0,2012-04-01,0.44999999999999996,False
1,2012-04-02,1.53,False
2,2012-04-03,1.14,False
3,2012-04-04,1.17,False
4,2012-04-05,1.2,False
5,2012-04-06,0.8999999999999999,False
6,2012-04-07,1.44,False
7,2012-04-08,0.99,False
8,2012-04-09,0.8999999999999999,False
9,2012-04-10,2.37,False
10,2012-04-11,0.75,False
11,2012-04-12,0.39,False
12,2012-04-13,1.6199999999999999,False
13,2012-04-14,0.44999999999999996,False
14,2012-04-15,0.44999999999999996,False
15,2012-04-16,0.0,False
16,2012-04-17,1.5,False
17,2012-04-18,2.9699999999999998,False
18,2012-04-19,3.0,False
19,2012-04-20,1.5899999999999999,False
20,2012-04-21,0.44999999999999996,False
21,2012-04-22,0.44999999999999996,False
22,2012-04-23,1.1099999999999999,False
23,2012-04-24,2.9699999999999998,False
24,2012-04-25,2.28,False
25,2012-04-26,2.67,False
26,2012-04-27,0.8099999999999999,False
27,2012-04-28,0.44999999999999996,False
28,2012-04-29,0.0,False
29,2012-04-30,0.78,False
0,2012-05-01,1.58,False
1,2012-05-02,2.0,False
2,2012-05-03,1.44,False
3,2012-05-04,1.5,False
4,2012-05-05,0.0,False
5,2012-05-06,0.68,False
6,2012-05-07,0.84,False
7,2012-05-08,1.4000000000000001,False
8,2012-05-09,0.28,False
9,2012-05-10,0.58,False
10,2012-05-11,0.6,False
11,2012-05-12,0.0,False
12,2012-05-13,1.04,False
13,2012-05-14,0.84,False
14,2012-05-15,0.0,False
15,2012-05-16,0.86,False
16,2012-05-17,0.88,False
17,2012-05-18,0.6,False
18,2012-05-19,0.7000000000000001,False
19,2012-05-20,0.34,False
20,2012-05-21,1.12,False
21,2012-05-22,1.68,False
22,2012-05-23,0.56,False
23,2012-05-24,1.72,False
24,2012-05-25,0.6,False
25,2012-05-26,1.44,False
26,2012-05-27,1.08,False
27,2012-05-28,0.6,False
28,2012-05-29,0.28,False
29,2012-05-30,1.4000000000000001,False
30,2012-05-31,0.56,False
0,2012-06-01,0.63,False
1,2012-06-02,1.1099999999999999,False
2,2012-06-03,0.36,False
3,2012-06-04,0.6,False
4,2012-06-05,0.3,False
5,2012-06-06,1.47,False
6,2012-06-07,1.2,False
7,2012-06-08,1.8599999999999999,False
8,2012-06-09,0.36,False
9,2012-06-10,0.72,False
10,2012-06-11,1.47,False
11,2012-06-12,0.87,False
12,2012-06-13,1.17,False
13,2012-06-14,3.0,False
14,2012-06-15,1.26,False
15,2012-06-16,0.0,False
16,2012-06-17,1.1099999999999999,False
17,2012-06-18,1.14,False
18,2012-06-19,0.6,False
19,2012-06-20,1.2,False
20,2012-06-21,0.8999999999999999,False
21,2012-06-22,1.56,False
22,2012-06-23,0.0,False
23,2012-06-24,0.0,False
24,2012-06-25,0.87,False
25,2012-06-26,2.6399999999999997,False
26,2012-06-27,0.8999999999999999,False
27,2012-06-28,0.8999999999999999,False
28,2012-06-29,0.96,False
29,2012-06-30,0.39,False
0,2012-07-01,0.63,False
1,2012-07-02,1.7999999999999998,False
2,2012-07-03,1.14,False
3,2012-07-04,1.08,False
4,2012-07-05,0.78,False
5,2012-07-06,1.3499999999999999,False
6,2012-07-07,0.48,False
7,2012-07-08,0.96,False
8,2012-07-09,1.53,False
9,2012-07-10,1.38,False
10,2012-07-11,1.56,False
11,2012-07-12,0.6599999999999999,False
12,2012-07-13,0.69,False
13,2012-07-14,0.63,False
14,2012-07-15,0.48,False
15,2012-07-16,1.53,False
16,2012-07-17,1.14,False
17,2012-07-18,0.8999999999999999,False
18,2012-07-19,1.3199999999999998,False
19,2012-07-20,3.0,False
20,2012-07-21,0.99,False
21,2012-07-22,0.32999999999999996,False
22,2012-07-23,1.7999999999999998,False
23,2012-07-24,1.05,False
24,2012-07-25,2.2199999999999998,False
25,2012-07-26,1.2,False
26,2012-07-27,1.23,False
27,2012-07-28,0.8099999999999999,False
28,2012-07-29,0.63,False
29,2012-07-30,1.29,False
30,2012-07-31,1.02,False
0,2012-08-01,2.08,False
1,2012-08-02,3.4,False
2,2012-08-03,3.0,False
3,2012-08-04,0.64,False
4,2012-08-05,1.28,False
5,2012-08-06,2.6,False
6,2012-08-07,2.32,False
7,2012-08-08,1.8,False
8,2012-08-09,2.12,False
9,2012-08-10,1.92,False
10,2012-08-11,1.28,False
11,2012-08-12,1.28,False
12,2012-08-13,2.08,False
13,2012-08-14,1.04,False
14,2012-08-15,2.16,False
15,2012-08-16,2.64,False
16,2012-08-17,1.6400000000000001,False
17,2012-08-18,1.28,False
18,2012-08-19,2.32,False
19,2012-08-20,2.64,False
20,2012-08-21,2.88,False
21,2012-08-22,2.08,False
22,2012-08-23,1.84,False
23,2012-08-24,2.72,False
24,2012-08-25,1.56,False
25,2012-08-26,1.52,False
26,2012-08-27,4.0,False
27,2012-08-28,2.0,False
28,2012-08-29,3.52,False
29,2012-08-30,2.32,False
30,2012-08-31,3.68,False
0,2012-09-01,0.54,False
1,2012-09-02,0.36,False
2,2012-09-03,0.44999999999999996,False
3,2012-09-04,1.71,False
4,2012-09-05,2.01,False
5,2012-09-06,1.17,False
6,2012-09-07,1.23,False
7,2012-09-08,0.72,False
8,2012-09-09,0.51,False
9,2012-09-10,1.68,False
10,2012-09-11,1.98,False
11,2012-09-12,1.98,False
12,2012-09-13,1.29,False
13,2012-09-14,1.77,False
14,2012-09-15,0.0,False
15,2012-09-16,0.87,False
16,2012-09-17,2.01,False
17,2012-09-18,2.67,False
18,2012-09-19,1.8299999999999998,False
19,2012-09-20,2.16,False
20,2012-09-21,1.5,False
21,2012-09-22,1.02,False
22,2012-09-23,0.32999999999999996,False
23,2012-09-24,1.56,False
24,2012-09-25,1.26,False
25,2012-09-26,1.8299999999999998,False
26,2012-09-27,3.0,False
27,2012-09-28,1.7999999999999998,False
28,2012-09-29,1.53,False
29,2012-09-30,1.02,False
0,2012-10-01,1.5,False
1,2012-10-02,2.6,False
2,2012-10-03,1.5,False
3,2012-10-04,2.0,False
4,2012-10-05,2.3000000000000003,False
5,2012-10-06,0.9,False
6,2012-10-07,0.8500000000000001,False
7,2012-10-08,0.9,False
8,2012-10-09,1.6,False
9,2012-10-10,1.6500000000000001,False
10,2012-10-11,1.4500000000000002,False
11,2012-10-12,4.95,False
12,2012-10-13,3.3000000000000003,False
13,2012-10-14,1.05,False
14,2012-10-15,2.3000000000000003,False
15,2012-10-16,3.35,False
16,2012-10-17,3.25,False
17,2012-10-18,2.5,False
18,2012-10-19,4.3500000000000005,False
19,2012-10-20,3.0500000000000003,False
20,2012-10-21,1.05,False
21,2012-10-22,3.5500000000000003,False
22,2012-10-23,3.35,False
23,2012-10-24,5.0,False
24,2012-10-25,3.3000000000000003,False
25,2012-10-26,3.25,False
26,2012-10-27,3.1,False
27,2012-10-28,1.4500000000000002,False
28,2012-10-29,3.45,False
29,2012-10-30,2.6,False
30,2012-10-31,2.9000000000000004,False
0,2012-11-01,3.95,False
1,2012-11-02,3.75,False
2,2012-11-03,2.7,False
3,2012-11-04,0.7000000000000001,False
4,2012-11-05,2.8000000000000003,False
5,2012-11-06,2.6,False
6,2012-11-07,3.0,False
7,2012-11-08,3.5,False
8,2012-11-09,3.4000000000000004,False
9,2012-11-10,2.2,False
10,2012-11-11,0.9500000000000001,False
11,2012-11-12,2.0500000000000003,False
12,2012-11-13,4.25,False
13,2012-11-14,4.25,False
14,2012-11-15,5.0,False
15,2012-11-16,3.8000000000000003,False
16,2012-11-17,3.85,False
17,2012-11-18,1.9000000000000001,False
18,2012-11-19,3.2,False
19,2012-11-20,3.4000000000000004,False
20,2012-11-21,2.85,False
21,2012-11-22,3.1500000000000004,False
22,2012-11-23,3.25,False
23,2012-11-24,0.9500000000000001,False
24,2012-11-25,1.6500000000000001,False
25,2012-11-26,2.75,False
26,2012-11-27,2.75,False
27,2012-11-28,3.1500000000000004,False
28,2012-11-29,2.8000000000000003,False
29,2012-11-30,4.800000000000001,False
0,2012-12-01,2.4000000000000004,False
1,2012-12-02,1.9000000000000001,False
2,2012-12-03,5.0,False
3,2012-12-04,3.5500000000000003,False
4,2012-12-05,2.5500000000000003,False
5,2012-12-06,3.9000000000000004,False
6,2012-12-07,3.6500000000000004,False
7,2012-12-08,2.0,False
8,2012-12-09,0.8500000000000001,False
9,2012-12-10,2.85,False
10,2012-12-11,3.5500000000000003,False
11,2012-12-12,2.2,False
12,2012-12-13,2.4000000000000004,False
13,2012-12-14,2.85,False
14,2012-12-15,1.1,False
15,2012-12-16,0.45,False
16,2012-12-17,2.5500000000000003,False
17,2012-12-18,2.9000000000000004,False
18,2012-12-19,2.4000000000000004,False
19,2012-12-20,3.75,False
20,2012-12-21,1.6,False
21,2012-12-22,2.0500000000000003,False
22,2012-12-23,2.8000000000000003,False
23,2012-12-24,2.0500000000000003,False
24,2012-12-25,0.5,False
25,2012-12-26,1.85,False
26,2012-12-27,2.5500000000000003,False
27,2012-12-28,2.4000000000000004,False
28,2012-12-29,1.35,False
29,2012-12-30,1.55,False
30,2012-12-31,2.25,False
0,2013-01-01,2.6999999999999997,False
1,2013-01-02,3.0,False
2,2013-01-03,4.2,False
3,2013-01-04,3.9,False
4,2013-01-05,3.84,False
5,2013-01-06,1.44,False
6,2013-01-07,3.3,False
7,2013-01-08,2.82,False
8,2013-01-09,2.82,False
9,2013-01-10,4.02,False
10,2013-01-11,3.78,False
11,2013-01-12,1.92,False
12,2013-01-13,0.48,False
13,2013-01-14,4.02,False
14,2013-01-15,3.96,False
15,2013-01-16,3.1799999999999997,False
16,2013-01-17,3.5999999999999996,False
17,2013-01-18,4.56,False
18,2013-01-19,1.92,False
19,2013-01-20,2.34,False
20,2013-01-21,3.12,False
21,2013-01-22,5.88,False
22,2013-01-23,6.0,False
23,2013-01-24,1.98,False
24,2013-01-25,5.3999999999999995,False
25,2013-01-26,4.26,False
26,2013-01-27,3.2399999999999998,False
27,2013-01-28,4.62,False
28,2013-01-29,3.48,False
29,2013-01-30,5.04,False
30,2013-01-31,3.5999999999999996,False
0,2013-02-01,2.0,False
1,2013-02-02,1.8,False
2,2013-02-03,1.8,False
3,2013-02-04,1.5,False
4,2013-02-05,4.5,False
5,2013-02-06,3.8000000000000003,False
6,2013-02-07,1.2000000000000002,False
7,2013-02-08,3.6,False
8,2013-02-09,2.3000000000000003,False
9,2013-02-10,0.9,False
10,2013-02-11,3.1,False
11,2013-02-12,3.5500000000000003,False
12,2013-02-13,1.9500000000000002,False
13,2013-02-14,1.9500000000000002,False
14,2013-02-15,2.4000000000000004,False
15,2013-02-16,2.75,False
16,2013-02-17,1.35,False
17,2013-02-18,1.9000000000000001,False
18,2013-02-19,3.0,False
19,2013-02-20,4.15,False
20,2013-02-21,5.0,False
21,2013-02-22,4.3500000000000005,False
22,2013-02-23,2.6500000000000004,False
23,2013-02-24,2.6500000000000004,False
24,2013-02-25,2.95,False
25,2013-02-26,4.1000000000000005,False
26,2013-02-27,3.35,False
27,2013-02-28,4.55,False
0,2013-03-01,2.5500000000000003,False
1,2013-03-02,3.85,False
2,2013-03-03,1.9500000000000002,False
3,2013-03-04,4.45,False
4,2013-03-05,4.05,False
5,2013-03-06,4.4,False
6,2013-03-07,2.0500000000000003,False
7,2013-03-08,1.25,False
8,2013-03-09,2.85,False
9,2013-03-10,3.3000000000000003,False
10,2013-03-11,3.95,False
11,2013-03-12,3.1500000000000004,False
12,2013-03-13,0.8,False
13,2013-03-14,3.6500000000000004,False
14,2013-03-15,1.6500000000000001,False
15,2013-03-16,2.35,False
16,2013-03-17,2.35,False
17,2013-03-18,3.95,False
18,2013-03-19,4.3500000000000005,False
19,2013-03-20,4.4,False
20,2013-03-21,2.8000000000000003,False
21,2013-03-22,5.0,False
22,2013-03-23,2.35,False
23,2013-03-24,2.3000000000000003,False
24,2013-03-25,2.0,False
25,2013-03-26,2.8000000000000003,False
26,2013-03-27,3.7,False
27,2013-03-28,3.85,False
28,2013-03-29,2.75,False
29,2013-03-30,1.4500000000000002,False
30,2013-03-31,0.0,False
0,2013-04-01,3.42,False
1,2013-04-02,3.2399999999999998,False
2,2013-04-03,2.52,False
3,2013-04-04,3.0,False
4,2013-04-05,2.46,False
5,2013-04-06,1.44,False
6,2013-04-07,0.54,False
7,2013-04-08,2.6399999999999997,False
8,2013-04-09,6.0,False
9,2013-04-10,3.42,False
10,2013-04-11,3.7199999999999998,False
11,2013-04-12,3.42,False
12,2013-04-13,1.6199999999999999,False
13,2013-04-14,1.08,False
14,2013-04-15,2.94,False
15,2013-04-16,1.92,False
16,2013-04-17,2.52,False
17,2013-04-18,2.88,False
18,2013-04-19,3.7199999999999998,False
19,2013-04-20,1.6199999999999999,False
20,2013-04-21,1.6199999999999999,False
21,2013-04-22,2.4,False
22,2013-04-23,2.82,False
23,2013-04-24,3.3,False
24,2013-04-25,3.06,False
25,2013-04-26,3.12,False
26,2013-04-27,1.44,False
27,2013-04-28,1.26,False
28,2013-04-29,3.3,False
29,2013-04-30,4.5,False
0,2013-05-01,7.15,False
1,2013-05-02,6.93,False
2,2013-05-03,11.0,False
3,2013-05-04,2.75,False
4,2013-05-05,2.42,False
5,2013-05-06,6.05,False
6,2013-05-07,6.05,False
7,2013-05-08,5.17,False
8,2013-05-09,5.61,False
9,2013-05-10,4.84,False
10,2013-05-11,2.09,False
11,2013-05-12,1.32,False
12,2013-05-13,6.71,False
13,2013-05-14,4.73,False
14,2013-05-15,7.59,False
15,2013-05-16,9.13,False
16,2013-05-17,10.23,False
17,2013-05-18,2.75,False
18,2013-05-19,1.76,False
19,2013-05-20,5.39,False
20,2013-05-21,6.38,False
21,2013-05-22,9.24,False
22,2013-05-23,7.15,False
23,2013-05-24,5.83,False
24,2013-05-25,1.76,False
25,2013-05-26,3.08,False
26,2013-05-27,2.64,False
27,2013-05-28,3.3,False
28,2013-05-29,5.83,False
29,2013-05-30,5.17,False
30,2013-05-31,3.3,False
0,2013-06-01,3.43,False
1,2013-06-02,0.8400000000000001,False
2,2013-06-03,5.11,False
3,2013-06-04,4.760000000000001,False
4,2013-06-05,4.0600000000000005,False
5,2013-06-06,5.040000000000001,False
6,2013-06-07,4.41,False
7,2013-06-08,0.8400000000000001,False
8,2013-06-09,1.8900000000000001,False
9,2013-06-10,5.390000000000001,False
10,2013-06-11,4.69,False
11,2013-06-12,3.8500000000000005,False
12,2013-06-13,5.670000000000001,False
13,2013-06-14,4.550000000000001,False
14,2013-06-15,1.9600000000000002,False
15,2013-06-16,1.9600000000000002,False
16,2013-06-17,4.9,False
17,2013-06-18,4.760000000000001,False
18,2013-06-19,4.83,False
19,2013-06-20,4.340000000000001,False
20,2013-06-21,7.000000000000001,False
21,2013-06-22,4.2,False
22,2013-06-23,2.1700000000000004,False
23,2013-06-24,4.760000000000001,False
24,2013-06-25,5.11,False
25,2013-06-26,3.7800000000000002,False
26,2013-06-27,5.95,False
27,2013-06-28,6.090000000000001,False
28,2013-06-29,3.08,False
29,2013-06-30,1.33,False
0,2013-07-01,3.6,False
1,2013-07-02,4.24,False
2,2013-07-03,3.12,False
3,2013-07-04,2.0,False
4,2013-07-05,2.4,False
5,2013-07-06,1.84,False
6,2013-07-07,2.08,False
7,2013-07-08,2.64,False
8,2013-07-09,2.56,False
9,2013-07-10,3.12,False
10,2013-07-11,5.6000000000000005,False
11,2013-07-12,6.8,False
12,2013-07-13,3.52,False
13,2013-07-14,2.0,False
14,2013-07-15,4.16,False
15,2013-07-16,6.08,False
16,2013-07-17,5.6000000000000005,False
17,2013-07-18,6.32,False
18,2013-07-19,8.0,False
19,2013-07-20,4.24,False
20,2013-07-21,2.56,False
21,2013-07-22,4.32,False
22,2013-07-23,7.2,False
23,2013-07-24,5.84,False
24,2013-07-25,4.24,False
25,2013-07-26,5.28,False
26,2013-07-27,2.0,False
27,2013-07-28,1.6,False
28,2013-07-29,4.08,False
29,2013-07-30,3.92,False
30,2013-07-31,3.2800000000000002,False
0,2013-08-01,6.0,False
1,2013-08-02,1.74,False
2,2013-08-03,2.04,False
3,2013-08-04,1.2,False
4,2013-08-05,1.98,False
5,2013-08-06,6.0,False
6,2013-08-07,4.9799999999999995,False
7,2013-08-08,3.7199999999999998,False
8,2013-08-09,4.5,False
9,2013-08-10,2.82,False
10,2013-08-11,2.4,False
11,2013-08-12,4.92,False
12,2013-08-13,5.16,False
13,2013-08-14,4.92,False
14,2013-08-15,5.22,False
15,2013-08-16,4.14,False
16,2013-08-17,1.56,False
17,2013-08-18,1.56,False
18,2013-08-19,3.2399999999999998,False
19,2013-08-20,4.56,False
20,2013-08-21,3.54,False
21,2013-08-22,3.3,False
22,2013-08-23,3.06,False
23,2013-08-24,0.78,False
24,2013-08-25,1.92,False
25,2013-08-26,3.12,False
26,2013-08-27,5.64,False
27,2013-08-28,2.52,False
28,2013-08-29,2.94,False
29,2013-08-30,4.32,False
30,2013-08-31,1.56,False
0,2013-09-01,0.7000000000000001,False
1,2013-09-02,1.1900000000000002,False
2,2013-09-03,5.32,False
3,2013-09-04,2.7300000000000004,False
4,2013-09-05,3.3600000000000003,False
5,2013-09-06,4.130000000000001,False
6,2013-09-07,3.6400000000000006,False
7,2013-09-08,1.05,False
8,2013-09-09,3.0100000000000002,False
9,2013-09-10,3.7800000000000002,False
10,2013-09-11,2.1,False
11,2013-09-12,4.130000000000001,False
12,2013-09-13,3.7100000000000004,False
13,2013-09-14,1.7500000000000002,False
14,2013-09-15,1.7500000000000002,False
15,2013-09-16,2.9400000000000004,False
16,2013-09-17,3.22,False
17,2013-09-18,3.2900000000000005,False
18,2013-09-19,4.130000000000001,False
19,2013-09-20,4.0600000000000005,False
20,2013-09-21,0.35000000000000003,False
21,2013-09-22,1.4000000000000001,False
22,2013-09-23,3.0100000000000002,False
23,2013-09-24,4.0600000000000005,False
24,2013-09-25,2.9400000000000004,False
25,2013-09-26,7.000000000000001,False
26,2013-09-27,5.670000000000001,False
27,2013-09-28,1.4000000000000001,False
28,2013-09-29,1.4000000000000001,False
29,2013-09-30,6.720000000000001,False
0,2013-10-01,3.06,False
1,2013-10-02,3.42,False
2,2013-10-03,4.59,False
3,2013-10-04,2.6999999999999997,False
4,2013-10-05,1.71,False
5,2013-10-06,0.63,False
6,2013-10-07,1.98,False
7,2013-10-08,5.58,False
8,2013-10-09,4.5,False
9,2013-10-10,4.59,False
10,2013-10-11,2.4299999999999997,False
11,2013-10-12,1.71,False
12,2013-10-13,1.71,False
13,2013-10-14,7.47,False
14,2013-10-15,7.02,False
15,2013-10-16,5.67,False
16,2013-10-17,8.37,False
17,2013-10-18,9.0,False
18,2013-10-19,3.06,False
19,2013-10-20,2.61,False
20,2013-10-21,7.199999999999999,False
21,2013-10-22,6.66,False
22,2013-10-23,4.41,False
23,2013-10-24,6.21,False
24,2013-10-25,5.31,False
25,2013-10-26,3.33,False
26,2013-10-27,2.61,False
27,2013-10-28,5.9399999999999995,False
28,2013-10-29,3.8699999999999997,False
29,2013-10-30,4.77,False
30,2013-10-31,3.78,False
0,2013-11-01,4.2,False
1,2013-11-02,2.7300000000000004,False
2,2013-11-03,3.22,False
3,2013-11-04,4.69,False
4,2013-11-05,5.32,False
5,2013-11-06,4.69,False
6,2013-11-07,5.460000000000001,False
7,2013-11-08,3.43,False
8,2013-11-09,2.31,False
9,2013-11-10,1.61,False
10,2013-11-11,4.48,False
11,2013-11-12,7.000000000000001,False
12,2013-11-13,5.32,False
13,2013-11-14,6.510000000000001,False
14,2013-11-15,5.32,False
15,2013-11-16,4.130000000000001,False
16,2013-11-17,2.45,False
17,2013-11-18,6.510000000000001,False
18,2013-11-19,4.9,False
19,2013-11-20,5.53,False
20,2013-11-21,4.83,False
21,2013-11-22,3.3600000000000003,False
22,2013-11-23,2.8000000000000003,False
23,2013-11-24,2.1700000000000004,False
24,2013-11-25,5.390000000000001,False
25,2013-11-26,4.0600000000000005,False
26,2013-11-27,5.32,False
27,2013-11-28,4.970000000000001,False
28,2013-11-29,5.180000000000001,False
29,2013-11-30,2.87,False
0,2013-12-01,1.8900000000000001,False
1,2013-12-02,4.62,False
2,2013-12-03,4.62,False
3,2013-12-04,4.48,False
4,2013-12-05,5.32,False
5,2013-12-06,3.7800000000000002,False
6,2013-12-07,1.9600000000000002,False
7,2013-12-08,2.31,False
8,2013-12-09,4.41,False
9,2013-12-10,4.970000000000001,False
10,2013-12-11,7.000000000000001,False
11,2013-12-12,5.460000000000001,False
12,2013-12-13,4.41,False
13,2013-12-14,2.0300000000000002,False
14,2013-12-15,2.9400000000000004,False
15,2013-12-16,4.340000000000001,False
16,2013-12-17,2.0300000000000002,False
17,2013-12-18,4.2700000000000005,False
18,2013-12-19,3.7100000000000004,False
19,2013-12-20,4.62,False
20,2013-12-21,2.0300000000000002,False
21,2013-12-22,2.5200000000000005,False
22,2013-12-23,4.970000000000001,False
23,2013-12-24,5.74,False
24,2013-12-25,2.0300000000000002,False
25,2013-12-26,4.2,False
26,2013-12-27,4.62,False
27,2013-12-28,0.8400000000000001,False
28,2013-12-29,2.0300000000000002,False
29,2013-12-30,4.69,False
30,2013-12-31,6.300000000000001,False
0,2014-01-01,3.8000000000000003,False
1,2014-01-02,4.800000000000001,False
2,2014-01-03,5.800000000000001,False
3,2014-01-04,2.5,False
4,2014-01-05,2.1,False
5,2014-01-06,6.6000000000000005,False
6,2014-01-07,6.5,False
7,2014-01-08,6.300000000000001,False
8,2014-01-09,4.2,False
9,2014-01-10,7.5,False
10,2014-01-11,1.9000000000000001,False
11,2014-01-12,2.1,False
12,2014-01-13,4.2,False
13,2014-01-14,5.2,False
14,2014-01-15,7.300000000000001,False
15,2014-01-16,8.6,False
16,2014-01-17,7.5,False
17,2014-01-18,5.1000000000000005,False
18,2014-01-19,1.9000000000000001,False
19,2014-01-20,4.1000000000000005,False
20,2014-01-21,7.800000000000001,False
21,2014-01-22,10.0,False
22,2014-01-23,7.0,False
23,2014-01-24,5.2,False
24,2014-01-25,3.3000000000000003,False
25,2014-01-26,1.9000000000000001,False
26,2014-01-27,5.1000000000000005,False
27,2014-01-28,4.1000000000000005,False
28,2014-01-29,6.5,False
29,2014-01-30,4.6000000000000005,False
30,2014-01-31,5.2,False
0,2014-02-01,3.22,False
1,2014-02-02,1.6800000000000002,False
2,2014-02-03,4.69,False
3,2014-02-04,2.1700000000000004,False
4,2014-02-05,4.9,False
5,2014-02-06,2.45,False
6,2014-02-07,4.9,False
7,2014-02-08,1.8900000000000001,False
8,2014-02-09,2.1,False
9,2014-02-10,4.2700000000000005,False
10,2014-02-11,4.83,False
11,2014-02-12,7.000000000000001,False
12,2014-02-13,5.11,False
13,2014-02-14,6.0200000000000005,False
14,2014-02-15,3.0100000000000002,False
15,2014-02-16,1.8900000000000001,False
16,2014-02-17,2.9400000000000004,False
17,2014-02-18,5.53,False
18,2014-02-19,5.250000000000001,False
19,2014-02-20,4.83,False
20,2014-02-21,4.9,False
21,2014-02-22,2.7300000000000004,False
22,2014-02-23,1.4700000000000002,False
23,2014-02-24,5.32,False
24,2014-02-25,5.95,False
25,2014-02-26,4.2700000000000005,False
26,2014-02-27,5.670000000000001,False
27,2014-02-28,4.41,False
0,2014-03-01,2.2199999999999998,False
1,2014-03-02,1.3199999999999998,False
2,2014-03-03,3.48,False
3,2014-03-04,2.82,False
4,2014-03-05,4.08,False
5,2014-03-06,3.6599999999999997,False
6,2014-03-07,5.04,False
7,2014-03-08,3.12,False
8,2014-03-09,1.2,False
9,2014-03-10,6.0,False
10,2014-03-11,4.74,False
11,2014-03-12,4.32,False
12,2014-03-13,5.3999999999999995,False
13,2014-03-14,3.48,False
14,2014-03-15,1.2,False
15,2014-03-16,1.3199999999999998,False
16,2014-03-17,2.6399999999999997,False
17,2014-03-18,2.88,False
18,2014-03-19,3.48,False
19,2014-03-20,3.78,False
20,2014-03-21,3.06,False
21,2014-03-22,1.68,False
22,2014-03-23,1.5,False
23,2014-03-24,3.54,False
24,2014-03-25,3.12,False
25,2014-03-26,3.1799999999999997,False
26,2014-03-27,3.36,False
27,2014-03-28,4.08,False
28,2014-03-29,1.56,False
29,2014-03-30,0.84,False
30,2014-03-31,4.2,False
0,2014-04-01,2.76,False
1,2014-04-02,1.7999999999999998,False
2,2014-04-03,1.5,False
3,2014-04-04,4.2,False
4,2014-04-05,1.2,False
5,2014-04-06,1.2,False
6,2014-04-07,2.46,False
7,2014-04-08,3.0,False
8,2014-04-09,4.32,False
9,2014-04-10,3.06,False
10,2014-04-11,2.94,False
11,2014-04-12,2.1,False
12,2014-04-13,2.4,False
13,2014-04-14,3.3,False
14,2014-04-15,4.02,False
15,2014-04-16,2.04,False
16,2014-04-17,5.16,False
17,2014-04-18,2.58,False
18,2014-04-19,1.26,False
19,2014-04-20,0.96,False
20,2014-04-21,5.46,False
21,2014-04-22,6.0,False
22,2014-04-23,3.78,False
23,2014-04-24,2.04,False
24,2014-04-25,3.2399999999999998,False
25,2014-04-26,0.6,False
26,2014-04-27,2.04,False
27,2014-04-28,4.02,False
28,2014-04-29,2.52,False
29,2014-04-30,3.5999999999999996,False
0,2014-05-01,2.25,False
1,2014-05-02,4.3,False
2,2014-05-03,1.9500000000000002,False
3,2014-05-04,0.9500000000000001,False
4,2014-05-05,2.35,False
5,2014-05-06,3.4000000000000004,False
6,2014-05-07,5.0,False
7,2014-05-08,4.0,False
8,2014-05-09,4.45,False
9,2014-05-10,1.6,False
10,2014-05-11,0.8,False
11,2014-05-12,3.35,False
12,2014-05-13,3.2,False
13,2014-05-14,2.85,False
14,2014-05-15,3.45,False
15,2014-05-16,2.7,False
16,2014-05-17,2.3000000000000003,False
17,2014-05-18,0.8,False
18,2014-05-19,2.7,False
19,2014-05-20,3.25,False
20,2014-05-21,2.5500000000000003,False
21,2014-05-22,1.8,False
22,2014-05-23,1.55,False
23,2014-05-24,1.3,False
24,2014-05-25,2.35,False
25,2014-05-26,1.6500000000000001,False
26,2014-05-27,1.9000000000000001,False
27,2014-05-28,2.1,False
28,2014-05-29,2.9000000000000004,False
29,2014-05-30,3.0,False
30,2014-05-31,2.0500000000000003,False
0,2014-06-01,1.05,False
1,2014-06-02,3.5500000000000003,False
2,2014-06-03,3.2,False
3,2014-06-04,2.7,False
4,2014-06-05,3.3000000000000003,False
5,2014-06-06,3.3000000000000003,False
6,2014-06-07,1.9500000000000002,False
7,2014-06-08,1.3,False
8,2014-06-09,2.45,False
9,2014-06-10,3.7,False
10,2014-06-11,3.8000000000000003,False
11,2014-06-12,4.8500000000000005,False
12,2014-06-13,3.95,False
13,2014-06-14,1.9000000000000001,False
14,2014-06-15,1.05,False
15,2014-06-16,3.95,False
16,2014-06-17,3.25,False
17,2014-06-18,3.5,False
18,2014-06-19,3.0,False
19,2014-06-20,5.0,False
20,2014-06-21,2.8000000000000003,False
21,2014-06-22,1.9000000000000001,False
22,2014-06-23,3.95,False
23,2014-06-24,3.95,False
24,2014-06-25,4.3,False
25,2014-06-26,2.25,False
26,2014-06-27,4.25,False
27,2014-06-28,1.7000000000000002,False
28,2014-06-29,1.7000000000000002,False
29,2014-06-30,2.25,False
0,2014-07-01,3.5000000000000004,False
1,2014-07-02,2.45,False
2,2014-07-03,3.7800000000000002,False
3,2014-07-04,0.8400000000000001,False
4,2014-07-05,0.9100000000000001,False
5,2014-07-06,2.3800000000000003,False
6,2014-07-07,2.7300000000000004,False
7,2014-07-08,4.48,False
8,2014-07-09,2.1,False
9,2014-07-10,3.99,False
10,2014-07-11,2.66,False
11,2014-07-12,2.0300000000000002,False
12,2014-07-13,1.4000000000000001,False
13,2014-07-14,3.7800000000000002,False
14,2014-07-15,4.83,False
15,2014-07-16,4.2,False
16,2014-07-17,7.000000000000001,False
17,2014-07-18,6.86,False
18,2014-07-19,3.7100000000000004,False
19,2014-07-20,2.24,False
20,2014-07-21,4.970000000000001,False
21,2014-07-22,3.0100000000000002,False
22,2014-07-23,3.2900000000000005,False
23,2014-07-24,3.5700000000000003,False
24,2014-07-25,3.7100000000000004,False
25,2014-07-26,2.5900000000000003,False
26,2014-07-27,2.0300000000000002,False
27,2014-07-28,3.7100000000000004,False
28,2014-07-29,3.6400000000000006,False
29,2014-07-30,3.8500000000000005,False
30,2014-07-31,3.8500000000000005,False
0,2014-08-01,3.2,False
1,2014-08-02,2.5,False
2,2014-08-03,0.9500000000000001,False
3,2014-08-04,2.85,False
4,2014-08-05,2.0500000000000003,False
5,2014-08-06,3.4000000000000004,False
6,2014-08-07,2.5500000000000003,False
7,2014-08-08,3.7,False
8,2014-08-09,1.55,False
9,2014-08-10,0.55,False
10,2014-08-11,3.8000000000000003,False
11,2014-08-12,2.5,False
12,2014-08-13,0.9500000000000001,False
13,2014-08-14,3.25,False
14,2014-08-15,5.0,False
15,2014-08-16,1.1500000000000001,False
16,2014-08-17,1.3,False
17,2014-08-18,4.6000000000000005,False
18,2014-08-19,2.5500000000000003,False
19,2014-08-20,2.85,False
20,2014-08-21,3.0,False
21,2014-08-22,3.3000000000000003,False
22,2014-08-23,1.3,False
23,2014-08-24,0.75,False
24,2014-08-25,2.75,False
25,2014-08-26,3.25,False
26,2014-08-27,2.75,False
27,2014-08-28,1.7000000000000002,False
28,2014-08-29,1.9500000000000002,False
29,2014-08-30,1.5,False
30,2014-08-31,0.9,False
0,2014-09-01,0.88,False
1,2014-09-02,2.8000000000000003,False
2,2014-09-03,2.24,False
3,2014-09-04,4.0,False
4,2014-09-05,1.48,False
5,2014-09-06,0.68,False
6,2014-09-07,0.0,False
7,2014-09-08,2.24,False
8,2014-09-09,2.2,False
9,2014-09-10,1.96,False
10,2014-09-11,1.12,False
11,2014-09-12,1.48,False
12,2014-09-13,3.08,False
13,2014-09-14,1.0,False
14,2014-09-15,2.24,False
15,2014-09-16,2.52,False
16,2014-09-17,2.8000000000000003,False
17,2014-09-18,3.12,False
18,2014-09-19,1.2,False
19,2014-09-20,0.32,False
20,2014-09-21,1.32,False
21,2014-09-22,1.4000000000000001,False
22,2014-09-23,2.8000000000000003,False
23,2014-09-24,2.8000000000000003,False
24,2014-09-25,2.0,False
25,2014-09-26,2.36,False
26,2014-09-27,1.0,False
27,2014-09-28,1.0,False
28,2014-09-29,1.12,False
29,2014-09-30,1.68,False
0,2014-10-01,4.83,False
1,2014-10-02,1.4000000000000001,False
2,2014-10-03,1.7500000000000002,False
3,2014-10-04,0.9800000000000001,False
4,2014-10-05,0.6300000000000001,False
5,2014-10-06,1.61,False
6,2014-10-07,3.22,False
7,2014-10-08,4.2700000000000005,False
8,2014-10-09,5.670000000000001,False
9,2014-10-10,3.08,False
10,2014-10-11,2.24,False
11,2014-10-12,1.2600000000000002,False
12,2014-10-13,5.32,False
13,2014-10-14,2.87,False
14,2014-10-15,5.32,False
15,2014-10-16,4.83,False
16,2014-10-17,7.000000000000001,False
17,2014-10-18,1.61,False
18,2014-10-19,1.61,False
19,2014-10-20,4.2,False
20,2014-10-21,3.43,False
21,2014-10-22,2.9400000000000004,False
22,2014-10-23,2.45,False
23,2014-10-24,1.9600000000000002,False
24,2014-10-25,0.6300000000000001,False
25,2014-10-26,1.8200000000000003,False
26,2014-10-27,3.6400000000000006,False
27,2014-10-28,2.5900000000000003,False
28,2014-10-29,2.87,False
29,2014-10-30,2.1700000000000004,False
30,2014-10-31,1.4000000000000001,False
0,2014-11-01,2.6,False
1,2014-11-02,0.96,False
2,2014-11-03,2.96,False
3,2014-11-04,4.0,False
4,2014-11-05,2.16,False
5,2014-11-06,2.68,False
6,2014-11-07,2.52,False
7,2014-11-08,3.56,False
8,2014-11-09,0.64,False
9,2014-11-10,2.96,False
10,2014-11-11,1.8800000000000001,False
11,2014-11-12,2.92,False
12,2014-11-13,2.4,False
13,2014-11-14,1.68,False
14,2014-11-15,1.24,False
15,2014-11-16,1.24,False
16,2014-11-17,2.64,False
17,2014-11-18,1.72,False
18,2014-11-19,2.24,False
19,2014-11-20,2.72,False
20,2014-11-21,3.3200000000000003,False
21,2014-11-22,1.24,False
22,2014-11-23,0.6,False
23,2014-11-24,1.32,False
24,2014-11-25,3.68,False
25,2014-11-26,2.16,False
26,2014-11-27,0.56,False
27,2014-11-28,0.84,False
28,2014-11-29,2.16,False
29,2014-11-30,1.52,False
0,2014-12-01,2.36,False
1,2014-12-02,2.64,False
2,2014-12-03,2.56,False
3,2014-12-04,2.88,False
4,2014-12-05,2.32,False
5,2014-12-06,1.8800000000000001,False
6,2014-12-07,1.68,False
7,2014-12-08,3.24,False
8,2014-12-09,2.88,False
9,2014-12-10,3.36,False
10,2014-12-11,2.44,False
11,2014-12-12,1.36,False
12,2014-12-13,0.56,False
13,2014-12-14,1.16,False
14,2014-12-15,2.88,False
15,2014-12-16,3.4,False
16,2014-12-17,3.96,False
17,2014-12-18,2.88,False
18,2014-12-19,2.12,False
19,2014-12-20,2.6,False
20,2014-12-21,0.8,False
21,2014-12-22,3.08,False
22,2014-12-23,2.84,False
23,2014-12-24,2.2,False
24,2014-12-25,1.72,False
25,2014-12-26,4.0,False
26,2014-12-27,1.56,False
27,2014-12-28,1.16,False
28,2014-12-29,3.24,False
29,2014-12-30,3.84,False
30,2014-12-31,2.72,False
0,2015-01-01,3.95,False
1,2015-01-02,1.7000000000000002,False
2,2015-01-03,0.75,False
3,2015-01-04,2.1,False
4,2015-01-05,2.45,False
5,2015-01-06,3.7,False
6,2015-01-07,4.25,False
7,2015-01-08,1.5,False
8,2015-01-09,1.85,False
9,2015-01-10,2.45,False
10,2015-01-11,1.05,False
11,2015-01-12,4.45,False
12,2015-01-13,4.5,False
13,2015-01-14,2.4000000000000004,False
14,2015-01-15,2.4000000000000004,False
15,2015-01-16,2.8000000000000003,False
16,2015-01-17,2.45,False
17,2015-01-18,1.4000000000000001,False
18,2015-01-19,1.8,False
19,2015-01-20,4.4,False
20,2015-01-21,5.0,False
21,2015-01-22,3.6,False
22,2015-01-23,3.1,False
23,2015-01-24,2.1,False
24,2015-01-25,0.7000000000000001,False
25,2015-01-26,2.35,False
26,2015-01-27,4.65,False
27,2015-01-28,3.3000000000000003,False
28,2015-01-29,3.85,False
29,2015-01-30,3.7,False
30,2015-01-31,2.4000000000000004,False
0,2015-02-01,0.6599999999999999,False
1,2015-02-02,2.52,False
2,2015-02-03,3.06,False
3,2015-02-04,2.82,False
4,2015-02-05,5.52,False
5,2015-02-06,6.0,False
6,2015-02-07,1.5,False
7,2015-02-08,1.44,False
8,2015-02-09,3.3,False
9,2015-02-10,3.1799999999999997,False
10,2015-02-11,4.4399999999999995,False
11,2015-02-12,2.94,False
12,2015-02-13,3.3,False
13,2015-02-14,1.38,False
14,2015-02-15,0.6599999999999999,False
15,2015-02-16,1.68,False
16,2015-02-17,2.46,False
17,2015-02-18,2.1,False
18,2015-02-19,2.58,False
19,2015-02-20,1.68,False
20,2015-02-21,1.74,False
21,2015-02-22,1.08,False
22,2015-02-23,1.68,False
23,2015-02-24,2.46,False
24,2015-02-25,2.82,False
25,2015-02-26,1.6199999999999999,False
26,2015-02-27,2.1,False
27,2015-02-28,1.44,False
0,2015-03-01,1.24,False
1,2015-03-02,2.24,False
2,2015-03-03,2.6,False
3,2015-03-04,2.64,False
4,2015-03-05,1.2,False
5,2015-03-06,2.6,False
6,2015-03-07,1.28,False
7,2015-03-08,0.84,False
8,2015-03-09,1.72,False
9,2015-03-10,2.08,False
10,2015-03-11,1.28,False
11,2015-03-12,1.12,False
12,2015-03-13,2.44,False
13,2015-03-14,1.4000000000000001,False
14,2015-03-15,0.64,False
15,2015-03-16,1.72,False
16,2015-03-17,1.8800000000000001,False
17,2015-03-18,1.56,False
18,2015-03-19,0.92,False
19,2015-03-20,1.68,False
20,2015-03-21,0.52,False
21,2015-03-22,0.52,False
22,2015-03-23,1.52,False
23,2015-03-24,1.24,False
24,2015-03-25,1.32,False
25,2015-03-26,1.92,False
26,2015-03-27,4.0,False
27,2015-03-28,1.6,False
28,2015-03-29,0.88,False
29,2015-03-30,1.72,False
30,2015-03-31,2.0,False
0,2015-04-01,1.8,False
1,2015-04-02,2.0,False
2,2015-04-03,1.9000000000000001,False
3,2015-04-04,1.1,False
4,2015-04-05,1.5,False
5,2015-04-06,1.3,False
6,2015-04-07,1.55,False
7,2015-04-08,2.35,False
8,2015-04-09,2.45,False
9,2015-04-10,1.9000000000000001,False
10,2015-04-11,0.65,False
11,2015-04-12,0.65,False
12,2015-04-13,1.55,False
13,2015-04-14,2.4000000000000004,False
14,2015-04-15,2.8000000000000003,False
15,2015-04-16,3.7,False
16,2015-04-17,5.0,False
17,2015-04-18,2.4000000000000004,False
18,2015-04-19,1.3,False
19,2015-04-20,3.2,False
20,2015-04-21,3.1500000000000004,False
21,2015-04-22,2.45,False
22,2015-04-23,3.6,False
23,2015-04-24,1.6500000000000001,False
24,2015-04-25,1.4500000000000002,False
25,2015-04-26,1.85,False
26,2015-04-27,3.2,False
27,2015-04-28,3.25,False
28,2015-04-29,2.5500000000000003,False
29,2015-04-30,1.9500000000000002,False
0,2015-05-01,3.1,False
1,2015-05-02,2.25,False
2,2015-05-03,2.0500000000000003,False
3,2015-05-04,3.1,False
4,2015-05-05,5.0,False
5,2015-05-06,4.1000000000000005,False
6,2015-05-07,4.9,False
7,2015-05-08,4.800000000000001,False
8,2015-05-09,1.6500000000000001,False
9,2015-05-10,2.3000000000000003,False
10,2015-05-11,3.25,False
11,2015-05-12,4.25,False
12,2015-05-13,3.1500000000000004,False
13,2015-05-14,3.2,False
14,2015-05-15,3.45,False
15,2015-05-16,1.6500000000000001,False
16,2015-05-17,1.4500000000000002,False
17,2015-05-18,3.9000000000000004,False
18,2015-05-19,3.25,False
19,2015-05-20,3.0500000000000003,False
20,2015-05-21,2.4000000000000004,False
21,2015-05-22,4.9,False
22,2015-05-23,1.05,False
23,2015-05-24,1.6500000000000001,False
24,2015-05-25,2.5,False
25,2015-05-26,1.85,False
26,2015-05-27,4.4,False
27,2015-05-28,3.75,False
28,2015-05-29,4.3,False
29,2015-05-30,1.4500000000000002,False
30,2015-05-31,1.0,False
0,2015-06-01,3.7800000000000002,False
1,2015-06-02,2.1,False
2,2015-06-03,3.8500000000000005,False
3,2015-06-04,2.66,False
4,2015-06-05,3.6400000000000006,False
5,2015-06-06,1.7500000000000002,False
6,2015-06-07,1.05,False
7,2015-06-08,3.22,False
8,2015-06-09,2.66,False
9,2015-06-10,2.9400000000000004,False
10,2015-06-11,3.7800000000000002,False
11,2015-06-12,2.3800000000000003,False
12,2015-06-13,1.4000000000000001,False
13,2015-06-14,1.6800000000000002,False
14,2015-06-15,3.08,False
15,2015-06-16,4.0600000000000005,False
16,2015-06-17,5.6000000000000005,False
17,2015-06-18,5.460000000000001,False
18,2015-06-19,5.250000000000001,False
19,2015-06-20,2.0300000000000002,False
20,2015-06-21,2.24,False
21,2015-06-22,5.8100000000000005,False
22,2015-06-23,4.62,False
23,2015-06-24,7.000000000000001,False
24,2015-06-25,4.0600000000000005,False
25,2015-06-26,4.340000000000001,False
26,2015-06-27,1.54,False
27,2015-06-28,1.54,False
28,2015-06-29,3.2900000000000005,False
29,2015-06-30,4.41,False
0,2015-07-01,3.5999999999999996,False
1,2015-07-02,4.2299999999999995,False
2,2015-07-03,1.6199999999999999,False
3,2015-07-04,2.16,False
4,2015-07-05,1.3499999999999999,False
5,2015-07-06,3.78,False
6,2015-07-07,9.0,False
7,2015-07-08,6.12,False
8,2015-07-09,5.67,False
9,2015-07-10,4.77,False
10,2015-07-11,4.32,False
11,2015-07-12,2.6999999999999997,False
12,2015-07-13,3.51,False
13,2015-07-14,4.68,False
14,2015-07-15,4.2299999999999995,False
15,2015-07-16,7.199999999999999,False
16,2015-07-17,6.39,False
17,2015-07-18,2.9699999999999998,False
18,2015-07-19,3.06,False
19,2015-07-20,4.95,False
20,2015-07-21,4.859999999999999,False
21,2015-07-22,5.67,False
22,2015-07-23,3.78,False
23,2015-07-24,4.2299999999999995,False
24,2015-07-25,2.34,False
25,2015-07-26,1.7999999999999998,False
26,2015-07-27,2.88,False
27,2015-07-28,4.05,False
28,2015-07-29,4.5,False
29,2015-07-30,5.22,False
30,2015-07-31,4.14,False
0,2015-08-01,3.2900000000000005,False
1,2015-08-02,0.7000000000000001,False
2,2015-08-03,7.000000000000001,False
3,2015-08-04,3.6400000000000006,False
4,2015-08-05,5.8100000000000005,False
5,2015-08-06,3.08,False
6,2015-08-07,6.790000000000001,False
7,2015-08-08,2.1700000000000004,False
8,2015-08-09,2.5200000000000005,False
9,2015-08-10,4.2700000000000005,False
10,2015-08-11,3.0100000000000002,False
11,2015-08-12,4.550000000000001,False
12,2015-08-13,3.7100000000000004,False
13,2015-08-14,3.5000000000000004,False
14,2015-08-15,2.1700000000000004,False
15,2015-08-16,1.7500000000000002,False
16,2015-08-17,6.65,False
17,2015-08-18,2.7300000000000004,False
18,2015-08-19,2.7300000000000004,False
19,2015-08-20,5.460000000000001,False
20,2015-08-21,5.32,False
21,2015-08-22,2.5200000000000005,False
22,2015-08-23,0.7000000000000001,False
23,2015-08-24,6.370000000000001,False
24,2015-08-25,6.720000000000001,False
25,2015-08-26,4.48,False
26,2015-08-27,4.48,False
27,2015-08-28,3.08,False
28,2015-08-29,2.1,False
29,2015-08-30,1.7500000000000002,False
30,2015-08-31,4.0600000000000005,False
0,2015-09-01,5.7,False
1,2015-09-02,4.08,False
2,2015-09-03,4.4399999999999995,False
3,2015-09-04,3.6599999999999997,False
4,2015-09-05,2.6999999999999997,False
5,2015-09-06,2.94,False
6,2015-09-07,2.2199999999999998,False
7,2015-09-08,2.94,False
8,2015-09-09,5.34,False
9,2015-09-10,4.859999999999999,False
10,2015-09-11,5.58,False
11,2015-09-12,4.92,False
12,2015-09-13,3.96,False
13,2015-09-14,5.1,False
14,2015-09-15,6.0,False
15,2015-09-16,5.34,False
16,2015-09-17,4.5,False
17,2015-09-18,3.42,False
18,2015-09-19,2.2199999999999998,False
19,2015-09-20,1.38,False
20,2015-09-21,3.36,False
21,2015-09-22,3.2399999999999998,False
22,2015-09-23,3.78,False
23,2015-09-24,4.8,False
24,2015-09-25,4.02,False
25,2015-09-26,2.04,False
26,2015-09-27,2.04,False
27,2015-09-28,4.2,False
28,2015-09-29,5.04,False
29,2015-09-30,5.64,False
0,2015-10-01,4.48,False
1,2015-10-02,2.66,False
2,2015-10-03,2.3800000000000003,False
3,2015-10-04,1.7500000000000002,False
4,2015-10-05,3.08,False
5,2015-10-06,1.9600000000000002,False
6,2015-10-07,5.250000000000001,False
7,2015-10-08,3.9200000000000004,False
8,2015-10-09,4.69,False
9,2015-10-10,1.33,False
10,2015-10-11,2.0300000000000002,False
11,2015-10-12,3.8500000000000005,False
12,2015-10-13,3.43,False
13,2015-10-14,4.69,False
14,2015-10-15,6.65,False
15,2015-10-16,7.000000000000001,False
16,2015-10-17,2.0300000000000002,False
17,2015-10-18,1.6800000000000002,False
18,2015-10-19,3.9200000000000004,False
19,2015-10-20,3.7800000000000002,False
20,2015-10-21,4.62,False
21,2015-10-22,3.9200000000000004,False
22,2015-10-23,4.550000000000001,False
23,2015-10-24,2.5900000000000003,False
24,2015-10-25,0.9800000000000001,False
25,2015-10-26,4.62,False
26,2015-10-27,3.8500000000000005,False
27,2015-10-28,3.2900000000000005,False
28,2015-10-29,2.45,False
29,2015-10-30,3.7800000000000002,False
30,2015-10-31,1.05,False
0,2015-11-01,2.3000000000000003,False
1,2015-11-02,3.1,False
2,2015-11-03,3.0500000000000003,False
3,2015-11-04,5.0,False
4,2015-11-05,2.45,False
5,2015-11-06,4.1000000000000005,False
6,2015-11-07,1.0,False
7,2015-11-08,0.65,False
8,2015-11-09,3.0500000000000003,False
9,2015-11-10,3.3000000000000003,False
10,2015-11-11,2.3000000000000003,False
11,2015-11-12,2.85,False
12,2015-11-13,2.6500000000000004,False
13,2015-11-14,1.3,False
14,2015-11-15,0.9500000000000001,False
15,2015-11-16,3.6,False
16,2015-11-17,4.4,False
17,2015-11-18,3.3000000000000003,False
18,2015-11-19,3.1,False
19,2015-11-20,2.9000000000000004,False
20,2015-11-21,2.25,False
21,2015-11-22,1.6,False
22,2015-11-23,1.6500000000000001,False
23,2015-11-24,2.45,False
24,2015-11-25,4.45,False
25,2015-11-26,2.6,False
26,2015-11-27,3.25,False
27,2015-11-28,1.9500000000000002,False
28,2015-11-29,1.9000000000000001,False
29,2015-11-30,1.6,False
0,2015-12-01,3.0100000000000002,False
1,2015-12-02,2.1700000000000004,False
2,2015-12-03,2.66,False
3,2015-12-04,4.340000000000001,False
4,2015-12-05,1.8200000000000003,False
5,2015-12-06,1.2600000000000002,False
6,2015-12-07,2.24,False
7,2015-12-08,5.74,False
8,2015-12-09,3.2900000000000005,False
9,2015-12-10,3.3600000000000003,False
10,2015-12-11,3.2900000000000005,False
11,2015-12-12,2.31,False
12,2015-12-13,1.8900000000000001,False
13,2015-12-14,2.31,False
14,2015-12-15,3.0100000000000002,False
15,2015-12-16,6.44,False
16,2015-12-17,4.41,False
17,2015-12-18,3.43,False
18,2015-12-19,1.54,False
19,2015-12-20,1.1900000000000002,False
20,2015-12-21,4.2700000000000005,False
21,2015-12-22,4.970000000000001,False
22,2015-12-23,5.53,False
23,2015-12-24,6.370000000000001,False
24,2015-12-25,3.99,False
25,2015-12-26,3.7100000000000004,False
26,2015-12-27,2.45,False
27,2015-12-28,6.090000000000001,False
28,2015-12-29,5.180000000000001,False
29,2015-12-30,7.000000000000001,False
30,2015-12-31,3.9200000000000004,False
0,2016-01-01,2.08,False
1,2016-01-02,0.64,False
2,2016-01-03,1.2,False
3,2016-01-04,4.88,False
4,2016-01-05,5.76,False
5,2016-01-06,6.24,False
6,2016-01-07,7.5200000000000005,False
7,2016-01-08,8.0,False
8,2016-01-09,1.84,False
9,2016-01-10,1.76,False
10,2016-01-11,3.12,False
11,2016-01-12,4.72,False
12,2016-01-13,4.24,False
13,2016-01-14,5.5200000000000005,False
14,2016-01-15,5.76,False
15,2016-01-16,1.2,False
16,2016-01-17,0.88,False
17,2016-01-18,2.96,False
18,2016-01-19,4.16,False
19,2016-01-20,7.92,False
20,2016-01-21,7.28,False
21,2016-01-22,3.84,False
22,2016-01-23,2.16,False
23,2016-01-24,0.88,False
24,2016-01-25,4.8,False
25,2016-01-26,5.04,False
26,2016-01-27,3.12,False
27,2016-01-28,4.5600000000000005,False
28,2016-01-29,4.4,False
29,2016-01-30,0.88,False
30,2016-01-31,2.96,False
0,2016-02-01,7.000000000000001,False
1,2016-02-02,6.930000000000001,False
2,2016-02-03,3.1500000000000004,False
3,2016-02-04,6.370000000000001,False
4,2016-02-05,3.9200000000000004,False
5,2016-02-06,1.8200000000000003,False
6,2016-02-07,2.1700000000000004,False
7,2016-02-08,4.2,False
8,2016-02-09,4.9,False
9,2016-02-10,3.7800000000000002,False
10,2016-02-11,4.760000000000001,False
11,2016-02-12,3.9200000000000004,False
12,2016-02-13,1.8200000000000003,False
13,2016-02-14,0.7000000000000001,False
14,2016-02-15,1.8900000000000001,False
15,2016-02-16,5.32,False
16,2016-02-17,2.87,False
17,2016-02-18,6.65,False
18,2016-02-19,5.53,False
19,2016-02-20,1.8200000000000003,False
20,2016-02-21,1.4700000000000002,False
21,2016-02-22,6.23,False
22,2016-02-23,6.16,False
23,2016-02-24,4.970000000000001,False
24,2016-02-25,4.41,False
25,2016-02-26,3.9200000000000004,False
26,2016-02-27,3.5700000000000003,False
27,2016-02-28,0.7000000000000001,False
28,2016-02-29,3.99,False
0,2016-03-01,4.9,False
1,2016-03-02,6.4,False
2,2016-03-03,7.2,False
3,2016-03-04,3.5,False
4,2016-03-05,2.4000000000000004,False
5,2016-03-06,1.2000000000000002,False
6,2016-03-07,4.800000000000001,False
7,2016-03-08,8.1,False
8,2016-03-09,4.2,False
9,2016-03-10,5.800000000000001,False
10,2016-03-11,4.9,False
11,2016-03-12,4.2,False
12,2016-03-13,2.4000000000000004,False
13,2016-03-14,8.6,False
14,2016-03-15,5.2,False
15,2016-03-16,6.800000000000001,False
16,2016-03-17,9.5,False
17,2016-03-18,10.0,False
18,2016-03-19,1.5,False
19,2016-03-20,2.3000000000000003,False
20,2016-03-21,8.0,False
21,2016-03-22,6.1000000000000005,False
22,2016-03-23,5.7,False
23,2016-03-24,5.800000000000001,False
24,2016-03-25,3.0,False
25,2016-03-26,0.9,False
26,2016-03-27,1.6,False
27,2016-03-28,7.6000000000000005,False
28,2016-03-29,4.7,False
29,2016-03-30,4.7,False
30,2016-03-31,5.0,False
0,2016-04-01,1.8200000000000003,False
1,2016-04-02,0.9800000000000001,False
2,2016-04-03,1.12,False
3,2016-04-04,1.54,False
4,2016-04-05,1.9600000000000002,False
5,2016-04-06,1.9600000000000002,False
6,2016-04-07,1.9600000000000002,False
7,2016-04-08,1.4000000000000001,False
8,2016-04-09,0.42000000000000004,False
9,2016-04-10,0.42000000000000004,False
10,2016-04-11,1.2600000000000002,False
11,2016-04-12,1.2600000000000002,False
12,2016-04-13,1.9600000000000002,False
13,2016-04-14,2.5200000000000005,False
14,2016-04-15,3.22,False
15,2016-04-16,0.7000000000000001,False
16,2016-04-17,0.42000000000000004,False
17,2016-04-18,2.3800000000000003,False
18,2016-04-19,1.6800000000000002,False
19,2016-04-20,3.22,False
20,2016-04-21,4.340000000000001,False
21,2016-04-22,14.000000000000002,False
22,2016-04-23,6.580000000000001,False
23,2016-04-24,2.3800000000000003,False
24,2016-04-25,7.420000000000001,False
25,2016-04-26,6.86,False
26,2016-04-27,5.040000000000001,False
27,2016-04-28,6.720000000000001,False
28,2016-04-29,3.3600000000000003,False
29,2016-04-30,0.9800000000000001,False
0,2016-05-01,1.82,False
1,2016-05-02,5.720000000000001,False
2,2016-05-03,5.98,False
3,2016-05-04,6.37,False
4,2016-05-05,6.76,False
5,2016-05-06,5.8500000000000005,False
6,2016-05-07,4.16,False
7,2016-05-08,2.99,False
8,2016-05-09,6.5,False
9,2016-05-10,6.890000000000001,False
10,2016-05-11,5.33,False
11,2016-05-12,5.8500000000000005,False
12,2016-05-13,6.37,False
13,2016-05-14,3.25,False
14,2016-05-15,1.82,False
15,2016-05-16,5.33,False
16,2016-05-17,6.11,False
17,2016-05-18,6.24,False
18,2016-05-19,8.06,False
19,2016-05-20,7.67,False
20,2016-05-21,2.08,False
21,2016-05-22,0.78,False
22,2016-05-23,8.71,False
23,2016-05-24,11.18,False
24,2016-05-25,11.05,False
25,2016-05-26,13.0,False
26,2016-05-27,13.0,False
27,2016-05-28,4.29,False
28,2016-05-29,2.8600000000000003,False
29,2016-05-30,4.68,False
30,2016-05-31,11.83,False
0,2016-06-01,18.689999999999998,False
1,2016-06-02,13.86,False
2,2016-06-03,12.18,False
3,2016-06-04,2.52,False
4,2016-06-05,2.94,False
5,2016-06-06,6.3,False
6,2016-06-07,15.75,False
7,2016-06-08,11.549999999999999,False
8,2016-06-09,10.709999999999999,False
9,2016-06-10,7.14,False
10,2016-06-11,7.56,False
11,2016-06-12,1.89,False
12,2016-06-13,10.08,False
13,2016-06-14,11.34,False
14,2016-06-15,9.24,False
15,2016-06-16,17.43,False
16,2016-06-17,18.689999999999998,False
17,2016-06-18,6.3,False
18,2016-06-19,4.41,False
19,2016-06-20,17.43,False
20,2016-06-21,14.28,False
21,2016-06-22,20.37,False
22,2016-06-23,19.32,False
23,2016-06-24,21.0,False
24,2016-06-25,6.93,False
25,2016-06-26,2.94,False
26,2016-06-27,12.389999999999999,False
27,2016-06-28,15.54,False
28,2016-06-29,20.58,False
29,2016-06-30,19.74,False
0,2016-07-01,10.12,False
1,2016-07-02,2.86,False
2,2016-07-03,2.86,False
3,2016-07-04,1.76,False
4,2016-07-05,5.72,False
5,2016-07-06,7.7,False
6,2016-07-07,7.92,False
7,2016-07-08,7.04,False
8,2016-07-09,2.2,False
9,2016-07-10,1.1,False
10,2016-07-11,6.38,False
11,2016-07-12,5.28,False
12,2016-07-13,5.28,False
13,2016-07-14,8.14,False
14,2016-07-15,4.62,False
15,2016-07-16,3.08,False
16,2016-07-17,2.2,False
17,2016-07-18,11.0,False
18,2016-07-19,7.7,False
19,2016-07-20,6.16,False
20,2016-07-21,11.44,False
21,2016-07-22,18.92,False
22,2016-07-23,5.06,False
23,2016-07-24,2.42,False
24,2016-07-25,17.38,False
25,2016-07-26,22.0,False
26,2016-07-27,15.62,False
27,2016-07-28,9.9,False
28,2016-07-29,12.32,False
29,2016-07-30,2.42,False
30,2016-07-31,2.64,False
0,2016-08-01,15.12,False
1,2016-08-02,12.24,False
2,2016-08-03,12.48,False
3,2016-08-04,14.16,False
4,2016-08-05,12.959999999999999,False
5,2016-08-06,4.8,False
6,2016-08-07,3.36,False
7,2016-08-08,10.32,False
8,2016-08-09,12.959999999999999,False
9,2016-08-10,11.28,False
10,2016-08-11,11.76,False
11,2016-08-12,9.6,False
12,2016-08-13,4.56,False
13,2016-08-14,2.4,False
14,2016-08-15,9.36,False
15,2016-08-16,10.559999999999999,False
16,2016-08-17,8.4,False
17,2016-08-18,13.92,False
18,2016-08-19,24.0,False
19,2016-08-20,11.28,False
20,2016-08-21,4.8,False
21,2016-08-22,15.36,False
22,2016-08-23,18.72,False
23,2016-08-24,21.599999999999998,False
24,2016-08-25,20.88,False
25,2016-08-26,16.32,False
26,2016-08-27,8.16,False
27,2016-08-28,2.4,False
28,2016-08-29,14.16,False
29,2016-08-30,18.0,False
30,2016-08-31,11.28,False
0,2016-09-01,15.84,False
1,2016-09-02,12.98,False
2,2016-09-03,5.06,False
3,2016-09-04,2.42,False
4,2016-09-05,3.96,False
5,2016-09-06,16.72,False
6,2016-09-07,20.68,False
7,2016-09-08,19.36,False
8,2016-09-09,22.0,False
9,2016-09-10,8.14,False
10,2016-09-11,3.96,False
11,2016-09-12,15.18,False
12,2016-09-13,15.62,False
13,2016-09-14,15.4,False
14,2016-09-15,14.52,False
15,2016-09-16,13.86,False
16,2016-09-17,4.18,False
17,2016-09-18,1.54,False
18,2016-09-19,10.56,False
19,2016-09-20,11.22,False
20,2016-09-21,12.32,False
21,2016-09-22,12.98,False
22,2016-09-23,10.34,False
23,2016-09-24,4.4,False
24,2016-09-25,1.54,False
25,2016-09-26,11.66,False
26,2016-09-27,12.32,False
27,2016-09-28,11.0,False
28,2016-09-29,10.34,False
29,2016-09-30,13.64,False
0,2016-10-01,3.36,False
1,2016-10-02,2.73,False
2,2016-10-03,10.5,False
3,2016-10-04,9.87,False
4,2016-10-05,9.24,False
5,2016-10-06,8.82,False
6,2016-10-07,9.87,False
7,2016-10-08,2.94,False
8,2016-10-09,1.68,False
9,2016-10-10,7.35,False
10,2016-10-11,8.82,False
11,2016-10-12,10.709999999999999,False
12,2016-10-13,7.9799999999999995,False
13,2016-10-14,11.76,False
14,2016-10-15,4.2,False
15,2016-10-16,2.31,False
16,2016-10-17,9.03,False
17,2016-10-18,11.969999999999999,False
18,2016-10-19,10.709999999999999,False
19,2016-10-20,21.0,False
20,2016-10-21,16.8,False
21,2016-10-22,4.83,False
22,2016-10-23,1.89,False
23,2016-10-24,12.18,False
24,2016-10-25,17.64,False
25,2016-10-26,14.7,False
26,2016-10-27,13.65,False
27,2016-10-28,13.229999999999999,False
28,2016-10-29,4.2,False
29,2016-10-30,1.68,False
30,2016-10-31,12.809999999999999,False
0,2016-11-01,10.75,False
1,2016-11-02,10.5,False
2,2016-11-03,9.5,False
3,2016-11-04,8.25,False
4,2016-11-05,2.5,False
5,2016-11-06,2.0,False
6,2016-11-07,9.75,False
7,2016-11-08,11.5,False
8,2016-11-09,14.0,False
9,2016-11-10,13.25,False
10,2016-11-11,14.75,False
11,2016-11-12,4.75,False
12,2016-11-13,2.5,False
13,2016-11-14,10.75,False
14,2016-11-15,9.25,False
15,2016-11-16,15.0,False
16,2016-11-17,25.0,False
17,2016-11-18,24.75,False
18,2016-11-19,7.5,False
19,2016-11-20,4.5,False
20,2016-11-21,20.75,False
21,2016-11-22,19.5,False
22,2016-11-23,17.5,False
23,2016-11-24,6.75,False
24,2016-11-25,8.5,False
25,2016-11-26,3.5,False
26,2016-11-27,2.5,False
27,2016-11-28,13.25,False
28,2016-11-29,14.75,False
29,2016-11-30,16.75,False
0,2016-12-01,21.6,False
1,2016-12-02,17.6,False
2,2016-12-03,5.2,False
3,2016-12-04,3.2,False
4,2016-12-05,14.4,False
5,2016-12-06,21.6,False
6,2016-12-07,28.400000000000002,False
7,2016-12-08,40.0,False
8,2016-12-09,27.6,False
9,2016-12-10,8.0,False
10,2016-12-11,6.0,False
11,2016-12-12,27.200000000000003,False
12,2016-12-13,31.6,False
13,2016-12-14,31.6,False
14,2016-12-15,25.6,False
15,2016-12-16,27.200000000000003,False
16,2016-12-17,11.200000000000001,False
17,2016-12-18,6.800000000000001,False
18,2016-12-19,22.0,False
19,2016-12-20,28.8,False
20,2016-12-21,29.200000000000003,False
21,2016-12-22,28.8,False
22,2016-12-23,23.200000000000003,False
23,2016-12-24,10.4,False
24,2016-12-25,5.6000000000000005,False
25,2016-12-26,8.8,False
26,2016-12-27,26.0,False
27,2016-12-28,32.0,False
28,2016-12-29,26.0,False
29,2016-12-30,22.8,False
30,2016-12-31,8.4,False
0,2017-01-01,5.949999999999999,False
1,2017-01-02,7.699999999999999,False
2,2017-01-03,28.7,False
3,2017-01-04,26.599999999999998,False
4,2017-01-05,31.15,False
5,2017-01-06,30.799999999999997,False
6,2017-01-07,10.5,False
7,2017-01-08,8.399999999999999,False
8,2017-01-09,18.2,False
9,2017-01-10,24.5,False
10,2017-01-11,25.549999999999997,False
11,2017-01-12,30.45,False
12,2017-01-13,25.9,False
13,2017-01-14,7.699999999999999,False
14,2017-01-15,4.8999999999999995,False
15,2017-01-16,11.899999999999999,False
16,2017-01-17,29.049999999999997,False
17,2017-01-18,26.95,False
18,2017-01-19,27.299999999999997,False
19,2017-01-20,26.25,False
20,2017-01-21,4.55,False
21,2017-01-22,4.55,False
22,2017-01-23,24.5,False
23,2017-01-24,29.049999999999997,False
24,2017-01-25,31.849999999999998,False
25,2017-01-26,23.799999999999997,False
26,2017-01-27,26.95,False
27,2017-01-28,10.85,False
28,2017-01-29,7.35,False
29,2017-01-30,22.049999999999997,False
30,2017-01-31,35.0,False
0,2017-02-01,49.0,False
1,2017-02-02,39.9,False
2,2017-02-03,28.7,False
3,2017-02-04,8.399999999999999,False
4,2017-02-05,7.0,False
5,2017-02-06,41.3,False
6,2017-02-07,42.699999999999996,False
7,2017-02-08,32.9,False
8,2017-02-09,37.099999999999994,False
9,2017-02-10,33.599999999999994,False
10,2017-02-11,14.7,False
11,2017-02-12,9.1,False
12,2017-02-13,32.199999999999996,False
13,2017-02-14,29.4,False
14,2017-02-15,27.299999999999997,False
15,2017-02-16,28.0,False
16,2017-02-17,31.499999999999996,False
17,2017-02-18,11.2,False
18,2017-02-19,7.0,False
19,2017-02-20,14.7,False
20,2017-02-21,37.099999999999994,False
21,2017-02-22,66.5,False
22,2017-02-23,64.39999999999999,False
23,2017-02-24,43.4,False
24,2017-02-25,16.799999999999997,False
25,2017-02-26,12.6,False
26,2017-02-27,53.199999999999996,False
27,2017-02-28,70.0,False
0,2017-03-01,52.44,False
1,2017-03-02,69.0,False
2,2017-03-03,63.48,False
3,2017-03-04,18.63,False
4,2017-03-05,13.799999999999999,False
5,2017-03-06,44.849999999999994,False
6,2017-03-07,37.949999999999996,False
7,2017-03-08,34.5,False
8,2017-03-09,33.809999999999995,False
9,2017-03-10,35.19,False
10,2017-03-11,22.08,False
11,2017-03-12,12.419999999999998,False
12,2017-03-13,42.089999999999996,False
13,2017-03-14,35.879999999999995,False
14,2017-03-15,33.12,False
15,2017-03-16,32.43,False
16,2017-03-17,26.909999999999997,False
17,2017-03-18,8.28,False
18,2017-03-19,7.59,False
19,2017-03-20,35.19,False
20,2017-03-21,33.809999999999995,False
21,2017-03-22,29.669999999999998,False
22,2017-03-23,31.049999999999997,False
23,2017-03-24,21.389999999999997,False
24,2017-03-25,6.209999999999999,False
25,2017-03-26,5.52,False
26,2017-03-27,23.459999999999997,False
27,2017-03-28,24.15,False
28,2017-03-29,22.77,False
29,2017-03-30,28.979999999999997,False
30,2017-03-31,33.809999999999995,False
0,2017-04-01,7.82,False
1,2017-04-02,5.98,False
2,2017-04-03,28.98,False
3,2017-04-04,30.360000000000003,False
4,2017-04-05,31.740000000000002,False
5,2017-04-06,46.0,False
6,2017-04-07,34.96,False
7,2017-04-08,8.74,False
8,2017-04-09,5.98,False
9,2017-04-10,26.68,False
10,2017-04-11,38.18,False
11,2017-04-12,32.660000000000004,False
12,2017-04-13,33.120000000000005,False
13,2017-04-14,12.88,False
14,2017-04-15,5.5200000000000005,False
15,2017-04-16,4.140000000000001,False
16,2017-04-17,25.76,False
17,2017-04-18,30.82,False
18,2017-04-19,25.3,False
19,2017-04-20,23.92,False
20,2017-04-21,23.46,False
21,2017-04-22,7.36,False
22,2017-04-23,5.0600000000000005,False
23,2017-04-24,21.16,False
24,2017-04-25,27.14,False
25,2017-04-26,25.3,False
26,2017-04-27,25.76,False
27,2017-04-28,27.14,False
28,2017-04-29,9.200000000000001,False
29,2017-04-30,6.44,False
0,2017-05-01,40.7,False
1,2017-05-02,74.0,False
2,2017-05-03,59.2,False
3,2017-05-04,37.74,False
4,2017-05-05,31.82,False
5,2017-05-06,11.1,False
6,2017-05-07,7.4,False
7,2017-05-08,26.64,False
8,2017-05-09,29.6,False
9,2017-05-10,37.0,False
10,2017-05-11,28.86,False
11,2017-05-12,32.56,False
12,2017-05-13,10.36,False
13,2017-05-14,5.18,False
14,2017-05-15,31.08,False
15,2017-05-16,48.839999999999996,False
16,2017-05-17,51.8,False
17,2017-05-18,41.44,False
18,2017-05-19,25.16,False
19,2017-05-20,5.92,False
20,2017-05-21,5.92,False
21,2017-05-22,28.86,False
22,2017-05-23,28.86,False
23,2017-05-24,23.68,False
24,2017-05-25,21.46,False
25,2017-05-26,17.02,False
26,2017-05-27,7.4,False
27,2017-05-28,4.4399999999999995,False
28,2017-05-29,7.4,False
29,2017-05-30,22.94,False
30,2017-05-31,22.94,False
0,2017-06-01,31.98,False
1,2017-06-02,24.18,False
2,2017-06-03,7.800000000000001,False
3,2017-06-04,8.58,False
4,2017-06-05,35.1,False
5,2017-06-06,50.7,False
6,2017-06-07,49.14,False
7,2017-06-08,49.92,False
8,2017-06-09,60.84,False
9,2017-06-10,15.600000000000001,False
10,2017-06-11,10.14,False
11,2017-06-12,44.46,False
12,2017-06-13,37.44,False
13,2017-06-14,39.78,False
14,2017-06-15,33.54,False
15,2017-06-16,31.98,False
16,2017-06-17,10.14,False
17,2017-06-18,4.68,False
18,2017-06-19,38.22,False
19,2017-06-20,53.82,False
20,2017-06-21,78.0,False
21,2017-06-22,74.10000000000001,False
22,2017-06-23,56.940000000000005,False
23,2017-06-24,17.94,False
24,2017-06-25,11.700000000000001,False
25,2017-06-26,50.7,False
26,2017-06-27,46.02,False
27,2017-06-28,45.24,False
28,2017-06-29,40.56,False
29,2017-06-30,36.660000000000004,False
0,2017-07-01,7.59,False
1,2017-07-02,6.209999999999999,False
2,2017-07-03,17.939999999999998,False
3,2017-07-04,8.969999999999999,False
4,2017-07-05,28.979999999999997,False
5,2017-07-06,28.29,False
6,2017-07-07,22.77,False
7,2017-07-08,6.8999999999999995,False
8,2017-07-09,5.52,False
9,2017-07-10,25.529999999999998,False
10,2017-07-11,26.909999999999997,False
11,2017-07-12,26.909999999999997,False
12,2017-07-13,35.19,False
13,2017-07-14,25.529999999999998,False
14,2017-07-15,8.969999999999999,False
15,2017-07-16,4.83,False
16,2017-07-17,25.529999999999998,False
17,2017-07-18,27.599999999999998,False
18,2017-07-19,25.529999999999998,False
19,2017-07-20,24.15,False
20,2017-07-21,24.839999999999996,False
21,2017-07-22,6.8999999999999995,False
22,2017-07-23,5.52,False
23,2017-07-24,28.979999999999997,False
24,2017-07-25,53.81999999999999,False
25,2017-07-26,69.0,False
26,2017-07-27,42.779999999999994,False
27,2017-07-28,31.049999999999997,False
28,2017-07-29,8.28,False
29,2017-07-30,6.209999999999999,False
30,2017-07-31,28.979999999999997,False
0,2017-08-01,49.29,False
1,2017-08-02,50.35,False
2,2017-08-03,44.52,False
3,2017-08-04,45.580000000000005,False
4,2017-08-05,14.84,False
5,2017-08-06,8.48,False
6,2017-08-07,39.75,False
7,2017-08-08,39.75,False
8,2017-08-09,42.400000000000006,False
9,2017-08-10,50.88,False
10,2017-08-11,53.0,False
11,2017-08-12,12.190000000000001,False
12,2017-08-13,9.540000000000001,False
13,2017-08-14,42.93,False
14,2017-08-15,49.82,False
15,2017-08-16,45.580000000000005,False
16,2017-08-17,38.690000000000005,False
17,2017-08-18,31.8,False
18,2017-08-19,10.07,False
19,2017-08-20,7.42,False
20,2017-08-21,31.8,False
21,2017-08-22,32.86,False
22,2017-08-23,32.33,False
23,2017-08-24,30.740000000000002,False
24,2017-08-25,31.270000000000003,False
25,2017-08-26,10.600000000000001,False
26,2017-08-27,6.890000000000001,False
27,2017-08-28,27.03,False
28,2017-08-29,29.150000000000002,False
29,2017-08-30,39.22,False
30,2017-08-31,41.870000000000005,False
0,2017-09-01,21.619999999999997,False
1,2017-09-02,6.58,False
2,2017-09-03,4.2299999999999995,False
3,2017-09-04,7.05,False
4,2017-09-05,17.39,False
5,2017-09-06,16.919999999999998,False
6,2017-09-07,14.569999999999999,False
7,2017-09-08,15.979999999999999,False
8,2017-09-09,4.699999999999999,False
9,2017-09-10,3.29,False
10,2017-09-11,14.569999999999999,False
11,2017-09-12,16.919999999999998,False
12,2017-09-13,15.979999999999999,False
13,2017-09-14,16.919999999999998,False
14,2017-09-15,19.27,False
15,2017-09-16,6.109999999999999,False
16,2017-09-17,4.699999999999999,False
17,2017-09-18,20.68,False
18,2017-09-19,20.68,False
19,2017-09-20,30.549999999999997,False
20,2017-09-21,47.0,False
21,2017-09-22,26.32,False
22,2017-09-23,8.459999999999999,False
23,2017-09-24,3.76,False
24,2017-09-25,21.619999999999997,False
25,2017-09-26,22.56,False
26,2017-09-27,18.799999999999997,False
27,2017-09-28,19.27,False
28,2017-09-29,16.919999999999998,False
29,2017-09-30,5.17,False
0,2017-10-01,4.13,False
1,2017-10-02,20.65,False
2,2017-10-03,23.009999999999998,False
3,2017-10-04,23.599999999999998,False
4,2017-10-05,23.599999999999998,False
5,2017-10-06,18.29,False
6,2017-10-07,4.13,False
7,2017-10-08,4.72,False
8,2017-10-09,18.88,False
9,2017-10-10,20.06,False
10,2017-10-11,21.24,False
11,2017-10-12,27.139999999999997,False
12,2017-10-13,24.779999999999998,False
13,2017-10-14,7.67,False
14,2017-10-15,3.54,False
15,2017-10-16,18.29,False
16,2017-10-17,20.06,False
17,2017-10-18,21.24,False
18,2017-10-19,18.29,False
19,2017-10-20,20.06,False
20,2017-10-21,5.8999999999999995,False
21,2017-10-22,3.54,False
22,2017-10-23,24.189999999999998,False
23,2017-10-24,48.97,False
24,2017-10-25,59.0,False
25,2017-10-26,42.48,False
26,2017-10-27,35.989999999999995,False
27,2017-10-28,14.16,False
28,2017-10-29,7.67,False
29,2017-10-30,39.53,False
30,2017-10-31,37.169999999999995,False
0,2017-11-01,33.5,False
1,2017-11-02,34.0,False
2,2017-11-03,32.5,False
3,2017-11-04,7.5,False
4,2017-11-05,6.5,False
5,2017-11-06,44.5,False
6,2017-11-07,50.0,False
7,2017-11-08,32.5,False
8,2017-11-09,33.0,False
9,2017-11-10,31.0,False
10,2017-11-11,9.0,False
11,2017-11-12,5.0,False
12,2017-11-13,24.5,False
13,2017-11-14,26.0,False
14,2017-11-15,24.0,False
15,2017-11-16,23.5,False
16,2017-11-17,24.0,False
17,2017-11-18,7.5,False
18,2017-11-19,6.0,False
19,2017-11-20,21.5,False
20,2017-11-21,23.5,False
21,2017-11-22,22.0,False
22,2017-11-23,6.5,False
23,2017-11-24,14.5,False
24,2017-11-25,6.0,False
25,2017-11-26,4.0,False
26,2017-11-27,17.5,False
27,2017-11-28,25.0,False
28,2017-11-29,26.0,False
29,2017-11-30,27.0,False
0,2017-12-01,33.15,False
1,2017-12-02,11.700000000000001,False
2,2017-12-03,6.63,False
3,2017-12-04,37.050000000000004,False
4,2017-12-05,38.22,False
5,2017-12-06,37.83,False
6,2017-12-07,35.88,False
7,2017-12-08,31.59,False
8,2017-12-09,15.600000000000001,False
9,2017-12-10,7.41,False
10,2017-12-11,29.64,False
11,2017-12-12,32.76,False
12,2017-12-13,34.71,False
13,2017-12-14,31.59,False
14,2017-12-15,24.96,False
15,2017-12-16,12.09,False
16,2017-12-17,7.800000000000001,False
17,2017-12-18,39.0,False
18,2017-12-19,36.27,False
19,2017-12-20,32.370000000000005,False
20,2017-12-21,26.91,False
21,2017-12-22,30.03,False
22,2017-12-23,8.58,False
23,2017-12-24,7.0200000000000005,False
24,2017-12-25,9.36,False
25,2017-12-26,24.96,False
26,2017-12-27,24.57,False
27,2017-12-28,24.57,False
28,2017-12-29,23.01,False
29,2017-12-30,5.46,False
30,2017-12-31,5.46,False
0,2018-01-01,2.76,False
1,2018-01-02,18.63,False
2,2018-01-03,61.41,False
3,2018-01-04,69.0,False
4,2018-01-05,54.51,False
5,2018-01-06,17.939999999999998,False
6,2018-01-07,11.04,False
7,2018-01-08,35.19,False
8,2018-01-09,35.879999999999995,False
9,2018-01-10,30.36,False
10,2018-01-11,31.049999999999997,False
11,2018-01-12,31.049999999999997,False
12,2018-01-13,8.28,False
13,2018-01-14,6.209999999999999,False
14,2018-01-15,10.35,False
15,2018-01-16,20.009999999999998,False
16,2018-01-17,20.009999999999998,False
17,2018-01-18,26.909999999999997,False
18,2018-01-19,22.77,False
19,2018-01-20,7.59,False
20,2018-01-21,5.52,False
21,2018-01-22,21.389999999999997,False
22,2018-01-23,25.529999999999998,False
23,2018-01-24,22.08,False
24,2018-01-25,23.459999999999997,False
25,2018-01-26,26.22,False
26,2018-01-27,11.04,False
27,2018-01-28,6.8999999999999995,False
28,2018-01-29,29.669999999999998,False
29,2018-01-30,46.919999999999995,False
30,2018-01-31,57.269999999999996,False
0,2018-02-01,46.0,False
1,2018-02-02,39.56,False
2,2018-02-03,11.040000000000001,False
3,2018-02-04,7.82,False
4,2018-02-05,42.78,False
5,2018-02-06,44.160000000000004,False
6,2018-02-07,34.5,False
7,2018-02-08,33.120000000000005,False
8,2018-02-09,31.740000000000002,False
9,2018-02-10,11.5,False
10,2018-02-11,5.0600000000000005,False
11,2018-02-12,31.28,False
12,2018-02-13,28.52,False
13,2018-02-14,28.060000000000002,False
14,2018-02-15,26.220000000000002,False
15,2018-02-16,28.98,False
16,2018-02-17,5.5200000000000005,False
17,2018-02-18,3.68,False
18,2018-02-19,10.120000000000001,False
19,2018-02-20,21.16,False
20,2018-02-21,20.7,False
21,2018-02-22,22.080000000000002,False
22,2018-02-23,23.0,False
23,2018-02-24,8.74,False
24,2018-02-25,6.44,False
25,2018-02-26,19.78,False
26,2018-02-27,25.3,False
27,2018-02-28,25.3,False
0,2018-03-01,25.740000000000002,False
1,2018-03-02,28.470000000000002,False
2,2018-03-03,8.97,False
3,2018-03-04,4.29,False
4,2018-03-05,22.62,False
5,2018-03-06,24.18,False
6,2018-03-07,36.660000000000004,False
7,2018-03-08,33.93,False
8,2018-03-09,26.52,False
9,2018-03-10,10.530000000000001,False
10,2018-03-11,7.800000000000001,False
11,2018-03-12,27.69,False
12,2018-03-13,39.0,False
13,2018-03-14,37.83,False
14,2018-03-15,33.15,False
15,2018-03-16,27.3,False
16,2018-03-17,7.0200000000000005,False
17,2018-03-18,6.24,False
18,2018-03-19,25.740000000000002,False
19,2018-03-20,30.03,False
20,2018-03-21,24.18,False
21,2018-03-22,21.84,False
22,2018-03-23,26.130000000000003,False
23,2018-03-24,10.14,False
24,2018-03-25,5.07,False
25,2018-03-26,30.42,False
26,2018-03-27,35.49,False
27,2018-03-28,33.15,False
28,2018-03-29,30.42,False
29,2018-03-30,15.600000000000001,False
30,2018-03-31,5.46,False
0,2018-04-01,3.15,False
1,2018-04-02,17.1,False
2,2018-04-03,18.0,False
3,2018-04-04,19.8,False
4,2018-04-05,19.8,False
5,2018-04-06,16.650000000000002,False
6,2018-04-07,3.6,False
7,2018-04-08,3.15,False
8,2018-04-09,14.85,False
9,2018-04-10,16.650000000000002,False
10,2018-04-11,14.4,False
11,2018-04-12,12.15,False
12,2018-04-13,14.4,False
13,2018-04-14,6.3,False
14,2018-04-15,2.7,False
15,2018-04-16,13.950000000000001,False
16,2018-04-17,16.2,False
17,2018-04-18,17.55,False
18,2018-04-19,17.1,False
19,2018-04-20,17.1,False
20,2018-04-21,3.15,False
21,2018-04-22,4.05,False
22,2018-04-23,16.650000000000002,False
23,2018-04-24,16.2,False
24,2018-04-25,32.4,False
25,2018-04-26,45.0,False
26,2018-04-27,31.5,False
27,2018-04-28,8.55,False
28,2018-04-29,4.5,False
29,2018-04-30,19.8,False
0,2018-05-01,33.54,False
1,2018-05-02,28.81,False
2,2018-05-03,24.08,False
3,2018-05-04,26.66,False
4,2018-05-05,10.32,False
5,2018-05-06,5.16,False
6,2018-05-07,31.39,False
7,2018-05-08,28.81,False
8,2018-05-09,33.11,False
9,2018-05-10,37.41,False
10,2018-05-11,31.82,False
11,2018-05-12,7.31,False
12,2018-05-13,5.59,False
13,2018-05-14,29.24,False
14,2018-05-15,29.669999999999998,False
15,2018-05-16,37.41,False
16,2018-05-17,32.68,False
17,2018-05-18,43.0,False
18,2018-05-19,8.6,False
19,2018-05-20,8.17,False
20,2018-05-21,31.39,False
21,2018-05-22,31.39,False
22,2018-05-23,25.37,False
23,2018-05-24,30.96,False
24,2018-05-25,29.24,False
25,2018-05-26,9.89,False
26,2018-05-27,5.59,False
27,2018-05-28,9.03,False
28,2018-05-29,29.24,False
29,2018-05-30,30.96,False
30,2018-05-31,30.53,False
0,2018-06-01,35.4,False
1,2018-06-02,12.979999999999999,False
2,2018-06-03,7.08,False
3,2018-06-04,37.76,False
4,2018-06-05,35.4,False
5,2018-06-06,59.0,False
6,2018-06-07,53.099999999999994,False
7,2018-06-08,47.199999999999996,False
8,2018-06-09,13.569999999999999,False
9,2018-06-10,10.03,False
10,2018-06-11,42.48,False
11,2018-06-12,43.66,False
12,2018-06-13,47.199999999999996,False
13,2018-06-14,50.739999999999995,False
14,2018-06-15,43.66,False
15,2018-06-16,11.799999999999999,False
16,2018-06-17,5.8999999999999995,False
17,2018-06-18,47.199999999999996,False
18,2018-06-19,47.79,False
19,2018-06-20,44.25,False
20,2018-06-21,41.89,False
21,2018-06-22,37.169999999999995,False
22,2018-06-23,10.03,False
23,2018-06-24,7.08,False
24,2018-06-25,40.71,False
25,2018-06-26,34.809999999999995,False
26,2018-06-27,36.58,False
27,2018-06-28,30.09,False
28,2018-06-29,30.68,False
29,2018-06-30,8.85,False
0,2018-07-01,3.18,False
1,2018-07-02,12.72,False
2,2018-07-03,13.25,False
3,2018-07-04,5.83,False
4,2018-07-05,13.25,False
5,2018-07-06,18.55,False
6,2018-07-07,6.36,False
7,2018-07-08,2.6500000000000004,False
8,2018-07-09,16.96,False
9,2018-07-10,16.96,False
10,2018-07-11,15.370000000000001,False
11,2018-07-12,13.780000000000001,False
12,2018-07-13,15.370000000000001,False
13,2018-07-14,3.71,False
14,2018-07-15,2.6500000000000004,False
15,2018-07-16,16.43,False
16,2018-07-17,17.490000000000002,False
17,2018-07-18,15.370000000000001,False
18,2018-07-19,13.780000000000001,False
19,2018-07-20,13.780000000000001,False
20,2018-07-21,4.7700000000000005,False
21,2018-07-22,3.18,False
22,2018-07-23,16.96,False
23,2018-07-24,18.55,False
24,2018-07-25,34.45,False
25,2018-07-26,53.0,False
26,2018-07-27,45.050000000000004,False
27,2018-07-28,13.25,False
28,2018-07-29,7.42,False
29,2018-07-30,31.270000000000003,False
30,2018-07-31,31.8,False
0,2018-08-01,29.23,False
1,2018-08-02,28.44,False
2,2018-08-03,26.86,False
3,2018-08-04,7.11,False
4,2018-08-05,3.95,False
5,2018-08-06,29.23,False
6,2018-08-07,33.97,False
7,2018-08-08,26.86,False
8,2018-08-09,24.490000000000002,False
9,2018-08-10,23.700000000000003,False
10,2018-08-11,7.11,False
11,2018-08-12,4.74,False
12,2018-08-13,27.650000000000002,False
13,2018-08-14,30.810000000000002,False
14,2018-08-15,31.6,False
15,2018-08-16,28.44,False
16,2018-08-17,26.07,False
17,2018-08-18,7.11,False
18,2018-08-19,6.32,False
19,2018-08-20,22.91,False
20,2018-08-21,25.28,False
21,2018-08-22,32.39,False
22,2018-08-23,45.03,False
23,2018-08-24,60.040000000000006,False
24,2018-08-25,24.490000000000002,False
25,2018-08-26,14.22,False
26,2018-08-27,79.0,False
27,2018-08-28,74.26,False
28,2018-08-29,62.410000000000004,False
29,2018-08-30,45.03,False
30,2018-08-31,37.13,False
0,2018-09-01,10.0,False
1,2018-09-02,9.0,False
2,2018-09-03,9.0,False
3,2018-09-04,62.0,False
4,2018-09-05,78.0,False
5,2018-09-06,68.0,False
6,2018-09-07,50.0,False
7,2018-09-08,14.0,False
8,2018-09-09,10.0,False
9,2018-09-10,51.0,False
10,2018-09-11,68.0,False
11,2018-09-12,81.0,False
12,2018-09-13,100.0,False
13,2018-09-14,74.0,False
14,2018-09-15,21.0,False
15,2018-09-16,14.0,False
16,2018-09-17,55.0,False
17,2018-09-18,55.0,False
18,2018-09-19,46.0,False
19,2018-09-20,52.0,False
20,2018-09-21,51.0,False
21,2018-09-22,15.0,False
22,2018-09-23,9.0,False
23,2018-09-24,54.0,False
24,2018-09-25,51.0,False
25,2018-09-26,47.0,False
26,2018-09-27,45.0,False
27,2018-09-28,54.0,False
28,2018-09-29,16.0,False
29,2018-09-30,11.0,False
0,2018-10-01,42.24,False
1,2018-10-02,47.52,False
2,2018-10-03,59.84,False
3,2018-10-04,45.76,False
4,2018-10-05,39.6,False
5,2018-10-06,10.56,False
6,2018-10-07,9.68,False
7,2018-10-08,39.6,False
8,2018-10-09,39.6,False
9,2018-10-10,54.56,False
10,2018-10-11,49.28,False
11,2018-10-12,49.28,False
12,2018-10-13,13.2,False
13,2018-10-14,5.28,False
14,2018-10-15,35.2,False
15,2018-10-16,37.84,False
16,2018-10-17,39.6,False
17,2018-10-18,33.44,False
18,2018-10-19,43.12,False
19,2018-10-20,13.2,False
20,2018-10-21,7.92,False
21,2018-10-22,40.48,False
22,2018-10-23,46.64,False
23,2018-10-24,75.68,False
24,2018-10-25,88.0,False
25,2018-10-26,55.44,False
26,2018-10-27,14.08,False
27,2018-10-28,9.68,False
28,2018-10-29,38.72,False
29,2018-10-30,40.48,False
30,2018-10-31,41.36,False
0,2018-11-01,61.0,False
1,2018-11-02,56.12,False
2,2018-11-03,11.59,False
3,2018-11-04,10.37,False
4,2018-11-05,38.43,False
5,2018-11-06,56.12,False
6,2018-11-07,56.73,False
7,2018-11-08,55.51,False
8,2018-11-09,40.26,False
9,2018-11-10,8.54,False
10,2018-11-11,7.93,False
11,2018-11-12,35.99,False
12,2018-11-13,34.769999999999996,False
13,2018-11-14,47.58,False
14,2018-11-15,43.31,False
15,2018-11-16,48.19,False
16,2018-11-17,12.2,False
17,2018-11-18,7.93,False
18,2018-11-19,38.43,False
19,2018-11-20,45.14,False
20,2018-11-21,40.26,False
21,2018-11-22,12.2,False
22,2018-11-23,21.349999999999998,False
23,2018-11-24,14.03,False
24,2018-11-25,8.54,False
25,2018-11-26,35.38,False
26,2018-11-27,35.99,False
27,2018-11-28,39.65,False
28,2018-11-29,39.04,False
29,2018-11-30,27.45,False
0,2018-12-01,11.0,False
1,2018-12-02,8.5,False
2,2018-12-03,47.0,False
3,2018-12-04,50.0,False
4,2018-12-05,30.0,False
5,2018-12-06,46.0,False
6,2018-12-07,42.5,False
7,2018-12-08,15.0,False
8,2018-12-09,9.5,False
9,2018-12-10,38.0,False
10,2018-12-11,38.5,False
11,2018-12-12,39.0,False
12,2018-12-13,42.5,False
13,2018-12-14,35.0,False
14,2018-12-15,11.5,False
15,2018-12-16,7.0,False
16,2018-12-17,34.5,False
17,2018-12-18,38.5,False
18,2018-12-19,39.0,False
19,2018-12-20,38.5,False
20,2018-12-21,48.5,False
21,2018-12-22,16.5,False
22,2018-12-23,7.0,False
23,2018-12-24,31.0,False
24,2018-12-25,12.0,False
25,2018-12-26,37.5,False
26,2018-12-27,40.0,False
27,2018-12-28,37.0,False
28,2018-12-29,12.5,False
29,2018-12-30,7.5,False
30,2018-12-31,26.5,False
0,2019-01-01,10.05,False
1,2019-01-02,28.810000000000002,False
2,2019-01-03,36.85,False
3,2019-01-04,33.5,False
4,2019-01-05,8.71,False
5,2019-01-06,5.36,False
6,2019-01-07,32.830000000000005,False
7,2019-01-08,40.870000000000005,False
8,2019-01-09,52.260000000000005,False
9,2019-01-10,41.54,False
10,2019-01-11,30.150000000000002,False
11,2019-01-12,12.06,False
12,2019-01-13,6.03,False
13,2019-01-14,24.790000000000003,False
14,2019-01-15,28.14,False
15,2019-01-16,28.14,False
16,2019-01-17,22.78,False
17,2019-01-18,25.46,False
18,2019-01-19,5.36,False
19,2019-01-20,4.69,False
20,2019-01-21,11.39,False
21,2019-01-22,24.12,False
22,2019-01-23,22.78,False
23,2019-01-24,26.130000000000003,False
24,2019-01-25,28.810000000000002,False
25,2019-01-26,12.73,False
26,2019-01-27,7.37,False
27,2019-01-28,34.17,False
28,2019-01-29,53.6,False
29,2019-01-30,67.0,False
30,2019-01-31,56.95,False
0,2019-02-01,51.0,False
1,2019-02-02,14.790000000000001,False
2,2019-02-03,8.67,False
3,2019-02-04,40.29,False
4,2019-02-05,42.84,False
5,2019-02-06,42.84,False
6,2019-02-07,36.72,False
7,2019-02-08,31.11,False
8,2019-02-09,12.75,False
9,2019-02-10,7.65,False
10,2019-02-11,26.01,False
11,2019-02-12,30.6,False
12,2019-02-13,33.660000000000004,False
13,2019-02-14,34.17,False
14,2019-02-15,33.660000000000004,False
15,2019-02-16,10.71,False
16,2019-02-17,5.61,False
17,2019-02-18,11.22,False
18,2019-02-19,26.52,False
19,2019-02-20,30.09,False
20,2019-02-21,31.62,False
21,2019-02-22,27.54,False
22,2019-02-23,9.18,False
23,2019-02-24,5.61,False
24,2019-02-25,35.19,False
25,2019-02-26,31.62,False
26,2019-02-27,27.03,False
27,2019-02-28,30.09,False
0,2019-03-01,36.27,False
1,2019-03-02,10.92,False
2,2019-03-03,6.24,False
3,2019-03-04,28.86,False
4,2019-03-05,31.98,False
5,2019-03-06,39.0,False
6,2019-03-07,33.15,False
7,2019-03-08,28.470000000000002,False
8,2019-03-09,10.92,False
9,2019-03-10,7.800000000000001,False
10,2019-03-11,33.15,False
11,2019-03-12,37.050000000000004,False
12,2019-03-13,32.370000000000005,False
13,2019-03-14,34.32,False
14,2019-03-15,35.88,False
15,2019-03-16,8.58,False
16,2019-03-17,6.63,False
