,date,BA stock,isPartial
0,2012-01-01,0.0,False
1,2012-01-02,0.54,False
2,2012-01-03,0.99,False
3,2012-01-04,1.17,False
4,2012-01-05,3.0,False
5,2012-01-06,1.23,False
6,2012-01-07,0.6,False
7,2012-01-08,1.14,False
8,2012-01-09,1.29,False
9,2012-01-10,1.29,False
10,2012-01-11,0.96,False
11,2012-01-12,0.96,False
12,2012-01-13,1.02,False
13,2012-01-14,1.17,False
14,2012-01-15,0.87,False
15,2012-01-16,0.96,False
16,2012-01-17,1.26,False
17,2012-01-18,0.63,False
18,2012-01-19,0.8099999999999999,False
19,2012-01-20,0.6599999999999999,False
20,2012-01-21,0.87,False
21,2012-01-22,0.84,False
22,2012-01-23,1.41,False
23,2012-01-24,0.63,False
24,2012-01-25,1.68,False
25,2012-01-26,0.48,False
26,2012-01-27,0.99,False
27,2012-01-28,0.0,False
28,2012-01-29,0.0,False
29,2012-01-30,0.78,False
30,2012-01-31,1.56,False
0,2012-02-01,1.26,False
1,2012-02-02,1.52,False
2,2012-02-03,0.78,False
3,2012-02-04,1.36,False
4,2012-02-05,0.9,False
5,2012-02-06,1.52,False
6,2012-02-07,1.8800000000000001,False
7,2012-02-08,1.12,False
8,2012-02-09,1.02,False
9,2012-02-10,1.58,False
10,2012-02-11,1.3800000000000001,False
11,2012-02-12,0.88,False
12,2012-02-13,1.48,False
13,2012-02-14,1.9000000000000001,False
14,2012-02-15,1.78,False
15,2012-02-16,0.76,False
16,2012-02-17,1.6,False
17,2012-02-18,0.92,False
18,2012-02-19,0.92,False
19,2012-02-20,1.3,False
20,2012-02-21,1.3,False
21,2012-02-22,1.26,False
22,2012-02-23,1.52,False
23,2012-02-24,0.78,False
24,2012-02-25,1.3800000000000001,False
25,2012-02-26,0.0,False
26,2012-02-27,2.0,False
27,2012-02-28,1.48,False
28,2012-02-29,1.5,False
0,2012-03-01,0.34,False
1,2012-03-02,1.06,False
2,2012-03-03,0.42,False
3,2012-03-04,2.0,False
4,2012-03-05,0.5,False
5,2012-03-06,0.8,False
6,2012-03-07,0.64,False
7,2012-03-08,1.0,False
8,2012-03-09,0.68,False
9,2012-03-10,0.98,False
10,2012-03-11,0.38,False
11,2012-03-12,0.96,False
12,2012-03-13,0.48,False
13,2012-03-14,0.48,False
14,2012-03-15,0.0,False
15,2012-03-16,0.34,False
16,2012-03-17,0.4,False
17,2012-03-18,0.38,False
18,2012-03-19,0.32,False
19,2012-03-20,0.98,False
20,2012-03-21,0.32,False
21,2012-03-22,0.34,False
22,2012-03-23,0.34,False
23,2012-03-24,0.8200000000000001,False
24,2012-03-25,0.4,False
25,2012-03-26,0.64,False
26,2012-03-27,0.64,False
27,2012-03-28,0.0,False
28,2012-03-29,0.5,False
29,2012-03-30,0.7000000000000001,False
30,2012-03-31,0.0,False
0,2012-04-01,0.58,False
1,2012-04-02,1.1400000000000001,False
2,2012-04-03,0.8,False
3,2012-04-04,0.74,False
4,2012-04-05,0.0,False
5,2012-04-06,0.56,False
6,2012-04-07,0.6,False
7,2012-04-08,0.0,False
8,2012-04-09,0.58,False
9,2012-04-10,1.16,False
10,2012-04-11,0.72,False
11,2012-04-12,1.94,False
12,2012-04-13,0.86,False
13,2012-04-14,0.58,False
14,2012-04-15,0.58,False
15,2012-04-16,0.7000000000000001,False
16,2012-04-17,1.1,False
17,2012-04-18,0.64,False
18,2012-04-19,1.12,False
19,2012-04-20,1.52,False
20,2012-04-21,0.58,False
21,2012-04-22,0.56,False
22,2012-04-23,0.62,False
23,2012-04-24,1.26,False
24,2012-04-25,1.12,False
25,2012-04-26,1.6,False
26,2012-04-27,0.76,False
27,2012-04-28,0.6,False
28,2012-04-29,0.58,False
29,2012-04-30,2.0,False
0,2012-05-01,0.34,False
1,2012-05-02,0.8,False
2,2012-05-03,0.96,False
3,2012-05-04,0.34,False
4,2012-05-05,0.38,False
5,2012-05-06,0.38,False
6,2012-05-07,0.9400000000000001,False
7,2012-05-08,0.62,False
8,2012-05-09,0.9400000000000001,False
9,2012-05-10,0.48,False
10,2012-05-11,2.0,False
11,2012-05-12,0.0,False
12,2012-05-13,0.58,False
13,2012-05-14,0.78,False
14,2012-05-15,0.9400000000000001,False
15,2012-05-16,0.46,False
16,2012-05-17,0.5,False
17,2012-05-18,0.5,False
18,2012-05-19,0.4,False
19,2012-05-20,0.4,False
20,2012-05-21,0.62,False
21,2012-05-22,0.32,False
22,2012-05-23,0.96,False
23,2012-05-24,0.98,False
24,2012-05-25,0.68,False
25,2012-05-26,0.0,False
26,2012-05-27,0.0,False
27,2012-05-28,0.34,False
28,2012-05-29,0.46,False
29,2012-05-30,0.32,False
30,2012-05-31,0.62,False
0,2012-06-01,0.84,False
1,2012-06-02,0.66,False
2,2012-06-03,0.64,False
3,2012-06-04,0.52,False
4,2012-06-05,1.32,False
5,2012-06-06,1.06,False
6,2012-06-07,0.54,False
7,2012-06-08,0.84,False
8,2012-06-09,0.66,False
9,2012-06-10,0.86,False
10,2012-06-11,1.04,False
11,2012-06-12,1.82,False
12,2012-06-13,1.06,False
13,2012-06-14,1.06,False
14,2012-06-15,0.74,False
15,2012-06-16,0.66,False
16,2012-06-17,2.0,False
17,2012-06-18,0.52,False
18,2012-06-19,0.7000000000000001,False
19,2012-06-20,0.8,False
20,2012-06-21,1.08,False
21,2012-06-22,1.96,False
22,2012-06-23,0.68,False
23,2012-06-24,0.66,False
24,2012-06-25,1.04,False
25,2012-06-26,1.06,False
26,2012-06-27,1.34,False
27,2012-06-28,1.08,False
28,2012-06-29,1.1400000000000001,False
29,2012-06-30,0.68,False
0,2012-07-01,0.92,False
1,2012-07-02,0.5,False
2,2012-07-03,0.98,False
3,2012-07-04,0.7000000000000001,False
4,2012-07-05,0.78,False
5,2012-07-06,0.7000000000000001,False
6,2012-07-07,0.0,False
7,2012-07-08,0.62,False
8,2012-07-09,0.66,False
9,2012-07-10,0.48,False
10,2012-07-11,2.0,False
11,2012-07-12,0.76,False
12,2012-07-13,0.52,False
13,2012-07-14,0.62,False
14,2012-07-15,0.92,False
15,2012-07-16,0.5,False
16,2012-07-17,0.5,False
17,2012-07-18,1.0,False
18,2012-07-19,1.26,False
19,2012-07-20,0.8,False
20,2012-07-21,0.0,False
21,2012-07-22,0.0,False
22,2012-07-23,0.66,False
23,2012-07-24,0.5,False
24,2012-07-25,1.28,False
25,2012-07-26,0.84,False
26,2012-07-27,1.06,False
27,2012-07-28,0.9400000000000001,False
28,2012-07-29,0.62,False
29,2012-07-30,0.8200000000000001,False
30,2012-07-31,1.0,False
0,2012-08-01,0.5,False
1,2012-08-02,1.98,False
2,2012-08-03,1.04,False
3,2012-08-04,1.24,False
4,2012-08-05,0.6,False
5,2012-08-06,0.48,False
6,2012-08-07,0.98,False
7,2012-08-08,0.5,False
8,2012-08-09,2.0,False
9,2012-08-10,1.3,False
10,2012-08-11,1.22,False
11,2012-08-12,0.0,False
12,2012-08-13,1.0,False
13,2012-08-14,0.74,False
14,2012-08-15,0.5,False
15,2012-08-16,0.5,False
16,2012-08-17,0.52,False
17,2012-08-18,1.24,False
18,2012-08-19,0.62,False
19,2012-08-20,1.52,False
20,2012-08-21,0.5,False
21,2012-08-22,0.0,False
22,2012-08-23,1.0,False
23,2012-08-24,0.78,False
24,2012-08-25,0.6,False
25,2012-08-26,1.16,False
26,2012-08-27,0.72,False
27,2012-08-28,0.72,False
28,2012-08-29,0.96,False
29,2012-08-30,0.98,False
30,2012-08-31,1.24,False
0,2012-09-01,1.42,False
1,2012-09-02,0.0,False
2,2012-09-03,0.88,False
3,2012-09-04,0.86,False
4,2012-09-05,0.56,False
5,2012-09-06,1.16,False
6,2012-09-07,0.6,False
7,2012-09-08,0.0,False
8,2012-09-09,0.0,False
9,2012-09-10,0.84,False
10,2012-09-11,0.56,False
11,2012-09-12,0.84,False
12,2012-09-13,2.0,False
13,2012-09-14,0.88,False
14,2012-09-15,0.0,False
15,2012-09-16,0.0,False
16,2012-09-17,0.0,False
17,2012-09-18,1.68,False
18,2012-09-19,1.12,False
19,2012-09-20,1.42,False
20,2012-09-21,0.88,False
21,2012-09-22,0.68,False
22,2012-09-23,1.0,False
23,2012-09-24,0.56,False
24,2012-09-25,1.3800000000000001,False
25,2012-09-26,1.12,False
26,2012-09-27,0.0,False
27,2012-09-28,0.6,False
28,2012-09-29,0.0,False
29,2012-09-30,0.66,False
0,2012-10-01,1.02,False
1,2012-10-02,0.76,False
2,2012-10-03,1.04,False
3,2012-10-04,0.68,False
4,2012-10-05,0.8,False
5,2012-10-06,1.22,False
6,2012-10-07,0.9,False
7,2012-10-08,2.0,False
8,2012-10-09,1.82,False
9,2012-10-10,0.66,False
10,2012-10-11,1.52,False
11,2012-10-12,1.58,False
12,2012-10-13,0.6,False
13,2012-10-14,0.58,False
14,2012-10-15,1.24,False
15,2012-10-16,1.48,False
16,2012-10-17,0.5,False
17,2012-10-18,1.0,False
18,2012-10-19,1.04,False
19,2012-10-20,0.6,False
20,2012-10-21,0.58,False
21,2012-10-22,1.48,False
22,2012-10-23,1.3,False
23,2012-10-24,1.98,False
24,2012-10-25,0.68,False
25,2012-10-26,0.52,False
26,2012-10-27,1.52,False
27,2012-10-28,0.0,False
28,2012-10-29,0.64,False
29,2012-10-30,0.48,False
30,2012-10-31,0.84,False
0,2012-11-01,1.05,False
1,2012-11-02,0.54,False
2,2012-11-03,0.8999999999999999,False
3,2012-11-04,0.6,False
4,2012-11-05,0.48,False
5,2012-11-06,1.47,False
6,2012-11-07,1.2,False
7,2012-11-08,1.26,False
8,2012-11-09,0.54,False
9,2012-11-10,0.6,False
10,2012-11-11,1.17,False
11,2012-11-12,3.0,False
12,2012-11-13,0.51,False
13,2012-11-14,1.5,False
14,2012-11-15,1.02,False
15,2012-11-16,1.56,False
16,2012-11-17,1.17,False
17,2012-11-18,0.57,False
18,2012-11-19,1.98,False
19,2012-11-20,0.99,False
20,2012-11-21,0.51,False
21,2012-11-22,0.51,False
22,2012-11-23,1.05,False
23,2012-11-24,0.6,False
24,2012-11-25,0.0,False
25,2012-11-26,0.48,False
26,2012-11-27,0.72,False
27,2012-11-28,1.44,False
28,2012-11-29,0.48,False
29,2012-11-30,1.02,False
0,2012-12-01,0.7000000000000001,False
1,2012-12-02,0.0,False
2,2012-12-03,0.76,False
3,2012-12-04,1.52,False
4,2012-12-05,0.96,False
5,2012-12-06,1.48,False
6,2012-12-07,0.8200000000000001,False
7,2012-12-08,1.06,False
8,2012-12-09,0.66,False
9,2012-12-10,2.0,False
10,2012-12-11,1.16,False
11,2012-12-12,1.16,False
12,2012-12-13,0.58,False
13,2012-12-14,1.2,False
14,2012-12-15,1.04,False
15,2012-12-16,0.68,False
16,2012-12-17,1.34,False
17,2012-12-18,0.58,False
18,2012-12-19,0.6,False
19,2012-12-20,1.0,False
20,2012-12-21,1.28,False
21,2012-12-22,1.08,False
22,2012-12-23,0.74,False
23,2012-12-24,1.46,False
24,2012-12-25,0.78,False
25,2012-12-26,0.66,False
26,2012-12-27,1.6600000000000001,False
27,2012-12-28,0.96,False
28,2012-12-29,1.4000000000000001,False
29,2012-12-30,0.72,False
30,2012-12-31,0.96,False
0,2013-01-01,0.76,False
1,2013-01-02,1.44,False
2,2013-01-03,1.2,False
3,2013-01-04,0.36,False
4,2013-01-05,0.4,False
5,2013-01-06,0.52,False
6,2013-01-07,0.68,False
7,2013-01-08,0.88,False
8,2013-01-09,1.32,False
9,2013-01-10,1.36,False
10,2013-01-11,1.04,False
11,2013-01-12,0.4,False
12,2013-01-13,0.76,False
13,2013-01-14,1.08,False
14,2013-01-15,0.56,False
15,2013-01-16,2.96,False
16,2013-01-17,4.0,False
17,2013-01-18,1.16,False
18,2013-01-19,0.96,False
19,2013-01-20,0.76,False
20,2013-01-21,0.96,False
21,2013-01-22,1.4000000000000001,False
22,2013-01-23,1.2,False
23,2013-01-24,0.76,False
24,2013-01-25,1.16,False
25,2013-01-26,0.4,False
26,2013-01-27,0.4,False
27,2013-01-28,0.52,False
28,2013-01-29,0.64,False
29,2013-01-30,2.48,False
30,2013-01-31,0.76,False
0,2013-02-01,1.23,False
1,2013-02-02,0.9299999999999999,False
2,2013-02-03,0.69,False
3,2013-02-04,1.74,False
4,2013-02-05,1.74,False
5,2013-02-06,1.3499999999999999,False
6,2013-02-07,2.16,False
7,2013-02-08,1.41,False
8,2013-02-09,0.69,False
9,2013-02-10,1.05,False
10,2013-02-11,1.17,False
11,2013-02-12,0.99,False
12,2013-02-13,0.57,False
13,2013-02-14,1.7999999999999998,False
14,2013-02-15,0.9299999999999999,False
15,2013-02-16,0.69,False
16,2013-02-17,1.3499999999999999,False
17,2013-02-18,1.14,False
18,2013-02-19,1.3499999999999999,False
19,2013-02-20,1.3499999999999999,False
20,2013-02-21,1.3499999999999999,False
21,2013-02-22,1.41,False
22,2013-02-23,1.5899999999999999,False
23,2013-02-24,0.6599999999999999,False
24,2013-02-25,0.9299999999999999,False
25,2013-02-26,3.0,False
26,2013-02-27,1.71,False
27,2013-02-28,1.74,False
0,2013-03-01,1.3199999999999998,False
1,2013-03-02,2.6399999999999997,False
2,2013-03-03,1.14,False
3,2013-03-04,2.31,False
4,2013-03-05,1.26,False
5,2013-03-06,2.31,False
6,2013-03-07,3.0,False
7,2013-03-08,2.6399999999999997,False
8,2013-03-09,0.75,False
9,2013-03-10,1.47,False
10,2013-03-11,1.8599999999999999,False
11,2013-03-12,2.46,False
12,2013-03-13,2.25,False
13,2013-03-14,1.68,False
14,2013-03-15,1.29,False
15,2013-03-16,1.1099999999999999,False
16,2013-03-17,0.72,False
17,2013-03-18,2.9099999999999997,False
18,2013-03-19,1.65,False
19,2013-03-20,2.73,False
20,2013-03-21,2.34,False
21,2013-03-22,0.99,False
22,2013-03-23,1.74,False
23,2013-03-24,0.75,False
24,2013-03-25,2.28,False
25,2013-03-26,2.52,False
26,2013-03-27,1.74,False
27,2013-03-28,2.2199999999999998,False
28,2013-03-29,1.44,False
29,2013-03-30,1.29,False
30,2013-03-31,0.8099999999999999,False
0,2013-04-01,1.23,False
1,2013-04-02,1.53,False
2,2013-04-03,1.74,False
3,2013-04-04,0.96,False
4,2013-04-05,1.41,False
5,2013-04-06,1.05,False
6,2013-04-07,1.14,False
7,2013-04-08,1.71,False
8,2013-04-09,2.1,False
9,2013-04-10,1.92,False
10,2013-04-11,2.52,False
11,2013-04-12,1.53,False
12,2013-04-13,1.17,False
13,2013-04-14,0.69,False
14,2013-04-15,0.96,False
15,2013-04-16,1.74,False
16,2013-04-17,1.17,False
17,2013-04-18,0.99,False
18,2013-04-19,1.2,False
19,2013-04-20,2.1,False
20,2013-04-21,0.69,False
21,2013-04-22,1.74,False
22,2013-04-23,1.53,False
23,2013-04-24,2.94,False
24,2013-04-25,3.0,False
25,2013-04-26,1.8299999999999998,False
26,2013-04-27,1.38,False
27,2013-04-28,1.41,False
28,2013-04-29,1.92,False
29,2013-04-30,1.77,False
0,2013-05-01,1.6,False
1,2013-05-02,1.52,False
2,2013-05-03,2.32,False
3,2013-05-04,0.92,False
4,2013-05-05,0.0,False
5,2013-05-06,2.24,False
6,2013-05-07,2.2,False
7,2013-05-08,2.6,False
8,2013-05-09,1.16,False
9,2013-05-10,1.56,False
10,2013-05-11,1.8,False
11,2013-05-12,2.64,False
12,2013-05-13,1.44,False
13,2013-05-14,4.0,False
14,2013-05-15,0.72,False
15,2013-05-16,1.12,False
16,2013-05-17,1.56,False
17,2013-05-18,1.8,False
18,2013-05-19,2.2,False
19,2013-05-20,3.3200000000000003,False
20,2013-05-21,1.44,False
21,2013-05-22,2.92,False
22,2013-05-23,2.92,False
23,2013-05-24,2.32,False
24,2013-05-25,2.64,False
25,2013-05-26,0.88,False
26,2013-05-27,0.76,False
27,2013-05-28,3.2,False
28,2013-05-29,3.24,False
29,2013-05-30,2.6,False
30,2013-05-31,1.56,False
0,2013-06-01,1.84,False
1,2013-06-02,0.6,False
2,2013-06-03,2.0,False
3,2013-06-04,1.28,False
4,2013-06-05,2.0,False
5,2013-06-06,2.04,False
6,2013-06-07,0.8,False
7,2013-06-08,0.92,False
8,2013-06-09,0.6,False
9,2013-06-10,1.24,False
10,2013-06-11,2.72,False
11,2013-06-12,2.04,False
12,2013-06-13,1.8,False
13,2013-06-14,1.6,False
14,2013-06-15,0.64,False
15,2013-06-16,0.64,False
16,2013-06-17,1.52,False
17,2013-06-18,2.04,False
18,2013-06-19,2.56,False
19,2013-06-20,1.8,False
20,2013-06-21,2.72,False
21,2013-06-22,0.92,False
22,2013-06-23,0.6,False
23,2013-06-24,1.76,False
24,2013-06-25,4.0,False
25,2013-06-26,1.52,False
26,2013-06-27,1.8,False
27,2013-06-28,1.8800000000000001,False
28,2013-06-29,0.64,False
29,2013-06-30,0.0,False
0,2013-07-01,0.8999999999999999,False
1,2013-07-02,2.4,False
2,2013-07-03,1.14,False
3,2013-07-04,1.2,False
4,2013-07-05,1.6199999999999999,False
5,2013-07-06,0.96,False
6,2013-07-07,1.38,False
7,2013-07-08,3.0,False
8,2013-07-09,0.96,False
9,2013-07-10,1.5,False
10,2013-07-11,2.1,False
11,2013-07-12,6.0,False
12,2013-07-13,1.6199999999999999,False
13,2013-07-14,1.38,False
14,2013-07-15,1.8599999999999999,False
15,2013-07-16,2.46,False
16,2013-07-17,3.2399999999999998,False
17,2013-07-18,1.92,False
18,2013-07-19,1.98,False
19,2013-07-20,0.72,False
20,2013-07-21,0.48,False
21,2013-07-22,2.6399999999999997,False
22,2013-07-23,1.3199999999999998,False
23,2013-07-24,2.6999999999999997,False
24,2013-07-25,2.1,False
25,2013-07-26,1.2,False
26,2013-07-27,0.8999999999999999,False
27,2013-07-28,1.14,False
28,2013-07-29,1.68,False
29,2013-07-30,1.3199999999999998,False
30,2013-07-31,2.46,False
0,2013-08-01,3.2,False
1,2013-08-02,2.68,False
2,2013-08-03,2.04,False
3,2013-08-04,1.16,False
4,2013-08-05,2.12,False
5,2013-08-06,2.52,False
6,2013-08-07,2.32,False
7,2013-08-08,2.16,False
8,2013-08-09,2.24,False
9,2013-08-10,0.76,False
10,2013-08-11,0.76,False
11,2013-08-12,2.08,False
12,2013-08-13,2.72,False
13,2013-08-14,1.48,False
14,2013-08-15,4.0,False
15,2013-08-16,2.24,False
16,2013-08-17,1.52,False
17,2013-08-18,0.76,False
18,2013-08-19,1.68,False
19,2013-08-20,2.04,False
20,2013-08-21,1.84,False
21,2013-08-22,2.32,False
22,2013-08-23,2.6,False
23,2013-08-24,1.0,False
24,2013-08-25,0.72,False
25,2013-08-26,2.6,False
26,2013-08-27,2.0,False
27,2013-08-28,1.6,False
28,2013-08-29,2.44,False
29,2013-08-30,2.32,False
30,2013-08-31,1.12,False
0,2013-09-01,2.52,False
1,2013-09-02,0.92,False
2,2013-09-03,0.8,False
3,2013-09-04,2.44,False
4,2013-09-05,1.24,False
5,2013-09-06,1.92,False
6,2013-09-07,1.48,False
7,2013-09-08,0.72,False
8,2013-09-09,1.6,False
9,2013-09-10,1.56,False
10,2013-09-11,1.6,False
11,2013-09-12,3.4,False
12,2013-09-13,2.72,False
13,2013-09-14,1.92,False
14,2013-09-15,0.68,False
15,2013-09-16,3.7600000000000002,False
16,2013-09-17,3.96,False
17,2013-09-18,3.2,False
18,2013-09-19,3.0,False
19,2013-09-20,2.52,False
20,2013-09-21,1.44,False
21,2013-09-22,1.16,False
22,2013-09-23,4.0,False
23,2013-09-24,3.96,False
24,2013-09-25,2.2,False
25,2013-09-26,2.84,False
26,2013-09-27,2.52,False
27,2013-09-28,1.44,False
28,2013-09-29,0.68,False
29,2013-09-30,1.76,False
0,2013-10-01,2.35,False
1,2013-10-02,3.0,False
2,2013-10-03,1.85,False
3,2013-10-04,0.65,False
4,2013-10-05,2.85,False
5,2013-10-06,0.0,False
6,2013-10-07,1.2000000000000002,False
7,2013-10-08,2.4000000000000004,False
8,2013-10-09,1.8,False
9,2013-10-10,4.25,False
10,2013-10-11,1.9000000000000001,False
11,2013-10-12,1.1,False
12,2013-10-13,1.1,False
13,2013-10-14,2.15,False
14,2013-10-15,1.8,False
15,2013-10-16,3.0500000000000003,False
16,2013-10-17,3.4000000000000004,False
17,2013-10-18,3.8000000000000003,False
18,2013-10-19,1.4500000000000002,False
19,2013-10-20,1.4000000000000001,False
20,2013-10-21,2.6500000000000004,False
21,2013-10-22,2.35,False
22,2013-10-23,5.0,False
23,2013-10-24,4.5,False
24,2013-10-25,4.3500000000000005,False
25,2013-10-26,2.15,False
26,2013-10-27,1.4000000000000001,False
27,2013-10-28,2.9000000000000004,False
28,2013-10-29,2.95,False
29,2013-10-30,1.5,False
30,2013-10-31,4.0,False
0,2013-11-01,6.0,False
1,2013-11-02,2.4,False
2,2013-11-03,0.0,False
3,2013-11-04,2.58,False
4,2013-11-05,1.98,False
5,2013-11-06,2.88,False
6,2013-11-07,5.22,False
7,2013-11-08,4.2,False
8,2013-11-09,2.76,False
9,2013-11-10,1.02,False
10,2013-11-11,1.74,False
11,2013-11-12,3.7199999999999998,False
12,2013-11-13,1.98,False
13,2013-11-14,4.08,False
14,2013-11-15,3.36,False
15,2013-11-16,1.68,False
16,2013-11-17,1.02,False
17,2013-11-18,4.8,False
18,2013-11-19,3.36,False
19,2013-11-20,2.82,False
20,2013-11-21,4.32,False
21,2013-11-22,4.4399999999999995,False
22,2013-11-23,1.3199999999999998,False
23,2013-11-24,1.3199999999999998,False
24,2013-11-25,2.2199999999999998,False
25,2013-11-26,2.82,False
26,2013-11-27,3.42,False
27,2013-11-28,0.8999999999999999,False
28,2013-11-29,2.46,False
29,2013-11-30,2.04,False
0,2013-12-01,1.35,False
1,2013-12-02,2.6,False
2,2013-12-03,3.85,False
3,2013-12-04,2.35,False
4,2013-12-05,2.4000000000000004,False
5,2013-12-06,1.25,False
6,2013-12-07,1.8,False
7,2013-12-08,1.75,False
8,2013-12-09,5.0,False
9,2013-12-10,3.5500000000000003,False
10,2013-12-11,3.0,False
11,2013-12-12,2.8000000000000003,False
12,2013-12-13,1.6,False
13,2013-12-14,1.8,False
14,2013-12-15,1.1,False
15,2013-12-16,3.0500000000000003,False
16,2013-12-17,4.65,False
17,2013-12-18,4.05,False
18,2013-12-19,4.800000000000001,False
19,2013-12-20,3.6500000000000004,False
20,2013-12-21,1.85,False
21,2013-12-22,1.9000000000000001,False
22,2013-12-23,3.0500000000000003,False
23,2013-12-24,2.2,False
24,2013-12-25,1.6500000000000001,False
25,2013-12-26,4.8500000000000005,False
26,2013-12-27,4.7,False
27,2013-12-28,2.2,False
28,2013-12-29,0.75,False
29,2013-12-30,2.3000000000000003,False
30,2013-12-31,2.5500000000000003,False
0,2014-01-01,0.78,False
1,2014-01-02,3.2399999999999998,False
2,2014-01-03,3.1799999999999997,False
3,2014-01-04,1.38,False
4,2014-01-05,2.1,False
5,2014-01-06,2.88,False
6,2014-01-07,3.78,False
7,2014-01-08,3.42,False
8,2014-01-09,4.2,False
9,2014-01-10,4.14,False
10,2014-01-11,1.08,False
11,2014-01-12,1.14,False
12,2014-01-13,2.34,False
13,2014-01-14,2.16,False
14,2014-01-15,5.7,False
15,2014-01-16,4.02,False
16,2014-01-17,2.88,False
17,2014-01-18,0.96,False
18,2014-01-19,1.38,False
19,2014-01-20,2.34,False
20,2014-01-21,4.32,False
21,2014-01-22,4.26,False
22,2014-01-23,3.54,False
23,2014-01-24,5.7,False
24,2014-01-25,1.02,False
25,2014-01-26,1.38,False
26,2014-01-27,3.48,False
27,2014-01-28,4.02,False
28,2014-01-29,5.279999999999999,False
29,2014-01-30,6.0,False
30,2014-01-31,3.9,False
0,2014-02-01,1.8599999999999999,False
1,2014-02-02,0.6,False
2,2014-02-03,5.46,False
3,2014-02-04,6.0,False
4,2014-02-05,4.4399999999999995,False
5,2014-02-06,4.32,False
6,2014-02-07,5.64,False
7,2014-02-08,3.06,False
8,2014-02-09,0.8999999999999999,False
9,2014-02-10,3.84,False
10,2014-02-11,4.38,False
11,2014-02-12,6.0,False
12,2014-02-13,2.6399999999999997,False
13,2014-02-14,5.76,False
14,2014-02-15,1.8599999999999999,False
15,2014-02-16,1.5,False
16,2014-02-17,2.34,False
17,2014-02-18,2.82,False
18,2014-02-19,2.34,False
19,2014-02-20,3.42,False
20,2014-02-21,2.46,False
21,2014-02-22,1.7999999999999998,False
22,2014-02-23,1.26,False
23,2014-02-24,2.82,False
24,2014-02-25,3.5999999999999996,False
25,2014-02-26,4.38,False
26,2014-02-27,3.12,False
27,2014-02-28,3.3,False
0,2014-03-01,1.56,False
1,2014-03-02,2.34,False
2,2014-03-03,4.02,False
3,2014-03-04,5.46,False
4,2014-03-05,4.02,False
5,2014-03-06,2.6999999999999997,False
6,2014-03-07,5.64,False
7,2014-03-08,2.34,False
8,2014-03-09,1.2,False
9,2014-03-10,6.0,False
10,2014-03-11,3.5999999999999996,False
11,2014-03-12,4.68,False
12,2014-03-13,4.38,False
13,2014-03-14,3.12,False
14,2014-03-15,1.6199999999999999,False
15,2014-03-16,1.56,False
16,2014-03-17,1.98,False
17,2014-03-18,1.98,False
18,2014-03-19,3.6599999999999997,False
19,2014-03-20,2.04,False
20,2014-03-21,3.84,False
21,2014-03-22,1.98,False
22,2014-03-23,0.0,False
23,2014-03-24,1.98,False
24,2014-03-25,5.22,False
25,2014-03-26,2.6399999999999997,False
26,2014-03-27,2.34,False
27,2014-03-28,3.78,False
28,2014-03-29,1.56,False
29,2014-03-30,0.78,False
30,2014-03-31,1.98,False
0,2014-04-01,2.4,False
1,2014-04-02,2.96,False
2,2014-04-03,1.8800000000000001,False
3,2014-04-04,3.08,False
4,2014-04-05,0.64,False
5,2014-04-06,0.64,False
6,2014-04-07,3.16,False
7,2014-04-08,2.4,False
8,2014-04-09,1.8800000000000001,False
9,2014-04-10,3.2800000000000002,False
10,2014-04-11,4.0,False
11,2014-04-12,1.6400000000000001,False
12,2014-04-13,1.28,False
13,2014-04-14,3.24,False
14,2014-04-15,2.4,False
15,2014-04-16,2.2,False
16,2014-04-17,2.6,False
17,2014-04-18,1.24,False
18,2014-04-19,2.04,False
19,2014-04-20,0.68,False
20,2014-04-21,3.7600000000000002,False
21,2014-04-22,1.32,False
22,2014-04-23,2.16,False
23,2014-04-24,3.0,False
24,2014-04-25,4.0,False
25,2014-04-26,0.64,False
26,2014-04-27,2.16,False
27,2014-04-28,2.92,False
28,2014-04-29,3.16,False
29,2014-04-30,3.2800000000000002,False
0,2014-05-01,2.84,False
1,2014-05-02,2.7600000000000002,False
2,2014-05-03,0.64,False
3,2014-05-04,1.08,False
4,2014-05-05,2.56,False
5,2014-05-06,2.0,False
6,2014-05-07,3.6,False
7,2014-05-08,2.4,False
8,2014-05-09,1.36,False
9,2014-05-10,1.52,False
10,2014-05-11,0.96,False
11,2014-05-12,3.2,False
12,2014-05-13,3.04,False
13,2014-05-14,4.0,False
14,2014-05-15,0.92,False
15,2014-05-16,1.12,False
16,2014-05-17,1.56,False
17,2014-05-18,1.96,False
18,2014-05-19,1.8,False
19,2014-05-20,2.72,False
20,2014-05-21,2.2,False
21,2014-05-22,2.2,False
22,2014-05-23,3.36,False
23,2014-05-24,2.2,False
24,2014-05-25,1.44,False
25,2014-05-26,0.64,False
26,2014-05-27,2.32,False
27,2014-05-28,2.0,False
28,2014-05-29,2.04,False
29,2014-05-30,3.6,False
30,2014-05-31,1.48,False
0,2014-06-01,1.44,False
1,2014-06-02,3.56,False
2,2014-06-03,3.12,False
3,2014-06-04,2.56,False
4,2014-06-05,3.64,False
5,2014-06-06,1.92,False
6,2014-06-07,1.48,False
7,2014-06-08,1.76,False
8,2014-06-09,2.64,False
9,2014-06-10,3.48,False
10,2014-06-11,4.0,False
11,2014-06-12,2.44,False
12,2014-06-13,2.08,False
13,2014-06-14,1.48,False
14,2014-06-15,0.72,False
15,2014-06-16,2.6,False
16,2014-06-17,2.4,False
17,2014-06-18,3.04,False
18,2014-06-19,2.68,False
19,2014-06-20,3.44,False
20,2014-06-21,0.76,False
21,2014-06-22,0.72,False
22,2014-06-23,1.84,False
23,2014-06-24,3.2,False
24,2014-06-25,2.2,False
25,2014-06-26,2.24,False
26,2014-06-27,2.8000000000000003,False
27,2014-06-28,1.76,False
28,2014-06-29,0.72,False
29,2014-06-30,1.84,False
0,2014-07-01,1.75,False
1,2014-07-02,1.0,False
2,2014-07-03,2.0,False
3,2014-07-04,1.05,False
4,2014-07-05,0.7000000000000001,False
5,2014-07-06,0.7000000000000001,False
6,2014-07-07,0.9500000000000001,False
7,2014-07-08,1.1500000000000001,False
8,2014-07-09,0.9500000000000001,False
9,2014-07-10,1.4000000000000001,False
10,2014-07-11,1.6,False
11,2014-07-12,0.45,False
12,2014-07-13,0.45,False
13,2014-07-14,2.7,False
14,2014-07-15,0.9500000000000001,False
15,2014-07-16,1.4000000000000001,False
16,2014-07-17,1.75,False
17,2014-07-18,0.6000000000000001,False
18,2014-07-19,0.5,False
19,2014-07-20,0.0,False
20,2014-07-21,0.8,False
21,2014-07-22,2.3000000000000003,False
22,2014-07-23,5.0,False
23,2014-07-24,2.0,False
24,2014-07-25,2.5,False
25,2014-07-26,0.7000000000000001,False
26,2014-07-27,1.4500000000000002,False
27,2014-07-28,1.6,False
28,2014-07-29,2.5500000000000003,False
29,2014-07-30,2.15,False
30,2014-07-31,2.4000000000000004,False
0,2014-08-01,3.4,False
1,2014-08-02,1.4000000000000001,False
2,2014-08-03,1.0,False
3,2014-08-04,1.52,False
4,2014-08-05,2.84,False
5,2014-08-06,2.2,False
6,2014-08-07,4.0,False
7,2014-08-08,2.12,False
8,2014-08-09,0.8,False
9,2014-08-10,0.6,False
10,2014-08-11,1.68,False
11,2014-08-12,1.0,False
12,2014-08-13,2.48,False
13,2014-08-14,1.84,False
14,2014-08-15,3.52,False
15,2014-08-16,1.2,False
16,2014-08-17,1.8,False
17,2014-08-18,2.84,False
18,2014-08-19,2.48,False
19,2014-08-20,2.8000000000000003,False
20,2014-08-21,2.96,False
21,2014-08-22,1.72,False
22,2014-08-23,1.76,False
23,2014-08-24,1.16,False
24,2014-08-25,2.6,False
25,2014-08-26,1.76,False
26,2014-08-27,1.76,False
27,2014-08-28,2.44,False
28,2014-08-29,1.36,False
29,2014-08-30,0.8,False
30,2014-08-31,0.88,False
0,2014-09-01,1.2,False
1,2014-09-02,1.6400000000000001,False
2,2014-09-03,1.92,False
3,2014-09-04,0.96,False
4,2014-09-05,2.24,False
5,2014-09-06,1.16,False
6,2014-09-07,1.12,False
7,2014-09-08,2.88,False
8,2014-09-09,2.08,False
9,2014-09-10,1.8800000000000001,False
10,2014-09-11,1.44,False
11,2014-09-12,2.24,False
12,2014-09-13,0.84,False
13,2014-09-14,0.56,False
14,2014-09-15,1.8800000000000001,False
15,2014-09-16,4.0,False
16,2014-09-17,1.8800000000000001,False
17,2014-09-18,1.44,False
18,2014-09-19,3.96,False
19,2014-09-20,1.72,False
20,2014-09-21,0.56,False
21,2014-09-22,2.32,False
22,2014-09-23,2.12,False
23,2014-09-24,2.8000000000000003,False
24,2014-09-25,2.16,False
25,2014-09-26,2.0,False
26,2014-09-27,1.16,False
27,2014-09-28,0.84,False
28,2014-09-29,2.56,False
29,2014-09-30,2.56,False
0,2014-10-01,1.28,False
1,2014-10-02,1.28,False
2,2014-10-03,2.2800000000000002,False
3,2014-10-04,1.2,False
4,2014-10-05,0.76,False
5,2014-10-06,1.12,False
6,2014-10-07,2.52,False
7,2014-10-08,1.68,False
8,2014-10-09,1.28,False
9,2014-10-10,1.04,False
10,2014-10-11,1.0,False
11,2014-10-12,1.0,False
12,2014-10-13,2.2,False
13,2014-10-14,1.12,False
14,2014-10-15,1.8,False
15,2014-10-16,2.08,False
16,2014-10-17,2.04,False
17,2014-10-18,0.76,False
18,2014-10-19,0.48,False
19,2014-10-20,1.6400000000000001,False
20,2014-10-21,1.24,False
21,2014-10-22,4.0,False
22,2014-10-23,2.52,False
23,2014-10-24,1.6,False
24,2014-10-25,1.48,False
25,2014-10-26,0.64,False
26,2014-10-27,1.6400000000000001,False
27,2014-10-28,1.24,False
28,2014-10-29,1.6400000000000001,False
29,2014-10-30,1.96,False
30,2014-10-31,1.6400000000000001,False
0,2014-11-01,1.29,False
1,2014-11-02,1.23,False
2,2014-11-03,1.8599999999999999,False
3,2014-11-04,1.56,False
4,2014-11-05,2.61,False
5,2014-11-06,0.78,False
6,2014-11-07,2.4899999999999998,False
7,2014-11-08,1.23,False
8,2014-11-09,0.6,False
9,2014-11-10,2.61,False
10,2014-11-11,1.3199999999999998,False
11,2014-11-12,2.34,False
12,2014-11-13,1.05,False
13,2014-11-14,2.46,False
14,2014-11-15,1.8299999999999998,False
15,2014-11-16,0.6,False
16,2014-11-17,2.07,False
17,2014-11-18,1.68,False
18,2014-11-19,2.4299999999999997,False
19,2014-11-20,2.13,False
20,2014-11-21,3.0,False
21,2014-11-22,0.9299999999999999,False
22,2014-11-23,0.6,False
23,2014-11-24,2.58,False
24,2014-11-25,1.29,False
25,2014-11-26,2.61,False
26,2014-11-27,0.8099999999999999,False
27,2014-11-28,1.1099999999999999,False
28,2014-11-29,0.6,False
29,2014-11-30,1.2,False
0,2014-12-01,1.48,False
1,2014-12-02,1.24,False
2,2014-12-03,4.0,False
3,2014-12-04,1.0,False
4,2014-12-05,2.6,False
5,2014-12-06,1.2,False
6,2014-12-07,1.16,False
7,2014-12-08,1.0,False
8,2014-12-09,1.24,False
9,2014-12-10,2.7600000000000002,False
10,2014-12-11,1.76,False
11,2014-12-12,0.8,False
12,2014-12-13,0.6,False
13,2014-12-14,2.36,False
14,2014-12-15,1.76,False
15,2014-12-16,3.04,False
16,2014-12-17,1.56,False
17,2014-12-18,2.64,False
18,2014-12-19,1.92,False
19,2014-12-20,0.64,False
20,2014-12-21,0.92,False
21,2014-12-22,2.68,False
22,2014-12-23,3.3200000000000003,False
23,2014-12-24,3.08,False
24,2014-12-25,2.36,False
25,2014-12-26,1.48,False
26,2014-12-27,1.2,False
27,2014-12-28,2.12,False
28,2014-12-29,2.68,False
29,2014-12-30,2.2,False
30,2014-12-31,3.04,False
0,2015-01-01,0.8,False
1,2015-01-02,1.25,False
2,2015-01-03,0.6000000000000001,False
3,2015-01-04,1.1,False
4,2015-01-05,2.0500000000000003,False
5,2015-01-06,0.9,False
6,2015-01-07,1.1,False
7,2015-01-08,2.35,False
8,2015-01-09,2.5500000000000003,False
9,2015-01-10,0.45,False
10,2015-01-11,0.8500000000000001,False
11,2015-01-12,1.1,False
12,2015-01-13,1.7000000000000002,False
13,2015-01-14,1.85,False
14,2015-01-15,1.5,False
15,2015-01-16,1.4000000000000001,False
16,2015-01-17,0.45,False
17,2015-01-18,0.8500000000000001,False
18,2015-01-19,0.8500000000000001,False
19,2015-01-20,2.3000000000000003,False
20,2015-01-21,1.1,False
21,2015-01-22,1.9500000000000002,False
22,2015-01-23,1.35,False
23,2015-01-24,0.8500000000000001,False
24,2015-01-25,0.45,False
25,2015-01-26,1.55,False
26,2015-01-27,1.8,False
27,2015-01-28,4.1000000000000005,False
28,2015-01-29,5.0,False
29,2015-01-30,3.75,False
30,2015-01-31,1.7000000000000002,False
0,2015-02-01,0.0,False
1,2015-02-02,4.08,False
2,2015-02-03,4.62,False
3,2015-02-04,4.38,False
4,2015-02-05,3.48,False
5,2015-02-06,3.96,False
6,2015-02-07,2.76,False
7,2015-02-08,0.0,False
8,2015-02-09,3.78,False
9,2015-02-10,1.44,False
10,2015-02-11,3.48,False
11,2015-02-12,4.14,False
12,2015-02-13,4.26,False
13,2015-02-14,3.54,False
14,2015-02-15,1.02,False
15,2015-02-16,2.4,False
16,2015-02-17,2.6999999999999997,False
17,2015-02-18,3.54,False
18,2015-02-19,3.84,False
19,2015-02-20,5.819999999999999,False
20,2015-02-21,3.06,False
21,2015-02-22,1.38,False
22,2015-02-23,6.0,False
23,2015-02-24,2.88,False
24,2015-02-25,4.92,False
25,2015-02-26,2.6399999999999997,False
26,2015-02-27,2.6999999999999997,False
27,2015-02-28,2.04,False
0,2015-03-01,1.3,False
1,2015-03-02,3.6500000000000004,False
2,2015-03-03,2.8000000000000003,False
3,2015-03-04,2.25,False
4,2015-03-05,3.1500000000000004,False
5,2015-03-06,4.45,False
6,2015-03-07,1.0,False
7,2015-03-08,0.65,False
8,2015-03-09,1.7000000000000002,False
9,2015-03-10,2.25,False
10,2015-03-11,3.4000000000000004,False
11,2015-03-12,2.85,False
12,2015-03-13,2.35,False
13,2015-03-14,1.35,False
14,2015-03-15,1.3,False
15,2015-03-16,2.85,False
16,2015-03-17,3.4000000000000004,False
17,2015-03-18,3.7,False
18,2015-03-19,1.9500000000000002,False
19,2015-03-20,3.5,False
20,2015-03-21,2.0,False
21,2015-03-22,0.65,False
22,2015-03-23,1.1,False
23,2015-03-24,1.9500000000000002,False
24,2015-03-25,5.0,False
25,2015-03-26,2.3000000000000003,False
26,2015-03-27,2.35,False
27,2015-03-28,0.7000000000000001,False
28,2015-03-29,1.4000000000000001,False
29,2015-03-30,4.25,False
30,2015-03-31,2.0,False
0,2015-04-01,2.2,False
1,2015-04-02,2.12,False
2,2015-04-03,0.96,False
3,2015-04-04,2.08,False
4,2015-04-05,1.6,False
5,2015-04-06,1.2,False
6,2015-04-07,1.56,False
7,2015-04-08,2.44,False
8,2015-04-09,2.44,False
9,2015-04-10,0.92,False
10,2015-04-11,1.2,False
11,2015-04-12,0.52,False
12,2015-04-13,1.84,False
13,2015-04-14,1.84,False
14,2015-04-15,2.44,False
15,2015-04-16,1.56,False
16,2015-04-17,1.2,False
17,2015-04-18,1.2,False
18,2015-04-19,1.68,False
19,2015-04-20,2.12,False
20,2015-04-21,3.0,False
21,2015-04-22,4.0,False
22,2015-04-23,2.32,False
23,2015-04-24,2.68,False
24,2015-04-25,1.2,False
25,2015-04-26,1.52,False
26,2015-04-27,2.12,False
27,2015-04-28,1.28,False
28,2015-04-29,1.72,False
29,2015-04-30,2.64,False
0,2015-05-01,2.16,False
1,2015-05-02,1.4000000000000001,False
2,2015-05-03,0.56,False
3,2015-05-04,1.2,False
4,2015-05-05,2.6,False
5,2015-05-06,2.12,False
6,2015-05-07,3.36,False
7,2015-05-08,4.0,False
8,2015-05-09,2.32,False
9,2015-05-10,1.16,False
10,2015-05-11,1.2,False
11,2015-05-12,2.6,False
12,2015-05-13,2.16,False
13,2015-05-14,1.48,False
14,2015-05-15,1.72,False
15,2015-05-16,1.12,False
16,2015-05-17,0.56,False
17,2015-05-18,1.6400000000000001,False
18,2015-05-19,2.12,False
19,2015-05-20,2.08,False
20,2015-05-21,2.16,False
21,2015-05-22,3.04,False
22,2015-05-23,0.84,False
23,2015-05-24,1.16,False
24,2015-05-25,0.96,False
25,2015-05-26,0.92,False
26,2015-05-27,2.36,False
27,2015-05-28,2.36,False
28,2015-05-29,2.48,False
29,2015-05-30,0.0,False
30,2015-05-31,1.12,False
0,2015-06-01,3.36,False
1,2015-06-02,2.36,False
2,2015-06-03,2.96,False
3,2015-06-04,3.96,False
4,2015-06-05,1.48,False
5,2015-06-06,1.68,False
6,2015-06-07,0.72,False
7,2015-06-08,3.36,False
8,2015-06-09,2.7600000000000002,False
9,2015-06-10,3.16,False
10,2015-06-11,1.2,False
11,2015-06-12,2.12,False
12,2015-06-13,1.8,False
13,2015-06-14,1.76,False
14,2015-06-15,3.8000000000000003,False
15,2015-06-16,3.92,False
16,2015-06-17,2.6,False
17,2015-06-18,1.8,False
18,2015-06-19,2.92,False
19,2015-06-20,1.08,False
20,2015-06-21,2.16,False
21,2015-06-22,2.96,False
22,2015-06-23,2.2,False
23,2015-06-24,3.8000000000000003,False
24,2015-06-25,2.84,False
25,2015-06-26,4.0,False
26,2015-06-27,1.08,False
27,2015-06-28,0.96,False
28,2015-06-29,2.0,False
29,2015-06-30,3.0,False
0,2015-07-01,1.44,False
1,2015-07-02,1.04,False
2,2015-07-03,0.56,False
3,2015-07-04,0.36,False
4,2015-07-05,0.76,False
5,2015-07-06,1.32,False
6,2015-07-07,0.72,False
7,2015-07-08,1.4000000000000001,False
8,2015-07-09,1.24,False
9,2015-07-10,1.36,False
10,2015-07-11,0.36,False
11,2015-07-12,0.92,False
12,2015-07-13,1.4000000000000001,False
13,2015-07-14,1.12,False
14,2015-07-15,1.04,False
15,2015-07-16,1.8800000000000001,False
16,2015-07-17,1.44,False
17,2015-07-18,0.92,False
18,2015-07-19,0.0,False
19,2015-07-20,1.72,False
20,2015-07-21,1.84,False
21,2015-07-22,4.0,False
22,2015-07-23,1.6400000000000001,False
23,2015-07-24,1.6,False
24,2015-07-25,1.08,False
25,2015-07-26,0.36,False
26,2015-07-27,1.32,False
27,2015-07-28,1.6,False
28,2015-07-29,0.6,False
29,2015-07-30,0.92,False
30,2015-07-31,0.96,False
0,2015-08-01,0.92,False
1,2015-08-02,0.36,False
2,2015-08-03,0.92,False
3,2015-08-04,1.08,False
4,2015-08-05,0.92,False
5,2015-08-06,1.72,False
6,2015-08-07,1.28,False
7,2015-08-08,1.08,False
8,2015-08-09,0.72,False
9,2015-08-10,1.36,False
10,2015-08-11,1.36,False
11,2015-08-12,1.4000000000000001,False
12,2015-08-13,1.4000000000000001,False
13,2015-08-14,1.12,False
14,2015-08-15,0.56,False
15,2015-08-16,0.36,False
16,2015-08-17,1.24,False
17,2015-08-18,0.76,False
18,2015-08-19,0.76,False
19,2015-08-20,1.84,False
20,2015-08-21,1.4000000000000001,False
21,2015-08-22,1.44,False
22,2015-08-23,1.04,False
23,2015-08-24,3.52,False
24,2015-08-25,4.0,False
25,2015-08-26,2.24,False
26,2015-08-27,1.52,False
27,2015-08-28,1.8800000000000001,False
28,2015-08-29,1.28,False
29,2015-08-30,1.24,False
30,2015-08-31,1.32,False
0,2015-09-01,1.8,False
1,2015-09-02,2.96,False
2,2015-09-03,2.84,False
3,2015-09-04,3.08,False
4,2015-09-05,1.16,False
5,2015-09-06,1.0,False
6,2015-09-07,1.32,False
7,2015-09-08,2.36,False
8,2015-09-09,2.36,False
9,2015-09-10,2.12,False
10,2015-09-11,2.04,False
11,2015-09-12,1.2,False
12,2015-09-13,0.72,False
13,2015-09-14,1.76,False
14,2015-09-15,2.44,False
15,2015-09-16,2.04,False
16,2015-09-17,2.8000000000000003,False
17,2015-09-18,0.72,False
18,2015-09-19,0.48,False
19,2015-09-20,0.8,False
20,2015-09-21,2.72,False
21,2015-09-22,2.08,False
22,2015-09-23,4.0,False
23,2015-09-24,2.96,False
24,2015-09-25,1.8800000000000001,False
25,2015-09-26,0.84,False
26,2015-09-27,0.96,False
27,2015-09-28,0.92,False
28,2015-09-29,1.6400000000000001,False
29,2015-09-30,2.84,False
0,2015-10-01,0.9,False
1,2015-10-02,2.1,False
2,2015-10-03,1.55,False
3,2015-10-04,0.75,False
4,2015-10-05,1.55,False
5,2015-10-06,2.6,False
6,2015-10-07,1.1,False
7,2015-10-08,2.0,False
8,2015-10-09,2.0500000000000003,False
9,2015-10-10,0.5,False
10,2015-10-11,0.5,False
11,2015-10-12,1.1,False
12,2015-10-13,3.45,False
13,2015-10-14,2.6,False
14,2015-10-15,1.35,False
15,2015-10-16,1.35,False
16,2015-10-17,1.3,False
17,2015-10-18,0.0,False
18,2015-10-19,0.65,False
19,2015-10-20,3.0,False
20,2015-10-21,5.0,False
21,2015-10-22,3.95,False
22,2015-10-23,3.2,False
23,2015-10-24,1.05,False
24,2015-10-25,0.5,False
25,2015-10-26,2.15,False
26,2015-10-27,3.7,False
27,2015-10-28,3.85,False
28,2015-10-29,3.95,False
29,2015-10-30,2.3000000000000003,False
30,2015-10-31,1.05,False
0,2015-11-01,1.8,False
1,2015-11-02,3.24,False
2,2015-11-03,3.36,False
3,2015-11-04,1.52,False
4,2015-11-05,1.8800000000000001,False
5,2015-11-06,2.96,False
6,2015-11-07,1.68,False
7,2015-11-08,1.32,False
8,2015-11-09,3.16,False
9,2015-11-10,2.24,False
10,2015-11-11,3.48,False
11,2015-11-12,1.16,False
12,2015-11-13,4.0,False
13,2015-11-14,1.52,False
14,2015-11-15,2.2800000000000002,False
15,2015-11-16,2.44,False
16,2015-11-17,2.8000000000000003,False
17,2015-11-18,1.68,False
18,2015-11-19,1.36,False
19,2015-11-20,2.36,False
20,2015-11-21,0.64,False
21,2015-11-22,1.08,False
22,2015-11-23,2.84,False
23,2015-11-24,2.8000000000000003,False
24,2015-11-25,1.32,False
25,2015-11-26,1.76,False
26,2015-11-27,2.56,False
27,2015-11-28,1.32,False
28,2015-11-29,1.08,False
29,2015-11-30,2.56,False
0,2015-12-01,1.72,False
1,2015-12-02,1.92,False
2,2015-12-03,2.7600000000000002,False
3,2015-12-04,2.0,False
4,2015-12-05,0.48,False
5,2015-12-06,1.12,False
6,2015-12-07,2.72,False
7,2015-12-08,1.76,False
8,2015-12-09,3.12,False
9,2015-12-10,2.7600000000000002,False
10,2015-12-11,1.2,False
11,2015-12-12,0.0,False
12,2015-12-13,1.32,False
13,2015-12-14,1.72,False
14,2015-12-15,4.0,False
15,2015-12-16,2.0,False
16,2015-12-17,2.44,False
17,2015-12-18,2.8000000000000003,False
18,2015-12-19,1.2,False
19,2015-12-20,0.72,False
20,2015-12-21,3.08,False
21,2015-12-22,1.48,False
22,2015-12-23,2.88,False
23,2015-12-24,2.24,False
24,2015-12-25,0.8,False
25,2015-12-26,0.48,False
26,2015-12-27,0.48,False
27,2015-12-28,0.84,False
28,2015-12-29,1.92,False
29,2015-12-30,2.16,False
30,2015-12-31,2.16,False
0,2016-01-01,1.02,False
1,2016-01-02,0.3,False
2,2016-01-03,0.6,False
3,2016-01-04,1.92,False
4,2016-01-05,1.74,False
5,2016-01-06,1.98,False
6,2016-01-07,1.8599999999999999,False
7,2016-01-08,1.8599999999999999,False
8,2016-01-09,0.72,False
9,2016-01-10,0.6599999999999999,False
10,2016-01-11,1.44,False
11,2016-01-12,1.98,False
12,2016-01-13,2.28,False
13,2016-01-14,1.44,False
14,2016-01-15,2.88,False
15,2016-01-16,1.2,False
16,2016-01-17,0.6599999999999999,False
17,2016-01-18,0.6,False
18,2016-01-19,0.84,False
19,2016-01-20,1.98,False
20,2016-01-21,2.6999999999999997,False
21,2016-01-22,1.74,False
22,2016-01-23,0.72,False
23,2016-01-24,0.6,False
24,2016-01-25,1.56,False
25,2016-01-26,2.2199999999999998,False
26,2016-01-27,6.0,False
27,2016-01-28,5.1,False
28,2016-01-29,3.12,False
29,2016-01-30,1.08,False
30,2016-01-31,0.42,False
0,2016-02-01,2.4,False
1,2016-02-02,4.0,False
2,2016-02-03,2.96,False
3,2016-02-04,3.2,False
4,2016-02-05,2.48,False
5,2016-02-06,0.64,False
6,2016-02-07,0.64,False
7,2016-02-08,2.8000000000000003,False
8,2016-02-09,2.8000000000000003,False
9,2016-02-10,3.2800000000000002,False
10,2016-02-11,8.0,False
11,2016-02-12,7.84,False
12,2016-02-13,2.08,False
13,2016-02-14,1.04,False
14,2016-02-15,2.4,False
15,2016-02-16,3.44,False
16,2016-02-17,4.24,False
17,2016-02-18,5.5200000000000005,False
18,2016-02-19,4.4,False
19,2016-02-20,0.4,False
20,2016-02-21,0.64,False
21,2016-02-22,4.16,False
22,2016-02-23,3.2,False
23,2016-02-24,4.0,False
24,2016-02-25,2.96,False
25,2016-02-26,2.64,False
26,2016-02-27,0.4,False
27,2016-02-28,1.28,False
28,2016-02-29,1.92,False
0,2016-03-01,3.22,False
1,2016-03-02,5.880000000000001,False
2,2016-03-03,4.340000000000001,False
3,2016-03-04,7.000000000000001,False
4,2016-03-05,1.54,False
5,2016-03-06,1.54,False
6,2016-03-07,2.9400000000000004,False
7,2016-03-08,6.23,False
8,2016-03-09,2.9400000000000004,False
9,2016-03-10,4.970000000000001,False
10,2016-03-11,3.99,False
11,2016-03-12,1.8900000000000001,False
12,2016-03-13,0.6300000000000001,False
13,2016-03-14,4.0600000000000005,False
14,2016-03-15,3.2900000000000005,False
15,2016-03-16,2.45,False
16,2016-03-17,4.41,False
17,2016-03-18,3.7100000000000004,False
18,2016-03-19,2.5200000000000005,False
19,2016-03-20,0.9100000000000001,False
20,2016-03-21,3.5700000000000003,False
21,2016-03-22,5.250000000000001,False
22,2016-03-23,4.2700000000000005,False
23,2016-03-24,4.69,False
24,2016-03-25,2.1,False
25,2016-03-26,2.5900000000000003,False
26,2016-03-27,1.33,False
27,2016-03-28,3.1500000000000004,False
28,2016-03-29,3.2900000000000005,False
29,2016-03-30,5.53,False
30,2016-03-31,4.130000000000001,False
0,2016-04-01,3.1799999999999997,False
1,2016-04-02,2.2199999999999998,False
2,2016-04-03,0.54,False
3,2016-04-04,2.76,False
4,2016-04-05,4.38,False
5,2016-04-06,2.46,False
6,2016-04-07,2.6399999999999997,False
7,2016-04-08,3.2399999999999998,False
8,2016-04-09,1.68,False
9,2016-04-10,1.08,False
10,2016-04-11,3.9,False
11,2016-04-12,3.7199999999999998,False
12,2016-04-13,4.56,False
13,2016-04-14,5.279999999999999,False
14,2016-04-15,3.06,False
15,2016-04-16,1.14,False
16,2016-04-17,0.72,False
17,2016-04-18,2.76,False
18,2016-04-19,2.58,False
19,2016-04-20,2.58,False
20,2016-04-21,4.5,False
21,2016-04-22,2.58,False
22,2016-04-23,1.14,False
23,2016-04-24,1.26,False
24,2016-04-25,2.88,False
25,2016-04-26,2.58,False
26,2016-04-27,6.0,False
27,2016-04-28,5.16,False
28,2016-04-29,3.9,False
29,2016-04-30,0.6,False
0,2016-05-01,1.3,False
1,2016-05-02,2.5,False
2,2016-05-03,3.3000000000000003,False
3,2016-05-04,2.2,False
4,2016-05-05,3.1500000000000004,False
5,2016-05-06,4.1000000000000005,False
6,2016-05-07,0.65,False
7,2016-05-08,1.3,False
8,2016-05-09,4.2,False
9,2016-05-10,4.9,False
10,2016-05-11,1.35,False
11,2016-05-12,2.75,False
12,2016-05-13,4.0,False
13,2016-05-14,1.3,False
14,2016-05-15,0.9500000000000001,False
15,2016-05-16,3.0,False
16,2016-05-17,3.0,False
17,2016-05-18,1.6500000000000001,False
18,2016-05-19,4.95,False
19,2016-05-20,4.65,False
20,2016-05-21,1.3,False
21,2016-05-22,1.3,False
22,2016-05-23,4.1000000000000005,False
23,2016-05-24,3.0,False
24,2016-05-25,5.0,False
25,2016-05-26,2.35,False
26,2016-05-27,2.6500000000000004,False
27,2016-05-28,0.65,False
28,2016-05-29,0.65,False
29,2016-05-30,0.8500000000000001,False
30,2016-05-31,2.5,False
0,2016-06-01,1.92,False
1,2016-06-02,1.6199999999999999,False
2,2016-06-03,1.2,False
3,2016-06-04,0.6,False
4,2016-06-05,0.0,False
5,2016-06-06,1.7999999999999998,False
6,2016-06-07,1.98,False
7,2016-06-08,1.7999999999999998,False
8,2016-06-09,3.0,False
9,2016-06-10,2.58,False
10,2016-06-11,0.78,False
11,2016-06-12,0.36,False
12,2016-06-13,1.26,False
13,2016-06-14,1.92,False
14,2016-06-15,2.4,False
15,2016-06-16,2.4,False
16,2016-06-17,1.68,False
17,2016-06-18,1.92,False
18,2016-06-19,0.0,False
19,2016-06-20,2.4,False
20,2016-06-21,2.28,False
21,2016-06-22,2.1,False
22,2016-06-23,1.8599999999999999,False
23,2016-06-24,6.0,False
24,2016-06-25,1.14,False
25,2016-06-26,0.78,False
26,2016-06-27,4.38,False
27,2016-06-28,3.5999999999999996,False
28,2016-06-29,2.46,False
29,2016-06-30,2.34,False
0,2016-07-01,4.14,False
1,2016-07-02,0.54,False
2,2016-07-03,1.08,False
3,2016-07-04,0.96,False
4,2016-07-05,4.56,False
5,2016-07-06,5.34,False
6,2016-07-07,4.68,False
7,2016-07-08,5.58,False
8,2016-07-09,0.54,False
9,2016-07-10,0.54,False
10,2016-07-11,4.8,False
11,2016-07-12,4.74,False
12,2016-07-13,2.16,False
13,2016-07-14,3.0,False
14,2016-07-15,4.4399999999999995,False
15,2016-07-16,1.14,False
16,2016-07-17,1.68,False
17,2016-07-18,2.88,False
18,2016-07-19,3.12,False
19,2016-07-20,3.9,False
20,2016-07-21,3.42,False
21,2016-07-22,4.4399999999999995,False
22,2016-07-23,0.84,False
23,2016-07-24,1.38,False
24,2016-07-25,2.16,False
25,2016-07-26,3.54,False
26,2016-07-27,6.0,False
27,2016-07-28,4.08,False
28,2016-07-29,3.48,False
29,2016-07-30,1.14,False
30,2016-07-31,1.38,False
0,2016-08-01,3.85,False
1,2016-08-02,5.0,False
2,2016-08-03,3.9000000000000004,False
3,2016-08-04,2.4000000000000004,False
4,2016-08-05,3.9000000000000004,False
5,2016-08-06,0.0,False
6,2016-08-07,1.4500000000000002,False
7,2016-08-08,2.75,False
8,2016-08-09,1.5,False
9,2016-08-10,1.85,False
10,2016-08-11,4.1000000000000005,False
11,2016-08-12,4.55,False
12,2016-08-13,2.85,False
13,2016-08-14,0.7000000000000001,False
14,2016-08-15,2.6,False
15,2016-08-16,3.1500000000000004,False
16,2016-08-17,2.2,False
17,2016-08-18,2.25,False
18,2016-08-19,2.6,False
19,2016-08-20,0.75,False
20,2016-08-21,0.7000000000000001,False
21,2016-08-22,3.7,False
22,2016-08-23,2.2,False
23,2016-08-24,4.3,False
24,2016-08-25,3.85,False
25,2016-08-26,2.5,False
26,2016-08-27,2.75,False
27,2016-08-28,0.7000000000000001,False
28,2016-08-29,3.45,False
29,2016-08-30,4.05,False
30,2016-08-31,3.2,False
0,2016-09-01,2.08,False
1,2016-09-02,2.52,False
2,2016-09-03,1.0,False
3,2016-09-04,1.2,False
4,2016-09-05,0.88,False
5,2016-09-06,3.24,False
6,2016-09-07,2.6,False
7,2016-09-08,2.08,False
8,2016-09-09,3.08,False
9,2016-09-10,1.0,False
10,2016-09-11,0.6,False
11,2016-09-12,2.48,False
12,2016-09-13,3.08,False
13,2016-09-14,2.72,False
14,2016-09-15,4.0,False
15,2016-09-16,3.56,False
16,2016-09-17,1.16,False
17,2016-09-18,1.16,False
18,2016-09-19,1.36,False
19,2016-09-20,1.68,False
20,2016-09-21,2.88,False
21,2016-09-22,2.7600000000000002,False
22,2016-09-23,3.2,False
23,2016-09-24,1.76,False
24,2016-09-25,0.6,False
25,2016-09-26,1.52,False
26,2016-09-27,2.84,False
27,2016-09-28,1.8800000000000001,False
28,2016-09-29,2.36,False
29,2016-09-30,1.4000000000000001,False
0,2016-10-01,0.45,False
1,2016-10-02,0.4,False
2,2016-10-03,2.0500000000000003,False
3,2016-10-04,1.6500000000000001,False
4,2016-10-05,0.9500000000000001,False
5,2016-10-06,2.6500000000000004,False
6,2016-10-07,3.25,False
7,2016-10-08,0.45,False
8,2016-10-09,0.8500000000000001,False
9,2016-10-10,1.7000000000000002,False
10,2016-10-11,2.0500000000000003,False
11,2016-10-12,1.1500000000000001,False
12,2016-10-13,0.9500000000000001,False
13,2016-10-14,2.35,False
14,2016-10-15,0.45,False
15,2016-10-16,0.65,False
16,2016-10-17,1.5,False
17,2016-10-18,1.4500000000000002,False
18,2016-10-19,1.1,False
19,2016-10-20,1.85,False
20,2016-10-21,3.1,False
21,2016-10-22,2.6,False
22,2016-10-23,0.8500000000000001,False
23,2016-10-24,2.2,False
24,2016-10-25,2.2,False
25,2016-10-26,5.0,False
26,2016-10-27,4.7,False
27,2016-10-28,2.75,False
28,2016-10-29,0.65,False
29,2016-10-30,0.8500000000000001,False
30,2016-10-31,2.6500000000000004,False
0,2016-11-01,3.78,False
1,2016-11-02,1.98,False
2,2016-11-03,1.98,False
3,2016-11-04,1.56,False
4,2016-11-05,1.3199999999999998,False
5,2016-11-06,0.78,False
6,2016-11-07,3.1799999999999997,False
7,2016-11-08,2.1,False
8,2016-11-09,5.9399999999999995,False
9,2016-11-10,6.0,False
10,2016-11-11,2.6999999999999997,False
11,2016-11-12,0.8999999999999999,False
12,2016-11-13,0.54,False
13,2016-11-14,3.1799999999999997,False
14,2016-11-15,5.7,False
15,2016-11-16,3.1799999999999997,False
16,2016-11-17,3.48,False
17,2016-11-18,2.6399999999999997,False
18,2016-11-19,1.2,False
19,2016-11-20,1.26,False
20,2016-11-21,2.6999999999999997,False
21,2016-11-22,3.9,False
22,2016-11-23,2.4,False
23,2016-11-24,1.68,False
24,2016-11-25,1.56,False
25,2016-11-26,0.84,False
26,2016-11-27,0.84,False
27,2016-11-28,3.42,False
28,2016-11-29,4.2,False
29,2016-11-30,2.88,False
0,2016-12-01,3.12,False
1,2016-12-02,2.8000000000000003,False
2,2016-12-03,1.36,False
3,2016-12-04,0.72,False
4,2016-12-05,2.72,False
5,2016-12-06,8.0,False
6,2016-12-07,7.12,False
7,2016-12-08,3.6,False
8,2016-12-09,4.96,False
9,2016-12-10,1.76,False
10,2016-12-11,0.88,False
11,2016-12-12,6.24,False
12,2016-12-13,6.640000000000001,False
13,2016-12-14,2.72,False
14,2016-12-15,2.8000000000000003,False
15,2016-12-16,3.2,False
16,2016-12-17,1.6,False
17,2016-12-18,0.8,False
18,2016-12-19,4.88,False
19,2016-12-20,3.52,False
20,2016-12-21,3.92,False
21,2016-12-22,4.8,False
22,2016-12-23,4.0,False
23,2016-12-24,0.88,False
24,2016-12-25,0.8,False
25,2016-12-26,1.12,False
26,2016-12-27,2.88,False
27,2016-12-28,4.08,False
28,2016-12-29,3.68,False
29,2016-12-30,2.64,False
30,2016-12-31,1.52,False
0,2017-01-01,1.12,False
1,2017-01-02,0.9800000000000001,False
2,2017-01-03,2.31,False
3,2017-01-04,3.22,False
4,2017-01-05,3.9200000000000004,False
5,2017-01-06,3.7800000000000002,False
6,2017-01-07,1.54,False
7,2017-01-08,0.9800000000000001,False
8,2017-01-09,2.24,False
9,2017-01-10,2.1700000000000004,False
10,2017-01-11,4.2,False
11,2017-01-12,4.2,False
12,2017-01-13,2.7300000000000004,False
13,2017-01-14,1.05,False
14,2017-01-15,2.9400000000000004,False
15,2017-01-16,2.1700000000000004,False
16,2017-01-17,3.9200000000000004,False
17,2017-01-18,2.8000000000000003,False
18,2017-01-19,3.08,False
19,2017-01-20,3.5700000000000003,False
20,2017-01-21,0.77,False
21,2017-01-22,0.49000000000000005,False
22,2017-01-23,4.340000000000001,False
23,2017-01-24,3.9200000000000004,False
24,2017-01-25,7.000000000000001,False
25,2017-01-26,6.720000000000001,False
26,2017-01-27,4.970000000000001,False
27,2017-01-28,1.05,False
28,2017-01-29,1.2600000000000002,False
29,2017-01-30,2.3800000000000003,False
30,2017-01-31,3.5000000000000004,False
0,2017-02-01,6.21,False
1,2017-02-02,4.59,False
2,2017-02-03,5.22,False
3,2017-02-04,2.88,False
4,2017-02-05,1.44,False
5,2017-02-06,4.14,False
6,2017-02-07,4.77,False
7,2017-02-08,5.13,False
8,2017-02-09,5.3999999999999995,False
9,2017-02-10,4.859999999999999,False
10,2017-02-11,1.89,False
11,2017-02-12,2.07,False
12,2017-02-13,5.04,False
13,2017-02-14,5.67,False
14,2017-02-15,5.04,False
15,2017-02-16,4.5,False
16,2017-02-17,6.93,False
17,2017-02-18,2.25,False
18,2017-02-19,1.53,False
19,2017-02-20,1.98,False
20,2017-02-21,7.38,False
21,2017-02-22,5.13,False
22,2017-02-23,7.38,False
23,2017-02-24,7.29,False
24,2017-02-25,2.6999999999999997,False
25,2017-02-26,1.3499999999999999,False
26,2017-02-27,7.38,False
27,2017-02-28,9.0,False
0,2017-03-01,9.0,False
1,2017-03-02,7.109999999999999,False
2,2017-03-03,7.83,False
3,2017-03-04,2.16,False
4,2017-03-05,2.07,False
5,2017-03-06,5.85,False
6,2017-03-07,5.49,False
7,2017-03-08,5.22,False
8,2017-03-09,5.31,False
9,2017-03-10,4.59,False
10,2017-03-11,1.44,False
11,2017-03-12,1.3499999999999999,False
12,2017-03-13,5.04,False
13,2017-03-14,4.41,False
14,2017-03-15,4.32,False
15,2017-03-16,4.32,False
16,2017-03-17,5.58,False
17,2017-03-18,1.17,False
18,2017-03-19,0.8999999999999999,False
19,2017-03-20,3.5999999999999996,False
20,2017-03-21,3.15,False
21,2017-03-22,3.96,False
22,2017-03-23,3.78,False
23,2017-03-24,3.5999999999999996,False
24,2017-03-25,1.7999999999999998,False
25,2017-03-26,0.99,False
26,2017-03-27,4.41,False
27,2017-03-28,2.9699999999999998,False
28,2017-03-29,3.51,False
29,2017-03-30,3.96,False
30,2017-03-31,5.22,False
0,2017-04-01,0.6300000000000001,False
1,2017-04-02,0.9100000000000001,False
2,2017-04-03,2.0300000000000002,False
3,2017-04-04,2.8000000000000003,False
4,2017-04-05,3.7100000000000004,False
5,2017-04-06,3.2900000000000005,False
6,2017-04-07,2.5900000000000003,False
7,2017-04-08,0.56,False
8,2017-04-09,0.6300000000000001,False
9,2017-04-10,2.31,False
10,2017-04-11,3.0100000000000002,False
11,2017-04-12,3.1500000000000004,False
12,2017-04-13,3.1500000000000004,False
13,2017-04-14,2.0300000000000002,False
14,2017-04-15,1.1900000000000002,False
15,2017-04-16,0.7000000000000001,False
16,2017-04-17,2.7300000000000004,False
17,2017-04-18,4.2,False
18,2017-04-19,2.8000000000000003,False
19,2017-04-20,2.8000000000000003,False
20,2017-04-21,2.7300000000000004,False
21,2017-04-22,1.9600000000000002,False
22,2017-04-23,0.6300000000000001,False
23,2017-04-24,2.87,False
24,2017-04-25,4.9,False
25,2017-04-26,7.000000000000001,False
26,2017-04-27,3.6400000000000006,False
27,2017-04-28,4.340000000000001,False
28,2017-04-29,1.4700000000000002,False
29,2017-04-30,1.4700000000000002,False
0,2017-05-01,5.84,False
1,2017-05-02,4.4,False
2,2017-05-03,5.12,False
3,2017-05-04,4.96,False
4,2017-05-05,4.4,False
5,2017-05-06,1.44,False
6,2017-05-07,0.56,False
7,2017-05-08,4.88,False
8,2017-05-09,4.88,False
9,2017-05-10,6.88,False
10,2017-05-11,6.0,False
11,2017-05-12,4.16,False
12,2017-05-13,1.44,False
13,2017-05-14,1.12,False
14,2017-05-15,2.88,False
15,2017-05-16,5.04,False
16,2017-05-17,3.44,False
17,2017-05-18,5.76,False
18,2017-05-19,5.5200000000000005,False
19,2017-05-20,1.2,False
20,2017-05-21,2.4,False
21,2017-05-22,4.48,False
22,2017-05-23,4.64,False
23,2017-05-24,4.48,False
24,2017-05-25,5.92,False
25,2017-05-26,6.24,False
26,2017-05-27,1.28,False
27,2017-05-28,3.7600000000000002,False
28,2017-05-29,1.6,False
29,2017-05-30,8.0,False
30,2017-05-31,5.92,False
0,2017-06-01,4.68,False
1,2017-06-02,4.5,False
2,2017-06-03,2.07,False
3,2017-06-04,1.08,False
4,2017-06-05,5.04,False
5,2017-06-06,4.14,False
6,2017-06-07,5.85,False
7,2017-06-08,4.95,False
8,2017-06-09,5.31,False
9,2017-06-10,1.17,False
10,2017-06-11,1.71,False
11,2017-06-12,4.5,False
12,2017-06-13,5.58,False
13,2017-06-14,5.9399999999999995,False
14,2017-06-15,5.67,False
15,2017-06-16,7.199999999999999,False
16,2017-06-17,1.6199999999999999,False
17,2017-06-18,2.52,False
18,2017-06-19,8.549999999999999,False
19,2017-06-20,9.0,False
20,2017-06-21,4.77,False
21,2017-06-22,8.01,False
22,2017-06-23,6.75,False
23,2017-06-24,1.7999999999999998,False
24,2017-06-25,1.7999999999999998,False
25,2017-06-26,7.83,False
26,2017-06-27,5.49,False
27,2017-06-28,8.19,False
28,2017-06-29,5.31,False
29,2017-06-30,5.49,False
0,2017-07-01,1.3199999999999998,False
1,2017-07-02,0.84,False
2,2017-07-03,2.28,False
3,2017-07-04,0.84,False
4,2017-07-05,2.28,False
5,2017-07-06,2.6399999999999997,False
6,2017-07-07,3.48,False
7,2017-07-08,1.3199999999999998,False
8,2017-07-09,0.84,False
9,2017-07-10,3.5999999999999996,False
10,2017-07-11,2.04,False
11,2017-07-12,3.96,False
12,2017-07-13,3.7199999999999998,False
13,2017-07-14,5.279999999999999,False
14,2017-07-15,0.0,False
15,2017-07-16,0.96,False
16,2017-07-17,2.6399999999999997,False
17,2017-07-18,4.08,False
18,2017-07-19,3.5999999999999996,False
19,2017-07-20,4.68,False
20,2017-07-21,3.0,False
21,2017-07-22,1.7999999999999998,False
22,2017-07-23,0.48,False
23,2017-07-24,3.7199999999999998,False
24,2017-07-25,3.7199999999999998,False
25,2017-07-26,11.639999999999999,False
26,2017-07-27,12.0,False
27,2017-07-28,6.359999999999999,False
28,2017-07-29,1.3199999999999998,False
29,2017-07-30,0.84,False
30,2017-07-31,6.0,False
0,2017-08-01,8.28,False
1,2017-08-02,12.0,False
2,2017-08-03,8.28,False
3,2017-08-04,9.0,False
4,2017-08-05,1.68,False
5,2017-08-06,1.92,False
6,2017-08-07,6.72,False
7,2017-08-08,5.16,False
8,2017-08-09,7.319999999999999,False
9,2017-08-10,7.319999999999999,False
10,2017-08-11,4.8,False
11,2017-08-12,1.92,False
12,2017-08-13,1.92,False
13,2017-08-14,4.68,False
14,2017-08-15,6.72,False
15,2017-08-16,6.12,False
16,2017-08-17,3.0,False
17,2017-08-18,5.04,False
18,2017-08-19,2.04,False
19,2017-08-20,1.56,False
20,2017-08-21,3.7199999999999998,False
21,2017-08-22,6.359999999999999,False
22,2017-08-23,6.359999999999999,False
23,2017-08-24,3.5999999999999996,False
24,2017-08-25,4.2,False
25,2017-08-26,1.44,False
26,2017-08-27,0.0,False
27,2017-08-28,2.76,False
28,2017-08-29,3.36,False
29,2017-08-30,5.3999999999999995,False
30,2017-08-31,4.8,False
0,2017-09-01,5.279999999999999,False
1,2017-09-02,1.44,False
2,2017-09-03,0.84,False
3,2017-09-04,2.04,False
4,2017-09-05,7.92,False
5,2017-09-06,8.879999999999999,False
6,2017-09-07,5.52,False
7,2017-09-08,5.76,False
8,2017-09-09,1.2,False
9,2017-09-10,1.44,False
10,2017-09-11,6.359999999999999,False
11,2017-09-12,5.88,False
12,2017-09-13,6.84,False
13,2017-09-14,6.72,False
14,2017-09-15,9.48,False
15,2017-09-16,1.2,False
16,2017-09-17,1.08,False
17,2017-09-18,8.4,False
18,2017-09-19,12.0,False
19,2017-09-20,10.92,False
20,2017-09-21,7.319999999999999,False
21,2017-09-22,10.92,False
22,2017-09-23,3.7199999999999998,False
23,2017-09-24,1.44,False
24,2017-09-25,7.56,False
25,2017-09-26,5.64,False
26,2017-09-27,8.879999999999999,False
27,2017-09-28,6.24,False
28,2017-09-29,9.6,False
29,2017-09-30,2.6399999999999997,False
0,2017-10-01,0.9800000000000001,False
1,2017-10-02,6.0200000000000005,False
2,2017-10-03,4.9,False
3,2017-10-04,5.880000000000001,False
4,2017-10-05,6.16,False
5,2017-10-06,5.74,False
6,2017-10-07,2.1,False
7,2017-10-08,1.2600000000000002,False
8,2017-10-09,6.0200000000000005,False
9,2017-10-10,4.62,False
10,2017-10-11,7.420000000000001,False
11,2017-10-12,4.2,False
12,2017-10-13,4.760000000000001,False
13,2017-10-14,0.8400000000000001,False
14,2017-10-15,1.54,False
15,2017-10-16,5.880000000000001,False
16,2017-10-17,7.420000000000001,False
17,2017-10-18,7.840000000000001,False
18,2017-10-19,4.340000000000001,False
19,2017-10-20,6.44,False
20,2017-10-21,1.8200000000000003,False
21,2017-10-22,1.9600000000000002,False
22,2017-10-23,8.120000000000001,False
23,2017-10-24,6.300000000000001,False
24,2017-10-25,14.000000000000002,False
25,2017-10-26,10.360000000000001,False
26,2017-10-27,7.420000000000001,False
27,2017-10-28,1.6800000000000002,False
28,2017-10-29,1.2600000000000002,False
29,2017-10-30,6.16,False
30,2017-10-31,6.16,False
0,2017-11-01,7.54,False
1,2017-11-02,8.58,False
2,2017-11-03,7.800000000000001,False
3,2017-11-04,2.8600000000000003,False
4,2017-11-05,1.69,False
5,2017-11-06,7.54,False
6,2017-11-07,9.23,False
7,2017-11-08,9.36,False
8,2017-11-09,7.28,False
9,2017-11-10,7.15,False
10,2017-11-11,2.99,False
11,2017-11-12,1.3,False
12,2017-11-13,8.32,False
13,2017-11-14,7.0200000000000005,False
14,2017-11-15,6.63,False
15,2017-11-16,7.800000000000001,False
16,2017-11-17,7.41,False
17,2017-11-18,2.34,False
18,2017-11-19,1.56,False
19,2017-11-20,6.24,False
20,2017-11-21,6.76,False
21,2017-11-22,5.59,False
22,2017-11-23,2.21,False
23,2017-11-24,4.94,False
24,2017-11-25,1.82,False
25,2017-11-26,0.65,False
26,2017-11-27,5.59,False
27,2017-11-28,6.63,False
28,2017-11-29,7.67,False
29,2017-11-30,13.0,False
0,2017-12-01,10.71,False
1,2017-12-02,2.04,False
2,2017-12-03,1.02,False
3,2017-12-04,9.520000000000001,False
4,2017-12-05,10.370000000000001,False
5,2017-12-06,9.01,False
6,2017-12-07,13.260000000000002,False
7,2017-12-08,10.71,False
8,2017-12-09,3.91,False
9,2017-12-10,1.02,False
10,2017-12-11,10.370000000000001,False
11,2017-12-12,17.0,False
12,2017-12-13,13.770000000000001,False
13,2017-12-14,13.600000000000001,False
14,2017-12-15,15.13,False
15,2017-12-16,4.42,False
16,2017-12-17,2.3800000000000003,False
17,2017-12-18,10.71,False
18,2017-12-19,11.56,False
19,2017-12-20,13.430000000000001,False
20,2017-12-21,14.110000000000001,False
21,2017-12-22,9.520000000000001,False
22,2017-12-23,4.08,False
23,2017-12-24,2.5500000000000003,False
24,2017-12-25,2.3800000000000003,False
25,2017-12-26,6.12,False
26,2017-12-27,8.67,False
27,2017-12-28,7.82,False
28,2017-12-29,9.01,False
29,2017-12-30,3.4000000000000004,False
30,2017-12-31,2.04,False
0,2018-01-01,1.4000000000000001,False
1,2018-01-02,6.16,False
2,2018-01-03,8.4,False
3,2018-01-04,8.120000000000001,False
4,2018-01-05,13.72,False
5,2018-01-06,5.040000000000001,False
6,2018-01-07,2.24,False
7,2018-01-08,9.24,False
8,2018-01-09,14.000000000000002,False
9,2018-01-10,14.840000000000002,False
10,2018-01-11,14.840000000000002,False
11,2018-01-12,16.520000000000003,False
12,2018-01-13,4.760000000000001,False
13,2018-01-14,2.8000000000000003,False
14,2018-01-15,5.880000000000001,False
15,2018-01-16,16.240000000000002,False
16,2018-01-17,17.92,False
17,2018-01-18,23.520000000000003,False
18,2018-01-19,16.240000000000002,False
19,2018-01-20,3.6400000000000006,False
20,2018-01-21,3.3600000000000003,False
21,2018-01-22,10.64,False
22,2018-01-23,15.96,False
23,2018-01-24,12.040000000000001,False
24,2018-01-25,12.040000000000001,False
25,2018-01-26,16.240000000000002,False
26,2018-01-27,5.040000000000001,False
27,2018-01-28,3.08,False
28,2018-01-29,11.760000000000002,False
29,2018-01-30,15.400000000000002,False
30,2018-01-31,28.000000000000004,False
0,2018-02-01,23.87,False
1,2018-02-02,17.669999999999998,False
2,2018-02-03,6.2,False
3,2018-02-04,2.48,False
4,2018-02-05,20.77,False
5,2018-02-06,31.0,False
6,2018-02-07,23.56,False
7,2018-02-08,21.7,False
8,2018-02-09,18.6,False
9,2018-02-10,5.58,False
10,2018-02-11,1.55,False
11,2018-02-12,13.95,False
12,2018-02-13,19.22,False
13,2018-02-14,15.5,False
14,2018-02-15,18.91,False
15,2018-02-16,17.36,False
16,2018-02-17,4.65,False
17,2018-02-18,2.48,False
18,2018-02-19,3.1,False
19,2018-02-20,12.709999999999999,False
20,2018-02-21,16.74,False
21,2018-02-22,13.64,False
22,2018-02-23,14.26,False
23,2018-02-24,3.7199999999999998,False
24,2018-02-25,2.17,False
25,2018-02-26,13.33,False
26,2018-02-27,18.91,False
27,2018-02-28,14.26,False
0,2018-03-01,18.56,False
1,2018-03-02,27.839999999999996,False
2,2018-03-03,6.38,False
3,2018-03-04,3.19,False
4,2018-03-05,18.56,False
5,2018-03-06,20.009999999999998,False
6,2018-03-07,21.169999999999998,False
7,2018-03-08,16.24,False
8,2018-03-09,20.299999999999997,False
9,2018-03-10,6.38,False
10,2018-03-11,3.4799999999999995,False
11,2018-03-12,17.689999999999998,False
12,2018-03-13,18.849999999999998,False
13,2018-03-14,28.999999999999996,False
14,2018-03-15,23.779999999999998,False
15,2018-03-16,22.91,False
16,2018-03-17,4.35,False
17,2018-03-18,3.19,False
18,2018-03-19,16.529999999999998,False
19,2018-03-20,17.4,False
20,2018-03-21,20.009999999999998,False
21,2018-03-22,22.619999999999997,False
22,2018-03-23,28.709999999999997,False
23,2018-03-24,4.35,False
24,2018-03-25,4.35,False
25,2018-03-26,17.4,False
26,2018-03-27,20.59,False
27,2018-03-28,17.4,False
28,2018-03-29,17.98,False
29,2018-03-30,7.539999999999999,False
30,2018-03-31,3.19,False
0,2018-04-01,1.04,False
1,2018-04-02,11.700000000000001,False
2,2018-04-03,14.3,False
3,2018-04-04,20.02,False
4,2018-04-05,18.98,False
5,2018-04-06,16.900000000000002,False
6,2018-04-07,4.16,False
7,2018-04-08,3.12,False
8,2018-04-09,13.52,False
9,2018-04-10,17.68,False
10,2018-04-11,15.34,False
11,2018-04-12,15.600000000000001,False
12,2018-04-13,9.620000000000001,False
13,2018-04-14,3.64,False
14,2018-04-15,2.8600000000000003,False
15,2018-04-16,12.22,False
16,2018-04-17,13.780000000000001,False
17,2018-04-18,11.96,False
18,2018-04-19,12.74,False
19,2018-04-20,12.22,False
20,2018-04-21,2.08,False
21,2018-04-22,1.56,False
22,2018-04-23,10.66,False
23,2018-04-24,14.82,False
24,2018-04-25,26.0,False
25,2018-04-26,19.240000000000002,False
26,2018-04-27,11.96,False
27,2018-04-28,3.64,False
28,2018-04-29,1.56,False
29,2018-04-30,10.14,False
0,2018-05-01,18.48,False
1,2018-05-02,17.38,False
2,2018-05-03,15.18,False
3,2018-05-04,14.08,False
4,2018-05-05,2.42,False
5,2018-05-06,2.2,False
6,2018-05-07,13.64,False
7,2018-05-08,15.84,False
8,2018-05-09,21.78,False
9,2018-05-10,16.28,False
10,2018-05-11,14.96,False
11,2018-05-12,2.2,False
12,2018-05-13,2.2,False
13,2018-05-14,15.84,False
14,2018-05-15,13.86,False
15,2018-05-16,10.56,False
16,2018-05-17,13.2,False
17,2018-05-18,16.5,False
18,2018-05-19,2.42,False
19,2018-05-20,4.18,False
20,2018-05-21,22.0,False
21,2018-05-22,18.7,False
22,2018-05-23,14.52,False
23,2018-05-24,15.84,False
24,2018-05-25,14.52,False
25,2018-05-26,1.32,False
26,2018-05-27,1.32,False
27,2018-05-28,1.98,False
28,2018-05-29,13.2,False
29,2018-05-30,12.1,False
30,2018-05-31,11.22,False
0,2018-06-01,10.8,False
1,2018-06-02,4.6000000000000005,False
2,2018-06-03,2.4000000000000004,False
3,2018-06-04,12.600000000000001,False
4,2018-06-05,14.8,False
5,2018-06-06,16.0,False
6,2018-06-07,14.8,False
7,2018-06-08,13.600000000000001,False
8,2018-06-09,3.2,False
9,2018-06-10,1.6,False
10,2018-06-11,13.200000000000001,False
11,2018-06-12,13.4,False
12,2018-06-13,13.8,False
13,2018-06-14,14.0,False
14,2018-06-15,13.4,False
15,2018-06-16,3.0,False
16,2018-06-17,1.6,False
17,2018-06-18,14.0,False
18,2018-06-19,20.0,False
19,2018-06-20,17.6,False
20,2018-06-21,11.0,False
21,2018-06-22,16.400000000000002,False
22,2018-06-23,2.6,False
23,2018-06-24,2.2,False
24,2018-06-25,14.600000000000001,False
25,2018-06-26,14.8,False
26,2018-06-27,13.4,False
27,2018-06-28,15.8,False
28,2018-06-29,9.8,False
29,2018-06-30,2.8000000000000003,False
0,2018-07-01,1.0,False
1,2018-07-02,8.200000000000001,False
2,2018-07-03,6.2,False
3,2018-07-04,2.0,False
4,2018-07-05,7.6000000000000005,False
5,2018-07-06,8.8,False
6,2018-07-07,2.2,False
7,2018-07-08,1.8,False
8,2018-07-09,9.4,False
9,2018-07-10,9.4,False
10,2018-07-11,9.600000000000001,False
11,2018-07-12,7.2,False
12,2018-07-13,8.8,False
13,2018-07-14,2.8000000000000003,False
14,2018-07-15,1.6,False
15,2018-07-16,10.8,False
16,2018-07-17,9.200000000000001,False
17,2018-07-18,10.600000000000001,False
18,2018-07-19,12.0,False
19,2018-07-20,10.8,False
20,2018-07-21,1.6,False
21,2018-07-22,1.0,False
22,2018-07-23,8.200000000000001,False
23,2018-07-24,10.4,False
24,2018-07-25,20.0,False
25,2018-07-26,13.600000000000001,False
26,2018-07-27,11.4,False
27,2018-07-28,2.6,False
28,2018-07-29,1.6,False
29,2018-07-30,9.0,False
30,2018-07-31,10.8,False
0,2018-08-01,17.400000000000002,False
1,2018-08-02,12.4,False
2,2018-08-03,16.6,False
3,2018-08-04,2.4000000000000004,False
4,2018-08-05,1.0,False
5,2018-08-06,13.8,False
6,2018-08-07,16.400000000000002,False
7,2018-08-08,12.0,False
8,2018-08-09,12.600000000000001,False
9,2018-08-10,11.0,False
10,2018-08-11,3.0,False
11,2018-08-12,2.4000000000000004,False
12,2018-08-13,11.8,False
13,2018-08-14,15.200000000000001,False
14,2018-08-15,14.0,False
15,2018-08-16,20.0,False
16,2018-08-17,18.8,False
17,2018-08-18,3.8000000000000003,False
18,2018-08-19,1.2000000000000002,False
19,2018-08-20,16.2,False
20,2018-08-21,13.600000000000001,False
21,2018-08-22,13.0,False
22,2018-08-23,14.600000000000001,False
23,2018-08-24,12.600000000000001,False
24,2018-08-25,2.4000000000000004,False
25,2018-08-26,2.8000000000000003,False
26,2018-08-27,16.400000000000002,False
27,2018-08-28,15.4,False
28,2018-08-29,10.8,False
29,2018-08-30,11.4,False
30,2018-08-31,12.4,False
0,2018-09-01,4.0,False
1,2018-09-02,2.08,False
2,2018-09-03,3.2,False
3,2018-09-04,9.76,False
4,2018-09-05,8.96,False
5,2018-09-06,14.4,False
6,2018-09-07,12.96,False
7,2018-09-08,2.4,False
8,2018-09-09,2.4,False
9,2018-09-10,10.56,False
10,2018-09-11,14.88,False
11,2018-09-12,15.84,False
12,2018-09-13,9.120000000000001,False
13,2018-09-14,16.0,False
14,2018-09-15,2.72,False
15,2018-09-16,2.72,False
16,2018-09-17,11.52,False
17,2018-09-18,13.76,False
18,2018-09-19,15.200000000000001,False
19,2018-09-20,14.88,False
20,2018-09-21,15.52,False
21,2018-09-22,2.72,False
22,2018-09-23,3.52,False
23,2018-09-24,12.64,False
24,2018-09-25,15.200000000000001,False
25,2018-09-26,11.36,False
26,2018-09-27,13.280000000000001,False
27,2018-09-28,13.6,False
28,2018-09-29,3.04,False
29,2018-09-30,1.76,False
0,2018-10-01,14.879999999999999,False
1,2018-10-02,14.639999999999999,False
2,2018-10-03,18.48,False
3,2018-10-04,13.2,False
4,2018-10-05,11.52,False
5,2018-10-06,4.32,False
6,2018-10-07,1.44,False
7,2018-10-08,12.48,False
8,2018-10-09,10.799999999999999,False
9,2018-10-10,12.48,False
10,2018-10-11,15.84,False
11,2018-10-12,16.56,False
12,2018-10-13,3.5999999999999996,False
13,2018-10-14,2.6399999999999997,False
14,2018-10-15,13.44,False
15,2018-10-16,12.24,False
16,2018-10-17,9.84,False
17,2018-10-18,9.36,False
18,2018-10-19,8.4,False
19,2018-10-20,2.16,False
20,2018-10-21,1.44,False
21,2018-10-22,8.4,False
22,2018-10-23,12.48,False
23,2018-10-24,24.0,False
24,2018-10-25,15.6,False
25,2018-10-26,13.2,False
26,2018-10-27,2.4,False
27,2018-10-28,1.44,False
28,2018-10-29,19.2,False
29,2018-10-30,18.72,False
30,2018-10-31,16.8,False
0,2018-11-01,15.959999999999999,False
1,2018-11-02,20.16,False
2,2018-11-03,4.41,False
3,2018-11-04,1.68,False
4,2018-11-05,14.49,False
5,2018-11-06,14.28,False
6,2018-11-07,19.74,False
7,2018-11-08,15.33,False
8,2018-11-09,12.6,False
9,2018-11-10,3.15,False
10,2018-11-11,3.57,False
11,2018-11-12,14.07,False
12,2018-11-13,21.0,False
13,2018-11-14,18.48,False
14,2018-11-15,13.02,False
15,2018-11-16,16.38,False
16,2018-11-17,5.25,False
17,2018-11-18,2.31,False
18,2018-11-19,17.22,False
19,2018-11-20,20.58,False
20,2018-11-21,19.32,False
21,2018-11-22,3.78,False
22,2018-11-23,7.35,False
23,2018-11-24,3.36,False
24,2018-11-25,4.83,False
25,2018-11-26,15.33,False
26,2018-11-27,15.33,False
27,2018-11-28,17.43,False
28,2018-11-29,20.79,False
29,2018-11-30,17.43,False
0,2018-12-01,3.52,False
1,2018-12-02,2.86,False
2,2018-12-03,22.0,False
3,2018-12-04,20.24,False
4,2018-12-05,5.72,False
5,2018-12-06,19.580000000000002,False
6,2018-12-07,18.04,False
7,2018-12-08,2.86,False
8,2018-12-09,2.64,False
9,2018-12-10,13.42,False
10,2018-12-11,11.88,False
11,2018-12-12,14.96,False
12,2018-12-13,11.22,False
13,2018-12-14,14.08,False
14,2018-12-15,5.28,False
15,2018-12-16,1.32,False
16,2018-12-17,14.96,False
17,2018-12-18,18.48,False
18,2018-12-19,17.16,False
19,2018-12-20,18.48,False
20,2018-12-21,14.96,False
21,2018-12-22,4.62,False
22,2018-12-23,1.98,False
23,2018-12-24,12.76,False
24,2018-12-25,3.96,False
25,2018-12-26,18.48,False
26,2018-12-27,21.12,False
27,2018-12-28,14.3,False
28,2018-12-29,4.84,False
29,2018-12-30,2.86,False
30,2018-12-31,12.1,False
0,2019-01-01,2.75,False
1,2019-01-02,7.25,False
2,2019-01-03,10.75,False
3,2019-01-04,10.5,False
4,2019-01-05,3.75,False
5,2019-01-06,1.0,False
6,2019-01-07,6.5,False
7,2019-01-08,8.5,False
8,2019-01-09,11.5,False
9,2019-01-10,11.75,False
10,2019-01-11,10.5,False
11,2019-01-12,1.5,False
12,2019-01-13,1.5,False
13,2019-01-14,8.25,False
14,2019-01-15,8.5,False
15,2019-01-16,10.0,False
16,2019-01-17,10.25,False
17,2019-01-18,11.5,False
18,2019-01-19,2.5,False
19,2019-01-20,1.25,False
20,2019-01-21,3.0,False
21,2019-01-22,7.25,False
22,2019-01-23,6.25,False
23,2019-01-24,9.5,False
24,2019-01-25,10.5,False
25,2019-01-26,2.5,False
26,2019-01-27,0.75,False
27,2019-01-28,8.0,False
28,2019-01-29,7.25,False
29,2019-01-30,25.0,False
30,2019-01-31,16.0,False
0,2019-02-01,21.459999999999997,False
1,2019-02-02,5.51,False
2,2019-02-03,3.7699999999999996,False
3,2019-02-04,20.299999999999997,False
4,2019-02-05,28.999999999999996,False
5,2019-02-06,26.099999999999998,False
6,2019-02-07,21.75,False
7,2019-02-08,17.98,False
8,2019-02-09,4.93,False
9,2019-02-10,2.61,False
10,2019-02-11,17.4,False
11,2019-02-12,17.98,False
12,2019-02-13,20.59,False
13,2019-02-14,18.27,False
14,2019-02-15,22.91,False
15,2019-02-16,5.51,False
16,2019-02-17,3.19,False
17,2019-02-18,8.12,False
18,2019-02-19,17.98,False
19,2019-02-20,19.72,False
20,2019-02-21,20.88,False
21,2019-02-22,17.11,False
22,2019-02-23,5.51,False
23,2019-02-24,3.19,False
24,2019-02-25,18.849999999999998,False
25,2019-02-26,20.299999999999997,False
26,2019-02-27,22.619999999999997,False
27,2019-02-28,28.709999999999997,False
0,2019-03-01,14.0,False
1,2019-03-02,3.0,False
2,2019-03-03,2.0,False
3,2019-03-04,13.0,False
4,2019-03-05,11.0,False
5,2019-03-06,9.0,False
6,2019-03-07,9.0,False
7,2019-03-08,8.0,False
8,2019-03-09,2.0,False
9,2019-03-10,6.0,False
10,2019-03-11,69.0,False
11,2019-03-12,77.0,False
12,2019-03-13,100.0,False
13,2019-03-14,71.0,False
14,2019-03-15,54.0,False
15,2019-03-16,10.0,False
16,2019-03-17,8.0,False
17,2019-03-18,51.0,False
18,2019-03-19,37.0,False
19,2019-03-20,32.0,False
20,2019-03-21,32.0,False
21,2019-03-22,38.0,False
22,2019-03-23,9.0,False
23,2019-03-24,5.0,False
24,2019-03-25,29.0,False
25,2019-03-26,32.0,False
26,2019-03-27,31.0,False
27,2019-03-28,26.0,False
28,2019-03-29,25.0,False
29,2019-03-30,5.0,False
30,2019-03-31,3.0,False
