,date,BIDU stock,isPartial
0,2012-01-01,6.51,False
1,2012-01-02,5.04,False
2,2012-01-03,9.45,False
3,2012-01-04,11.76,False
4,2012-01-05,11.76,False
5,2012-01-06,4.83,False
6,2012-01-07,0.0,False
7,2012-01-08,0.0,False
8,2012-01-09,9.24,False
9,2012-01-10,13.65,False
10,2012-01-11,18.27,False
11,2012-01-12,6.93,False
12,2012-01-13,9.45,False
13,2012-01-14,5.46,False
14,2012-01-15,0.0,False
15,2012-01-16,0.0,False
16,2012-01-17,8.82,False
17,2012-01-18,6.72,False
18,2012-01-19,9.03,False
19,2012-01-20,0.0,False
20,2012-01-21,10.92,False
21,2012-01-22,0.0,False
22,2012-01-23,6.72,False
23,2012-01-24,4.41,False
24,2012-01-25,18.06,False
25,2012-01-26,13.65,False
26,2012-01-27,21.0,False
27,2012-01-28,0.0,False
28,2012-01-29,10.709999999999999,False
29,2012-01-30,15.54,False
30,2012-01-31,8.82,False
0,2012-02-01,3.96,False
1,2012-02-02,8.25,False
2,2012-02-03,8.58,False
3,2012-02-04,0.0,False
4,2012-02-05,0.0,False
5,2012-02-06,8.25,False
6,2012-02-07,7.92,False
7,2012-02-08,3.96,False
8,2012-02-09,3.96,False
9,2012-02-10,8.58,False
10,2012-02-11,0.0,False
11,2012-02-12,4.62,False
12,2012-02-13,3.96,False
13,2012-02-14,20.46,False
14,2012-02-15,16.5,False
15,2012-02-16,33.0,False
16,2012-02-17,25.740000000000002,False
17,2012-02-18,4.95,False
18,2012-02-19,0.0,False
19,2012-02-20,4.29,False
20,2012-02-21,12.540000000000001,False
21,2012-02-22,20.790000000000003,False
22,2012-02-23,0.0,False
23,2012-02-24,8.58,False
24,2012-02-25,4.95,False
25,2012-02-26,0.0,False
26,2012-02-27,3.96,False
27,2012-02-28,16.17,False
28,2012-02-29,11.88,False
0,2012-03-01,11.34,False
1,2012-03-02,17.64,False
2,2012-03-03,0.0,False
3,2012-03-04,0.0,False
4,2012-03-05,3.78,False
5,2012-03-06,14.399999999999999,False
6,2012-03-07,3.5999999999999996,False
7,2012-03-08,7.38,False
8,2012-03-09,7.56,False
9,2012-03-10,8.82,False
10,2012-03-11,4.32,False
11,2012-03-12,7.199999999999999,False
12,2012-03-13,5.3999999999999995,False
13,2012-03-14,18.0,False
14,2012-03-15,3.5999999999999996,False
15,2012-03-16,7.739999999999999,False
16,2012-03-17,0.0,False
17,2012-03-18,0.0,False
18,2012-03-19,14.58,False
19,2012-03-20,7.199999999999999,False
20,2012-03-21,7.199999999999999,False
21,2012-03-22,9.36,False
22,2012-03-23,11.52,False
23,2012-03-24,4.5,False
24,2012-03-25,4.5,False
25,2012-03-26,9.0,False
26,2012-03-27,14.399999999999999,False
27,2012-03-28,9.18,False
28,2012-03-29,7.38,False
29,2012-03-30,3.96,False
30,2012-03-31,0.0,False
0,2012-04-01,0.0,False
1,2012-04-02,6.84,False
2,2012-04-03,6.84,False
3,2012-04-04,3.5999999999999996,False
4,2012-04-05,3.5999999999999996,False
5,2012-04-06,7.92,False
6,2012-04-07,0.0,False
7,2012-04-08,0.0,False
8,2012-04-09,8.1,False
9,2012-04-10,10.62,False
10,2012-04-11,6.84,False
11,2012-04-12,10.26,False
12,2012-04-13,18.0,False
13,2012-04-14,0.0,False
14,2012-04-15,8.1,False
15,2012-04-16,3.42,False
16,2012-04-17,3.42,False
17,2012-04-18,3.42,False
18,2012-04-19,10.26,False
19,2012-04-20,0.0,False
20,2012-04-21,4.14,False
21,2012-04-22,0.0,False
22,2012-04-23,3.2399999999999998,False
23,2012-04-24,3.42,False
24,2012-04-25,6.84,False
25,2012-04-26,0.0,False
26,2012-04-27,10.799999999999999,False
27,2012-04-28,0.0,False
28,2012-04-29,0.0,False
29,2012-04-30,3.5999999999999996,False
0,2012-05-01,0.0,False
1,2012-05-02,11.549999999999999,False
2,2012-05-03,5.85,False
3,2012-05-04,14.25,False
4,2012-05-05,4.6499999999999995,False
5,2012-05-06,0.0,False
6,2012-05-07,5.7,False
7,2012-05-08,7.5,False
8,2012-05-09,9.45,False
9,2012-05-10,7.6499999999999995,False
10,2012-05-11,8.1,False
11,2012-05-12,0.0,False
12,2012-05-13,0.0,False
13,2012-05-14,7.5,False
14,2012-05-15,5.7,False
15,2012-05-16,0.0,False
16,2012-05-17,7.949999999999999,False
17,2012-05-18,10.2,False
18,2012-05-19,0.0,False
19,2012-05-20,0.0,False
20,2012-05-21,5.55,False
21,2012-05-22,3.75,False
22,2012-05-23,15.0,False
23,2012-05-24,7.6499999999999995,False
24,2012-05-25,4.05,False
25,2012-05-26,0.0,False
26,2012-05-27,0.0,False
27,2012-05-28,4.05,False
28,2012-05-29,7.5,False
29,2012-05-30,0.0,False
30,2012-05-31,7.5,False
0,2012-06-01,3.5100000000000002,False
1,2012-06-02,0.0,False
2,2012-06-03,4.03,False
3,2012-06-04,8.19,False
4,2012-06-05,6.5,False
5,2012-06-06,6.5,False
6,2012-06-07,6.76,False
7,2012-06-08,6.890000000000001,False
8,2012-06-09,4.03,False
9,2012-06-10,0.0,False
10,2012-06-11,13.0,False
11,2012-06-12,3.25,False
12,2012-06-13,9.88,False
13,2012-06-14,6.63,False
14,2012-06-15,10.4,False
15,2012-06-16,4.16,False
16,2012-06-17,0.0,False
17,2012-06-18,4.8100000000000005,False
18,2012-06-19,3.25,False
19,2012-06-20,6.5,False
20,2012-06-21,4.94,False
21,2012-06-22,3.5100000000000002,False
22,2012-06-23,0.0,False
23,2012-06-24,4.16,False
24,2012-06-25,3.25,False
25,2012-06-26,6.5,False
26,2012-06-27,0.0,False
27,2012-06-28,10.01,False
28,2012-06-29,10.66,False
29,2012-06-30,4.16,False
0,2012-07-01,6.6,False
1,2012-07-02,18.92,False
2,2012-07-03,5.5,False
3,2012-07-04,5.72,False
4,2012-07-05,5.5,False
5,2012-07-06,8.58,False
6,2012-07-07,6.82,False
7,2012-07-08,0.0,False
8,2012-07-09,10.78,False
9,2012-07-10,7.92,False
10,2012-07-11,8.14,False
11,2012-07-12,22.0,False
12,2012-07-13,14.3,False
13,2012-07-14,0.0,False
14,2012-07-15,6.6,False
15,2012-07-16,13.42,False
16,2012-07-17,10.78,False
17,2012-07-18,8.14,False
18,2012-07-19,16.72,False
19,2012-07-20,20.02,False
20,2012-07-21,6.82,False
21,2012-07-22,6.82,False
22,2012-07-23,18.92,False
23,2012-07-24,16.28,False
24,2012-07-25,19.14,False
25,2012-07-26,16.5,False
26,2012-07-27,14.52,False
27,2012-07-28,0.0,False
28,2012-07-29,0.0,False
29,2012-07-30,5.5,False
30,2012-07-31,16.06,False
0,2012-08-01,3.52,False
1,2012-08-02,3.74,False
2,2012-08-03,3.74,False
3,2012-08-04,4.4,False
4,2012-08-05,4.4,False
5,2012-08-06,14.52,False
6,2012-08-07,3.52,False
7,2012-08-08,7.04,False
8,2012-08-09,7.26,False
9,2012-08-10,15.18,False
10,2012-08-11,4.4,False
11,2012-08-12,0.0,False
12,2012-08-13,7.26,False
13,2012-08-14,10.78,False
14,2012-08-15,3.74,False
15,2012-08-16,3.74,False
16,2012-08-17,0.0,False
17,2012-08-18,0.0,False
18,2012-08-19,0.0,False
19,2012-08-20,22.0,False
20,2012-08-21,10.78,False
21,2012-08-22,3.52,False
22,2012-08-23,10.78,False
23,2012-08-24,11.22,False
24,2012-08-25,0.0,False
25,2012-08-26,0.0,False
26,2012-08-27,0.0,False
27,2012-08-28,10.34,False
28,2012-08-29,10.56,False
29,2012-08-30,14.3,False
30,2012-08-31,7.26,False
0,2012-09-01,4.5600000000000005,False
1,2012-09-02,0.0,False
2,2012-09-03,3.8,False
3,2012-09-04,7.41,False
4,2012-09-05,11.02,False
5,2012-09-06,11.21,False
6,2012-09-07,0.0,False
7,2012-09-08,0.0,False
8,2012-09-09,0.0,False
9,2012-09-10,18.05,False
10,2012-09-11,14.63,False
11,2012-09-12,11.02,False
12,2012-09-13,11.02,False
13,2012-09-14,19.0,False
14,2012-09-15,4.5600000000000005,False
15,2012-09-16,0.0,False
16,2012-09-17,3.61,False
17,2012-09-18,14.44,False
18,2012-09-19,10.83,False
19,2012-09-20,3.8,False
20,2012-09-21,3.8,False
21,2012-09-22,4.37,False
22,2012-09-23,0.0,False
23,2012-09-24,7.22,False
24,2012-09-25,3.61,False
25,2012-09-26,0.0,False
26,2012-09-27,7.41,False
27,2012-09-28,7.6,False
28,2012-09-29,4.37,False
29,2012-09-30,0.0,False
0,2012-10-01,6.580000000000001,False
1,2012-10-02,3.22,False
2,2012-10-03,6.720000000000001,False
3,2012-10-04,11.340000000000002,False
4,2012-10-05,8.4,False
5,2012-10-06,3.9200000000000004,False
6,2012-10-07,0.0,False
7,2012-10-08,3.22,False
8,2012-10-09,6.300000000000001,False
9,2012-10-10,7.98,False
10,2012-10-11,6.44,False
11,2012-10-12,5.040000000000001,False
12,2012-10-13,7.700000000000001,False
13,2012-10-14,0.0,False
14,2012-10-15,9.24,False
15,2012-10-16,6.16,False
16,2012-10-17,7.98,False
17,2012-10-18,3.22,False
18,2012-10-19,5.040000000000001,False
19,2012-10-20,3.7800000000000002,False
20,2012-10-21,0.0,False
21,2012-10-22,9.38,False
22,2012-10-23,14.000000000000002,False
23,2012-10-24,6.300000000000001,False
24,2012-10-25,6.44,False
25,2012-10-26,6.720000000000001,False
26,2012-10-27,0.0,False
27,2012-10-28,3.6400000000000006,False
28,2012-10-29,4.62,False
29,2012-10-30,3.08,False
30,2012-10-31,11.200000000000001,False
0,2012-11-01,11.549999999999999,False
1,2012-11-02,13.5,False
2,2012-11-03,0.0,False
3,2012-11-04,4.2,False
4,2012-11-05,5.25,False
5,2012-11-06,7.05,False
6,2012-11-07,3.4499999999999997,False
7,2012-11-08,7.199999999999999,False
8,2012-11-09,15.0,False
9,2012-11-10,4.35,False
10,2012-11-11,4.2,False
11,2012-11-12,12.45,False
12,2012-11-13,7.199999999999999,False
13,2012-11-14,10.65,False
14,2012-11-15,7.35,False
15,2012-11-16,7.35,False
16,2012-11-17,4.2,False
17,2012-11-18,0.0,False
18,2012-11-19,10.5,False
19,2012-11-20,5.25,False
20,2012-11-21,9.0,False
21,2012-11-22,3.75,False
22,2012-11-23,3.75,False
23,2012-11-24,0.0,False
24,2012-11-25,0.0,False
25,2012-11-26,10.35,False
26,2012-11-27,3.4499999999999997,False
27,2012-11-28,13.799999999999999,False
28,2012-11-29,5.25,False
29,2012-11-30,3.5999999999999996,False
0,2012-12-01,11.040000000000001,False
1,2012-12-02,5.5200000000000005,False
2,2012-12-03,8.97,False
3,2012-12-04,13.57,False
4,2012-12-05,6.9,False
5,2012-12-06,16.330000000000002,False
6,2012-12-07,9.66,False
7,2012-12-08,8.51,False
8,2012-12-09,5.29,False
9,2012-12-10,11.270000000000001,False
10,2012-12-11,18.17,False
11,2012-12-12,4.6000000000000005,False
12,2012-12-13,4.6000000000000005,False
13,2012-12-14,9.66,False
14,2012-12-15,0.0,False
15,2012-12-16,5.5200000000000005,False
16,2012-12-17,23.0,False
17,2012-12-18,4.6000000000000005,False
18,2012-12-19,7.13,False
19,2012-12-20,4.83,False
20,2012-12-21,7.590000000000001,False
21,2012-12-22,11.5,False
22,2012-12-23,5.98,False
23,2012-12-24,5.75,False
24,2012-12-25,6.21,False
25,2012-12-26,7.82,False
26,2012-12-27,14.950000000000001,False
27,2012-12-28,7.590000000000001,False
28,2012-12-29,0.0,False
29,2012-12-30,8.51,False
30,2012-12-31,11.270000000000001,False
0,2013-01-01,3.25,False
1,2013-01-02,0.0,False
2,2013-01-03,8.84,False
3,2013-01-04,5.2,False
4,2013-01-05,0.0,False
5,2013-01-06,0.0,False
6,2013-01-07,3.77,False
7,2013-01-08,4.94,False
8,2013-01-09,2.47,False
9,2013-01-10,4.94,False
10,2013-01-11,8.97,False
11,2013-01-12,2.8600000000000003,False
12,2013-01-13,2.8600000000000003,False
13,2013-01-14,8.450000000000001,False
14,2013-01-15,5.98,False
15,2013-01-16,8.450000000000001,False
16,2013-01-17,7.28,False
17,2013-01-18,6.24,False
18,2013-01-19,2.8600000000000003,False
19,2013-01-20,0.0,False
20,2013-01-21,2.34,False
21,2013-01-22,5.8500000000000005,False
22,2013-01-23,9.75,False
23,2013-01-24,2.47,False
24,2013-01-25,5.07,False
25,2013-01-26,2.8600000000000003,False
26,2013-01-27,0.0,False
27,2013-01-28,4.68,False
28,2013-01-29,13.0,False
29,2013-01-30,7.15,False
30,2013-01-31,8.450000000000001,False
0,2013-02-01,6.970000000000001,False
1,2013-02-02,0.0,False
2,2013-02-03,3.06,False
3,2013-02-04,5.2700000000000005,False
4,2013-02-05,17.0,False
5,2013-02-06,7.99,False
6,2013-02-07,5.44,False
7,2013-02-08,8.33,False
8,2013-02-09,0.0,False
9,2013-02-10,3.2300000000000004,False
10,2013-02-11,6.800000000000001,False
11,2013-02-12,2.72,False
12,2013-02-13,5.2700000000000005,False
13,2013-02-14,6.800000000000001,False
14,2013-02-15,5.61,False
15,2013-02-16,0.0,False
16,2013-02-17,0.0,False
17,2013-02-18,0.0,False
18,2013-02-19,2.5500000000000003,False
19,2013-02-20,9.180000000000001,False
20,2013-02-21,7.82,False
21,2013-02-22,8.33,False
22,2013-02-23,3.06,False
23,2013-02-24,3.06,False
24,2013-02-25,2.5500000000000003,False
25,2013-02-26,2.5500000000000003,False
26,2013-02-27,7.82,False
27,2013-02-28,6.630000000000001,False
0,2013-03-01,9.9,False
1,2013-03-02,3.74,False
2,2013-03-03,0.0,False
3,2013-03-04,15.84,False
4,2013-03-05,6.38,False
5,2013-03-06,3.08,False
6,2013-03-07,15.84,False
7,2013-03-08,9.9,False
8,2013-03-09,0.0,False
9,2013-03-10,3.74,False
10,2013-03-11,6.16,False
11,2013-03-12,3.08,False
12,2013-03-13,3.08,False
13,2013-03-14,6.38,False
14,2013-03-15,3.3,False
15,2013-03-16,7.48,False
16,2013-03-17,0.0,False
17,2013-03-18,6.16,False
18,2013-03-19,15.4,False
19,2013-03-20,0.0,False
20,2013-03-21,22.0,False
21,2013-03-22,0.0,False
22,2013-03-23,0.0,False
23,2013-03-24,0.0,False
24,2013-03-25,6.16,False
25,2013-03-26,3.08,False
26,2013-03-27,3.3,False
27,2013-03-28,6.6,False
28,2013-03-29,7.26,False
29,2013-03-30,3.74,False
30,2013-03-31,0.0,False
0,2013-04-01,6.46,False
1,2013-04-02,3.04,False
2,2013-04-03,7.6,False
3,2013-04-04,6.2700000000000005,False
4,2013-04-05,9.5,False
5,2013-04-06,3.61,False
6,2013-04-07,7.22,False
7,2013-04-08,4.5600000000000005,False
8,2013-04-09,6.08,False
9,2013-04-10,9.120000000000001,False
10,2013-04-11,10.64,False
11,2013-04-12,9.69,False
12,2013-04-13,3.8,False
13,2013-04-14,3.61,False
14,2013-04-15,6.08,False
15,2013-04-16,4.5600000000000005,False
16,2013-04-17,6.08,False
17,2013-04-18,4.5600000000000005,False
18,2013-04-19,11.21,False
19,2013-04-20,7.41,False
20,2013-04-21,3.61,False
21,2013-04-22,6.08,False
22,2013-04-23,6.08,False
23,2013-04-24,6.08,False
24,2013-04-25,19.0,False
25,2013-04-26,15.96,False
26,2013-04-27,18.43,False
27,2013-04-28,7.41,False
28,2013-04-29,9.120000000000001,False
29,2013-04-30,9.31,False
0,2013-05-01,5.5,False
1,2013-05-02,15.25,False
2,2013-05-03,5.25,False
3,2013-05-04,6.0,False
4,2013-05-05,6.0,False
5,2013-05-06,0.0,False
6,2013-05-07,15.0,False
7,2013-05-08,20.0,False
8,2013-05-09,20.5,False
9,2013-05-10,5.25,False
10,2013-05-11,6.0,False
11,2013-05-12,0.0,False
12,2013-05-13,5.0,False
13,2013-05-14,14.5,False
14,2013-05-15,9.75,False
15,2013-05-16,25.0,False
16,2013-05-17,5.25,False
17,2013-05-18,0.0,False
18,2013-05-19,0.0,False
19,2013-05-20,5.0,False
20,2013-05-21,14.5,False
21,2013-05-22,19.5,False
22,2013-05-23,19.5,False
23,2013-05-24,5.25,False
24,2013-05-25,0.0,False
25,2013-05-26,11.75,False
26,2013-05-27,5.0,False
27,2013-05-28,14.5,False
28,2013-05-29,9.75,False
29,2013-05-30,25.0,False
30,2013-05-31,10.25,False
0,2013-06-01,0.0,False
1,2013-06-02,0.0,False
2,2013-06-03,8.33,False
3,2013-06-04,5.61,False
4,2013-06-05,0.0,False
5,2013-06-06,8.5,False
6,2013-06-07,11.73,False
7,2013-06-08,3.4000000000000004,False
8,2013-06-09,6.800000000000001,False
9,2013-06-10,5.61,False
10,2013-06-11,16.66,False
11,2013-06-12,14.110000000000001,False
12,2013-06-13,17.0,False
13,2013-06-14,9.01,False
14,2013-06-15,0.0,False
15,2013-06-16,0.0,False
16,2013-06-17,5.61,False
17,2013-06-18,8.5,False
18,2013-06-19,14.110000000000001,False
19,2013-06-20,5.78,False
20,2013-06-21,9.01,False
21,2013-06-22,3.5700000000000003,False
22,2013-06-23,0.0,False
23,2013-06-24,2.89,False
24,2013-06-25,2.72,False
25,2013-06-26,2.89,False
26,2013-06-27,8.67,False
27,2013-06-28,9.01,False
28,2013-06-29,3.5700000000000003,False
29,2013-06-30,0.0,False
0,2013-07-01,14.82,False
1,2013-07-02,4.94,False
2,2013-07-03,3.38,False
3,2013-07-04,3.64,False
4,2013-07-05,5.46,False
5,2013-07-06,4.16,False
6,2013-07-07,4.16,False
7,2013-07-08,6.76,False
8,2013-07-09,6.76,False
9,2013-07-10,5.2,False
10,2013-07-11,10.4,False
11,2013-07-12,12.48,False
12,2013-07-13,0.0,False
13,2013-07-14,0.0,False
14,2013-07-15,13.52,False
15,2013-07-16,16.900000000000002,False
16,2013-07-17,6.76,False
17,2013-07-18,17.16,False
18,2013-07-19,16.12,False
19,2013-07-20,12.74,False
20,2013-07-21,0.0,False
21,2013-07-22,10.14,False
22,2013-07-23,11.700000000000001,False
23,2013-07-24,16.900000000000002,False
24,2013-07-25,26.0,False
25,2013-07-26,10.66,False
26,2013-07-27,0.0,False
27,2013-07-28,8.32,False
28,2013-07-29,14.82,False
29,2013-07-30,14.82,False
30,2013-07-31,15.08,False
0,2013-08-01,22.0,False
1,2013-08-02,12.76,False
2,2013-08-03,3.3,False
3,2013-08-04,3.3,False
4,2013-08-05,8.14,False
5,2013-08-06,6.82,False
6,2013-08-07,6.82,False
7,2013-08-08,11.22,False
8,2013-08-09,17.16,False
9,2013-08-10,10.12,False
10,2013-08-11,6.6,False
11,2013-08-12,6.82,False
12,2013-08-13,6.6,False
13,2013-08-14,12.32,False
14,2013-08-15,5.72,False
15,2013-08-16,10.12,False
16,2013-08-17,0.0,False
17,2013-08-18,0.0,False
18,2013-08-19,2.64,False
19,2013-08-20,7.92,False
20,2013-08-21,11.88,False
21,2013-08-22,6.82,False
22,2013-08-23,5.5,False
23,2013-08-24,0.0,False
24,2013-08-25,0.0,False
25,2013-08-26,5.28,False
26,2013-08-27,14.08,False
27,2013-08-28,2.64,False
28,2013-08-29,7.92,False
29,2013-08-30,6.82,False
30,2013-08-31,3.08,False
0,2013-09-01,0.0,False
1,2013-09-02,3.61,False
2,2013-09-03,8.74,False
3,2013-09-04,14.25,False
4,2013-09-05,5.51,False
5,2013-09-06,9.31,False
6,2013-09-07,0.0,False
7,2013-09-08,6.2700000000000005,False
8,2013-09-09,7.03,False
9,2013-09-10,5.13,False
10,2013-09-11,10.45,False
11,2013-09-12,5.32,False
12,2013-09-13,14.63,False
13,2013-09-14,4.18,False
14,2013-09-15,0.0,False
15,2013-09-16,3.42,False
16,2013-09-17,8.55,False
17,2013-09-18,10.45,False
18,2013-09-19,12.35,False
19,2013-09-20,14.82,False
20,2013-09-21,4.18,False
21,2013-09-22,0.0,False
22,2013-09-23,12.35,False
23,2013-09-24,19.0,False
24,2013-09-25,8.74,False
25,2013-09-26,12.540000000000001,False
26,2013-09-27,12.92,False
27,2013-09-28,8.36,False
28,2013-09-29,4.18,False
29,2013-09-30,3.42,False
0,2013-10-01,15.0,False
1,2013-10-02,5.7,False
2,2013-10-03,3.9,False
3,2013-10-04,6.0,False
4,2013-10-05,0.0,False
5,2013-10-06,17.7,False
6,2013-10-07,7.5,False
7,2013-10-08,12.9,False
8,2013-10-09,18.9,False
9,2013-10-10,11.4,False
10,2013-10-11,8.1,False
11,2013-10-12,0.0,False
12,2013-10-13,0.0,False
13,2013-10-14,3.9,False
14,2013-10-15,9.6,False
15,2013-10-16,11.4,False
16,2013-10-17,17.4,False
17,2013-10-18,24.0,False
18,2013-10-19,4.5,False
19,2013-10-20,4.5,False
20,2013-10-21,14.7,False
21,2013-10-22,14.7,False
22,2013-10-23,12.9,False
23,2013-10-24,17.099999999999998,False
24,2013-10-25,23.4,False
25,2013-10-26,9.0,False
26,2013-10-27,13.2,False
27,2013-10-28,10.799999999999999,False
28,2013-10-29,12.9,False
29,2013-10-30,30.0,False
30,2013-10-31,11.7,False
0,2013-11-01,9.36,False
1,2013-11-02,0.0,False
2,2013-11-03,0.0,False
3,2013-11-04,8.58,False
4,2013-11-05,17.16,False
5,2013-11-06,13.0,False
6,2013-11-07,17.42,False
7,2013-11-08,9.1,False
8,2013-11-09,0.0,False
9,2013-11-10,0.0,False
10,2013-11-11,4.42,False
11,2013-11-12,8.58,False
12,2013-11-13,8.58,False
13,2013-11-14,4.42,False
14,2013-11-15,9.1,False
15,2013-11-16,0.0,False
16,2013-11-17,0.0,False
17,2013-11-18,21.32,False
18,2013-11-19,12.74,False
19,2013-11-20,16.900000000000002,False
20,2013-11-21,26.0,False
21,2013-11-22,17.68,False
22,2013-11-23,0.0,False
23,2013-11-24,0.0,False
24,2013-11-25,8.32,False
25,2013-11-26,16.900000000000002,False
26,2013-11-27,21.580000000000002,False
27,2013-11-28,0.0,False
28,2013-11-29,0.0,False
29,2013-11-30,0.0,False
0,2013-12-01,8.36,False
1,2013-12-02,17.82,False
2,2013-12-03,14.74,False
3,2013-12-04,22.0,False
4,2013-12-05,11.22,False
5,2013-12-06,7.7,False
6,2013-12-07,4.4,False
7,2013-12-08,0.0,False
8,2013-12-09,7.26,False
9,2013-12-10,11.0,False
10,2013-12-11,14.74,False
11,2013-12-12,7.7,False
12,2013-12-13,7.92,False
13,2013-12-14,4.62,False
14,2013-12-15,4.4,False
15,2013-12-16,7.48,False
16,2013-12-17,0.0,False
17,2013-12-18,3.96,False
18,2013-12-19,3.96,False
19,2013-12-20,8.36,False
20,2013-12-21,0.0,False
21,2013-12-22,0.0,False
22,2013-12-23,4.18,False
23,2013-12-24,9.24,False
24,2013-12-25,0.0,False
25,2013-12-26,8.58,False
26,2013-12-27,12.540000000000001,False
27,2013-12-28,0.0,False
28,2013-12-29,0.0,False
29,2013-12-30,16.28,False
30,2013-12-31,4.62,False
0,2014-01-01,3.25,False
1,2014-01-02,0.0,False
2,2014-01-03,2.5,False
3,2014-01-04,5.75,False
4,2014-01-05,0.0,False
5,2014-01-06,7.5,False
6,2014-01-07,2.5,False
7,2014-01-08,2.5,False
8,2014-01-09,2.5,False
9,2014-01-10,15.0,False
10,2014-01-11,2.75,False
11,2014-01-12,0.0,False
12,2014-01-13,11.75,False
13,2014-01-14,4.75,False
14,2014-01-15,9.5,False
15,2014-01-16,2.5,False
16,2014-01-17,25.0,False
17,2014-01-18,11.25,False
18,2014-01-19,5.5,False
19,2014-01-20,0.0,False
20,2014-01-21,7.0,False
21,2014-01-22,9.25,False
22,2014-01-23,0.0,False
23,2014-01-24,7.5,False
24,2014-01-25,2.75,False
25,2014-01-26,0.0,False
26,2014-01-27,7.0,False
27,2014-01-28,23.25,False
28,2014-01-29,9.5,False
29,2014-01-30,0.0,False
30,2014-01-31,7.5,False
0,2014-02-01,0.0,False
1,2014-02-02,3.5999999999999996,False
2,2014-02-03,12.6,False
3,2014-02-04,9.299999999999999,False
4,2014-02-05,11.1,False
5,2014-02-06,8.7,False
6,2014-02-07,26.4,False
7,2014-02-08,7.199999999999999,False
8,2014-02-09,3.5999999999999996,False
9,2014-02-10,6.3,False
10,2014-02-11,10.799999999999999,False
11,2014-02-12,14.1,False
12,2014-02-13,20.4,False
13,2014-02-14,6.6,False
14,2014-02-15,9.299999999999999,False
15,2014-02-16,3.5999999999999996,False
16,2014-02-17,3.3,False
17,2014-02-18,7.8,False
18,2014-02-19,21.9,False
19,2014-02-20,17.7,False
20,2014-02-21,14.7,False
21,2014-02-22,3.5999999999999996,False
22,2014-02-23,3.5999999999999996,False
23,2014-02-24,18.599999999999998,False
24,2014-02-25,10.799999999999999,False
25,2014-02-26,23.4,False
26,2014-02-27,30.0,False
27,2014-02-28,23.099999999999998,False
0,2014-03-01,11.889999999999999,False
1,2014-03-02,2.9,False
2,2014-03-03,15.079999999999998,False
3,2014-03-04,17.98,False
4,2014-03-05,10.149999999999999,False
5,2014-03-06,10.149999999999999,False
6,2014-03-07,18.56,False
7,2014-03-08,6.09,False
8,2014-03-09,6.09,False
9,2014-03-10,10.149999999999999,False
10,2014-03-11,15.079999999999998,False
11,2014-03-12,4.93,False
12,2014-03-13,12.76,False
13,2014-03-14,28.999999999999996,False
14,2014-03-15,0.0,False
15,2014-03-16,0.0,False
16,2014-03-17,5.22,False
17,2014-03-18,7.539999999999999,False
18,2014-03-19,12.76,False
19,2014-03-20,12.76,False
20,2014-03-21,10.729999999999999,False
21,2014-03-22,6.09,False
22,2014-03-23,2.9,False
23,2014-03-24,7.539999999999999,False
24,2014-03-25,4.93,False
25,2014-03-26,4.93,False
26,2014-03-27,10.149999999999999,False
27,2014-03-28,26.099999999999998,False
28,2014-03-29,0.0,False
29,2014-03-30,5.8,False
30,2014-03-31,7.539999999999999,False
0,2014-04-01,17.55,False
1,2014-04-02,17.55,False
2,2014-04-03,15.120000000000001,False
3,2014-04-04,23.490000000000002,False
4,2014-04-05,5.94,False
5,2014-04-06,0.0,False
6,2014-04-07,22.14,False
7,2014-04-08,19.71,False
8,2014-04-09,15.120000000000001,False
9,2014-04-10,10.260000000000002,False
10,2014-04-11,8.100000000000001,False
11,2014-04-12,6.210000000000001,False
12,2014-04-13,0.0,False
13,2014-04-14,12.690000000000001,False
14,2014-04-15,17.55,False
15,2014-04-16,25.92,False
16,2014-04-17,27.0,False
17,2014-04-18,11.610000000000001,False
18,2014-04-19,0.0,False
19,2014-04-20,0.0,False
20,2014-04-21,18.900000000000002,False
21,2014-04-22,14.850000000000001,False
22,2014-04-23,19.98,False
23,2014-04-24,25.380000000000003,False
24,2014-04-25,24.03,False
25,2014-04-26,5.94,False
26,2014-04-27,5.67,False
27,2014-04-28,19.98,False
28,2014-04-29,12.420000000000002,False
29,2014-04-30,20.520000000000003,False
0,2014-05-01,15.2,False
1,2014-05-02,7.6,False
2,2014-05-03,0.0,False
3,2014-05-04,0.0,False
4,2014-05-05,7.03,False
5,2014-05-06,10.45,False
6,2014-05-07,10.26,False
7,2014-05-08,17.29,False
8,2014-05-09,7.22,False
9,2014-05-10,0.0,False
10,2014-05-11,0.0,False
11,2014-05-12,10.07,False
12,2014-05-13,16.91,False
13,2014-05-14,13.870000000000001,False
14,2014-05-15,7.03,False
15,2014-05-16,0.0,False
16,2014-05-17,4.18,False
17,2014-05-18,0.0,False
18,2014-05-19,10.26,False
19,2014-05-20,3.42,False
20,2014-05-21,19.0,False
21,2014-05-22,0.0,False
22,2014-05-23,15.96,False
23,2014-05-24,4.5600000000000005,False
24,2014-05-25,0.0,False
25,2014-05-26,0.0,False
26,2014-05-27,14.82,False
27,2014-05-28,3.8,False
28,2014-05-29,7.79,False
29,2014-05-30,0.0,False
30,2014-05-31,9.5,False
0,2014-06-01,0.0,False
1,2014-06-02,5.67,False
2,2014-06-03,14.91,False
3,2014-06-04,9.24,False
4,2014-06-05,13.44,False
5,2014-06-06,12.18,False
6,2014-06-07,11.969999999999999,False
7,2014-06-08,0.0,False
8,2014-06-09,7.77,False
9,2014-06-10,9.66,False
10,2014-06-11,9.45,False
11,2014-06-12,21.0,False
12,2014-06-13,17.849999999999998,False
13,2014-06-14,4.62,False
14,2014-06-15,0.0,False
15,2014-06-16,3.78,False
16,2014-06-17,11.34,False
17,2014-06-18,13.44,False
18,2014-06-19,9.87,False
19,2014-06-20,10.29,False
20,2014-06-21,14.28,False
21,2014-06-22,4.62,False
22,2014-06-23,3.78,False
23,2014-06-24,17.009999999999998,False
24,2014-06-25,11.34,False
25,2014-06-26,13.44,False
26,2014-06-27,6.09,False
27,2014-06-28,0.0,False
28,2014-06-29,6.93,False
29,2014-06-30,7.77,False
0,2014-07-01,7.840000000000001,False
1,2014-07-02,5.32,False
2,2014-07-03,11.200000000000001,False
3,2014-07-04,2.8000000000000003,False
4,2014-07-05,0.0,False
5,2014-07-06,3.3600000000000003,False
6,2014-07-07,5.32,False
7,2014-07-08,10.360000000000001,False
8,2014-07-09,8.120000000000001,False
9,2014-07-10,10.64,False
10,2014-07-11,5.6000000000000005,False
11,2014-07-12,3.08,False
12,2014-07-13,3.08,False
13,2014-07-14,13.160000000000002,False
14,2014-07-15,5.32,False
15,2014-07-16,5.32,False
16,2014-07-17,8.120000000000001,False
17,2014-07-18,5.6000000000000005,False
18,2014-07-19,9.8,False
19,2014-07-20,0.0,False
20,2014-07-21,18.200000000000003,False
21,2014-07-22,7.840000000000001,False
22,2014-07-23,2.8000000000000003,False
23,2014-07-24,13.440000000000001,False
24,2014-07-25,28.000000000000004,False
25,2014-07-26,9.8,False
26,2014-07-27,0.0,False
27,2014-07-28,15.96,False
28,2014-07-29,15.96,False
29,2014-07-30,10.64,False
30,2014-07-31,8.120000000000001,False
0,2014-08-01,7.04,False
1,2014-08-02,0.0,False
2,2014-08-03,4.18,False
3,2014-08-04,13.42,False
4,2014-08-05,6.6,False
5,2014-08-06,17.16,False
6,2014-08-07,14.74,False
7,2014-08-08,10.56,False
8,2014-08-09,8.36,False
9,2014-08-10,0.0,False
10,2014-08-11,3.3,False
11,2014-08-12,3.3,False
12,2014-08-13,3.3,False
13,2014-08-14,3.3,False
14,2014-08-15,22.0,False
15,2014-08-16,0.0,False
16,2014-08-17,3.96,False
17,2014-08-18,10.12,False
18,2014-08-19,6.6,False
19,2014-08-20,3.3,False
20,2014-08-21,16.72,False
21,2014-08-22,7.04,False
22,2014-08-23,0.0,False
23,2014-08-24,0.0,False
24,2014-08-25,3.3,False
25,2014-08-26,9.68,False
26,2014-08-27,3.3,False
27,2014-08-28,0.0,False
28,2014-08-29,3.52,False
29,2014-08-30,7.92,False
30,2014-08-31,0.0,False
0,2014-09-01,0.0,False
1,2014-09-02,14.08,False
2,2014-09-03,20.02,False
3,2014-09-04,20.46,False
4,2014-09-05,12.76,False
5,2014-09-06,9.68,False
6,2014-09-07,0.0,False
7,2014-09-08,14.08,False
8,2014-09-09,9.9,False
9,2014-09-10,3.96,False
10,2014-09-11,5.94,False
11,2014-09-12,4.18,False
12,2014-09-13,4.84,False
13,2014-09-14,9.68,False
14,2014-09-15,12.1,False
15,2014-09-16,16.06,False
16,2014-09-17,20.02,False
17,2014-09-18,20.24,False
18,2014-09-19,14.74,False
19,2014-09-20,4.84,False
20,2014-09-21,0.0,False
21,2014-09-22,13.86,False
22,2014-09-23,22.0,False
23,2014-09-24,16.06,False
24,2014-09-25,12.1,False
25,2014-09-26,18.92,False
26,2014-09-27,7.26,False
27,2014-09-28,0.0,False
28,2014-09-29,14.08,False
29,2014-09-30,9.9,False
0,2014-10-01,5.75,False
1,2014-10-02,10.25,False
2,2014-10-03,10.75,False
3,2014-10-04,3.5,False
4,2014-10-05,0.0,False
5,2014-10-06,5.75,False
6,2014-10-07,8.5,False
7,2014-10-08,12.75,False
8,2014-10-09,5.75,False
9,2014-10-10,10.25,False
10,2014-10-11,6.75,False
11,2014-10-12,3.25,False
12,2014-10-13,5.5,False
13,2014-10-14,9.75,False
14,2014-10-15,9.75,False
15,2014-10-16,7.0,False
16,2014-10-17,7.25,False
17,2014-10-18,5.0,False
18,2014-10-19,3.25,False
19,2014-10-20,5.5,False
20,2014-10-21,8.25,False
21,2014-10-22,5.5,False
22,2014-10-23,5.75,False
23,2014-10-24,13.25,False
24,2014-10-25,6.75,False
25,2014-10-26,3.25,False
26,2014-10-27,13.75,False
27,2014-10-28,8.25,False
28,2014-10-29,25.0,False
29,2014-10-30,20.0,False
30,2014-10-31,16.25,False
0,2014-11-01,0.0,False
1,2014-11-02,8.74,False
2,2014-11-03,11.270000000000001,False
3,2014-11-04,14.72,False
4,2014-11-05,11.040000000000001,False
5,2014-11-06,7.36,False
6,2014-11-07,7.82,False
7,2014-11-08,8.97,False
8,2014-11-09,8.74,False
9,2014-11-10,14.950000000000001,False
10,2014-11-11,22.310000000000002,False
11,2014-11-12,7.36,False
12,2014-11-13,14.72,False
13,2014-11-14,23.0,False
14,2014-11-15,4.37,False
15,2014-11-16,4.37,False
16,2014-11-17,14.49,False
17,2014-11-18,11.96,False
18,2014-11-19,7.590000000000001,False
19,2014-11-20,14.950000000000001,False
20,2014-11-21,11.5,False
21,2014-11-22,0.0,False
22,2014-11-23,0.0,False
23,2014-11-24,14.49,False
24,2014-11-25,10.81,False
25,2014-11-26,3.68,False
26,2014-11-27,3.91,False
27,2014-11-28,3.91,False
28,2014-11-29,4.37,False
29,2014-11-30,0.0,False
0,2014-12-01,17.16,False
1,2014-12-02,9.9,False
2,2014-12-03,17.6,False
3,2014-12-04,17.82,False
4,2014-12-05,18.48,False
5,2014-12-06,9.02,False
6,2014-12-07,0.0,False
7,2014-12-08,5.06,False
8,2014-12-09,15.18,False
9,2014-12-10,17.6,False
10,2014-12-11,17.82,False
11,2014-12-12,18.7,False
12,2014-12-13,0.0,False
13,2014-12-14,5.94,False
14,2014-12-15,12.540000000000001,False
15,2014-12-16,15.18,False
16,2014-12-17,15.62,False
17,2014-12-18,13.2,False
18,2014-12-19,13.86,False
19,2014-12-20,6.38,False
20,2014-12-21,6.38,False
21,2014-12-22,10.78,False
22,2014-12-23,16.72,False
23,2014-12-24,15.62,False
24,2014-12-25,13.42,False
25,2014-12-26,18.04,False
26,2014-12-27,6.16,False
27,2014-12-28,12.1,False
28,2014-12-29,13.42,False
29,2014-12-30,22.0,False
30,2014-12-31,18.48,False
0,2015-01-01,0.0,False
1,2015-01-02,2.56,False
2,2015-01-03,0.0,False
3,2015-01-04,0.0,False
4,2015-01-05,2.4,False
5,2015-01-06,9.28,False
6,2015-01-07,16.0,False
7,2015-01-08,6.88,False
8,2015-01-09,7.04,False
9,2015-01-10,2.72,False
10,2015-01-11,0.0,False
11,2015-01-12,2.24,False
12,2015-01-13,6.72,False
13,2015-01-14,6.88,False
14,2015-01-15,13.6,False
15,2015-01-16,2.4,False
16,2015-01-17,0.0,False
17,2015-01-18,0.0,False
18,2015-01-19,0.0,False
19,2015-01-20,6.72,False
20,2015-01-21,0.0,False
21,2015-01-22,11.36,False
22,2015-01-23,4.64,False
23,2015-01-24,0.0,False
24,2015-01-25,0.0,False
25,2015-01-26,2.24,False
26,2015-01-27,6.5600000000000005,False
27,2015-01-28,8.96,False
28,2015-01-29,6.72,False
29,2015-01-30,0.0,False
30,2015-01-31,0.0,False
0,2015-02-01,0.0,False
1,2015-02-02,7.35,False
2,2015-02-03,6.09,False
3,2015-02-04,3.57,False
4,2015-02-05,6.09,False
5,2015-02-06,6.3,False
6,2015-02-07,0.0,False
7,2015-02-08,2.73,False
8,2015-02-09,6.09,False
9,2015-02-10,9.66,False
10,2015-02-11,9.66,False
11,2015-02-12,21.0,False
12,2015-02-13,7.77,False
13,2015-02-14,5.88,False
14,2015-02-15,2.94,False
15,2015-02-16,2.52,False
16,2015-02-17,7.56,False
17,2015-02-18,11.129999999999999,False
18,2015-02-19,12.389999999999999,False
19,2015-02-20,2.52,False
20,2015-02-21,8.61,False
21,2015-02-22,2.94,False
22,2015-02-23,6.09,False
23,2015-02-24,4.83,False
24,2015-02-25,4.83,False
25,2015-02-26,6.09,False
26,2015-02-27,10.08,False
27,2015-02-28,4.2,False
0,2015-03-01,5.32,False
1,2015-03-02,4.75,False
2,2015-03-03,4.75,False
3,2015-03-04,0.0,False
4,2015-03-05,9.5,False
5,2015-03-06,10.07,False
6,2015-03-07,5.7,False
7,2015-03-08,0.0,False
8,2015-03-09,9.5,False
9,2015-03-10,14.06,False
10,2015-03-11,19.0,False
11,2015-03-12,14.25,False
12,2015-03-13,9.88,False
13,2015-03-14,5.51,False
14,2015-03-15,0.0,False
15,2015-03-16,14.25,False
16,2015-03-17,9.5,False
17,2015-03-18,4.75,False
18,2015-03-19,14.06,False
19,2015-03-20,4.94,False
20,2015-03-21,0.0,False
21,2015-03-22,10.83,False
22,2015-03-23,4.75,False
23,2015-03-24,9.31,False
24,2015-03-25,6.84,False
25,2015-03-26,16.53,False
26,2015-03-27,9.88,False
27,2015-03-28,0.0,False
28,2015-03-29,0.0,False
29,2015-03-30,9.5,False
30,2015-03-31,9.5,False
0,2015-04-01,4.760000000000001,False
1,2015-04-02,4.930000000000001,False
2,2015-04-03,5.2700000000000005,False
3,2015-04-04,0.0,False
4,2015-04-05,0.0,False
5,2015-04-06,6.630000000000001,False
6,2015-04-07,3.06,False
7,2015-04-08,17.0,False
8,2015-04-09,9.350000000000001,False
9,2015-04-10,6.630000000000001,False
10,2015-04-11,3.74,False
11,2015-04-12,0.0,False
12,2015-04-13,10.71,False
13,2015-04-14,4.590000000000001,False
14,2015-04-15,6.12,False
15,2015-04-16,4.590000000000001,False
16,2015-04-17,6.460000000000001,False
17,2015-04-18,0.0,False
18,2015-04-19,3.5700000000000003,False
19,2015-04-20,12.24,False
20,2015-04-21,3.06,False
21,2015-04-22,7.82,False
22,2015-04-23,9.350000000000001,False
23,2015-04-24,11.39,False
24,2015-04-25,0.0,False
25,2015-04-26,3.5700000000000003,False
26,2015-04-27,9.180000000000001,False
27,2015-04-28,9.01,False
28,2015-04-29,16.830000000000002,False
29,2015-04-30,15.81,False
0,2015-05-01,6.5600000000000005,False
1,2015-05-02,2.88,False
2,2015-05-03,4.16,False
3,2015-05-04,5.76,False
4,2015-05-05,12.8,False
5,2015-05-06,13.92,False
6,2015-05-07,4.64,False
7,2015-05-08,11.200000000000001,False
8,2015-05-09,2.88,False
9,2015-05-10,2.88,False
10,2015-05-11,4.64,False
11,2015-05-12,5.76,False
12,2015-05-13,7.04,False
13,2015-05-14,4.8,False
14,2015-05-15,6.08,False
15,2015-05-16,0.0,False
16,2015-05-17,0.0,False
17,2015-05-18,8.0,False
18,2015-05-19,5.76,False
19,2015-05-20,16.0,False
20,2015-05-21,8.16,False
21,2015-05-22,8.64,False
22,2015-05-23,4.16,False
23,2015-05-24,0.0,False
24,2015-05-25,2.4,False
25,2015-05-26,5.76,False
26,2015-05-27,4.48,False
27,2015-05-28,4.64,False
28,2015-05-29,6.08,False
29,2015-05-30,0.0,False
30,2015-05-31,2.72,False
0,2015-06-01,11.39,False
1,2015-06-02,13.770000000000001,False
2,2015-06-03,9.180000000000001,False
3,2015-06-04,14.280000000000001,False
4,2015-06-05,7.3100000000000005,False
5,2015-06-06,8.33,False
6,2015-06-07,5.61,False
7,2015-06-08,0.0,False
8,2015-06-09,6.800000000000001,False
9,2015-06-10,11.39,False
10,2015-06-11,4.590000000000001,False
11,2015-06-12,4.760000000000001,False
12,2015-06-13,0.0,False
13,2015-06-14,5.44,False
14,2015-06-15,13.430000000000001,False
15,2015-06-16,13.430000000000001,False
16,2015-06-17,15.98,False
17,2015-06-18,11.73,False
18,2015-06-19,4.930000000000001,False
19,2015-06-20,5.61,False
20,2015-06-21,5.61,False
21,2015-06-22,9.180000000000001,False
22,2015-06-23,4.42,False
23,2015-06-24,0.0,False
24,2015-06-25,11.73,False
25,2015-06-26,17.0,False
26,2015-06-27,5.61,False
27,2015-06-28,0.0,False
28,2015-06-29,16.150000000000002,False
29,2015-06-30,9.180000000000001,False
0,2015-07-01,4.35,False
1,2015-07-02,4.35,False
2,2015-07-03,4.64,False
3,2015-07-04,2.61,False
4,2015-07-05,2.61,False
5,2015-07-06,11.889999999999999,False
6,2015-07-07,6.38,False
7,2015-07-08,17.4,False
8,2015-07-09,11.02,False
9,2015-07-10,5.8,False
10,2015-07-11,2.61,False
11,2015-07-12,0.0,False
12,2015-07-13,6.38,False
13,2015-07-14,8.7,False
14,2015-07-15,13.34,False
15,2015-07-16,5.51,False
16,2015-07-17,8.12,False
17,2015-07-18,5.51,False
18,2015-07-19,2.9,False
19,2015-07-20,6.959999999999999,False
20,2015-07-21,6.67,False
21,2015-07-22,8.7,False
22,2015-07-23,8.7,False
23,2015-07-24,11.309999999999999,False
24,2015-07-25,5.22,False
25,2015-07-26,2.61,False
26,2015-07-27,15.079999999999998,False
27,2015-07-28,28.999999999999996,False
28,2015-07-29,21.75,False
29,2015-07-30,19.72,False
30,2015-07-31,12.469999999999999,False
0,2015-08-01,0.0,False
1,2015-08-02,0.0,False
2,2015-08-03,3.19,False
3,2015-08-04,13.049999999999999,False
4,2015-08-05,6.67,False
5,2015-08-06,13.34,False
6,2015-08-07,10.44,False
7,2015-08-08,3.7699999999999996,False
8,2015-08-09,0.0,False
9,2015-08-10,16.24,False
10,2015-08-11,28.999999999999996,False
11,2015-08-12,9.86,False
12,2015-08-13,13.049999999999999,False
13,2015-08-14,20.299999999999997,False
14,2015-08-15,7.829999999999999,False
15,2015-08-16,0.0,False
16,2015-08-17,3.19,False
17,2015-08-18,16.24,False
18,2015-08-19,3.19,False
19,2015-08-20,16.24,False
20,2015-08-21,6.67,False
21,2015-08-22,0.0,False
22,2015-08-23,7.539999999999999,False
23,2015-08-24,15.659999999999998,False
24,2015-08-25,28.13,False
25,2015-08-26,28.709999999999997,False
26,2015-08-27,12.76,False
27,2015-08-28,9.86,False
28,2015-08-29,3.7699999999999996,False
29,2015-08-30,0.0,False
30,2015-08-31,12.469999999999999,False
0,2015-09-01,6.66,False
1,2015-09-02,18.0,False
2,2015-09-03,13.68,False
3,2015-09-04,4.68,False
4,2015-09-05,0.0,False
5,2015-09-06,0.0,False
6,2015-09-07,0.0,False
7,2015-09-08,4.32,False
8,2015-09-09,8.82,False
9,2015-09-10,4.5,False
10,2015-09-11,7.02,False
11,2015-09-12,2.52,False
12,2015-09-13,0.0,False
13,2015-09-14,4.32,False
14,2015-09-15,0.0,False
15,2015-09-16,2.16,False
16,2015-09-17,11.16,False
17,2015-09-18,2.34,False
18,2015-09-19,0.0,False
19,2015-09-20,0.0,False
20,2015-09-21,2.16,False
21,2015-09-22,2.16,False
22,2015-09-23,10.98,False
23,2015-09-24,4.5,False
24,2015-09-25,2.34,False
25,2015-09-26,5.22,False
26,2015-09-27,0.0,False
27,2015-09-28,8.64,False
28,2015-09-29,0.0,False
29,2015-09-30,2.16,False
0,2015-10-01,10.81,False
1,2015-10-02,16.79,False
2,2015-10-03,8.280000000000001,False
3,2015-10-04,4.140000000000001,False
4,2015-10-05,5.29,False
5,2015-10-06,14.030000000000001,False
6,2015-10-07,12.42,False
7,2015-10-08,12.42,False
8,2015-10-09,14.72,False
9,2015-10-10,4.140000000000001,False
10,2015-10-11,0.0,False
11,2015-10-12,3.68,False
12,2015-10-13,15.870000000000001,False
13,2015-10-14,12.42,False
14,2015-10-15,7.13,False
15,2015-10-16,7.36,False
16,2015-10-17,4.140000000000001,False
17,2015-10-18,0.0,False
18,2015-10-19,10.58,False
19,2015-10-20,10.35,False
20,2015-10-21,10.58,False
21,2015-10-22,7.13,False
22,2015-10-23,7.36,False
23,2015-10-24,12.42,False
24,2015-10-25,0.0,False
25,2015-10-26,22.77,False
26,2015-10-27,10.58,False
27,2015-10-28,19.09,False
28,2015-10-29,23.0,False
29,2015-10-30,18.630000000000003,False
30,2015-10-31,8.51,False
0,2015-11-01,8.879999999999999,False
1,2015-11-02,22.32,False
2,2015-11-03,24.0,False
3,2015-11-04,11.04,False
4,2015-11-05,12.959999999999999,False
5,2015-11-06,21.36,False
6,2015-11-07,8.64,False
7,2015-11-08,0.0,False
8,2015-11-09,20.16,False
9,2015-11-10,9.12,False
10,2015-11-11,9.6,False
11,2015-11-12,15.36,False
12,2015-11-13,11.76,False
13,2015-11-14,4.32,False
14,2015-11-15,8.64,False
15,2015-11-16,11.04,False
16,2015-11-17,12.959999999999999,False
17,2015-11-18,9.12,False
18,2015-11-19,9.36,False
19,2015-11-20,9.6,False
20,2015-11-21,4.32,False
21,2015-11-22,4.32,False
22,2015-11-23,14.639999999999999,False
23,2015-11-24,7.4399999999999995,False
24,2015-11-25,11.04,False
25,2015-11-26,5.76,False
26,2015-11-27,7.92,False
27,2015-11-28,17.28,False
28,2015-11-29,4.32,False
29,2015-11-30,14.399999999999999,False
0,2015-12-01,18.630000000000003,False
1,2015-12-02,16.79,False
2,2015-12-03,14.950000000000001,False
3,2015-12-04,8.74,False
4,2015-12-05,10.120000000000001,False
5,2015-12-06,0.0,False
6,2015-12-07,10.58,False
7,2015-12-08,8.51,False
8,2015-12-09,16.79,False
9,2015-12-10,17.25,False
10,2015-12-11,15.41,False
11,2015-12-12,5.0600000000000005,False
12,2015-12-13,4.83,False
13,2015-12-14,23.0,False
14,2015-12-15,8.74,False
15,2015-12-16,21.85,False
16,2015-12-17,13.57,False
17,2015-12-18,7.13,False
18,2015-12-19,10.58,False
19,2015-12-20,0.0,False
20,2015-12-21,8.97,False
21,2015-12-22,6.9,False
22,2015-12-23,16.79,False
23,2015-12-24,13.34,False
24,2015-12-25,5.75,False
25,2015-12-26,8.05,False
26,2015-12-27,0.0,False
27,2015-12-28,16.1,False
28,2015-12-29,6.9,False
29,2015-12-30,11.73,False
30,2015-12-31,12.88,False
0,2016-01-01,0.0,False
1,2016-01-02,3.08,False
2,2016-01-03,0.0,False
3,2016-01-04,18.7,False
4,2016-01-05,16.06,False
5,2016-01-06,8.14,False
6,2016-01-07,21.78,False
7,2016-01-08,19.36,False
8,2016-01-09,5.94,False
9,2016-01-10,2.86,False
10,2016-01-11,20.68,False
11,2016-01-12,15.62,False
12,2016-01-13,2.64,False
13,2016-01-14,7.7,False
14,2016-01-15,22.0,False
15,2016-01-16,3.08,False
16,2016-01-17,0.0,False
17,2016-01-18,0.0,False
18,2016-01-19,5.28,False
19,2016-01-20,2.64,False
20,2016-01-21,8.14,False
21,2016-01-22,8.14,False
22,2016-01-23,0.0,False
23,2016-01-24,3.08,False
24,2016-01-25,12.98,False
25,2016-01-26,10.56,False
26,2016-01-27,5.28,False
27,2016-01-28,18.7,False
28,2016-01-29,0.0,False
29,2016-01-30,3.08,False
30,2016-01-31,0.0,False
0,2016-02-01,7.48,False
1,2016-02-02,4.760000000000001,False
2,2016-02-03,8.5,False
3,2016-02-04,7.48,False
4,2016-02-05,12.920000000000002,False
5,2016-02-06,2.72,False
6,2016-02-07,2.72,False
7,2016-02-08,5.1000000000000005,False
8,2016-02-09,16.32,False
9,2016-02-10,18.360000000000003,False
10,2016-02-11,14.620000000000001,False
11,2016-02-12,13.940000000000001,False
12,2016-02-13,8.5,False
13,2016-02-14,2.72,False
14,2016-02-15,2.3800000000000003,False
15,2016-02-16,7.140000000000001,False
16,2016-02-17,10.88,False
17,2016-02-18,14.620000000000001,False
18,2016-02-19,9.860000000000001,False
19,2016-02-20,2.72,False
20,2016-02-21,0.0,False
21,2016-02-22,15.64,False
22,2016-02-23,14.280000000000001,False
23,2016-02-24,8.5,False
24,2016-02-25,25.500000000000004,False
25,2016-02-26,34.0,False
26,2016-02-27,5.44,False
27,2016-02-28,2.72,False
28,2016-02-29,15.3,False
0,2016-03-01,25.0,False
1,2016-03-02,13.5,False
2,2016-03-03,24.0,False
3,2016-03-04,14.25,False
4,2016-03-05,4.0,False
5,2016-03-06,5.75,False
6,2016-03-07,11.75,False
7,2016-03-08,22.25,False
8,2016-03-09,12.0,False
9,2016-03-10,8.75,False
10,2016-03-11,16.25,False
11,2016-03-12,10.0,False
12,2016-03-13,0.0,False
13,2016-03-14,18.75,False
14,2016-03-15,8.5,False
15,2016-03-16,17.0,False
16,2016-03-17,14.0,False
17,2016-03-18,7.25,False
18,2016-03-19,4.0,False
19,2016-03-20,7.75,False
20,2016-03-21,3.5,False
21,2016-03-22,17.25,False
22,2016-03-23,19.5,False
23,2016-03-24,3.75,False
24,2016-03-25,0.0,False
25,2016-03-26,4.0,False
26,2016-03-27,0.0,False
27,2016-03-28,12.5,False
28,2016-03-29,13.75,False
29,2016-03-30,17.25,False
30,2016-03-31,19.0,False
0,2016-04-01,2.75,False
1,2016-04-02,3.25,False
2,2016-04-03,0.0,False
3,2016-04-04,5.5,False
4,2016-04-05,5.5,False
5,2016-04-06,13.75,False
6,2016-04-07,11.0,False
7,2016-04-08,8.5,False
8,2016-04-09,3.25,False
9,2016-04-10,3.0,False
10,2016-04-11,8.25,False
11,2016-04-12,10.75,False
12,2016-04-13,2.75,False
13,2016-04-14,22.25,False
14,2016-04-15,8.75,False
15,2016-04-16,0.0,False
16,2016-04-17,3.25,False
17,2016-04-18,8.25,False
18,2016-04-19,13.75,False
19,2016-04-20,5.5,False
20,2016-04-21,2.75,False
21,2016-04-22,3.0,False
22,2016-04-23,0.0,False
23,2016-04-24,0.0,False
24,2016-04-25,10.75,False
25,2016-04-26,10.75,False
26,2016-04-27,8.25,False
27,2016-04-28,25.0,False
28,2016-04-29,23.25,False
29,2016-04-30,6.5,False
0,2016-05-01,3.52,False
1,2016-05-02,17.92,False
2,2016-05-03,14.72,False
3,2016-05-04,20.8,False
4,2016-05-05,15.36,False
5,2016-05-06,14.08,False
6,2016-05-07,7.04,False
7,2016-05-08,0.0,False
8,2016-05-09,16.32,False
9,2016-05-10,32.0,False
10,2016-05-11,13.120000000000001,False
11,2016-05-12,8.96,False
12,2016-05-13,10.56,False
13,2016-05-14,3.52,False
14,2016-05-15,3.52,False
15,2016-05-16,10.24,False
16,2016-05-17,13.120000000000001,False
17,2016-05-18,13.120000000000001,False
18,2016-05-19,7.36,False
19,2016-05-20,12.48,False
20,2016-05-21,0.0,False
21,2016-05-22,5.12,False
22,2016-05-23,8.64,False
23,2016-05-24,16.0,False
24,2016-05-25,16.32,False
25,2016-05-26,12.48,False
26,2016-05-27,10.88,False
27,2016-05-28,7.04,False
28,2016-05-29,3.52,False
29,2016-05-30,0.0,False
30,2016-05-31,5.76,False
0,2016-06-01,9.75,False
1,2016-06-02,16.0,False
2,2016-06-03,10.25,False
3,2016-06-04,0.0,False
4,2016-06-05,0.0,False
5,2016-06-06,13.75,False
6,2016-06-07,7.75,False
7,2016-06-08,17.75,False
8,2016-06-09,18.0,False
9,2016-06-10,4.0,False
10,2016-06-11,0.0,False
11,2016-06-12,0.0,False
12,2016-06-13,15.5,False
13,2016-06-14,25.0,False
14,2016-06-15,23.5,False
15,2016-06-16,11.75,False
16,2016-06-17,8.25,False
17,2016-06-18,4.75,False
18,2016-06-19,4.5,False
19,2016-06-20,9.75,False
20,2016-06-21,11.75,False
21,2016-06-22,7.75,False
22,2016-06-23,20.25,False
23,2016-06-24,24.75,False
24,2016-06-25,4.75,False
25,2016-06-26,4.5,False
26,2016-06-27,4.0,False
27,2016-06-28,6.0,False
28,2016-06-29,16.0,False
29,2016-06-30,16.25,False
0,2016-07-01,20.0,False
1,2016-07-02,4.6000000000000005,False
2,2016-07-03,3.0,False
3,2016-07-04,0.0,False
4,2016-07-05,8.0,False
5,2016-07-06,4.0,False
6,2016-07-07,6.800000000000001,False
7,2016-07-08,12.600000000000001,False
8,2016-07-09,0.0,False
9,2016-07-10,3.0,False
10,2016-07-11,5.2,False
11,2016-07-12,7.800000000000001,False
12,2016-07-13,10.600000000000001,False
13,2016-07-14,17.8,False
14,2016-07-15,8.200000000000001,False
15,2016-07-16,3.0,False
16,2016-07-17,3.2,False
17,2016-07-18,8.0,False
18,2016-07-19,12.0,False
19,2016-07-20,5.4,False
20,2016-07-21,6.800000000000001,False
21,2016-07-22,8.200000000000001,False
22,2016-07-23,3.2,False
23,2016-07-24,3.0,False
24,2016-07-25,13.200000000000001,False
25,2016-07-26,14.4,False
26,2016-07-27,7.800000000000001,False
27,2016-07-28,10.4,False
28,2016-07-29,17.8,False
29,2016-07-30,4.6000000000000005,False
30,2016-07-31,6.2,False
0,2016-08-01,21.0,False
1,2016-08-02,2.94,False
2,2016-08-03,15.12,False
3,2016-08-04,9.24,False
4,2016-08-05,0.0,False
5,2016-08-06,3.57,False
6,2016-08-07,0.0,False
7,2016-08-08,9.24,False
8,2016-08-09,12.389999999999999,False
9,2016-08-10,6.3,False
10,2016-08-11,0.0,False
11,2016-08-12,6.51,False
12,2016-08-13,3.78,False
13,2016-08-14,3.57,False
14,2016-08-15,0.0,False
15,2016-08-16,3.15,False
16,2016-08-17,9.66,False
17,2016-08-18,9.66,False
18,2016-08-19,6.51,False
19,2016-08-20,3.78,False
20,2016-08-21,0.0,False
21,2016-08-22,0.0,False
22,2016-08-23,15.75,False
23,2016-08-24,9.24,False
24,2016-08-25,2.94,False
25,2016-08-26,3.15,False
26,2016-08-27,0.0,False
27,2016-08-28,0.0,False
28,2016-08-29,0.0,False
29,2016-08-30,0.0,False
30,2016-08-31,11.76,False
0,2016-09-01,11.25,False
1,2016-09-02,10.25,False
2,2016-09-03,0.0,False
3,2016-09-04,2.75,False
4,2016-09-05,2.5,False
5,2016-09-06,13.25,False
6,2016-09-07,25.0,False
7,2016-09-08,5.0,False
8,2016-09-09,11.5,False
9,2016-09-10,0.0,False
10,2016-09-11,2.75,False
11,2016-09-12,5.0,False
12,2016-09-13,8.5,False
13,2016-09-14,8.5,False
14,2016-09-15,5.0,False
15,2016-09-16,8.75,False
16,2016-09-17,0.0,False
17,2016-09-18,2.75,False
18,2016-09-19,2.5,False
19,2016-09-20,7.25,False
20,2016-09-21,7.25,False
21,2016-09-22,11.0,False
22,2016-09-23,10.25,False
23,2016-09-24,5.75,False
24,2016-09-25,5.5,False
25,2016-09-26,7.25,False
26,2016-09-27,8.25,False
27,2016-09-28,2.5,False
28,2016-09-29,6.0,False
29,2016-09-30,7.5,False
0,2016-10-01,0.0,False
1,2016-10-02,0.0,False
2,2016-10-03,5.32,False
3,2016-10-04,2.66,False
4,2016-10-05,2.66,False
5,2016-10-06,7.98,False
6,2016-10-07,2.8000000000000003,False
7,2016-10-08,0.0,False
8,2016-10-09,0.0,False
9,2016-10-10,5.32,False
10,2016-10-11,10.780000000000001,False
11,2016-10-12,5.460000000000001,False
12,2016-10-13,5.32,False
13,2016-10-14,13.860000000000001,False
14,2016-10-15,0.0,False
15,2016-10-16,0.0,False
16,2016-10-17,2.66,False
17,2016-10-18,2.66,False
18,2016-10-19,2.66,False
19,2016-10-20,2.66,False
20,2016-10-21,2.8000000000000003,False
21,2016-10-22,0.0,False
22,2016-10-23,0.0,False
23,2016-10-24,5.32,False
24,2016-10-25,2.66,False
25,2016-10-26,12.88,False
26,2016-10-27,13.440000000000001,False
27,2016-10-28,14.000000000000002,False
28,2016-10-29,6.300000000000001,False
29,2016-10-30,0.0,False
30,2016-10-31,10.920000000000002,False
0,2016-11-01,9.76,False
1,2016-11-02,11.200000000000001,False
2,2016-11-03,7.84,False
3,2016-11-04,3.2,False
4,2016-11-05,3.68,False
5,2016-11-06,0.0,False
6,2016-11-07,7.68,False
7,2016-11-08,6.24,False
8,2016-11-09,10.08,False
9,2016-11-10,16.0,False
10,2016-11-11,9.92,False
11,2016-11-12,9.120000000000001,False
12,2016-11-13,3.52,False
13,2016-11-14,4.64,False
14,2016-11-15,3.2,False
15,2016-11-16,7.84,False
16,2016-11-17,4.8,False
17,2016-11-18,9.92,False
18,2016-11-19,3.68,False
19,2016-11-20,5.28,False
20,2016-11-21,4.64,False
21,2016-11-22,6.24,False
22,2016-11-23,9.44,False
23,2016-11-24,3.2,False
24,2016-11-25,6.5600000000000005,False
25,2016-11-26,0.0,False
26,2016-11-27,0.0,False
27,2016-11-28,8.8,False
28,2016-11-29,12.0,False
29,2016-11-30,6.08,False
0,2016-12-01,3.2300000000000004,False
1,2016-12-02,9.690000000000001,False
2,2016-12-03,3.5700000000000003,False
3,2016-12-04,3.4000000000000004,False
4,2016-12-05,5.61,False
5,2016-12-06,6.12,False
6,2016-12-07,6.12,False
7,2016-12-08,3.2300000000000004,False
8,2016-12-09,6.460000000000001,False
9,2016-12-10,0.0,False
10,2016-12-11,0.0,False
11,2016-12-12,5.95,False
12,2016-12-13,6.29,False
13,2016-12-14,6.29,False
14,2016-12-15,6.29,False
15,2016-12-16,0.0,False
16,2016-12-17,0.0,False
17,2016-12-18,3.5700000000000003,False
18,2016-12-19,3.2300000000000004,False
19,2016-12-20,0.0,False
20,2016-12-21,13.260000000000002,False
21,2016-12-22,17.0,False
22,2016-12-23,6.970000000000001,False
23,2016-12-24,3.91,False
24,2016-12-25,0.0,False
25,2016-12-26,10.540000000000001,False
26,2016-12-27,10.030000000000001,False
27,2016-12-28,3.4000000000000004,False
28,2016-12-29,6.800000000000001,False
29,2016-12-30,10.540000000000001,False
30,2016-12-31,0.0,False
0,2017-01-01,0.0,False
1,2017-01-02,0.0,False
2,2017-01-03,4.68,False
3,2017-01-04,9.36,False
4,2017-01-05,6.3,False
5,2017-01-06,4.859999999999999,False
6,2017-01-07,3.42,False
7,2017-01-08,3.42,False
8,2017-01-09,3.06,False
9,2017-01-10,16.56,False
10,2017-01-11,10.44,False
11,2017-01-12,13.68,False
12,2017-01-13,17.099999999999998,False
13,2017-01-14,7.02,False
14,2017-01-15,6.84,False
15,2017-01-16,5.9399999999999995,False
16,2017-01-17,11.879999999999999,False
17,2017-01-18,10.44,False
18,2017-01-19,0.0,False
19,2017-01-20,6.12,False
20,2017-01-21,3.42,False
21,2017-01-22,3.42,False
22,2017-01-23,5.9399999999999995,False
23,2017-01-24,14.76,False
24,2017-01-25,18.0,False
25,2017-01-26,7.38,False
26,2017-01-27,6.3,False
27,2017-01-28,3.42,False
28,2017-01-29,0.0,False
29,2017-01-30,5.76,False
30,2017-01-31,13.32,False
0,2017-02-01,8.96,False
1,2017-02-02,5.32,False
2,2017-02-03,6.720000000000001,False
3,2017-02-04,3.08,False
4,2017-02-05,0.0,False
5,2017-02-06,6.44,False
6,2017-02-07,3.9200000000000004,False
7,2017-02-08,8.96,False
8,2017-02-09,14.280000000000001,False
9,2017-02-10,18.76,False
10,2017-02-11,3.08,False
11,2017-02-12,5.880000000000001,False
12,2017-02-13,6.16,False
13,2017-02-14,6.44,False
14,2017-02-15,9.24,False
15,2017-02-16,11.48,False
16,2017-02-17,12.88,False
17,2017-02-18,3.08,False
18,2017-02-19,2.8000000000000003,False
19,2017-02-20,5.040000000000001,False
20,2017-02-21,11.48,False
21,2017-02-22,10.080000000000002,False
22,2017-02-23,24.64,False
23,2017-02-24,28.000000000000004,False
24,2017-02-25,3.08,False
25,2017-02-26,5.880000000000001,False
26,2017-02-27,12.32,False
27,2017-02-28,16.520000000000003,False
0,2017-03-01,19.0,False
1,2017-03-02,15.39,False
2,2017-03-03,3.99,False
3,2017-03-04,8.93,False
4,2017-03-05,0.0,False
5,2017-03-06,15.01,False
6,2017-03-07,11.21,False
7,2017-03-08,11.78,False
8,2017-03-09,7.79,False
9,2017-03-10,12.35,False
10,2017-03-11,4.5600000000000005,False
11,2017-03-12,0.0,False
12,2017-03-13,10.83,False
13,2017-03-14,3.99,False
14,2017-03-15,7.98,False
15,2017-03-16,3.99,False
16,2017-03-17,0.0,False
17,2017-03-18,4.5600000000000005,False
18,2017-03-19,0.0,False
19,2017-03-20,15.58,False
20,2017-03-21,3.99,False
21,2017-03-22,15.58,False
22,2017-03-23,7.98,False
23,2017-03-24,8.17,False
24,2017-03-25,0.0,False
25,2017-03-26,0.0,False
26,2017-03-27,11.78,False
27,2017-03-28,11.97,False
28,2017-03-29,15.77,False
29,2017-03-30,12.16,False
30,2017-03-31,4.18,False
0,2017-04-01,0.0,False
1,2017-04-02,0.0,False
2,2017-04-03,5.800000000000001,False
3,2017-04-04,8.8,False
4,2017-04-05,11.600000000000001,False
5,2017-04-06,8.8,False
6,2017-04-07,6.0,False
7,2017-04-08,0.0,False
8,2017-04-09,0.0,False
9,2017-04-10,11.600000000000001,False
10,2017-04-11,8.8,False
11,2017-04-12,3.0,False
12,2017-04-13,6.2,False
13,2017-04-14,6.6000000000000005,False
14,2017-04-15,0.0,False
15,2017-04-16,3.4000000000000004,False
16,2017-04-17,12.200000000000001,False
17,2017-04-18,11.4,False
18,2017-04-19,20.0,False
19,2017-04-20,3.0,False
20,2017-04-21,9.200000000000001,False
21,2017-04-22,3.4000000000000004,False
22,2017-04-23,6.4,False
23,2017-04-24,8.8,False
24,2017-04-25,5.800000000000001,False
25,2017-04-26,17.2,False
26,2017-04-27,0.0,False
27,2017-04-28,9.0,False
28,2017-04-29,6.800000000000001,False
29,2017-04-30,0.0,False
0,2017-05-01,14.56,False
1,2017-05-02,4.42,False
2,2017-05-03,10.4,False
3,2017-05-04,13.52,False
4,2017-05-05,10.92,False
5,2017-05-06,5.2,False
6,2017-05-07,0.0,False
7,2017-05-08,9.1,False
8,2017-05-09,13.26,False
9,2017-05-10,13.52,False
10,2017-05-11,12.22,False
11,2017-05-12,17.42,False
12,2017-05-13,10.4,False
13,2017-05-14,0.0,False
14,2017-05-15,7.800000000000001,False
15,2017-05-16,9.620000000000001,False
16,2017-05-17,14.56,False
17,2017-05-18,6.5,False
18,2017-05-19,18.46,False
19,2017-05-20,11.18,False
20,2017-05-21,3.64,False
21,2017-05-22,8.06,False
22,2017-05-23,15.600000000000001,False
23,2017-05-24,26.0,False
24,2017-05-25,8.32,False
25,2017-05-26,10.4,False
26,2017-05-27,9.620000000000001,False
27,2017-05-28,0.0,False
28,2017-05-29,6.76,False
29,2017-05-30,6.24,False
30,2017-05-31,9.36,False
0,2017-06-01,7.290000000000001,False
1,2017-06-02,7.290000000000001,False
2,2017-06-03,4.050000000000001,False
3,2017-06-04,0.0,False
4,2017-06-05,0.0,False
5,2017-06-06,6.75,False
6,2017-06-07,20.520000000000003,False
7,2017-06-08,24.3,False
8,2017-06-09,7.290000000000001,False
9,2017-06-10,4.050000000000001,False
10,2017-06-11,0.0,False
11,2017-06-12,6.75,False
12,2017-06-13,13.5,False
13,2017-06-14,24.3,False
14,2017-06-15,3.5100000000000002,False
15,2017-06-16,10.8,False
16,2017-06-17,0.0,False
17,2017-06-18,4.050000000000001,False
18,2017-06-19,14.040000000000001,False
19,2017-06-20,27.0,False
20,2017-06-21,9.99,False
21,2017-06-22,6.75,False
22,2017-06-23,14.040000000000001,False
23,2017-06-24,0.0,False
24,2017-06-25,4.050000000000001,False
25,2017-06-26,14.31,False
26,2017-06-27,7.290000000000001,False
27,2017-06-28,7.290000000000001,False
28,2017-06-29,10.8,False
29,2017-06-30,18.630000000000003,False
0,2017-07-01,1.6500000000000001,False
1,2017-07-02,0.0,False
2,2017-07-03,0.0,False
3,2017-07-04,0.0,False
4,2017-07-05,5.61,False
5,2017-07-06,6.930000000000001,False
6,2017-07-07,8.25,False
7,2017-07-08,1.6500000000000001,False
8,2017-07-09,0.0,False
9,2017-07-10,2.64,False
10,2017-07-11,3.96,False
11,2017-07-12,2.64,False
12,2017-07-13,3.96,False
13,2017-07-14,8.25,False
14,2017-07-15,0.0,False
15,2017-07-16,0.0,False
16,2017-07-17,3.96,False
17,2017-07-18,2.64,False
18,2017-07-19,3.96,False
19,2017-07-20,6.6000000000000005,False
20,2017-07-21,2.64,False
21,2017-07-22,2.97,False
22,2017-07-23,1.6500000000000001,False
23,2017-07-24,2.64,False
24,2017-07-25,6.6000000000000005,False
25,2017-07-26,6.6000000000000005,False
26,2017-07-27,17.16,False
27,2017-07-28,33.0,False
28,2017-07-29,9.24,False
29,2017-07-30,2.97,False
30,2017-07-31,9.24,False
0,2017-08-01,39.0,False
1,2017-08-02,33.93,False
2,2017-08-03,17.55,False
3,2017-08-04,23.01,False
4,2017-08-05,7.800000000000001,False
5,2017-08-06,5.07,False
6,2017-08-07,32.370000000000005,False
7,2017-08-08,27.69,False
8,2017-08-09,21.84,False
9,2017-08-10,20.28,False
10,2017-08-11,32.76,False
11,2017-08-12,10.14,False
12,2017-08-13,15.600000000000001,False
13,2017-08-14,22.62,False
14,2017-08-15,11.31,False
15,2017-08-16,24.57,False
16,2017-08-17,19.89,False
17,2017-08-18,25.35,False
18,2017-08-19,7.800000000000001,False
19,2017-08-20,0.0,False
20,2017-08-21,19.5,False
21,2017-08-22,21.84,False
22,2017-08-23,17.55,False
23,2017-08-24,22.23,False
24,2017-08-25,16.38,False
25,2017-08-26,7.800000000000001,False
26,2017-08-27,5.07,False
27,2017-08-28,22.23,False
28,2017-08-29,17.55,False
29,2017-08-30,17.55,False
30,2017-08-31,17.94,False
0,2017-09-01,21.0,False
1,2017-09-02,10.5,False
2,2017-09-03,7.699999999999999,False
3,2017-09-04,4.55,False
4,2017-09-05,28.349999999999998,False
5,2017-09-06,30.45,False
6,2017-09-07,13.299999999999999,False
7,2017-09-08,32.55,False
8,2017-09-09,0.0,False
9,2017-09-10,15.049999999999999,False
10,2017-09-11,12.95,False
11,2017-09-12,23.799999999999997,False
12,2017-09-13,28.349999999999998,False
13,2017-09-14,22.049999999999997,False
14,2017-09-15,29.4,False
15,2017-09-16,7.699999999999999,False
16,2017-09-17,0.0,False
17,2017-09-18,21.7,False
18,2017-09-19,23.799999999999997,False
19,2017-09-20,17.5,False
20,2017-09-21,17.5,False
21,2017-09-22,9.1,False
22,2017-09-23,10.149999999999999,False
23,2017-09-24,4.8999999999999995,False
24,2017-09-25,15.399999999999999,False
25,2017-09-26,30.45,False
26,2017-09-27,19.599999999999998,False
27,2017-09-28,26.599999999999998,False
28,2017-09-29,35.0,False
29,2017-09-30,5.25,False
0,2017-10-01,1.88,False
1,2017-10-02,8.93,False
2,2017-10-03,12.69,False
3,2017-10-04,7.52,False
4,2017-10-05,1.88,False
5,2017-10-06,5.64,False
6,2017-10-07,1.88,False
7,2017-10-08,4.2299999999999995,False
8,2017-10-09,8.93,False
9,2017-10-10,14.569999999999999,False
10,2017-10-11,16.45,False
11,2017-10-12,12.69,False
12,2017-10-13,11.28,False
13,2017-10-14,1.88,False
14,2017-10-15,4.2299999999999995,False
15,2017-10-16,5.17,False
16,2017-10-17,19.74,False
17,2017-10-18,10.809999999999999,False
18,2017-10-19,16.919999999999998,False
19,2017-10-20,11.28,False
20,2017-10-21,4.2299999999999995,False
21,2017-10-22,0.0,False
22,2017-10-23,8.93,False
23,2017-10-24,8.93,False
24,2017-10-25,10.809999999999999,False
25,2017-10-26,22.09,False
26,2017-10-27,47.0,False
27,2017-10-28,8.459999999999999,False
28,2017-10-29,7.989999999999999,False
29,2017-10-30,19.74,False
30,2017-10-31,12.69,False
0,2017-11-01,23.79,False
1,2017-11-02,39.0,False
2,2017-11-03,33.15,False
3,2017-11-04,3.5100000000000002,False
4,2017-11-05,3.12,False
5,2017-11-06,22.62,False
6,2017-11-07,28.470000000000002,False
7,2017-11-08,28.86,False
8,2017-11-09,26.130000000000003,False
9,2017-11-10,5.8500000000000005,False
10,2017-11-11,6.63,False
11,2017-11-12,0.0,False
12,2017-11-13,22.62,False
13,2017-11-14,17.16,False
14,2017-11-15,8.58,False
15,2017-11-16,14.43,False
16,2017-11-17,21.060000000000002,False
17,2017-11-18,6.63,False
18,2017-11-19,0.0,False
19,2017-11-20,22.62,False
20,2017-11-21,34.32,False
21,2017-11-22,11.31,False
22,2017-11-23,11.700000000000001,False
23,2017-11-24,14.82,False
24,2017-11-25,3.12,False
25,2017-11-26,6.24,False
26,2017-11-27,22.23,False
27,2017-11-28,22.23,False
28,2017-11-29,25.740000000000002,False
29,2017-11-30,11.700000000000001,False
0,2017-12-01,16.32,False
1,2017-12-02,8.96,False
2,2017-12-03,0.0,False
3,2017-12-04,24.96,False
4,2017-12-05,20.16,False
5,2017-12-06,14.08,False
6,2017-12-07,16.0,False
7,2017-12-08,26.240000000000002,False
8,2017-12-09,10.88,False
9,2017-12-10,5.44,False
10,2017-12-11,10.88,False
11,2017-12-12,16.96,False
12,2017-12-13,18.56,False
13,2017-12-14,14.4,False
14,2017-12-15,6.72,False
15,2017-12-16,5.44,False
16,2017-12-17,3.52,False
17,2017-12-18,9.6,False
18,2017-12-19,32.0,False
19,2017-12-20,14.72,False
20,2017-12-21,26.88,False
21,2017-12-22,14.08,False
22,2017-12-23,5.76,False
23,2017-12-24,8.0,False
24,2017-12-25,0.0,False
25,2017-12-26,17.6,False
26,2017-12-27,18.56,False
27,2017-12-28,15.36,False
28,2017-12-29,15.68,False
29,2017-12-30,3.84,False
30,2017-12-31,0.0,False
0,2018-01-01,5.28,False
1,2018-01-02,17.16,False
2,2018-01-03,12.32,False
3,2018-01-04,27.28,False
4,2018-01-05,19.36,False
5,2018-01-06,9.24,False
6,2018-01-07,9.24,False
7,2018-01-08,20.24,False
8,2018-01-09,30.36,False
9,2018-01-10,34.32,False
10,2018-01-11,35.2,False
11,2018-01-12,29.92,False
12,2018-01-13,9.24,False
13,2018-01-14,9.24,False
14,2018-01-15,10.12,False
15,2018-01-16,29.92,False
16,2018-01-17,31.68,False
17,2018-01-18,24.2,False
18,2018-01-19,18.92,False
19,2018-01-20,9.24,False
20,2018-01-21,4.4,False
21,2018-01-22,23.76,False
22,2018-01-23,27.72,False
23,2018-01-24,33.88,False
24,2018-01-25,32.12,False
25,2018-01-26,39.6,False
26,2018-01-27,7.04,False
27,2018-01-28,9.24,False
28,2018-01-29,32.12,False
29,2018-01-30,44.0,False
30,2018-01-31,27.72,False
0,2018-02-01,16.32,False
1,2018-02-02,22.08,False
2,2018-02-03,4.32,False
3,2018-02-04,5.76,False
4,2018-02-05,13.44,False
5,2018-02-06,28.32,False
6,2018-02-07,13.44,False
7,2018-02-08,22.56,False
8,2018-02-09,19.2,False
9,2018-02-10,7.199999999999999,False
10,2018-02-11,5.76,False
11,2018-02-12,27.84,False
12,2018-02-13,48.0,False
13,2018-02-14,48.0,False
14,2018-02-15,36.96,False
15,2018-02-16,37.92,False
16,2018-02-17,8.64,False
17,2018-02-18,4.32,False
18,2018-02-19,7.68,False
19,2018-02-20,19.68,False
20,2018-02-21,12.48,False
21,2018-02-22,8.64,False
22,2018-02-23,13.92,False
23,2018-02-24,5.76,False
24,2018-02-25,2.88,False
25,2018-02-26,13.44,False
26,2018-02-27,13.44,False
27,2018-02-28,14.399999999999999,False
0,2018-03-01,30.03,False
1,2018-03-02,14.040000000000001,False
2,2018-03-03,7.800000000000001,False
3,2018-03-04,7.41,False
4,2018-03-05,16.77,False
5,2018-03-06,16.77,False
6,2018-03-07,20.28,False
7,2018-03-08,27.69,False
8,2018-03-09,10.530000000000001,False
9,2018-03-10,3.9000000000000004,False
10,2018-03-11,0.0,False
11,2018-03-12,19.89,False
12,2018-03-13,13.26,False
13,2018-03-14,16.77,False
14,2018-03-15,23.79,False
15,2018-03-16,21.060000000000002,False
16,2018-03-17,3.9000000000000004,False
17,2018-03-18,0.0,False
18,2018-03-19,13.65,False
19,2018-03-20,20.28,False
20,2018-03-21,23.400000000000002,False
21,2018-03-22,34.32,False
22,2018-03-23,39.0,False
23,2018-03-24,0.0,False
24,2018-03-25,3.9000000000000004,False
25,2018-03-26,23.79,False
26,2018-03-27,30.810000000000002,False
27,2018-03-28,35.49,False
28,2018-03-29,25.35,False
29,2018-03-30,7.800000000000001,False
30,2018-03-31,8.19,False
0,2018-04-01,2.2800000000000002,False
1,2018-04-02,10.64,False
2,2018-04-03,13.68,False
3,2018-04-04,15.58,False
4,2018-04-05,14.82,False
5,2018-04-06,15.2,False
6,2018-04-07,4.18,False
7,2018-04-08,2.2800000000000002,False
8,2018-04-09,11.78,False
9,2018-04-10,14.44,False
10,2018-04-11,13.68,False
11,2018-04-12,8.36,False
12,2018-04-13,10.64,False
13,2018-04-14,4.18,False
14,2018-04-15,4.18,False
15,2018-04-16,6.46,False
16,2018-04-17,18.240000000000002,False
17,2018-04-18,16.34,False
18,2018-04-19,6.46,False
19,2018-04-20,12.540000000000001,False
20,2018-04-21,3.04,False
21,2018-04-22,0.0,False
22,2018-04-23,10.64,False
23,2018-04-24,11.78,False
24,2018-04-25,7.98,False
25,2018-04-26,30.4,False
26,2018-04-27,38.0,False
27,2018-04-28,6.46,False
28,2018-04-29,3.04,False
29,2018-04-30,17.1,False
0,2018-05-01,14.0,False
1,2018-05-02,15.399999999999999,False
2,2018-05-03,16.099999999999998,False
3,2018-05-04,14.0,False
4,2018-05-05,4.199999999999999,False
5,2018-05-06,0.0,False
6,2018-05-07,11.899999999999999,False
7,2018-05-08,28.0,False
8,2018-05-09,33.599999999999994,False
9,2018-05-10,19.599999999999998,False
10,2018-05-11,18.9,False
11,2018-05-12,4.199999999999999,False
12,2018-05-13,5.6,False
13,2018-05-14,19.599999999999998,False
14,2018-05-15,18.9,False
15,2018-05-16,27.299999999999997,False
16,2018-05-17,22.4,False
17,2018-05-18,70.0,False
18,2018-05-19,18.2,False
19,2018-05-20,2.8,False
20,2018-05-21,67.89999999999999,False
21,2018-05-22,58.099999999999994,False
22,2018-05-23,46.199999999999996,False
23,2018-05-24,48.3,False
24,2018-05-25,39.9,False
25,2018-05-26,9.799999999999999,False
26,2018-05-27,5.6,False
27,2018-05-28,8.399999999999999,False
28,2018-05-29,41.3,False
29,2018-05-30,18.2,False
30,2018-05-31,32.199999999999996,False
0,2018-06-01,69.58,False
1,2018-06-02,27.689999999999998,False
2,2018-06-03,11.36,False
3,2018-06-04,42.599999999999994,False
4,2018-06-05,46.86,False
5,2018-06-06,42.599999999999994,False
6,2018-06-07,52.54,False
7,2018-06-08,54.669999999999995,False
8,2018-06-09,0.0,False
9,2018-06-10,10.649999999999999,False
10,2018-06-11,63.9,False
11,2018-06-12,61.059999999999995,False
12,2018-06-13,71.0,False
13,2018-06-14,56.089999999999996,False
14,2018-06-15,59.64,False
15,2018-06-16,0.0,False
16,2018-06-17,10.649999999999999,False
17,2018-06-18,61.059999999999995,False
18,2018-06-19,69.58,False
19,2018-06-20,28.4,False
20,2018-06-21,33.37,False
21,2018-06-22,48.28,False
22,2018-06-23,10.649999999999999,False
23,2018-06-24,0.0,False
24,2018-06-25,69.58,False
25,2018-06-26,31.95,False
26,2018-06-27,55.379999999999995,False
27,2018-06-28,32.66,False
28,2018-06-29,65.32,False
29,2018-06-30,10.649999999999999,False
0,2018-07-01,2.9499999999999997,False
1,2018-07-02,18.29,False
2,2018-07-03,13.569999999999999,False
3,2018-07-04,7.08,False
4,2018-07-05,23.599999999999998,False
5,2018-07-06,25.369999999999997,False
6,2018-07-07,2.36,False
7,2018-07-08,4.13,False
8,2018-07-09,20.65,False
9,2018-07-10,26.549999999999997,False
10,2018-07-11,18.29,False
11,2018-07-12,25.959999999999997,False
12,2018-07-13,18.29,False
13,2018-07-14,5.31,False
14,2018-07-15,2.9499999999999997,False
15,2018-07-16,10.62,False
16,2018-07-17,31.27,False
17,2018-07-18,17.7,False
18,2018-07-19,20.06,False
19,2018-07-20,20.65,False
20,2018-07-21,5.31,False
21,2018-07-22,2.9499999999999997,False
22,2018-07-23,12.979999999999999,False
23,2018-07-24,16.52,False
24,2018-07-25,14.16,False
25,2018-07-26,18.88,False
26,2018-07-27,15.93,False
27,2018-07-28,5.31,False
28,2018-07-29,4.13,False
29,2018-07-30,20.06,False
30,2018-07-31,59.0,False
0,2018-08-01,100.0,False
1,2018-08-02,55.0,False
2,2018-08-03,47.0,False
3,2018-08-04,10.0,False
4,2018-08-05,10.0,False
5,2018-08-06,37.0,False
6,2018-08-07,51.0,False
7,2018-08-08,51.0,False
8,2018-08-09,46.0,False
9,2018-08-10,46.0,False
10,2018-08-11,10.0,False
11,2018-08-12,3.0,False
12,2018-08-13,40.0,False
13,2018-08-14,43.0,False
14,2018-08-15,54.0,False
15,2018-08-16,61.0,False
16,2018-08-17,55.0,False
17,2018-08-18,10.0,False
18,2018-08-19,17.0,False
19,2018-08-20,48.0,False
20,2018-08-21,47.0,False
21,2018-08-22,46.0,False
22,2018-08-23,36.0,False
23,2018-08-24,20.0,False
24,2018-08-25,10.0,False
25,2018-08-26,3.0,False
26,2018-08-27,52.0,False
27,2018-08-28,34.0,False
28,2018-08-29,43.0,False
29,2018-08-30,33.0,False
30,2018-08-31,33.0,False
0,2018-09-01,6.109999999999999,False
1,2018-09-02,0.0,False
2,2018-09-03,5.17,False
3,2018-09-04,41.36,False
4,2018-09-05,21.15,False
5,2018-09-06,21.15,False
6,2018-09-07,10.809999999999999,False
7,2018-09-08,6.109999999999999,False
8,2018-09-09,6.109999999999999,False
9,2018-09-10,15.51,False
10,2018-09-11,18.33,False
11,2018-09-12,47.0,False
12,2018-09-13,29.139999999999997,False
13,2018-09-14,26.79,False
14,2018-09-15,2.82,False
15,2018-09-16,2.82,False
16,2018-09-17,31.959999999999997,False
17,2018-09-18,25.849999999999998,False
18,2018-09-19,31.49,False
19,2018-09-20,21.15,False
20,2018-09-21,32.9,False
21,2018-09-22,6.109999999999999,False
22,2018-09-23,0.0,False
23,2018-09-24,25.849999999999998,False
24,2018-09-25,15.51,False
25,2018-09-26,20.68,False
26,2018-09-27,21.15,False
27,2018-09-28,27.729999999999997,False
28,2018-09-29,6.109999999999999,False
29,2018-09-30,2.82,False
0,2018-10-01,19.84,False
1,2018-10-02,34.72,False
2,2018-10-03,19.84,False
3,2018-10-04,40.92,False
4,2018-10-05,42.16,False
5,2018-10-06,0.0,False
6,2018-10-07,3.1,False
7,2018-10-08,22.94,False
8,2018-10-09,36.58,False
9,2018-10-10,10.54,False
10,2018-10-11,31.0,False
11,2018-10-12,27.28,False
12,2018-10-13,3.1,False
13,2018-10-14,11.78,False
14,2018-10-15,20.46,False
15,2018-10-16,10.54,False
16,2018-10-17,20.46,False
17,2018-10-18,23.56,False
18,2018-10-19,35.339999999999996,False
19,2018-10-20,8.68,False
20,2018-10-21,3.1,False
21,2018-10-22,20.46,False
22,2018-10-23,14.879999999999999,False
23,2018-10-24,27.9,False
24,2018-10-25,35.96,False
25,2018-10-26,26.66,False
26,2018-10-27,16.74,False
27,2018-10-28,3.1,False
28,2018-10-29,12.4,False
29,2018-10-30,58.28,False
30,2018-10-31,62.0,False
0,2018-11-01,25.38,False
1,2018-11-02,35.25,False
2,2018-11-03,7.05,False
3,2018-11-04,0.0,False
4,2018-11-05,25.849999999999998,False
5,2018-11-06,15.04,False
6,2018-11-07,32.43,False
7,2018-11-08,35.25,False
8,2018-11-09,28.2,False
9,2018-11-10,3.29,False
10,2018-11-11,9.87,False
11,2018-11-12,35.72,False
12,2018-11-13,26.79,False
13,2018-11-14,24.439999999999998,False
14,2018-11-15,45.589999999999996,False
15,2018-11-16,47.0,False
16,2018-11-17,3.29,False
17,2018-11-18,0.0,False
18,2018-11-19,12.219999999999999,False
19,2018-11-20,8.93,False
20,2018-11-21,15.51,False
21,2018-11-22,3.29,False
22,2018-11-23,21.619999999999997,False
23,2018-11-24,6.58,False
24,2018-11-25,3.29,False
25,2018-11-26,17.39,False
26,2018-11-27,8.93,False
27,2018-11-28,39.01,False
28,2018-11-29,26.79,False
29,2018-11-30,15.51,False
0,2018-12-01,8.19,False
1,2018-12-02,5.8500000000000005,False
2,2018-12-03,34.32,False
3,2018-12-04,29.64,False
4,2018-12-05,15.600000000000001,False
5,2018-12-06,23.01,False
6,2018-12-07,17.94,False
7,2018-12-08,8.19,False
8,2018-12-09,0.0,False
9,2018-12-10,15.600000000000001,False
10,2018-12-11,22.62,False
11,2018-12-12,23.01,False
12,2018-12-13,30.810000000000002,False
13,2018-12-14,28.080000000000002,False
14,2018-12-15,4.29,False
15,2018-12-16,0.0,False
16,2018-12-17,19.5,False
17,2018-12-18,23.79,False
18,2018-12-19,7.41,False
19,2018-12-20,33.93,False
20,2018-12-21,39.0,False
21,2018-12-22,8.58,False
22,2018-12-23,4.29,False
23,2018-12-24,14.82,False
24,2018-12-25,11.31,False
25,2018-12-26,27.69,False
26,2018-12-27,22.62,False
27,2018-12-28,13.65,False
28,2018-12-29,3.9000000000000004,False
29,2018-12-30,4.29,False
30,2018-12-31,20.67,False
0,2019-01-01,9.9,False
1,2019-01-02,23.400000000000002,False
2,2019-01-03,32.85,False
3,2019-01-04,29.25,False
4,2019-01-05,18.0,False
5,2019-01-06,6.75,False
6,2019-01-07,34.2,False
7,2019-01-08,39.6,False
8,2019-01-09,24.3,False
9,2019-01-10,40.050000000000004,False
10,2019-01-11,16.650000000000002,False
11,2019-01-12,18.0,False
12,2019-01-13,6.75,False
13,2019-01-14,21.6,False
14,2019-01-15,13.5,False
15,2019-01-16,19.8,False
16,2019-01-17,27.900000000000002,False
17,2019-01-18,28.35,False
18,2019-01-19,22.5,False
19,2019-01-20,4.5,False
20,2019-01-21,9.9,False
21,2019-01-22,19.35,False
22,2019-01-23,32.85,False
23,2019-01-24,31.05,False
24,2019-01-25,28.35,False
25,2019-01-26,6.75,False
26,2019-01-27,9.0,False
27,2019-01-28,23.400000000000002,False
28,2019-01-29,21.150000000000002,False
29,2019-01-30,31.05,False
30,2019-01-31,45.0,False
0,2019-02-01,5.94,False
1,2019-02-02,3.24,False
2,2019-02-03,1.62,False
3,2019-02-04,7.0200000000000005,False
4,2019-02-05,8.64,False
5,2019-02-06,18.900000000000002,False
6,2019-02-07,7.0200000000000005,False
7,2019-02-08,5.94,False
8,2019-02-09,1.62,False
9,2019-02-10,0.0,False
10,2019-02-11,8.64,False
11,2019-02-12,25.380000000000003,False
12,2019-02-13,8.64,False
13,2019-02-14,12.96,False
14,2019-02-15,5.94,False
15,2019-02-16,0.0,False
16,2019-02-17,4.86,False
17,2019-02-18,1.62,False
18,2019-02-19,19.98,False
19,2019-02-20,14.580000000000002,False
20,2019-02-21,32.940000000000005,False
21,2019-02-22,54.0,False
22,2019-02-23,6.48,False
23,2019-02-24,1.62,False
24,2019-02-25,31.32,False
25,2019-02-26,21.6,False
26,2019-02-27,16.740000000000002,False
27,2019-02-28,14.580000000000002,False
0,2019-03-01,14.850000000000001,False
1,2019-03-02,19.8,False
2,2019-03-03,3.3000000000000003,False
3,2019-03-04,31.900000000000002,False
4,2019-03-05,55.00000000000001,False
5,2019-03-06,39.050000000000004,False
6,2019-03-07,29.150000000000002,False
7,2019-03-08,21.450000000000003,False
8,2019-03-09,13.200000000000001,False
9,2019-03-10,6.6000000000000005,False
10,2019-03-11,23.1,False
11,2019-03-12,28.6,False
12,2019-03-13,22.55,False
13,2019-03-14,14.3,False
14,2019-03-15,12.100000000000001,False
15,2019-03-16,3.3000000000000003,False
