,date,COST stock,isPartial
0,2012-01-01,11.899999999999999,False
1,2012-01-02,13.299999999999999,False
2,2012-01-03,23.45,False
3,2012-01-04,27.299999999999997,False
4,2012-01-05,20.299999999999997,False
5,2012-01-06,26.95,False
6,2012-01-07,15.749999999999998,False
7,2012-01-08,16.099999999999998,False
8,2012-01-09,18.2,False
9,2012-01-10,21.7,False
10,2012-01-11,26.25,False
11,2012-01-12,16.799999999999997,False
12,2012-01-13,28.349999999999998,False
13,2012-01-14,22.75,False
14,2012-01-15,21.349999999999998,False
15,2012-01-16,20.65,False
16,2012-01-17,26.25,False
17,2012-01-18,19.25,False
18,2012-01-19,21.0,False
19,2012-01-20,22.4,False
20,2012-01-21,25.9,False
21,2012-01-22,20.299999999999997,False
22,2012-01-23,19.25,False
23,2012-01-24,18.549999999999997,False
24,2012-01-25,34.3,False
25,2012-01-26,29.4,False
26,2012-01-27,35.0,False
27,2012-01-28,35.0,False
28,2012-01-29,26.599999999999998,False
29,2012-01-30,32.199999999999996,False
30,2012-01-31,34.65,False
0,2012-02-01,45.0,False
1,2012-02-02,50.0,False
2,2012-02-03,38.0,False
3,2012-02-04,30.0,False
4,2012-02-05,24.0,False
5,2012-02-06,25.0,False
6,2012-02-07,29.0,False
7,2012-02-08,29.5,False
8,2012-02-09,28.5,False
9,2012-02-10,24.5,False
10,2012-02-11,20.0,False
11,2012-02-12,19.5,False
12,2012-02-13,24.5,False
13,2012-02-14,19.0,False
14,2012-02-15,28.5,False
15,2012-02-16,21.0,False
16,2012-02-17,23.0,False
17,2012-02-18,24.0,False
18,2012-02-19,22.0,False
19,2012-02-20,28.5,False
20,2012-02-21,25.5,False
21,2012-02-22,25.0,False
22,2012-02-23,20.5,False
23,2012-02-24,21.0,False
24,2012-02-25,25.0,False
25,2012-02-26,22.5,False
26,2012-02-27,29.0,False
27,2012-02-28,30.0,False
28,2012-02-29,26.5,False
0,2012-03-01,35.25,False
1,2012-03-02,36.66,False
2,2012-03-03,24.91,False
3,2012-03-04,38.54,False
4,2012-03-05,24.91,False
5,2012-03-06,47.0,False
6,2012-03-07,29.139999999999997,False
7,2012-03-08,44.18,False
8,2012-03-09,31.02,False
9,2012-03-10,21.619999999999997,False
10,2012-03-11,33.37,False
11,2012-03-12,33.37,False
12,2012-03-13,35.72,False
13,2012-03-14,32.43,False
14,2012-03-15,23.029999999999998,False
15,2012-03-16,27.729999999999997,False
16,2012-03-17,21.619999999999997,False
17,2012-03-18,26.32,False
18,2012-03-19,35.25,False
19,2012-03-20,32.43,False
20,2012-03-21,34.78,False
21,2012-03-22,21.619999999999997,False
22,2012-03-23,21.619999999999997,False
23,2012-03-24,37.599999999999994,False
24,2012-03-25,28.2,False
25,2012-03-26,32.43,False
26,2012-03-27,26.32,False
27,2012-03-28,31.959999999999997,False
28,2012-03-29,31.959999999999997,False
29,2012-03-30,31.49,False
30,2012-03-31,34.78,False
0,2012-04-01,30.82,False
1,2012-04-02,43.7,False
2,2012-04-03,31.28,False
3,2012-04-04,41.4,False
4,2012-04-05,44.620000000000005,False
5,2012-04-06,42.32,False
6,2012-04-07,23.92,False
7,2012-04-08,23.0,False
8,2012-04-09,34.5,False
9,2012-04-10,33.120000000000005,False
10,2012-04-11,39.1,False
11,2012-04-12,38.64,False
12,2012-04-13,40.940000000000005,False
13,2012-04-14,30.360000000000003,False
14,2012-04-15,28.98,False
15,2012-04-16,46.0,False
16,2012-04-17,37.260000000000005,False
17,2012-04-18,30.82,False
18,2012-04-19,26.68,False
19,2012-04-20,31.740000000000002,False
20,2012-04-21,17.94,False
21,2012-04-22,23.46,False
22,2012-04-23,21.62,False
23,2012-04-24,25.76,False
24,2012-04-25,33.120000000000005,False
25,2012-04-26,31.740000000000002,False
26,2012-04-27,35.88,False
27,2012-04-28,12.88,False
28,2012-04-29,22.540000000000003,False
29,2012-04-30,33.58,False
0,2012-05-01,32.2,False
1,2012-05-02,29.44,False
2,2012-05-03,32.2,False
3,2012-05-04,32.2,False
4,2012-05-05,18.86,False
5,2012-05-06,17.48,False
6,2012-05-07,31.28,False
7,2012-05-08,28.98,False
8,2012-05-09,27.14,False
9,2012-05-10,33.58,False
10,2012-05-11,22.080000000000002,False
11,2012-05-12,15.64,False
12,2012-05-13,19.78,False
13,2012-05-14,34.04,False
14,2012-05-15,26.220000000000002,False
15,2012-05-16,37.72,False
16,2012-05-17,40.940000000000005,False
17,2012-05-18,46.0,False
18,2012-05-19,20.7,False
19,2012-05-20,21.16,False
20,2012-05-21,29.44,False
21,2012-05-22,28.060000000000002,False
22,2012-05-23,27.6,False
23,2012-05-24,26.68,False
24,2012-05-25,22.540000000000003,False
25,2012-05-26,13.8,False
26,2012-05-27,20.7,False
27,2012-05-28,13.34,False
28,2012-05-29,23.0,False
29,2012-05-30,18.86,False
30,2012-05-31,17.02,False
0,2012-06-01,26.25,False
1,2012-06-02,17.15,False
2,2012-06-03,16.45,False
3,2012-06-04,31.499999999999996,False
4,2012-06-05,29.4,False
5,2012-06-06,26.95,False
6,2012-06-07,26.25,False
7,2012-06-08,29.4,False
8,2012-06-09,19.599999999999998,False
9,2012-06-10,19.599999999999998,False
10,2012-06-11,28.349999999999998,False
11,2012-06-12,30.099999999999998,False
12,2012-06-13,24.849999999999998,False
13,2012-06-14,21.0,False
14,2012-06-15,17.849999999999998,False
15,2012-06-16,29.049999999999997,False
16,2012-06-17,29.049999999999997,False
17,2012-06-18,23.099999999999998,False
18,2012-06-19,32.55,False
19,2012-06-20,25.549999999999997,False
20,2012-06-21,25.9,False
21,2012-06-22,18.549999999999997,False
22,2012-06-23,15.399999999999999,False
23,2012-06-24,23.099999999999998,False
24,2012-06-25,30.799999999999997,False
25,2012-06-26,35.0,False
26,2012-06-27,22.75,False
27,2012-06-28,27.65,False
28,2012-06-29,27.65,False
29,2012-06-30,16.45,False
0,2012-07-01,14.72,False
1,2012-07-02,23.04,False
2,2012-07-03,19.2,False
3,2012-07-04,15.68,False
4,2012-07-05,20.8,False
5,2012-07-06,22.72,False
6,2012-07-07,26.240000000000002,False
7,2012-07-08,22.080000000000002,False
8,2012-07-09,22.080000000000002,False
9,2012-07-10,21.44,False
10,2012-07-11,12.8,False
11,2012-07-12,22.72,False
12,2012-07-13,29.76,False
13,2012-07-14,16.0,False
14,2012-07-15,16.64,False
15,2012-07-16,32.0,False
16,2012-07-17,24.32,False
17,2012-07-18,22.400000000000002,False
18,2012-07-19,24.32,False
19,2012-07-20,18.88,False
20,2012-07-21,14.08,False
21,2012-07-22,20.8,False
22,2012-07-23,26.240000000000002,False
23,2012-07-24,21.12,False
24,2012-07-25,23.36,False
25,2012-07-26,21.44,False
26,2012-07-27,28.48,False
27,2012-07-28,15.040000000000001,False
28,2012-07-29,24.64,False
29,2012-07-30,17.92,False
30,2012-07-31,29.76,False
0,2012-08-01,28.439999999999998,False
1,2012-08-02,36.0,False
2,2012-08-03,28.439999999999998,False
3,2012-08-04,17.64,False
4,2012-08-05,20.52,False
5,2012-08-06,23.4,False
6,2012-08-07,24.48,False
7,2012-08-08,24.84,False
8,2012-08-09,34.56,False
9,2012-08-10,23.4,False
10,2012-08-11,16.2,False
11,2012-08-12,30.599999999999998,False
12,2012-08-13,25.919999999999998,False
13,2012-08-14,24.84,False
14,2012-08-15,20.88,False
15,2012-08-16,29.88,False
16,2012-08-17,22.32,False
17,2012-08-18,20.52,False
18,2012-08-19,20.88,False
19,2012-08-20,23.04,False
20,2012-08-21,34.56,False
21,2012-08-22,25.919999999999998,False
22,2012-08-23,35.64,False
23,2012-08-24,32.04,False
24,2012-08-25,21.24,False
25,2012-08-26,16.56,False
26,2012-08-27,28.439999999999998,False
27,2012-08-28,30.599999999999998,False
28,2012-08-29,23.04,False
29,2012-08-30,19.8,False
30,2012-08-31,29.52,False
0,2012-09-01,11.84,False
1,2012-09-02,12.95,False
2,2012-09-03,14.8,False
3,2012-09-04,16.28,False
4,2012-09-05,31.45,False
5,2012-09-06,22.2,False
6,2012-09-07,29.6,False
7,2012-09-08,11.84,False
8,2012-09-09,8.14,False
9,2012-09-10,37.0,False
10,2012-09-11,28.12,False
11,2012-09-12,30.71,False
12,2012-09-13,31.45,False
13,2012-09-14,30.71,False
14,2012-09-15,16.28,False
15,2012-09-16,25.16,False
16,2012-09-17,25.53,False
17,2012-09-18,25.9,False
18,2012-09-19,20.72,False
19,2012-09-20,21.09,False
20,2012-09-21,20.72,False
21,2012-09-22,11.47,False
22,2012-09-23,21.09,False
23,2012-09-24,30.71,False
24,2012-09-25,27.75,False
25,2012-09-26,30.71,False
26,2012-09-27,28.49,False
27,2012-09-28,20.72,False
28,2012-09-29,15.91,False
29,2012-09-30,17.759999999999998,False
0,2012-10-01,32.8,False
1,2012-10-02,29.52,False
2,2012-10-03,32.39,False
3,2012-10-04,29.93,False
4,2012-10-05,23.369999999999997,False
5,2012-10-06,21.32,False
6,2012-10-07,17.22,False
7,2012-10-08,33.21,False
8,2012-10-09,32.39,False
9,2012-10-10,28.7,False
10,2012-10-11,28.29,False
11,2012-10-12,23.779999999999998,False
12,2012-10-13,22.959999999999997,False
13,2012-10-14,23.779999999999998,False
14,2012-10-15,27.88,False
15,2012-10-16,37.72,False
16,2012-10-17,29.11,False
17,2012-10-18,28.29,False
18,2012-10-19,32.39,False
19,2012-10-20,27.88,False
20,2012-10-21,26.24,False
21,2012-10-22,26.65,False
22,2012-10-23,41.0,False
23,2012-10-24,25.009999999999998,False
24,2012-10-25,38.129999999999995,False
25,2012-10-26,25.009999999999998,False
26,2012-10-27,20.09,False
27,2012-10-28,17.63,False
28,2012-10-29,19.27,False
29,2012-10-30,35.26,False
30,2012-10-31,24.599999999999998,False
0,2012-11-01,15.54,False
1,2012-11-02,17.02,False
2,2012-11-03,15.54,False
3,2012-11-04,19.24,False
4,2012-11-05,15.17,False
5,2012-11-06,18.5,False
6,2012-11-07,15.17,False
7,2012-11-08,31.45,False
8,2012-11-09,18.13,False
9,2012-11-10,14.43,False
10,2012-11-11,18.13,False
11,2012-11-12,22.57,False
12,2012-11-13,20.72,False
13,2012-11-14,28.86,False
14,2012-11-15,35.519999999999996,False
15,2012-11-16,17.02,False
16,2012-11-17,14.43,False
17,2012-11-18,20.35,False
18,2012-11-19,29.23,False
19,2012-11-20,31.45,False
20,2012-11-21,18.13,False
21,2012-11-22,17.02,False
22,2012-11-23,14.43,False
23,2012-11-24,23.68,False
24,2012-11-25,29.23,False
25,2012-11-26,17.39,False
26,2012-11-27,28.49,False
27,2012-11-28,37.0,False
28,2012-11-29,25.53,False
29,2012-11-30,24.05,False
0,2012-12-01,19.76,False
1,2012-12-02,19.38,False
2,2012-12-03,32.68,False
3,2012-12-04,28.88,False
4,2012-12-05,32.68,False
5,2012-12-06,38.0,False
6,2012-12-07,28.88,False
7,2012-12-08,23.94,False
8,2012-12-09,24.32,False
9,2012-12-10,24.32,False
10,2012-12-11,27.36,False
11,2012-12-12,24.7,False
12,2012-12-13,25.080000000000002,False
13,2012-12-14,17.1,False
14,2012-12-15,13.68,False
15,2012-12-16,19.38,False
16,2012-12-17,33.82,False
17,2012-12-18,22.04,False
18,2012-12-19,18.240000000000002,False
19,2012-12-20,22.04,False
20,2012-12-21,16.72,False
21,2012-12-22,19.0,False
22,2012-12-23,11.02,False
23,2012-12-24,17.1,False
24,2012-12-25,9.5,False
25,2012-12-26,20.52,False
26,2012-12-27,20.52,False
27,2012-12-28,13.3,False
28,2012-12-29,12.540000000000001,False
29,2012-12-30,8.74,False
30,2012-12-31,20.14,False
0,2013-01-01,11.78,False
1,2013-01-02,38.0,False
2,2013-01-03,31.92,False
3,2013-01-04,21.28,False
4,2013-01-05,20.14,False
5,2013-01-06,19.0,False
6,2013-01-07,26.98,False
7,2013-01-08,28.88,False
8,2013-01-09,21.66,False
9,2013-01-10,28.88,False
10,2013-01-11,27.740000000000002,False
11,2013-01-12,17.48,False
12,2013-01-13,19.38,False
13,2013-01-14,17.86,False
14,2013-01-15,22.04,False
15,2013-01-16,29.26,False
16,2013-01-17,24.32,False
17,2013-01-18,31.54,False
18,2013-01-19,19.38,False
19,2013-01-20,21.66,False
20,2013-01-21,25.080000000000002,False
21,2013-01-22,22.04,False
22,2013-01-23,31.16,False
23,2013-01-24,31.54,False
24,2013-01-25,32.3,False
25,2013-01-26,24.32,False
26,2013-01-27,22.8,False
27,2013-01-28,30.02,False
28,2013-01-29,30.78,False
29,2013-01-30,26.98,False
30,2013-01-31,21.28,False
0,2013-02-01,24.94,False
1,2013-02-02,19.35,False
2,2013-02-03,20.64,False
3,2013-02-04,28.38,False
4,2013-02-05,37.839999999999996,False
5,2013-02-06,27.09,False
6,2013-02-07,39.13,False
7,2013-02-08,23.22,False
8,2013-02-09,30.53,False
9,2013-02-10,30.099999999999998,False
10,2013-02-11,39.99,False
11,2013-02-12,34.83,False
12,2013-02-13,36.98,False
13,2013-02-14,30.53,False
14,2013-02-15,27.95,False
15,2013-02-16,27.95,False
16,2013-02-17,21.5,False
17,2013-02-18,30.53,False
18,2013-02-19,43.0,False
19,2013-02-20,34.83,False
20,2013-02-21,36.55,False
21,2013-02-22,25.8,False
22,2013-02-23,36.98,False
23,2013-02-24,39.56,False
24,2013-02-25,43.0,False
25,2013-02-26,33.97,False
26,2013-02-27,40.85,False
27,2013-02-28,36.55,False
0,2013-03-01,33.92,False
1,2013-03-02,25.44,False
2,2013-03-03,34.45,False
3,2013-03-04,38.160000000000004,False
4,2013-03-05,45.050000000000004,False
5,2013-03-06,52.470000000000006,False
6,2013-03-07,42.400000000000006,False
7,2013-03-08,30.21,False
8,2013-03-09,23.85,False
9,2013-03-10,41.870000000000005,False
10,2013-03-11,53.0,False
11,2013-03-12,50.88,False
12,2013-03-13,34.980000000000004,False
13,2013-03-14,47.17,False
14,2013-03-15,42.93,False
15,2013-03-16,36.57,False
16,2013-03-17,28.09,False
17,2013-03-18,40.81,False
18,2013-03-19,34.45,False
19,2013-03-20,43.46,False
20,2013-03-21,42.93,False
21,2013-03-22,33.92,False
22,2013-03-23,41.34,False
23,2013-03-24,51.940000000000005,False
24,2013-03-25,46.11,False
25,2013-03-26,49.29,False
26,2013-03-27,37.1,False
27,2013-03-28,47.17,False
28,2013-03-29,52.470000000000006,False
29,2013-03-30,21.200000000000003,False
30,2013-03-31,37.63,False
0,2013-04-01,35.0,False
1,2013-04-02,48.5,False
2,2013-04-03,41.0,False
3,2013-04-04,44.0,False
4,2013-04-05,46.5,False
5,2013-04-06,28.5,False
6,2013-04-07,27.0,False
7,2013-04-08,33.0,False
8,2013-04-09,35.5,False
9,2013-04-10,49.5,False
10,2013-04-11,50.0,False
11,2013-04-12,45.5,False
12,2013-04-13,37.5,False
13,2013-04-14,36.0,False
14,2013-04-15,39.0,False
15,2013-04-16,39.0,False
16,2013-04-17,32.5,False
17,2013-04-18,29.5,False
18,2013-04-19,25.5,False
19,2013-04-20,22.0,False
20,2013-04-21,24.5,False
21,2013-04-22,30.5,False
22,2013-04-23,34.0,False
23,2013-04-24,40.0,False
24,2013-04-25,34.0,False
25,2013-04-26,34.5,False
26,2013-04-27,24.0,False
27,2013-04-28,21.0,False
28,2013-04-29,38.5,False
29,2013-04-30,36.0,False
0,2013-05-01,31.05,False
1,2013-05-02,31.95,False
2,2013-05-03,32.85,False
3,2013-05-04,28.8,False
4,2013-05-05,22.5,False
5,2013-05-06,36.0,False
6,2013-05-07,34.65,False
7,2013-05-08,45.0,False
8,2013-05-09,33.75,False
9,2013-05-10,31.05,False
10,2013-05-11,23.85,False
11,2013-05-12,19.8,False
12,2013-05-13,27.0,False
13,2013-05-14,37.35,False
14,2013-05-15,27.0,False
15,2013-05-16,31.5,False
16,2013-05-17,31.05,False
17,2013-05-18,22.05,False
18,2013-05-19,17.1,False
19,2013-05-20,35.1,False
20,2013-05-21,33.300000000000004,False
21,2013-05-22,20.25,False
22,2013-05-23,30.150000000000002,False
23,2013-05-24,23.85,False
24,2013-05-25,19.8,False
25,2013-05-26,21.150000000000002,False
26,2013-05-27,15.3,False
27,2013-05-28,36.45,False
28,2013-05-29,20.25,False
29,2013-05-30,27.0,False
30,2013-05-31,27.900000000000002,False
0,2013-06-01,18.2,False
1,2013-06-02,11.549999999999999,False
2,2013-06-03,26.95,False
3,2013-06-04,24.15,False
4,2013-06-05,33.599999999999994,False
5,2013-06-06,24.15,False
6,2013-06-07,23.099999999999998,False
7,2013-06-08,19.25,False
8,2013-06-09,24.15,False
9,2013-06-10,25.2,False
10,2013-06-11,35.0,False
11,2013-06-12,23.099999999999998,False
12,2013-06-13,21.7,False
13,2013-06-14,20.299999999999997,False
14,2013-06-15,19.25,False
15,2013-06-16,27.299999999999997,False
16,2013-06-17,25.549999999999997,False
17,2013-06-18,27.299999999999997,False
18,2013-06-19,31.849999999999998,False
19,2013-06-20,22.049999999999997,False
20,2013-06-21,28.7,False
21,2013-06-22,15.749999999999998,False
22,2013-06-23,19.599999999999998,False
23,2013-06-24,27.299999999999997,False
24,2013-06-25,26.599999999999998,False
25,2013-06-26,25.2,False
26,2013-06-27,32.55,False
27,2013-06-28,18.549999999999997,False
28,2013-06-29,21.7,False
29,2013-06-30,19.95,False
0,2013-07-01,35.0,False
1,2013-07-02,23.099999999999998,False
2,2013-07-03,28.7,False
3,2013-07-04,18.549999999999997,False
4,2013-07-05,20.299999999999997,False
5,2013-07-06,19.599999999999998,False
6,2013-07-07,17.849999999999998,False
7,2013-07-08,24.15,False
8,2013-07-09,24.15,False
9,2013-07-10,30.099999999999998,False
10,2013-07-11,30.099999999999998,False
11,2013-07-12,24.5,False
12,2013-07-13,23.099999999999998,False
13,2013-07-14,18.9,False
14,2013-07-15,27.65,False
15,2013-07-16,24.15,False
16,2013-07-17,30.45,False
17,2013-07-18,29.4,False
18,2013-07-19,26.95,False
19,2013-07-20,17.5,False
20,2013-07-21,30.099999999999998,False
21,2013-07-22,28.7,False
22,2013-07-23,26.25,False
23,2013-07-24,33.25,False
24,2013-07-25,24.849999999999998,False
25,2013-07-26,33.599999999999994,False
26,2013-07-27,16.45,False
27,2013-07-28,22.4,False
28,2013-07-29,33.949999999999996,False
29,2013-07-30,33.599999999999994,False
30,2013-07-31,24.5,False
0,2013-08-01,33.32,False
1,2013-08-02,23.12,False
2,2013-08-03,19.380000000000003,False
3,2013-08-04,22.78,False
4,2013-08-05,28.560000000000002,False
5,2013-08-06,23.12,False
6,2013-08-07,34.0,False
7,2013-08-08,23.8,False
8,2013-08-09,21.76,False
9,2013-08-10,21.76,False
10,2013-08-11,21.42,False
11,2013-08-12,28.900000000000002,False
12,2013-08-13,29.240000000000002,False
13,2013-08-14,30.94,False
14,2013-08-15,30.6,False
15,2013-08-16,30.6,False
16,2013-08-17,14.280000000000001,False
17,2013-08-18,21.080000000000002,False
18,2013-08-19,26.180000000000003,False
19,2013-08-20,24.48,False
20,2013-08-21,28.560000000000002,False
21,2013-08-22,26.180000000000003,False
22,2013-08-23,29.240000000000002,False
23,2013-08-24,18.02,False
24,2013-08-25,24.82,False
25,2013-08-26,26.520000000000003,False
26,2013-08-27,22.78,False
27,2013-08-28,29.580000000000002,False
28,2013-08-29,33.660000000000004,False
29,2013-08-30,26.520000000000003,False
30,2013-08-31,13.600000000000001,False
0,2013-09-01,17.48,False
1,2013-09-02,13.3,False
2,2013-09-03,23.56,False
3,2013-09-04,22.04,False
4,2013-09-05,23.94,False
5,2013-09-06,19.38,False
6,2013-09-07,20.14,False
7,2013-09-08,17.1,False
8,2013-09-09,22.8,False
9,2013-09-10,32.3,False
10,2013-09-11,21.28,False
11,2013-09-12,25.84,False
12,2013-09-13,27.36,False
13,2013-09-14,13.3,False
14,2013-09-15,21.66,False
15,2013-09-16,27.36,False
16,2013-09-17,29.64,False
17,2013-09-18,22.8,False
18,2013-09-19,38.0,False
19,2013-09-20,29.26,False
20,2013-09-21,24.7,False
21,2013-09-22,24.32,False
22,2013-09-23,30.02,False
23,2013-09-24,32.3,False
24,2013-09-25,26.22,False
25,2013-09-26,28.5,False
26,2013-09-27,23.56,False
27,2013-09-28,15.2,False
28,2013-09-29,25.46,False
29,2013-09-30,25.84,False
0,2013-10-01,36.98,False
1,2013-10-02,33.97,False
2,2013-10-03,34.4,False
3,2013-10-04,41.71,False
4,2013-10-05,26.66,False
5,2013-10-06,24.94,False
6,2013-10-07,32.25,False
7,2013-10-08,31.39,False
8,2013-10-09,37.839999999999996,False
9,2013-10-10,36.12,False
10,2013-10-11,30.099999999999998,False
11,2013-10-12,22.36,False
12,2013-10-13,31.39,False
13,2013-10-14,38.7,False
14,2013-10-15,37.41,False
15,2013-10-16,35.69,False
16,2013-10-17,42.57,False
17,2013-10-18,36.12,False
18,2013-10-19,30.96,False
19,2013-10-20,23.22,False
20,2013-10-21,35.26,False
21,2013-10-22,40.42,False
22,2013-10-23,32.68,False
23,2013-10-24,35.69,False
24,2013-10-25,37.839999999999996,False
25,2013-10-26,21.93,False
26,2013-10-27,25.8,False
27,2013-10-28,43.0,False
28,2013-10-29,30.53,False
29,2013-10-30,35.26,False
30,2013-10-31,39.99,False
0,2013-11-01,36.66,False
1,2013-11-02,23.97,False
2,2013-11-03,23.5,False
3,2013-11-04,38.07,False
4,2013-11-05,39.48,False
5,2013-11-06,37.599999999999994,False
6,2013-11-07,45.12,False
7,2013-11-08,34.309999999999995,False
8,2013-11-09,25.38,False
9,2013-11-10,24.439999999999998,False
10,2013-11-11,38.54,False
11,2013-11-12,39.949999999999996,False
12,2013-11-13,41.83,False
13,2013-11-14,47.0,False
14,2013-11-15,39.48,False
15,2013-11-16,21.619999999999997,False
16,2013-11-17,27.729999999999997,False
17,2013-11-18,38.07,False
18,2013-11-19,39.48,False
19,2013-11-20,41.36,False
20,2013-11-21,40.419999999999995,False
21,2013-11-22,25.38,False
22,2013-11-23,31.959999999999997,False
23,2013-11-24,29.139999999999997,False
24,2013-11-25,41.36,False
25,2013-11-26,34.78,False
26,2013-11-27,38.54,False
27,2013-11-28,24.439999999999998,False
28,2013-11-29,27.729999999999997,False
29,2013-11-30,22.09,False
0,2013-12-01,20.68,False
1,2013-12-02,39.6,False
2,2013-12-03,35.2,False
3,2013-12-04,42.24,False
4,2013-12-05,43.56,False
5,2013-12-06,30.8,False
6,2013-12-07,22.0,False
7,2013-12-08,28.16,False
8,2013-12-09,31.68,False
9,2013-12-10,40.48,False
10,2013-12-11,44.0,False
11,2013-12-12,37.84,False
12,2013-12-13,35.64,False
13,2013-12-14,25.96,False
14,2013-12-15,26.84,False
15,2013-12-16,30.8,False
16,2013-12-17,31.68,False
17,2013-12-18,39.6,False
18,2013-12-19,26.84,False
19,2013-12-20,31.68,False
20,2013-12-21,18.04,False
21,2013-12-22,20.24,False
22,2013-12-23,22.0,False
23,2013-12-24,23.32,False
24,2013-12-25,14.96,False
25,2013-12-26,30.36,False
26,2013-12-27,29.92,False
27,2013-12-28,22.0,False
28,2013-12-29,20.24,False
29,2013-12-30,30.36,False
30,2013-12-31,23.76,False
0,2014-01-01,13.86,False
1,2014-01-02,23.52,False
2,2014-01-03,29.4,False
3,2014-01-04,20.16,False
4,2014-01-05,20.16,False
5,2014-01-06,31.5,False
6,2014-01-07,28.14,False
7,2014-01-08,28.14,False
8,2014-01-09,35.699999999999996,False
9,2014-01-10,29.4,False
10,2014-01-11,24.779999999999998,False
11,2014-01-12,17.64,False
12,2014-01-13,35.699999999999996,False
13,2014-01-14,31.919999999999998,False
14,2014-01-15,35.699999999999996,False
15,2014-01-16,29.82,False
16,2014-01-17,27.3,False
17,2014-01-18,23.939999999999998,False
18,2014-01-19,31.5,False
19,2014-01-20,29.4,False
20,2014-01-21,31.08,False
21,2014-01-22,31.5,False
22,2014-01-23,31.919999999999998,False
23,2014-01-24,34.019999999999996,False
24,2014-01-25,23.939999999999998,False
25,2014-01-26,32.339999999999996,False
26,2014-01-27,34.44,False
27,2014-01-28,31.919999999999998,False
28,2014-01-29,31.5,False
29,2014-01-30,42.0,False
30,2014-01-31,30.66,False
0,2014-02-01,27.439999999999998,False
1,2014-02-02,23.52,False
2,2014-02-03,28.91,False
3,2014-02-04,36.75,False
4,2014-02-05,32.83,False
5,2014-02-06,36.26,False
6,2014-02-07,36.75,False
7,2014-02-08,40.67,False
8,2014-02-09,31.36,False
9,2014-02-10,36.26,False
10,2014-02-11,37.73,False
11,2014-02-12,41.16,False
12,2014-02-13,48.51,False
13,2014-02-14,31.849999999999998,False
14,2014-02-15,32.83,False
15,2014-02-16,33.32,False
16,2014-02-17,36.26,False
17,2014-02-18,44.1,False
18,2014-02-19,35.769999999999996,False
19,2014-02-20,42.63,False
20,2014-02-21,31.849999999999998,False
21,2014-02-22,26.95,False
22,2014-02-23,27.439999999999998,False
23,2014-02-24,49.0,False
24,2014-02-25,47.04,False
25,2014-02-26,38.71,False
26,2014-02-27,47.53,False
27,2014-02-28,48.51,False
0,2014-03-01,40.7,False
1,2014-03-02,36.85,False
2,2014-03-03,49.50000000000001,False
3,2014-03-04,44.0,False
4,2014-03-05,48.95,False
5,2014-03-06,53.900000000000006,False
6,2014-03-07,34.650000000000006,False
7,2014-03-08,29.700000000000003,False
8,2014-03-09,29.700000000000003,False
9,2014-03-10,40.150000000000006,False
10,2014-03-11,42.900000000000006,False
11,2014-03-12,54.45,False
12,2014-03-13,37.400000000000006,False
13,2014-03-14,35.2,False
14,2014-03-15,27.500000000000004,False
15,2014-03-16,28.05,False
16,2014-03-17,45.650000000000006,False
17,2014-03-18,50.050000000000004,False
18,2014-03-19,40.150000000000006,False
19,2014-03-20,44.550000000000004,False
20,2014-03-21,47.300000000000004,False
21,2014-03-22,45.1,False
22,2014-03-23,39.050000000000004,False
23,2014-03-24,39.050000000000004,False
24,2014-03-25,42.900000000000006,False
25,2014-03-26,47.85,False
26,2014-03-27,37.95,False
27,2014-03-28,55.00000000000001,False
28,2014-03-29,31.35,False
29,2014-03-30,41.25,False
30,2014-03-31,53.35,False
0,2014-04-01,48.95,False
1,2014-04-02,55.00000000000001,False
2,2014-04-03,51.7,False
3,2014-04-04,36.85,False
4,2014-04-05,49.50000000000001,False
5,2014-04-06,39.050000000000004,False
6,2014-04-07,36.300000000000004,False
7,2014-04-08,55.00000000000001,False
8,2014-04-09,50.050000000000004,False
9,2014-04-10,51.7,False
10,2014-04-11,48.400000000000006,False
11,2014-04-12,42.900000000000006,False
12,2014-04-13,34.650000000000006,False
13,2014-04-14,48.400000000000006,False
14,2014-04-15,52.25000000000001,False
15,2014-04-16,36.300000000000004,False
16,2014-04-17,34.650000000000006,False
17,2014-04-18,33.0,False
18,2014-04-19,30.800000000000004,False
19,2014-04-20,29.700000000000003,False
20,2014-04-21,37.95,False
21,2014-04-22,42.35,False
22,2014-04-23,43.45,False
23,2014-04-24,42.900000000000006,False
24,2014-04-25,46.2,False
25,2014-04-26,25.85,False
26,2014-04-27,37.95,False
27,2014-04-28,42.35,False
28,2014-04-29,46.2,False
29,2014-04-30,43.45,False
0,2014-05-01,28.400000000000002,False
1,2014-05-02,28.8,False
2,2014-05-03,16.0,False
3,2014-05-04,20.8,False
4,2014-05-05,32.4,False
5,2014-05-06,40.0,False
6,2014-05-07,27.6,False
7,2014-05-08,32.4,False
8,2014-05-09,35.6,False
9,2014-05-10,20.0,False
10,2014-05-11,17.2,False
11,2014-05-12,31.6,False
12,2014-05-13,28.8,False
13,2014-05-14,30.8,False
14,2014-05-15,32.800000000000004,False
15,2014-05-16,27.200000000000003,False
16,2014-05-17,12.0,False
17,2014-05-18,14.4,False
18,2014-05-19,32.4,False
19,2014-05-20,25.6,False
20,2014-05-21,27.6,False
21,2014-05-22,23.6,False
22,2014-05-23,25.200000000000003,False
23,2014-05-24,16.0,False
24,2014-05-25,12.8,False
25,2014-05-26,16.0,False
26,2014-05-27,23.200000000000003,False
27,2014-05-28,30.8,False
28,2014-05-29,32.4,False
29,2014-05-30,24.0,False
30,2014-05-31,20.8,False
0,2014-06-01,20.9,False
1,2014-06-02,33.82,False
2,2014-06-03,21.66,False
3,2014-06-04,26.98,False
4,2014-06-05,34.96,False
5,2014-06-06,28.12,False
6,2014-06-07,21.66,False
7,2014-06-08,17.86,False
8,2014-06-09,27.740000000000002,False
9,2014-06-10,31.92,False
10,2014-06-11,38.0,False
11,2014-06-12,25.84,False
12,2014-06-13,22.42,False
13,2014-06-14,19.76,False
14,2014-06-15,15.96,False
15,2014-06-16,30.4,False
16,2014-06-17,25.46,False
17,2014-06-18,31.16,False
18,2014-06-19,35.72,False
19,2014-06-20,31.92,False
20,2014-06-21,17.1,False
21,2014-06-22,14.82,False
22,2014-06-23,36.86,False
23,2014-06-24,29.26,False
24,2014-06-25,36.480000000000004,False
25,2014-06-26,23.94,False
26,2014-06-27,27.36,False
27,2014-06-28,23.94,False
28,2014-06-29,26.98,False
29,2014-06-30,24.7,False
0,2014-07-01,17.759999999999998,False
1,2014-07-02,21.46,False
2,2014-07-03,26.64,False
3,2014-07-04,17.39,False
4,2014-07-05,19.61,False
5,2014-07-06,15.17,False
6,2014-07-07,27.38,False
7,2014-07-08,32.19,False
8,2014-07-09,25.9,False
9,2014-07-10,31.08,False
10,2014-07-11,25.9,False
11,2014-07-12,21.46,False
12,2014-07-13,19.98,False
13,2014-07-14,22.2,False
14,2014-07-15,27.38,False
15,2014-07-16,27.38,False
16,2014-07-17,35.519999999999996,False
17,2014-07-18,17.759999999999998,False
18,2014-07-19,19.61,False
19,2014-07-20,24.79,False
20,2014-07-21,21.09,False
21,2014-07-22,36.26,False
22,2014-07-23,27.38,False
23,2014-07-24,29.97,False
24,2014-07-25,24.419999999999998,False
25,2014-07-26,15.17,False
26,2014-07-27,30.34,False
27,2014-07-28,15.91,False
28,2014-07-29,33.3,False
29,2014-07-30,37.0,False
30,2014-07-31,28.12,False
0,2014-08-01,26.6,False
1,2014-08-02,20.14,False
2,2014-08-03,17.86,False
3,2014-08-04,26.98,False
4,2014-08-05,33.82,False
5,2014-08-06,38.0,False
6,2014-08-07,28.12,False
7,2014-08-08,25.84,False
8,2014-08-09,20.9,False
9,2014-08-10,20.9,False
10,2014-08-11,19.38,False
11,2014-08-12,38.0,False
12,2014-08-13,25.84,False
13,2014-08-14,27.740000000000002,False
14,2014-08-15,27.36,False
15,2014-08-16,25.46,False
16,2014-08-17,21.66,False
17,2014-08-18,30.78,False
18,2014-08-19,27.740000000000002,False
19,2014-08-20,30.4,False
20,2014-08-21,27.740000000000002,False
21,2014-08-22,27.740000000000002,False
22,2014-08-23,20.52,False
23,2014-08-24,22.42,False
24,2014-08-25,33.82,False
25,2014-08-26,36.480000000000004,False
26,2014-08-27,32.3,False
27,2014-08-28,30.4,False
28,2014-08-29,28.5,False
29,2014-08-30,23.56,False
30,2014-08-31,16.72,False
0,2014-09-01,17.22,False
1,2014-09-02,23.779999999999998,False
2,2014-09-03,27.88,False
3,2014-09-04,22.139999999999997,False
4,2014-09-05,16.81,False
5,2014-09-06,19.68,False
6,2014-09-07,25.419999999999998,False
7,2014-09-08,31.569999999999997,False
8,2014-09-09,35.669999999999995,False
9,2014-09-10,37.72,False
10,2014-09-11,27.06,False
11,2014-09-12,25.83,False
12,2014-09-13,17.22,False
13,2014-09-14,25.009999999999998,False
14,2014-09-15,31.159999999999997,False
15,2014-09-16,33.62,False
16,2014-09-17,30.34,False
17,2014-09-18,32.39,False
18,2014-09-19,26.65,False
19,2014-09-20,29.11,False
20,2014-09-21,14.76,False
21,2014-09-22,30.749999999999996,False
22,2014-09-23,35.26,False
23,2014-09-24,35.669999999999995,False
24,2014-09-25,30.749999999999996,False
25,2014-09-26,33.62,False
26,2014-09-27,16.4,False
27,2014-09-28,28.29,False
28,2014-09-29,41.0,False
29,2014-09-30,29.11,False
0,2014-10-01,34.78,False
1,2014-10-02,40.89,False
2,2014-10-03,33.37,False
3,2014-10-04,17.86,False
4,2014-10-05,40.89,False
5,2014-10-06,35.25,False
6,2014-10-07,37.129999999999995,False
7,2014-10-08,34.309999999999995,False
8,2014-10-09,28.669999999999998,False
9,2014-10-10,32.43,False
10,2014-10-11,25.38,False
11,2014-10-12,20.68,False
12,2014-10-13,38.54,False
13,2014-10-14,36.19,False
14,2014-10-15,30.549999999999997,False
15,2014-10-16,37.129999999999995,False
16,2014-10-17,33.839999999999996,False
17,2014-10-18,23.029999999999998,False
18,2014-10-19,35.25,False
19,2014-10-20,46.529999999999994,False
20,2014-10-21,47.0,False
21,2014-10-22,40.89,False
22,2014-10-23,36.19,False
23,2014-10-24,33.839999999999996,False
24,2014-10-25,22.56,False
25,2014-10-26,26.32,False
26,2014-10-27,35.25,False
27,2014-10-28,37.129999999999995,False
28,2014-10-29,37.599999999999994,False
29,2014-10-30,39.01,False
30,2014-10-31,43.71,False
0,2014-11-01,21.16,False
1,2014-11-02,25.76,False
2,2014-11-03,34.96,False
3,2014-11-04,36.800000000000004,False
4,2014-11-05,32.660000000000004,False
5,2014-11-06,36.34,False
6,2014-11-07,46.0,False
7,2014-11-08,22.540000000000003,False
8,2014-11-09,33.58,False
9,2014-11-10,34.04,False
10,2014-11-11,34.04,False
11,2014-11-12,38.18,False
12,2014-11-13,39.56,False
13,2014-11-14,34.5,False
14,2014-11-15,30.360000000000003,False
15,2014-11-16,23.92,False
16,2014-11-17,40.02,False
17,2014-11-18,43.7,False
18,2014-11-19,31.740000000000002,False
19,2014-11-20,32.2,False
20,2014-11-21,35.88,False
21,2014-11-22,21.62,False
22,2014-11-23,24.84,False
23,2014-11-24,41.86,False
24,2014-11-25,30.82,False
25,2014-11-26,30.360000000000003,False
26,2014-11-27,23.0,False
27,2014-11-28,20.240000000000002,False
28,2014-11-29,28.98,False
29,2014-11-30,24.84,False
0,2014-12-01,25.650000000000002,False
1,2014-12-02,32.4,False
2,2014-12-03,37.800000000000004,False
3,2014-12-04,31.95,False
4,2014-12-05,27.45,False
5,2014-12-06,19.35,False
6,2014-12-07,27.900000000000002,False
7,2014-12-08,37.800000000000004,False
8,2014-12-09,45.0,False
9,2014-12-10,32.85,False
10,2014-12-11,37.35,False
11,2014-12-12,28.8,False
12,2014-12-13,16.2,False
13,2014-12-14,22.5,False
14,2014-12-15,37.35,False
15,2014-12-16,33.75,False
16,2014-12-17,25.2,False
17,2014-12-18,25.2,False
18,2014-12-19,28.35,False
19,2014-12-20,15.75,False
20,2014-12-21,13.5,False
21,2014-12-22,21.6,False
22,2014-12-23,21.6,False
23,2014-12-24,13.950000000000001,False
24,2014-12-25,12.6,False
25,2014-12-26,16.650000000000002,False
26,2014-12-27,17.55,False
27,2014-12-28,7.65,False
28,2014-12-29,15.3,False
29,2014-12-30,17.55,False
30,2014-12-31,21.150000000000002,False
0,2015-01-01,21.07,False
1,2015-01-02,24.509999999999998,False
2,2015-01-03,24.94,False
3,2015-01-04,21.5,False
4,2015-01-05,25.8,False
5,2015-01-06,33.54,False
6,2015-01-07,33.11,False
7,2015-01-08,25.37,False
8,2015-01-09,22.79,False
9,2015-01-10,17.63,False
10,2015-01-11,30.099999999999998,False
11,2015-01-12,24.94,False
12,2015-01-13,35.26,False
13,2015-01-14,28.81,False
14,2015-01-15,24.509999999999998,False
15,2015-01-16,23.65,False
16,2015-01-17,24.94,False
17,2015-01-18,19.35,False
18,2015-01-19,27.95,False
19,2015-01-20,32.25,False
20,2015-01-21,33.97,False
21,2015-01-22,30.099999999999998,False
22,2015-01-23,31.82,False
23,2015-01-24,30.96,False
24,2015-01-25,18.49,False
25,2015-01-26,25.8,False
26,2015-01-27,31.82,False
27,2015-01-28,32.68,False
28,2015-01-29,43.0,False
29,2015-01-30,32.25,False
30,2015-01-31,34.4,False
0,2015-02-01,32.86,False
1,2015-02-02,39.22,False
2,2015-02-03,48.760000000000005,False
3,2015-02-04,52.470000000000006,False
4,2015-02-05,53.0,False
5,2015-02-06,38.690000000000005,False
6,2015-02-07,33.39,False
7,2015-02-08,25.970000000000002,False
8,2015-02-09,45.050000000000004,False
9,2015-02-10,43.46,False
10,2015-02-11,45.580000000000005,False
11,2015-02-12,46.11,False
12,2015-02-13,36.57,False
13,2015-02-14,32.86,False
14,2015-02-15,39.75,False
15,2015-02-16,37.63,False
16,2015-02-17,44.52,False
17,2015-02-18,43.46,False
18,2015-02-19,38.160000000000004,False
19,2015-02-20,37.1,False
20,2015-02-21,31.270000000000003,False
21,2015-02-22,31.8,False
22,2015-02-23,42.400000000000006,False
23,2015-02-24,37.63,False
24,2015-02-25,41.870000000000005,False
25,2015-02-26,37.63,False
26,2015-02-27,36.57,False
27,2015-02-28,25.970000000000002,False
0,2015-03-01,44.24,False
1,2015-03-02,51.52,False
2,2015-03-03,38.64,False
3,2015-03-04,50.96000000000001,False
4,2015-03-05,42.00000000000001,False
5,2015-03-06,34.160000000000004,False
6,2015-03-07,39.760000000000005,False
7,2015-03-08,37.52,False
8,2015-03-09,45.36000000000001,False
9,2015-03-10,49.28,False
10,2015-03-11,43.68000000000001,False
11,2015-03-12,40.88,False
12,2015-03-13,38.64,False
13,2015-03-14,32.480000000000004,False
14,2015-03-15,31.360000000000003,False
15,2015-03-16,39.760000000000005,False
16,2015-03-17,53.760000000000005,False
17,2015-03-18,45.36000000000001,False
18,2015-03-19,38.080000000000005,False
19,2015-03-20,51.52,False
20,2015-03-21,33.6,False
21,2015-03-22,39.760000000000005,False
22,2015-03-23,53.2,False
23,2015-03-24,51.52,False
24,2015-03-25,45.92,False
25,2015-03-26,30.800000000000004,False
26,2015-03-27,44.800000000000004,False
27,2015-03-28,35.84,False
28,2015-03-29,34.720000000000006,False
29,2015-03-30,48.720000000000006,False
30,2015-03-31,56.00000000000001,False
0,2015-04-01,42.699999999999996,False
1,2015-04-02,42.699999999999996,False
2,2015-04-03,46.36,False
3,2015-04-04,27.45,False
4,2015-04-05,33.55,False
5,2015-04-06,54.9,False
6,2015-04-07,57.339999999999996,False
7,2015-04-08,47.58,False
8,2015-04-09,53.68,False
9,2015-04-10,53.68,False
10,2015-04-11,38.43,False
11,2015-04-12,42.699999999999996,False
12,2015-04-13,53.07,False
13,2015-04-14,57.339999999999996,False
14,2015-04-15,61.0,False
15,2015-04-16,51.85,False
16,2015-04-17,46.97,False
17,2015-04-18,38.43,False
18,2015-04-19,35.99,False
19,2015-04-20,46.97,False
20,2015-04-21,46.36,False
21,2015-04-22,45.75,False
22,2015-04-23,51.24,False
23,2015-04-24,40.26,False
24,2015-04-25,28.06,False
25,2015-04-26,43.31,False
26,2015-04-27,54.9,False
27,2015-04-28,48.19,False
28,2015-04-29,50.019999999999996,False
29,2015-04-30,46.97,False
0,2015-05-01,34.309999999999995,False
1,2015-05-02,22.09,False
2,2015-05-03,24.91,False
3,2015-05-04,47.0,False
4,2015-05-05,34.309999999999995,False
5,2015-05-06,26.32,False
6,2015-05-07,29.61,False
7,2015-05-08,39.949999999999996,False
8,2015-05-09,25.38,False
9,2015-05-10,15.51,False
10,2015-05-11,31.49,False
11,2015-05-12,26.79,False
12,2015-05-13,29.139999999999997,False
13,2015-05-14,31.49,False
14,2015-05-15,29.139999999999997,False
15,2015-05-16,14.1,False
16,2015-05-17,15.979999999999999,False
17,2015-05-18,28.669999999999998,False
18,2015-05-19,28.2,False
19,2015-05-20,28.669999999999998,False
20,2015-05-21,23.029999999999998,False
21,2015-05-22,23.029999999999998,False
22,2015-05-23,24.91,False
23,2015-05-24,13.629999999999999,False
24,2015-05-25,20.68,False
25,2015-05-26,28.669999999999998,False
26,2015-05-27,26.32,False
27,2015-05-28,34.309999999999995,False
28,2015-05-29,22.09,False
29,2015-05-30,16.919999999999998,False
30,2015-05-31,14.1,False
0,2015-06-01,30.36,False
1,2015-06-02,26.4,False
2,2015-06-03,29.04,False
3,2015-06-04,31.68,False
4,2015-06-05,33.44,False
5,2015-06-06,18.04,False
6,2015-06-07,36.96,False
7,2015-06-08,32.56,False
8,2015-06-09,38.28,False
9,2015-06-10,28.16,False
10,2015-06-11,30.36,False
11,2015-06-12,34.32,False
12,2015-06-13,29.92,False
13,2015-06-14,26.4,False
14,2015-06-15,23.32,False
15,2015-06-16,36.08,False
16,2015-06-17,29.04,False
17,2015-06-18,32.12,False
18,2015-06-19,30.8,False
19,2015-06-20,18.04,False
20,2015-06-21,19.8,False
21,2015-06-22,37.84,False
22,2015-06-23,44.0,False
23,2015-06-24,41.8,False
24,2015-06-25,41.8,False
25,2015-06-26,33.0,False
26,2015-06-27,23.32,False
27,2015-06-28,25.080000000000002,False
28,2015-06-29,38.28,False
29,2015-06-30,40.04,False
0,2015-07-01,26.04,False
1,2015-07-02,36.12,False
2,2015-07-03,27.3,False
3,2015-07-04,18.06,False
4,2015-07-05,15.54,False
5,2015-07-06,26.459999999999997,False
6,2015-07-07,26.459999999999997,False
7,2015-07-08,34.019999999999996,False
8,2015-07-09,28.56,False
9,2015-07-10,32.339999999999996,False
10,2015-07-11,18.06,False
11,2015-07-12,23.52,False
12,2015-07-13,22.68,False
13,2015-07-14,25.2,False
14,2015-07-15,29.4,False
15,2015-07-16,41.16,False
16,2015-07-17,35.28,False
17,2015-07-18,18.06,False
18,2015-07-19,22.259999999999998,False
19,2015-07-20,27.3,False
20,2015-07-21,42.0,False
21,2015-07-22,28.56,False
22,2015-07-23,34.44,False
23,2015-07-24,22.259999999999998,False
24,2015-07-25,16.8,False
25,2015-07-26,17.64,False
26,2015-07-27,34.019999999999996,False
27,2015-07-28,25.619999999999997,False
28,2015-07-29,30.66,False
29,2015-07-30,23.939999999999998,False
30,2015-07-31,29.4,False
0,2015-08-01,17.759999999999998,False
1,2015-08-02,21.119999999999997,False
2,2015-08-03,33.12,False
3,2015-08-04,25.439999999999998,False
4,2015-08-05,40.8,False
5,2015-08-06,28.799999999999997,False
6,2015-08-07,22.56,False
7,2015-08-08,17.759999999999998,False
8,2015-08-09,15.36,False
9,2015-08-10,25.439999999999998,False
10,2015-08-11,29.759999999999998,False
11,2015-08-12,23.52,False
12,2015-08-13,28.799999999999997,False
13,2015-08-14,24.48,False
14,2015-08-15,15.36,False
15,2015-08-16,19.68,False
16,2015-08-17,24.0,False
17,2015-08-18,26.4,False
18,2015-08-19,29.279999999999998,False
19,2015-08-20,25.439999999999998,False
20,2015-08-21,34.56,False
21,2015-08-22,25.439999999999998,False
22,2015-08-23,20.64,False
23,2015-08-24,48.0,False
24,2015-08-25,46.08,False
25,2015-08-26,37.44,False
26,2015-08-27,30.72,False
27,2015-08-28,33.12,False
28,2015-08-29,31.68,False
29,2015-08-30,17.759999999999998,False
30,2015-08-31,30.24,False
0,2015-09-01,38.18,False
1,2015-09-02,42.32,False
2,2015-09-03,37.260000000000005,False
3,2015-09-04,25.76,False
4,2015-09-05,29.900000000000002,False
5,2015-09-06,22.080000000000002,False
6,2015-09-07,26.220000000000002,False
7,2015-09-08,22.080000000000002,False
8,2015-09-09,35.42,False
9,2015-09-10,27.6,False
10,2015-09-11,30.360000000000003,False
11,2015-09-12,16.1,False
12,2015-09-13,21.62,False
13,2015-09-14,38.18,False
14,2015-09-15,39.56,False
15,2015-09-16,32.2,False
16,2015-09-17,35.42,False
17,2015-09-18,42.32,False
18,2015-09-19,30.360000000000003,False
19,2015-09-20,28.98,False
20,2015-09-21,28.98,False
21,2015-09-22,37.260000000000005,False
22,2015-09-23,37.72,False
23,2015-09-24,38.64,False
24,2015-09-25,36.800000000000004,False
25,2015-09-26,33.120000000000005,False
26,2015-09-27,28.52,False
27,2015-09-28,40.480000000000004,False
28,2015-09-29,46.0,False
29,2015-09-30,36.34,False
0,2015-10-01,46.5,False
1,2015-10-02,40.0,False
2,2015-10-03,28.0,False
3,2015-10-04,24.5,False
4,2015-10-05,46.5,False
5,2015-10-06,46.0,False
6,2015-10-07,43.5,False
7,2015-10-08,50.0,False
8,2015-10-09,38.5,False
9,2015-10-10,16.5,False
10,2015-10-11,20.0,False
11,2015-10-12,42.5,False
12,2015-10-13,46.5,False
13,2015-10-14,48.5,False
14,2015-10-15,40.5,False
15,2015-10-16,36.5,False
16,2015-10-17,24.0,False
17,2015-10-18,24.5,False
18,2015-10-19,46.5,False
19,2015-10-20,43.5,False
20,2015-10-21,38.5,False
21,2015-10-22,38.0,False
22,2015-10-23,34.5,False
23,2015-10-24,25.0,False
24,2015-10-25,25.5,False
25,2015-10-26,44.5,False
26,2015-10-27,40.5,False
27,2015-10-28,41.5,False
28,2015-10-29,49.5,False
29,2015-10-30,36.0,False
30,2015-10-31,27.5,False
0,2015-11-01,36.0,False
1,2015-11-02,39.36,False
2,2015-11-03,48.0,False
3,2015-11-04,31.2,False
4,2015-11-05,37.92,False
5,2015-11-06,28.799999999999997,False
6,2015-11-07,28.32,False
7,2015-11-08,26.4,False
8,2015-11-09,31.68,False
9,2015-11-10,30.24,False
10,2015-11-11,32.16,False
11,2015-11-12,42.72,False
12,2015-11-13,36.48,False
13,2015-11-14,27.36,False
14,2015-11-15,26.4,False
15,2015-11-16,33.6,False
16,2015-11-17,34.56,False
17,2015-11-18,37.44,False
18,2015-11-19,38.4,False
19,2015-11-20,28.32,False
20,2015-11-21,18.24,False
21,2015-11-22,36.0,False
22,2015-11-23,27.36,False
23,2015-11-24,39.36,False
24,2015-11-25,34.08,False
25,2015-11-26,14.399999999999999,False
26,2015-11-27,24.48,False
27,2015-11-28,22.56,False
28,2015-11-29,26.88,False
29,2015-11-30,30.72,False
0,2015-12-01,30.87,False
1,2015-12-02,46.55,False
2,2015-12-03,42.14,False
3,2015-12-04,24.5,False
4,2015-12-05,24.99,False
5,2015-12-06,29.89,False
6,2015-12-07,28.419999999999998,False
7,2015-12-08,34.79,False
8,2015-12-09,44.589999999999996,False
9,2015-12-10,49.0,False
10,2015-12-11,35.28,False
11,2015-12-12,20.58,False
12,2015-12-13,22.54,False
13,2015-12-14,28.419999999999998,False
14,2015-12-15,39.2,False
15,2015-12-16,31.36,False
16,2015-12-17,29.4,False
17,2015-12-18,34.79,False
18,2015-12-19,16.169999999999998,False
19,2015-12-20,13.719999999999999,False
20,2015-12-21,29.89,False
21,2015-12-22,17.64,False
22,2015-12-23,21.07,False
23,2015-12-24,18.62,False
24,2015-12-25,13.719999999999999,False
25,2015-12-26,16.169999999999998,False
26,2015-12-27,13.23,False
27,2015-12-28,23.52,False
28,2015-12-29,19.6,False
29,2015-12-30,24.5,False
30,2015-12-31,15.68,False
0,2016-01-01,16.5,False
1,2016-01-02,14.0,False
2,2016-01-03,26.0,False
3,2016-01-04,37.0,False
4,2016-01-05,32.5,False
5,2016-01-06,33.0,False
6,2016-01-07,37.5,False
7,2016-01-08,42.5,False
8,2016-01-09,24.5,False
9,2016-01-10,27.0,False
10,2016-01-11,43.0,False
11,2016-01-12,43.5,False
12,2016-01-13,46.0,False
13,2016-01-14,42.0,False
14,2016-01-15,36.0,False
15,2016-01-16,25.0,False
16,2016-01-17,29.0,False
17,2016-01-18,36.5,False
18,2016-01-19,40.5,False
19,2016-01-20,50.0,False
20,2016-01-21,46.0,False
21,2016-01-22,32.0,False
22,2016-01-23,23.0,False
23,2016-01-24,25.0,False
24,2016-01-25,37.0,False
25,2016-01-26,49.5,False
26,2016-01-27,44.0,False
27,2016-01-28,49.0,False
28,2016-01-29,38.0,False
29,2016-01-30,26.5,False
30,2016-01-31,30.5,False
0,2016-02-01,38.86,False
1,2016-02-02,51.62,False
2,2016-02-03,42.919999999999995,False
3,2016-02-04,45.82,False
4,2016-02-05,51.04,False
5,2016-02-06,38.86,False
6,2016-02-07,30.159999999999997,False
7,2016-02-08,38.86,False
8,2016-02-09,53.94,False
9,2016-02-10,48.13999999999999,False
10,2016-02-11,46.4,False
11,2016-02-12,45.239999999999995,False
12,2016-02-13,27.259999999999998,False
13,2016-02-14,23.779999999999998,False
14,2016-02-15,34.8,False
15,2016-02-16,57.419999999999995,False
16,2016-02-17,55.67999999999999,False
17,2016-02-18,47.559999999999995,False
18,2016-02-19,37.12,False
19,2016-02-20,24.939999999999998,False
20,2016-02-21,41.76,False
21,2016-02-22,40.599999999999994,False
22,2016-02-23,46.98,False
23,2016-02-24,54.519999999999996,False
24,2016-02-25,48.72,False
25,2016-02-26,40.019999999999996,False
26,2016-02-27,35.96,False
27,2016-02-28,48.13999999999999,False
28,2016-02-29,57.99999999999999,False
0,2016-03-01,53.68,False
1,2016-03-02,48.19,False
2,2016-03-03,55.51,False
3,2016-03-04,42.699999999999996,False
4,2016-03-05,30.5,False
5,2016-03-06,35.38,False
6,2016-03-07,57.949999999999996,False
7,2016-03-08,51.24,False
8,2016-03-09,50.019999999999996,False
9,2016-03-10,61.0,False
10,2016-03-11,34.16,False
11,2016-03-12,31.11,False
12,2016-03-13,26.23,False
13,2016-03-14,34.16,False
14,2016-03-15,43.31,False
15,2016-03-16,34.769999999999996,False
16,2016-03-17,39.04,False
17,2016-03-18,39.04,False
18,2016-03-19,26.84,False
19,2016-03-20,40.87,False
20,2016-03-21,49.41,False
21,2016-03-22,42.699999999999996,False
22,2016-03-23,53.68,False
23,2016-03-24,46.36,False
24,2016-03-25,37.82,False
25,2016-03-26,34.16,False
26,2016-03-27,28.06,False
27,2016-03-28,44.53,False
28,2016-03-29,48.19,False
29,2016-03-30,42.089999999999996,False
30,2016-03-31,47.58,False
0,2016-04-01,58.32,False
1,2016-04-02,44.64,False
2,2016-04-03,37.44,False
3,2016-04-04,62.64,False
4,2016-04-05,59.04,False
5,2016-04-06,56.16,False
6,2016-04-07,54.72,False
7,2016-04-08,54.0,False
8,2016-04-09,36.0,False
9,2016-04-10,52.559999999999995,False
10,2016-04-11,67.67999999999999,False
11,2016-04-12,67.67999999999999,False
12,2016-04-13,72.0,False
13,2016-04-14,53.28,False
14,2016-04-15,46.08,False
15,2016-04-16,40.32,False
16,2016-04-17,43.92,False
17,2016-04-18,59.04,False
18,2016-04-19,47.519999999999996,False
19,2016-04-20,53.28,False
20,2016-04-21,45.36,False
21,2016-04-22,42.48,False
22,2016-04-23,30.24,False
23,2016-04-24,40.32,False
24,2016-04-25,52.559999999999995,False
25,2016-04-26,51.839999999999996,False
26,2016-04-27,69.12,False
27,2016-04-28,59.76,False
28,2016-04-29,56.16,False
29,2016-04-30,26.64,False
0,2016-05-01,37.1,False
1,2016-05-02,49.29,False
2,2016-05-03,50.35,False
3,2016-05-04,53.0,False
4,2016-05-05,46.64,False
5,2016-05-06,36.57,False
6,2016-05-07,30.21,False
7,2016-05-08,30.21,False
8,2016-05-09,45.050000000000004,False
9,2016-05-10,49.82,False
10,2016-05-11,41.870000000000005,False
11,2016-05-12,42.400000000000006,False
12,2016-05-13,33.92,False
13,2016-05-14,23.32,False
14,2016-05-15,27.03,False
15,2016-05-16,34.980000000000004,False
16,2016-05-17,33.39,False
17,2016-05-18,37.1,False
18,2016-05-19,35.510000000000005,False
19,2016-05-20,35.510000000000005,False
20,2016-05-21,23.85,False
21,2016-05-22,33.39,False
22,2016-05-23,28.62,False
23,2016-05-24,34.980000000000004,False
24,2016-05-25,46.64,False
25,2016-05-26,41.34,False
26,2016-05-27,30.21,False
27,2016-05-28,19.080000000000002,False
28,2016-05-29,23.85,False
29,2016-05-30,34.980000000000004,False
30,2016-05-31,28.62,False
0,2016-06-01,38.879999999999995,False
1,2016-06-02,33.6,False
2,2016-06-03,36.48,False
3,2016-06-04,21.119999999999997,False
4,2016-06-05,25.919999999999998,False
5,2016-06-06,40.32,False
6,2016-06-07,27.36,False
7,2016-06-08,31.68,False
8,2016-06-09,25.919999999999998,False
9,2016-06-10,23.52,False
10,2016-06-11,17.28,False
11,2016-06-12,19.68,False
12,2016-06-13,31.68,False
13,2016-06-14,20.64,False
14,2016-06-15,31.2,False
15,2016-06-16,28.799999999999997,False
16,2016-06-17,23.04,False
17,2016-06-18,30.24,False
18,2016-06-19,25.439999999999998,False
19,2016-06-20,25.919999999999998,False
20,2016-06-21,39.839999999999996,False
21,2016-06-22,36.48,False
22,2016-06-23,34.08,False
23,2016-06-24,48.0,False
24,2016-06-25,24.48,False
25,2016-06-26,24.96,False
26,2016-06-27,40.8,False
27,2016-06-28,30.72,False
28,2016-06-29,33.6,False
29,2016-06-30,31.2,False
0,2016-07-01,28.060000000000002,False
1,2016-07-02,29.900000000000002,False
2,2016-07-03,23.0,False
3,2016-07-04,28.98,False
4,2016-07-05,39.1,False
5,2016-07-06,32.660000000000004,False
6,2016-07-07,45.54,False
7,2016-07-08,37.260000000000005,False
8,2016-07-09,21.16,False
9,2016-07-10,28.060000000000002,False
10,2016-07-11,45.080000000000005,False
11,2016-07-12,44.620000000000005,False
12,2016-07-13,41.86,False
13,2016-07-14,36.34,False
14,2016-07-15,41.86,False
15,2016-07-16,24.84,False
16,2016-07-17,27.6,False
17,2016-07-18,43.24,False
18,2016-07-19,34.04,False
19,2016-07-20,35.88,False
20,2016-07-21,40.480000000000004,False
21,2016-07-22,37.260000000000005,False
22,2016-07-23,25.3,False
23,2016-07-24,25.3,False
24,2016-07-25,42.78,False
25,2016-07-26,41.4,False
26,2016-07-27,30.360000000000003,False
27,2016-07-28,44.160000000000004,False
28,2016-07-29,46.0,False
29,2016-07-30,24.380000000000003,False
30,2016-07-31,27.14,False
0,2016-08-01,35.28,False
1,2016-08-02,33.18,False
2,2016-08-03,32.339999999999996,False
3,2016-08-04,41.16,False
4,2016-08-05,32.76,False
5,2016-08-06,15.959999999999999,False
6,2016-08-07,31.5,False
7,2016-08-08,34.44,False
8,2016-08-09,40.32,False
9,2016-08-10,32.339999999999996,False
10,2016-08-11,28.56,False
11,2016-08-12,24.36,False
12,2016-08-13,14.7,False
13,2016-08-14,15.54,False
14,2016-08-15,31.919999999999998,False
15,2016-08-16,26.88,False
16,2016-08-17,25.619999999999997,False
17,2016-08-18,26.04,False
18,2016-08-19,27.3,False
19,2016-08-20,14.7,False
20,2016-08-21,25.2,False
21,2016-08-22,32.339999999999996,False
22,2016-08-23,26.88,False
23,2016-08-24,38.22,False
24,2016-08-25,34.44,False
25,2016-08-26,30.24,False
26,2016-08-27,25.2,False
27,2016-08-28,22.68,False
28,2016-08-29,34.44,False
29,2016-08-30,42.0,False
30,2016-08-31,32.76,False
0,2016-09-01,46.0,False
1,2016-09-02,33.0,False
2,2016-09-03,23.5,False
3,2016-09-04,15.0,False
4,2016-09-05,22.0,False
5,2016-09-06,36.5,False
6,2016-09-07,40.0,False
7,2016-09-08,38.5,False
8,2016-09-09,32.5,False
9,2016-09-10,19.0,False
10,2016-09-11,17.5,False
11,2016-09-12,38.5,False
12,2016-09-13,37.0,False
13,2016-09-14,35.5,False
14,2016-09-15,28.0,False
15,2016-09-16,33.0,False
16,2016-09-17,20.5,False
17,2016-09-18,36.5,False
18,2016-09-19,35.5,False
19,2016-09-20,37.5,False
20,2016-09-21,39.5,False
21,2016-09-22,38.0,False
22,2016-09-23,27.5,False
23,2016-09-24,24.5,False
24,2016-09-25,22.5,False
25,2016-09-26,38.0,False
26,2016-09-27,34.0,False
27,2016-09-28,39.0,False
28,2016-09-29,50.0,False
29,2016-09-30,35.0,False
0,2016-10-01,21.07,False
1,2016-10-02,27.439999999999998,False
2,2016-10-03,42.14,False
3,2016-10-04,35.28,False
4,2016-10-05,36.26,False
5,2016-10-06,38.71,False
6,2016-10-07,37.73,False
7,2016-10-08,16.169999999999998,False
8,2016-10-09,22.54,False
9,2016-10-10,32.339999999999996,False
10,2016-10-11,31.849999999999998,False
11,2016-10-12,44.1,False
12,2016-10-13,34.79,False
13,2016-10-14,23.52,False
14,2016-10-15,23.03,False
15,2016-10-16,20.09,False
16,2016-10-17,36.26,False
17,2016-10-18,30.38,False
18,2016-10-19,32.339999999999996,False
19,2016-10-20,40.18,False
20,2016-10-21,22.05,False
21,2016-10-22,22.54,False
22,2016-10-23,24.009999999999998,False
23,2016-10-24,39.2,False
24,2016-10-25,49.0,False
25,2016-10-26,44.1,False
26,2016-10-27,37.24,False
27,2016-10-28,30.38,False
28,2016-10-29,24.99,False
29,2016-10-30,21.07,False
30,2016-10-31,35.769999999999996,False
0,2016-11-01,34.16,False
1,2016-11-02,47.58,False
2,2016-11-03,39.65,False
3,2016-11-04,37.21,False
4,2016-11-05,22.57,False
5,2016-11-06,16.47,False
6,2016-11-07,42.089999999999996,False
7,2016-11-08,43.92,False
8,2016-11-09,51.85,False
9,2016-11-10,50.019999999999996,False
10,2016-11-11,35.38,False
11,2016-11-12,31.11,False
12,2016-11-13,21.96,False
13,2016-11-14,45.75,False
14,2016-11-15,49.41,False
15,2016-11-16,39.65,False
16,2016-11-17,48.19,False
17,2016-11-18,47.58,False
18,2016-11-19,26.84,False
19,2016-11-20,30.5,False
20,2016-11-21,37.82,False
21,2016-11-22,37.82,False
22,2016-11-23,38.43,False
23,2016-11-24,23.79,False
24,2016-11-25,29.89,False
25,2016-11-26,27.45,False
26,2016-11-27,31.11,False
27,2016-11-28,39.65,False
28,2016-11-29,54.29,False
29,2016-11-30,61.0,False
0,2016-12-01,54.56,False
1,2016-12-02,39.06,False
2,2016-12-03,34.1,False
3,2016-12-04,41.54,False
4,2016-12-05,47.74,False
5,2016-12-06,57.04,False
6,2016-12-07,57.66,False
7,2016-12-08,62.0,False
8,2016-12-09,51.46,False
9,2016-12-10,27.28,False
10,2016-12-11,33.48,False
11,2016-12-12,43.4,False
12,2016-12-13,52.08,False
13,2016-12-14,46.5,False
14,2016-12-15,45.88,False
15,2016-12-16,43.4,False
16,2016-12-17,26.04,False
17,2016-12-18,25.419999999999998,False
18,2016-12-19,31.0,False
19,2016-12-20,29.14,False
20,2016-12-21,25.419999999999998,False
21,2016-12-22,31.62,False
22,2016-12-23,22.94,False
23,2016-12-24,18.6,False
24,2016-12-25,14.879999999999999,False
25,2016-12-26,17.36,False
26,2016-12-27,29.14,False
27,2016-12-28,31.62,False
28,2016-12-29,38.44,False
29,2016-12-30,22.32,False
30,2016-12-31,22.94,False
0,2017-01-01,22.14,False
1,2017-01-02,30.240000000000002,False
2,2017-01-03,35.64,False
3,2017-01-04,42.660000000000004,False
4,2017-01-05,41.040000000000006,False
5,2017-01-06,41.580000000000005,False
6,2017-01-07,17.82,False
7,2017-01-08,27.0,False
8,2017-01-09,34.56,False
9,2017-01-10,32.400000000000006,False
10,2017-01-11,42.660000000000004,False
11,2017-01-12,44.28,False
12,2017-01-13,41.040000000000006,False
13,2017-01-14,25.380000000000003,False
14,2017-01-15,28.080000000000002,False
15,2017-01-16,37.260000000000005,False
16,2017-01-17,42.660000000000004,False
17,2017-01-18,44.28,False
18,2017-01-19,52.92,False
19,2017-01-20,31.32,False
20,2017-01-21,30.78,False
21,2017-01-22,32.940000000000005,False
22,2017-01-23,46.440000000000005,False
23,2017-01-24,54.0,False
24,2017-01-25,49.14,False
25,2017-01-26,42.660000000000004,False
26,2017-01-27,39.42,False
27,2017-01-28,31.860000000000003,False
28,2017-01-29,36.72,False
29,2017-01-30,44.28,False
30,2017-01-31,51.300000000000004,False
0,2017-02-01,47.61,False
1,2017-02-02,53.129999999999995,False
2,2017-02-03,55.88999999999999,False
3,2017-02-04,33.809999999999995,False
4,2017-02-05,36.57,False
5,2017-02-06,50.37,False
6,2017-02-07,45.54,False
7,2017-02-08,47.61,False
8,2017-02-09,53.129999999999995,False
9,2017-02-10,47.61,False
10,2017-02-11,31.74,False
11,2017-02-12,39.33,False
12,2017-02-13,55.199999999999996,False
13,2017-02-14,42.779999999999994,False
14,2017-02-15,45.54,False
15,2017-02-16,48.989999999999995,False
16,2017-02-17,40.019999999999996,False
17,2017-02-18,37.26,False
18,2017-02-19,37.949999999999996,False
19,2017-02-20,51.059999999999995,False
20,2017-02-21,56.58,False
21,2017-02-22,55.88999999999999,False
22,2017-02-23,57.269999999999996,False
23,2017-02-24,46.919999999999995,False
24,2017-02-25,31.049999999999997,False
25,2017-02-26,33.809999999999995,False
26,2017-02-27,66.92999999999999,False
27,2017-02-28,69.0,False
0,2017-03-01,64.68,False
1,2017-03-02,77.0,False
2,2017-03-03,73.15,False
3,2017-03-04,49.28,False
4,2017-03-05,51.59,False
5,2017-03-06,73.15,False
6,2017-03-07,65.45,False
7,2017-03-08,75.46000000000001,False
8,2017-03-09,60.06,False
9,2017-03-10,53.13,False
10,2017-03-11,43.120000000000005,False
11,2017-03-12,46.97,False
12,2017-03-13,53.13,False
13,2017-03-14,50.050000000000004,False
14,2017-03-15,58.52,False
15,2017-03-16,56.980000000000004,False
16,2017-03-17,54.67,False
17,2017-03-18,30.8,False
18,2017-03-19,49.28,False
19,2017-03-20,67.76,False
20,2017-03-21,63.14,False
21,2017-03-22,62.370000000000005,False
22,2017-03-23,54.67,False
23,2017-03-24,41.58,False
24,2017-03-25,36.19,False
25,2017-03-26,49.28,False
26,2017-03-27,67.76,False
27,2017-03-28,70.07000000000001,False
28,2017-03-29,62.370000000000005,False
29,2017-03-30,64.68,False
30,2017-03-31,57.75,False
0,2017-04-01,41.870000000000005,False
1,2017-04-02,40.29,False
2,2017-04-03,60.040000000000006,False
3,2017-04-04,62.410000000000004,False
4,2017-04-05,63.2,False
5,2017-04-06,63.2,False
6,2017-04-07,71.10000000000001,False
7,2017-04-08,47.400000000000006,False
8,2017-04-09,53.72,False
9,2017-04-10,68.73,False
10,2017-04-11,79.0,False
11,2017-04-12,72.68,False
12,2017-04-13,69.52000000000001,False
13,2017-04-14,55.300000000000004,False
14,2017-04-15,36.34,False
15,2017-04-16,43.45,False
16,2017-04-17,68.73,False
17,2017-04-18,55.300000000000004,False
18,2017-04-19,52.14,False
19,2017-04-20,71.89,False
20,2017-04-21,48.190000000000005,False
21,2017-04-22,33.97,False
22,2017-04-23,42.660000000000004,False
23,2017-04-24,59.25,False
24,2017-04-25,79.0,False
25,2017-04-26,67.94,False
26,2017-04-27,64.78,False
27,2017-04-28,55.300000000000004,False
28,2017-04-29,46.61,False
29,2017-04-30,39.5,False
0,2017-05-01,67.0,False
1,2017-05-02,56.95,False
2,2017-05-03,54.27,False
3,2017-05-04,60.970000000000006,False
4,2017-05-05,46.230000000000004,False
5,2017-05-06,29.48,False
6,2017-05-07,33.5,False
7,2017-05-08,65.66000000000001,False
8,2017-05-09,56.28,False
9,2017-05-10,52.93,False
10,2017-05-11,45.56,False
11,2017-05-12,36.85,False
12,2017-05-13,32.160000000000004,False
13,2017-05-14,34.17,False
14,2017-05-15,38.86,False
15,2017-05-16,50.25,False
16,2017-05-17,40.2,False
17,2017-05-18,42.21,False
18,2017-05-19,32.830000000000005,False
19,2017-05-20,20.77,False
20,2017-05-21,23.450000000000003,False
21,2017-05-22,29.48,False
22,2017-05-23,38.190000000000005,False
23,2017-05-24,40.2,False
24,2017-05-25,40.870000000000005,False
25,2017-05-26,41.54,False
26,2017-05-27,28.810000000000002,False
27,2017-05-28,22.110000000000003,False
28,2017-05-29,30.82,False
29,2017-05-30,38.190000000000005,False
30,2017-05-31,37.52,False
0,2017-06-01,47.58,False
1,2017-06-02,38.43,False
2,2017-06-03,19.52,False
3,2017-06-04,22.57,False
4,2017-06-05,43.31,False
5,2017-06-06,40.26,False
6,2017-06-07,35.38,False
7,2017-06-08,27.45,False
8,2017-06-09,33.55,False
9,2017-06-10,25.009999999999998,False
10,2017-06-11,23.18,False
11,2017-06-12,28.669999999999998,False
12,2017-06-13,31.72,False
13,2017-06-14,29.89,False
14,2017-06-15,31.11,False
15,2017-06-16,50.629999999999995,False
16,2017-06-17,27.45,False
17,2017-06-18,26.84,False
18,2017-06-19,61.0,False
19,2017-06-20,42.089999999999996,False
20,2017-06-21,43.92,False
21,2017-06-22,46.36,False
22,2017-06-23,45.75,False
23,2017-06-24,25.009999999999998,False
24,2017-06-25,23.18,False
25,2017-06-26,52.46,False
26,2017-06-27,40.87,False
27,2017-06-28,30.5,False
28,2017-06-29,32.94,False
29,2017-06-30,35.99,False
0,2017-07-01,32.4,False
1,2017-07-02,22.8,False
2,2017-07-03,31.799999999999997,False
3,2017-07-04,31.799999999999997,False
4,2017-07-05,33.6,False
5,2017-07-06,52.199999999999996,False
6,2017-07-07,49.8,False
7,2017-07-08,33.0,False
8,2017-07-09,33.0,False
9,2017-07-10,55.8,False
10,2017-07-11,52.199999999999996,False
11,2017-07-12,46.199999999999996,False
12,2017-07-13,52.199999999999996,False
13,2017-07-14,43.199999999999996,False
14,2017-07-15,33.0,False
15,2017-07-16,33.6,False
16,2017-07-17,54.6,False
17,2017-07-18,58.199999999999996,False
18,2017-07-19,49.199999999999996,False
19,2017-07-20,53.4,False
20,2017-07-21,46.8,False
21,2017-07-22,27.599999999999998,False
22,2017-07-23,28.799999999999997,False
23,2017-07-24,52.8,False
24,2017-07-25,49.8,False
25,2017-07-26,47.4,False
26,2017-07-27,55.199999999999996,False
27,2017-07-28,44.4,False
28,2017-07-29,30.0,False
29,2017-07-30,34.199999999999996,False
30,2017-07-31,60.0,False
0,2017-08-01,47.6,False
1,2017-08-02,45.92,False
2,2017-08-03,56.00000000000001,False
3,2017-08-04,38.64,False
4,2017-08-05,31.360000000000003,False
5,2017-08-06,25.76,False
6,2017-08-07,45.92,False
7,2017-08-08,47.6,False
8,2017-08-09,49.28,False
9,2017-08-10,47.6,False
10,2017-08-11,40.32000000000001,False
11,2017-08-12,19.040000000000003,False
12,2017-08-13,20.720000000000002,False
13,2017-08-14,39.760000000000005,False
14,2017-08-15,44.800000000000004,False
15,2017-08-16,34.160000000000004,False
16,2017-08-17,39.760000000000005,False
17,2017-08-18,34.160000000000004,False
18,2017-08-19,15.680000000000001,False
19,2017-08-20,26.880000000000003,False
20,2017-08-21,38.64,False
21,2017-08-22,39.2,False
22,2017-08-23,38.080000000000005,False
23,2017-08-24,50.400000000000006,False
24,2017-08-25,51.52,False
25,2017-08-26,24.080000000000002,False
26,2017-08-27,22.96,False
27,2017-08-28,44.24,False
28,2017-08-29,41.440000000000005,False
29,2017-08-30,45.36000000000001,False
30,2017-08-31,47.6,False
0,2017-09-01,39.68,False
1,2017-09-02,29.14,False
2,2017-09-03,38.44,False
3,2017-09-04,41.54,False
4,2017-09-05,45.88,False
5,2017-09-06,45.26,False
6,2017-09-07,47.12,False
7,2017-09-08,44.64,False
8,2017-09-09,24.8,False
9,2017-09-10,36.58,False
10,2017-09-11,56.42,False
11,2017-09-12,51.46,False
12,2017-09-13,59.519999999999996,False
13,2017-09-14,53.94,False
14,2017-09-15,54.56,False
15,2017-09-16,32.24,False
16,2017-09-17,33.48,False
17,2017-09-18,58.9,False
18,2017-09-19,45.26,False
19,2017-09-20,43.4,False
20,2017-09-21,47.74,False
21,2017-09-22,44.02,False
22,2017-09-23,24.8,False
23,2017-09-24,36.58,False
24,2017-09-25,58.28,False
25,2017-09-26,52.08,False
26,2017-09-27,62.0,False
27,2017-09-28,48.98,False
28,2017-09-29,50.22,False
29,2017-09-30,22.32,False
0,2017-10-01,21.560000000000002,False
1,2017-10-02,42.35,False
2,2017-10-03,53.13,False
3,2017-10-04,50.82,False
4,2017-10-05,66.99,False
5,2017-10-06,77.0,False
6,2017-10-07,37.730000000000004,False
7,2017-10-08,34.65,False
8,2017-10-09,56.980000000000004,False
9,2017-10-10,65.45,False
10,2017-10-11,53.9,False
11,2017-10-12,54.67,False
12,2017-10-13,37.730000000000004,False
13,2017-10-14,21.560000000000002,False
14,2017-10-15,27.72,False
15,2017-10-16,50.050000000000004,False
16,2017-10-17,41.58,False
17,2017-10-18,44.660000000000004,False
18,2017-10-19,40.04,False
19,2017-10-20,36.19,False
20,2017-10-21,21.560000000000002,False
21,2017-10-22,28.490000000000002,False
22,2017-10-23,41.58,False
23,2017-10-24,50.82,False
24,2017-10-25,36.96,False
25,2017-10-26,43.120000000000005,False
26,2017-10-27,33.88,False
27,2017-10-28,27.72,False
28,2017-10-29,31.57,False
29,2017-10-30,50.050000000000004,False
30,2017-10-31,48.51,False
0,2017-11-01,55.080000000000005,False
1,2017-11-02,68.85000000000001,False
2,2017-11-03,56.7,False
3,2017-11-04,37.260000000000005,False
4,2017-11-05,43.74,False
5,2017-11-06,68.04,False
6,2017-11-07,68.85000000000001,False
7,2017-11-08,63.99,False
8,2017-11-09,63.18000000000001,False
9,2017-11-10,47.790000000000006,False
10,2017-11-11,35.64,False
11,2017-11-12,43.74,False
12,2017-11-13,64.80000000000001,False
13,2017-11-14,68.04,False
14,2017-11-15,62.370000000000005,False
15,2017-11-16,60.75000000000001,False
16,2017-11-17,59.13,False
17,2017-11-18,39.690000000000005,False
18,2017-11-19,37.260000000000005,False
19,2017-11-20,72.9,False
20,2017-11-21,63.99,False
21,2017-11-22,54.27,False
22,2017-11-23,32.400000000000006,False
23,2017-11-24,37.260000000000005,False
24,2017-11-25,32.400000000000006,False
25,2017-11-26,34.830000000000005,False
26,2017-11-27,61.56,False
27,2017-11-28,77.76,False
28,2017-11-29,80.19000000000001,False
29,2017-11-30,81.0,False
0,2017-12-01,65.45,False
1,2017-12-02,39.27,False
2,2017-12-03,45.43,False
3,2017-12-04,77.0,False
4,2017-12-05,62.370000000000005,False
5,2017-12-06,60.83,False
6,2017-12-07,63.14,False
7,2017-12-08,49.28,False
8,2017-12-09,46.97,False
9,2017-12-10,32.34,False
10,2017-12-11,68.53,False
11,2017-12-12,60.83,False
12,2017-12-13,59.29,False
13,2017-12-14,69.3,False
14,2017-12-15,57.75,False
15,2017-12-16,40.04,False
16,2017-12-17,29.26,False
17,2017-12-18,46.2,False
18,2017-12-19,49.28,False
19,2017-12-20,36.19,False
20,2017-12-21,33.88,False
21,2017-12-22,39.27,False
22,2017-12-23,26.95,False
23,2017-12-24,19.25,False
24,2017-12-25,19.25,False
25,2017-12-26,41.58,False
26,2017-12-27,43.89,False
27,2017-12-28,40.04,False
28,2017-12-29,33.11,False
29,2017-12-30,26.18,False
30,2017-12-31,23.87,False
0,2018-01-01,30.82,False
1,2018-01-02,46.900000000000006,False
2,2018-01-03,52.260000000000005,False
3,2018-01-04,56.95,False
4,2018-01-05,47.57,False
5,2018-01-06,32.160000000000004,False
6,2018-01-07,34.17,False
7,2018-01-08,46.900000000000006,False
8,2018-01-09,60.300000000000004,False
9,2018-01-10,48.910000000000004,False
10,2018-01-11,62.31,False
11,2018-01-12,53.6,False
12,2018-01-13,40.2,False
13,2018-01-14,26.130000000000003,False
14,2018-01-15,42.21,False
15,2018-01-16,50.92,False
16,2018-01-17,54.940000000000005,False
17,2018-01-18,56.95,False
18,2018-01-19,56.95,False
19,2018-01-20,38.86,False
20,2018-01-21,28.14,False
21,2018-01-22,54.27,False
22,2018-01-23,58.290000000000006,False
23,2018-01-24,62.31,False
24,2018-01-25,55.61000000000001,False
25,2018-01-26,37.52,False
26,2018-01-27,36.85,False
27,2018-01-28,38.190000000000005,False
28,2018-01-29,67.0,False
29,2018-01-30,62.31,False
30,2018-01-31,57.620000000000005,False
0,2018-02-01,53.949999999999996,False
1,2018-02-02,53.12,False
2,2018-02-03,35.69,False
3,2018-02-04,33.199999999999996,False
4,2018-02-05,71.38,False
5,2018-02-06,83.0,False
6,2018-02-07,60.589999999999996,False
7,2018-02-08,63.91,False
8,2018-02-09,63.08,False
9,2018-02-10,43.989999999999995,False
10,2018-02-11,36.519999999999996,False
11,2018-02-12,64.74,False
12,2018-02-13,51.46,False
13,2018-02-14,48.97,False
14,2018-02-15,60.589999999999996,False
15,2018-02-16,46.48,False
16,2018-02-17,32.37,False
17,2018-02-18,35.69,False
18,2018-02-19,39.01,False
19,2018-02-20,52.29,False
20,2018-02-21,51.46,False
21,2018-02-22,52.29,False
22,2018-02-23,48.14,False
23,2018-02-24,33.199999999999996,False
24,2018-02-25,37.35,False
25,2018-02-26,64.74,False
26,2018-02-27,43.16,False
27,2018-02-28,63.91,False
0,2018-03-01,60.68,False
1,2018-03-02,52.54,False
2,2018-03-03,37.74,False
3,2018-03-04,52.54,False
4,2018-03-05,71.78,False
5,2018-03-06,67.34,False
6,2018-03-07,74.0,False
7,2018-03-08,65.86,False
8,2018-03-09,68.82,False
9,2018-03-10,34.78,False
10,2018-03-11,54.019999999999996,False
11,2018-03-12,59.94,False
12,2018-03-13,57.72,False
13,2018-03-14,53.28,False
14,2018-03-15,51.06,False
15,2018-03-16,58.46,False
16,2018-03-17,31.82,False
17,2018-03-18,35.519999999999996,False
18,2018-03-19,68.08,False
19,2018-03-20,71.78,False
20,2018-03-21,63.64,False
21,2018-03-22,58.46,False
22,2018-03-23,54.019999999999996,False
23,2018-03-24,44.4,False
24,2018-03-25,34.78,False
25,2018-03-26,70.3,False
26,2018-03-27,68.82,False
27,2018-03-28,63.64,False
28,2018-03-29,62.16,False
29,2018-03-30,51.8,False
30,2018-03-31,36.26,False
0,2018-04-01,39.839999999999996,False
1,2018-04-02,83.0,False
2,2018-04-03,81.33999999999999,False
3,2018-04-04,80.50999999999999,False
4,2018-04-05,64.74,False
5,2018-04-06,52.29,False
6,2018-04-07,44.82,False
7,2018-04-08,62.25,False
8,2018-04-09,68.06,False
9,2018-04-10,74.7,False
10,2018-04-11,65.57,False
11,2018-04-12,67.22999999999999,False
12,2018-04-13,53.949999999999996,False
13,2018-04-14,41.5,False
14,2018-04-15,59.76,False
15,2018-04-16,82.17,False
16,2018-04-17,83.0,False
17,2018-04-18,78.02,False
18,2018-04-19,74.7,False
19,2018-04-20,71.38,False
20,2018-04-21,43.989999999999995,False
21,2018-04-22,41.5,False
22,2018-04-23,67.22999999999999,False
23,2018-04-24,66.39999999999999,False
24,2018-04-25,73.86999999999999,False
25,2018-04-26,81.33999999999999,False
26,2018-04-27,68.89,False
27,2018-04-28,40.669999999999995,False
28,2018-04-29,39.01,False
29,2018-04-30,74.7,False
0,2018-05-01,65.0,False
1,2018-05-02,54.6,False
2,2018-05-03,58.5,False
3,2018-05-04,57.85,False
4,2018-05-05,47.45,False
5,2018-05-06,52.0,False
6,2018-05-07,52.0,False
7,2018-05-08,53.95,False
8,2018-05-09,57.85,False
9,2018-05-10,60.45,False
10,2018-05-11,55.9,False
11,2018-05-12,21.45,False
12,2018-05-13,32.5,False
13,2018-05-14,42.25,False
14,2018-05-15,54.6,False
15,2018-05-16,48.1,False
16,2018-05-17,49.4,False
17,2018-05-18,52.0,False
18,2018-05-19,34.45,False
19,2018-05-20,33.15,False
20,2018-05-21,45.5,False
21,2018-05-22,51.35,False
22,2018-05-23,47.45,False
23,2018-05-24,40.300000000000004,False
24,2018-05-25,43.550000000000004,False
25,2018-05-26,33.15,False
26,2018-05-27,26.650000000000002,False
27,2018-05-28,36.4,False
28,2018-05-29,40.95,False
29,2018-05-30,45.5,False
30,2018-05-31,61.1,False
0,2018-06-01,57.99999999999999,False
1,2018-06-02,26.68,False
2,2018-06-03,34.8,False
3,2018-06-04,40.599999999999994,False
4,2018-06-05,45.82,False
5,2018-06-06,49.3,False
6,2018-06-07,46.4,False
7,2018-06-08,37.12,False
8,2018-06-09,23.2,False
9,2018-06-10,27.259999999999998,False
10,2018-06-11,43.5,False
11,2018-06-12,38.86,False
12,2018-06-13,43.5,False
13,2018-06-14,46.4,False
14,2018-06-15,48.13999999999999,False
15,2018-06-16,24.939999999999998,False
16,2018-06-17,34.8,False
17,2018-06-18,53.94,False
18,2018-06-19,39.44,False
19,2018-06-20,40.019999999999996,False
20,2018-06-21,44.08,False
21,2018-06-22,40.019999999999996,False
22,2018-06-23,25.52,False
23,2018-06-24,26.68,False
24,2018-06-25,42.339999999999996,False
25,2018-06-26,52.199999999999996,False
26,2018-06-27,50.459999999999994,False
27,2018-06-28,43.5,False
28,2018-06-29,40.019999999999996,False
29,2018-06-30,31.9,False
0,2018-07-01,28.000000000000004,False
1,2018-07-02,29.680000000000003,False
2,2018-07-03,43.120000000000005,False
3,2018-07-04,19.6,False
4,2018-07-05,38.080000000000005,False
5,2018-07-06,35.84,False
6,2018-07-07,21.840000000000003,False
7,2018-07-08,24.080000000000002,False
8,2018-07-09,31.360000000000003,False
9,2018-07-10,30.240000000000002,False
10,2018-07-11,32.480000000000004,False
11,2018-07-12,37.52,False
12,2018-07-13,29.680000000000003,False
13,2018-07-14,25.200000000000003,False
14,2018-07-15,29.680000000000003,False
15,2018-07-16,42.00000000000001,False
16,2018-07-17,47.040000000000006,False
17,2018-07-18,33.6,False
18,2018-07-19,43.120000000000005,False
19,2018-07-20,45.92,False
20,2018-07-21,26.880000000000003,False
21,2018-07-22,31.360000000000003,False
22,2018-07-23,42.00000000000001,False
23,2018-07-24,42.00000000000001,False
24,2018-07-25,40.32000000000001,False
25,2018-07-26,56.00000000000001,False
26,2018-07-27,52.64000000000001,False
27,2018-07-28,24.64,False
28,2018-07-29,22.96,False
29,2018-07-30,38.080000000000005,False
30,2018-07-31,41.440000000000005,False
0,2018-08-01,39.6,False
1,2018-08-02,54.0,False
2,2018-08-03,60.0,False
3,2018-08-04,42.0,False
4,2018-08-05,32.4,False
5,2018-08-06,42.0,False
6,2018-08-07,45.6,False
7,2018-08-08,36.6,False
8,2018-08-09,45.6,False
9,2018-08-10,34.199999999999996,False
10,2018-08-11,30.0,False
11,2018-08-12,26.4,False
12,2018-08-13,45.0,False
13,2018-08-14,43.199999999999996,False
14,2018-08-15,40.199999999999996,False
15,2018-08-16,38.4,False
16,2018-08-17,29.4,False
17,2018-08-18,25.8,False
18,2018-08-19,25.2,False
19,2018-08-20,39.6,False
20,2018-08-21,44.4,False
21,2018-08-22,45.0,False
22,2018-08-23,46.199999999999996,False
23,2018-08-24,43.8,False
24,2018-08-25,38.4,False
25,2018-08-26,28.2,False
26,2018-08-27,42.6,False
27,2018-08-28,32.4,False
28,2018-08-29,45.6,False
29,2018-08-30,37.8,False
30,2018-08-31,35.4,False
0,2018-09-01,30.099999999999998,False
1,2018-09-02,32.199999999999996,False
2,2018-09-03,33.599999999999994,False
3,2018-09-04,67.19999999999999,False
4,2018-09-05,65.8,False
5,2018-09-06,58.099999999999994,False
6,2018-09-07,69.3,False
7,2018-09-08,43.4,False
8,2018-09-09,30.099999999999998,False
9,2018-09-10,70.0,False
10,2018-09-11,58.8,False
11,2018-09-12,53.199999999999996,False
12,2018-09-13,54.599999999999994,False
13,2018-09-14,60.199999999999996,False
14,2018-09-15,32.199999999999996,False
15,2018-09-16,30.799999999999997,False
16,2018-09-17,63.699999999999996,False
17,2018-09-18,62.3,False
18,2018-09-19,63.699999999999996,False
19,2018-09-20,58.099999999999994,False
20,2018-09-21,53.199999999999996,False
21,2018-09-22,30.099999999999998,False
22,2018-09-23,32.9,False
23,2018-09-24,48.3,False
24,2018-09-25,49.699999999999996,False
25,2018-09-26,55.3,False
26,2018-09-27,56.699999999999996,False
27,2018-09-28,46.199999999999996,False
28,2018-09-29,33.599999999999994,False
29,2018-09-30,37.8,False
0,2018-10-01,54.75,False
1,2018-10-02,54.019999999999996,False
2,2018-10-03,51.83,False
3,2018-10-04,68.62,False
4,2018-10-05,73.0,False
5,2018-10-06,35.04,False
6,2018-10-07,28.47,False
7,2018-10-08,48.18,False
8,2018-10-09,54.019999999999996,False
9,2018-10-10,58.4,False
10,2018-10-11,61.32,False
11,2018-10-12,68.62,False
12,2018-10-13,32.85,False
13,2018-10-14,30.66,False
14,2018-10-15,59.129999999999995,False
15,2018-10-16,51.1,False
16,2018-10-17,59.129999999999995,False
17,2018-10-18,46.72,False
18,2018-10-19,45.26,False
19,2018-10-20,30.66,False
20,2018-10-21,32.12,False
21,2018-10-22,56.94,False
22,2018-10-23,51.1,False
23,2018-10-24,54.019999999999996,False
24,2018-10-25,58.4,False
25,2018-10-26,50.37,False
26,2018-10-27,35.769999999999996,False
27,2018-10-28,32.85,False
28,2018-10-29,54.75,False
29,2018-10-30,65.7,False
30,2018-10-31,56.21,False
0,2018-11-01,60.72,False
1,2018-11-02,63.48,False
2,2018-11-03,35.19,False
3,2018-11-04,47.61,False
4,2018-11-05,67.61999999999999,False
5,2018-11-06,54.51,False
6,2018-11-07,57.959999999999994,False
7,2018-11-08,62.78999999999999,False
8,2018-11-09,52.44,False
9,2018-11-10,33.809999999999995,False
10,2018-11-11,40.019999999999996,False
11,2018-11-12,63.48,False
12,2018-11-13,56.58,False
13,2018-11-14,64.86,False
14,2018-11-15,61.41,False
15,2018-11-16,55.199999999999996,False
16,2018-11-17,35.879999999999995,False
17,2018-11-18,44.849999999999994,False
18,2018-11-19,60.029999999999994,False
19,2018-11-20,68.30999999999999,False
20,2018-11-21,54.51,False
21,2018-11-22,23.459999999999997,False
22,2018-11-23,30.36,False
23,2018-11-24,27.599999999999998,False
24,2018-11-25,41.4,False
25,2018-11-26,58.65,False
26,2018-11-27,63.48,False
27,2018-11-28,69.0,False
28,2018-11-29,57.269999999999996,False
29,2018-11-30,64.86,False
0,2018-12-01,33.37,False
1,2018-12-02,39.76,False
2,2018-12-03,63.19,False
3,2018-12-04,66.74,False
4,2018-12-05,52.54,False
5,2018-12-06,63.9,False
6,2018-12-07,49.699999999999996,False
7,2018-12-08,43.309999999999995,False
8,2018-12-09,39.76,False
9,2018-12-10,68.16,False
10,2018-12-11,51.83,False
11,2018-12-12,66.03,False
12,2018-12-13,66.74,False
13,2018-12-14,71.0,False
14,2018-12-15,41.89,False
15,2018-12-16,31.95,False
16,2018-12-17,50.41,False
17,2018-12-18,51.12,False
18,2018-12-19,53.959999999999994,False
19,2018-12-20,46.86,False
20,2018-12-21,46.15,False
21,2018-12-22,34.08,False
22,2018-12-23,24.14,False
23,2018-12-24,39.05,False
24,2018-12-25,22.72,False
25,2018-12-26,43.309999999999995,False
26,2018-12-27,47.57,False
27,2018-12-28,41.89,False
28,2018-12-29,26.27,False
29,2018-12-30,26.27,False
30,2018-12-31,36.21,False
0,2019-01-01,30.080000000000002,False
1,2019-01-02,46.72,False
2,2019-01-03,62.72,False
3,2019-01-04,55.04,False
4,2019-01-05,33.28,False
5,2019-01-06,27.52,False
6,2019-01-07,49.92,False
7,2019-01-08,56.32,False
8,2019-01-09,51.2,False
9,2019-01-10,55.68,False
10,2019-01-11,55.04,False
11,2019-01-12,35.2,False
12,2019-01-13,32.0,False
13,2019-01-14,53.120000000000005,False
14,2019-01-15,51.2,False
15,2019-01-16,53.76,False
16,2019-01-17,49.28,False
17,2019-01-18,55.68,False
18,2019-01-19,34.56,False
19,2019-01-20,34.56,False
20,2019-01-21,51.2,False
21,2019-01-22,56.32,False
22,2019-01-23,57.6,False
23,2019-01-24,55.68,False
24,2019-01-25,58.88,False
25,2019-01-26,41.6,False
26,2019-01-27,35.2,False
27,2019-01-28,64.0,False
28,2019-01-29,56.96,False
29,2019-01-30,52.480000000000004,False
30,2019-01-31,64.0,False
0,2019-02-01,58.93,False
1,2019-02-02,34.79,False
2,2019-02-03,34.08,False
3,2019-02-04,54.669999999999995,False
4,2019-02-05,51.12,False
5,2019-02-06,42.599999999999994,False
6,2019-02-07,63.19,False
7,2019-02-08,45.44,False
8,2019-02-09,45.44,False
9,2019-02-10,36.92,False
10,2019-02-11,65.32,False
11,2019-02-12,53.25,False
12,2019-02-13,65.32,False
13,2019-02-14,44.73,False
14,2019-02-15,57.51,False
15,2019-02-16,38.339999999999996,False
16,2019-02-17,51.12,False
17,2019-02-18,56.089999999999996,False
18,2019-02-19,67.45,False
19,2019-02-20,63.9,False
20,2019-02-21,53.25,False
21,2019-02-22,63.9,False
22,2019-02-23,53.959999999999994,False
23,2019-02-24,49.699999999999996,False
24,2019-02-25,71.0,False
25,2019-02-26,68.86999999999999,False
26,2019-02-27,58.22,False
27,2019-02-28,71.0,False
0,2019-03-01,63.75,False
1,2019-03-02,42.0,False
2,2019-03-03,44.25,False
3,2019-03-04,57.75,False
4,2019-03-05,66.0,False
5,2019-03-06,51.75,False
6,2019-03-07,67.5,False
7,2019-03-08,75.0,False
8,2019-03-09,45.0,False
9,2019-03-10,39.75,False
10,2019-03-11,68.25,False
11,2019-03-12,67.5,False
12,2019-03-13,58.5,False
13,2019-03-14,59.25,False
14,2019-03-15,59.25,False
15,2019-03-16,46.5,False
16,2019-03-17,36.75,False
17,2019-03-18,61.5,False
18,2019-03-19,59.25,False
19,2019-03-20,58.5,False
20,2019-03-21,60.75,False
21,2019-03-22,58.5,False
22,2019-03-23,33.75,False
23,2019-03-24,35.25,False
24,2019-03-25,62.25,False
25,2019-03-26,67.5,False
26,2019-03-27,53.25,False
27,2019-03-28,65.25,False
28,2019-03-29,57.75,False
29,2019-03-30,28.5,False
30,2019-03-31,54.0,False
