,date,CTSH stock,isPartial
0,2012-01-01,0.0,False
1,2012-01-02,0.0,False
2,2012-01-03,0.0,False
3,2012-01-04,1.41,False
4,2012-01-05,0.0,False
5,2012-01-06,3.0,False
6,2012-01-07,1.71,False
7,2012-01-08,0.0,False
8,2012-01-09,0.0,False
9,2012-01-10,1.38,False
10,2012-01-11,1.38,False
11,2012-01-12,0.0,False
12,2012-01-13,0.0,False
13,2012-01-14,1.65,False
14,2012-01-15,1.65,False
15,2012-01-16,1.3499999999999999,False
16,2012-01-17,2.6999999999999997,False
17,2012-01-18,0.0,False
18,2012-01-19,0.0,False
19,2012-01-20,0.0,False
20,2012-01-21,0.0,False
21,2012-01-22,0.0,False
22,2012-01-23,0.0,False
23,2012-01-24,1.3499999999999999,False
24,2012-01-25,0.0,False
25,2012-01-26,1.38,False
26,2012-01-27,0.0,False
27,2012-01-28,0.0,False
28,2012-01-29,0.0,False
29,2012-01-30,0.0,False
30,2012-01-31,1.3199999999999998,False
0,2012-02-01,1.6500000000000001,False
1,2012-02-02,0.0,False
2,2012-02-03,1.75,False
3,2012-02-04,0.0,False
4,2012-02-05,0.0,False
5,2012-02-06,1.6500000000000001,False
6,2012-02-07,3.3000000000000003,False
7,2012-02-08,0.0,False
8,2012-02-09,1.6500000000000001,False
9,2012-02-10,1.75,False
10,2012-02-11,0.0,False
11,2012-02-12,0.0,False
12,2012-02-13,1.6,False
13,2012-02-14,0.0,False
14,2012-02-15,1.7000000000000002,False
15,2012-02-16,5.0,False
16,2012-02-17,0.0,False
17,2012-02-18,0.0,False
18,2012-02-19,0.0,False
19,2012-02-20,3.4000000000000004,False
20,2012-02-21,0.0,False
21,2012-02-22,1.6500000000000001,False
22,2012-02-23,0.0,False
23,2012-02-24,1.7000000000000002,False
24,2012-02-25,0.0,False
25,2012-02-26,0.0,False
26,2012-02-27,1.6500000000000001,False
27,2012-02-28,0.0,False
28,2012-02-29,1.6,False
0,2012-03-01,0.0,False
1,2012-03-02,0.0,False
2,2012-03-03,0.0,False
3,2012-03-04,0.0,False
4,2012-03-05,0.0,False
5,2012-03-06,0.0,False
6,2012-03-07,0.0,False
7,2012-03-08,1.53,False
8,2012-03-09,0.0,False
9,2012-03-10,0.0,False
10,2012-03-11,0.0,False
11,2012-03-12,0.0,False
12,2012-03-13,0.0,False
13,2012-03-14,3.0,False
14,2012-03-15,0.0,False
15,2012-03-16,1.5899999999999999,False
16,2012-03-17,1.8299999999999998,False
17,2012-03-18,0.0,False
18,2012-03-19,0.0,False
19,2012-03-20,1.47,False
20,2012-03-21,1.5,False
21,2012-03-22,2.31,False
22,2012-03-23,0.0,False
23,2012-03-24,0.0,False
24,2012-03-25,0.0,False
25,2012-03-26,1.47,False
26,2012-03-27,0.0,False
27,2012-03-28,1.53,False
28,2012-03-29,0.0,False
29,2012-03-30,0.0,False
30,2012-03-31,0.0,False
0,2012-04-01,0.0,False
1,2012-04-02,0.0,False
2,2012-04-03,1.7,False
3,2012-04-04,1.76,False
4,2012-04-05,1.78,False
5,2012-04-06,0.0,False
6,2012-04-07,0.0,False
7,2012-04-08,0.0,False
8,2012-04-09,0.0,False
9,2012-04-10,0.0,False
10,2012-04-11,0.0,False
11,2012-04-12,0.0,False
12,2012-04-13,0.0,False
13,2012-04-14,0.0,False
14,2012-04-15,2.0,False
15,2012-04-16,1.6600000000000001,False
16,2012-04-17,0.0,False
17,2012-04-18,0.0,False
18,2012-04-19,0.0,False
19,2012-04-20,0.0,False
20,2012-04-21,0.0,False
21,2012-04-22,0.0,False
22,2012-04-23,0.0,False
23,2012-04-24,0.0,False
24,2012-04-25,0.0,False
25,2012-04-26,0.0,False
26,2012-04-27,0.0,False
27,2012-04-28,0.0,False
28,2012-04-29,0.0,False
29,2012-04-30,0.0,False
0,2012-05-01,3.36,False
1,2012-05-02,3.0,False
2,2012-05-03,0.0,False
3,2012-05-04,0.0,False
4,2012-05-05,3.7199999999999998,False
5,2012-05-06,3.7199999999999998,False
6,2012-05-07,4.56,False
7,2012-05-08,6.0,False
8,2012-05-09,0.0,False
9,2012-05-10,3.06,False
10,2012-05-11,3.2399999999999998,False
11,2012-05-12,0.0,False
12,2012-05-13,0.0,False
13,2012-05-14,3.0,False
14,2012-05-15,3.0,False
15,2012-05-16,0.0,False
16,2012-05-17,3.1799999999999997,False
17,2012-05-18,0.0,False
18,2012-05-19,0.0,False
19,2012-05-20,0.0,False
20,2012-05-21,0.0,False
21,2012-05-22,3.0,False
22,2012-05-23,3.0,False
23,2012-05-24,3.12,False
24,2012-05-25,3.2399999999999998,False
25,2012-05-26,0.0,False
26,2012-05-27,0.0,False
27,2012-05-28,0.0,False
28,2012-05-29,0.0,False
29,2012-05-30,3.0,False
30,2012-05-31,3.06,False
0,2012-06-01,0.0,False
1,2012-06-02,0.0,False
2,2012-06-03,4.0,False
3,2012-06-04,0.0,False
4,2012-06-05,0.0,False
5,2012-06-06,3.2800000000000002,False
6,2012-06-07,3.3200000000000003,False
7,2012-06-08,3.44,False
8,2012-06-09,0.0,False
9,2012-06-10,0.0,False
10,2012-06-11,3.2,False
11,2012-06-12,3.2,False
12,2012-06-13,3.2800000000000002,False
13,2012-06-14,3.3200000000000003,False
14,2012-06-15,0.0,False
15,2012-06-16,0.0,False
16,2012-06-17,0.0,False
17,2012-06-18,3.2,False
18,2012-06-19,0.0,False
19,2012-06-20,3.2800000000000002,False
20,2012-06-21,3.2800000000000002,False
21,2012-06-22,3.52,False
22,2012-06-23,0.0,False
23,2012-06-24,0.0,False
24,2012-06-25,0.0,False
25,2012-06-26,3.2800000000000002,False
26,2012-06-27,0.0,False
27,2012-06-28,3.36,False
28,2012-06-29,0.0,False
29,2012-06-30,0.0,False
0,2012-07-01,0.0,False
1,2012-07-02,0.0,False
2,2012-07-03,2.4,False
3,2012-07-04,2.52,False
4,2012-07-05,0.0,False
5,2012-07-06,2.55,False
6,2012-07-07,0.0,False
7,2012-07-08,0.0,False
8,2012-07-09,0.0,False
9,2012-07-10,2.4,False
10,2012-07-11,2.4299999999999997,False
11,2012-07-12,2.46,False
12,2012-07-13,2.55,False
13,2012-07-14,0.0,False
14,2012-07-15,0.0,False
15,2012-07-16,0.0,False
16,2012-07-17,2.4,False
17,2012-07-18,0.0,False
18,2012-07-19,0.0,False
19,2012-07-20,0.0,False
20,2012-07-21,0.0,False
21,2012-07-22,0.0,False
22,2012-07-23,0.0,False
23,2012-07-24,2.46,False
24,2012-07-25,0.0,False
25,2012-07-26,2.46,False
26,2012-07-27,0.0,False
27,2012-07-28,0.0,False
28,2012-07-29,3.0,False
29,2012-07-30,0.0,False
30,2012-07-31,0.0,False
0,2012-08-01,0.0,False
1,2012-08-02,0.0,False
2,2012-08-03,0.0,False
3,2012-08-04,0.0,False
4,2012-08-05,0.0,False
5,2012-08-06,3.9000000000000004,False
6,2012-08-07,3.9000000000000004,False
7,2012-08-08,0.0,False
8,2012-08-09,0.0,False
9,2012-08-10,0.0,False
10,2012-08-11,0.0,False
11,2012-08-12,0.0,False
12,2012-08-13,0.0,False
13,2012-08-14,0.0,False
14,2012-08-15,0.0,False
15,2012-08-16,3.95,False
16,2012-08-17,0.0,False
17,2012-08-18,0.0,False
18,2012-08-19,5.0,False
19,2012-08-20,0.0,False
20,2012-08-21,3.95,False
21,2012-08-22,0.0,False
22,2012-08-23,0.0,False
23,2012-08-24,0.0,False
24,2012-08-25,0.0,False
25,2012-08-26,0.0,False
26,2012-08-27,3.8000000000000003,False
27,2012-08-28,3.75,False
28,2012-08-29,0.0,False
29,2012-08-30,0.0,False
30,2012-08-31,0.0,False
0,2012-09-01,0.0,False
1,2012-09-02,0.0,False
2,2012-09-03,1.53,False
3,2012-09-04,2.9699999999999998,False
4,2012-09-05,0.0,False
5,2012-09-06,1.5,False
6,2012-09-07,0.0,False
7,2012-09-08,0.0,False
8,2012-09-09,0.0,False
9,2012-09-10,1.47,False
10,2012-09-11,0.0,False
11,2012-09-12,0.0,False
12,2012-09-13,3.0,False
13,2012-09-14,1.56,False
14,2012-09-15,0.0,False
15,2012-09-16,0.0,False
16,2012-09-17,0.0,False
17,2012-09-18,0.0,False
18,2012-09-19,0.0,False
19,2012-09-20,1.47,False
20,2012-09-21,0.0,False
21,2012-09-22,0.0,False
22,2012-09-23,0.0,False
23,2012-09-24,0.0,False
24,2012-09-25,0.0,False
25,2012-09-26,1.44,False
26,2012-09-27,1.47,False
27,2012-09-28,1.56,False
28,2012-09-29,0.0,False
29,2012-09-30,0.0,False
0,2012-10-01,0.0,False
1,2012-10-02,0.0,False
2,2012-10-03,0.0,False
3,2012-10-04,0.0,False
4,2012-10-05,0.0,False
5,2012-10-06,0.0,False
6,2012-10-07,0.0,False
7,2012-10-08,0.0,False
8,2012-10-09,0.0,False
9,2012-10-10,0.98,False
10,2012-10-11,2.0,False
11,2012-10-12,0.0,False
12,2012-10-13,0.0,False
13,2012-10-14,0.0,False
14,2012-10-15,0.0,False
15,2012-10-16,0.0,False
16,2012-10-17,0.0,False
17,2012-10-18,0.0,False
18,2012-10-19,0.0,False
19,2012-10-20,0.0,False
20,2012-10-21,0.0,False
21,2012-10-22,0.96,False
22,2012-10-23,0.96,False
23,2012-10-24,0.0,False
24,2012-10-25,1.0,False
25,2012-10-26,0.0,False
26,2012-10-27,0.0,False
27,2012-10-28,0.0,False
28,2012-10-29,0.0,False
29,2012-10-30,0.0,False
30,2012-10-31,0.0,False
0,2012-11-01,2.2,False
1,2012-11-02,0.0,False
2,2012-11-03,0.0,False
3,2012-11-04,0.0,False
4,2012-11-05,0.0,False
5,2012-11-06,0.0,False
6,2012-11-07,4.0,False
7,2012-11-08,0.0,False
8,2012-11-09,2.16,False
9,2012-11-10,0.0,False
10,2012-11-11,0.0,False
11,2012-11-12,2.04,False
12,2012-11-13,0.0,False
13,2012-11-14,2.08,False
14,2012-11-15,0.0,False
15,2012-11-16,2.12,False
16,2012-11-17,0.0,False
17,2012-11-18,0.0,False
18,2012-11-19,0.0,False
19,2012-11-20,0.0,False
20,2012-11-21,0.0,False
21,2012-11-22,2.12,False
22,2012-11-23,0.0,False
23,2012-11-24,0.0,False
24,2012-11-25,0.0,False
25,2012-11-26,0.0,False
26,2012-11-27,0.0,False
27,2012-11-28,0.0,False
28,2012-11-29,0.0,False
29,2012-11-30,2.12,False
0,2012-12-01,0.0,False
1,2012-12-02,0.0,False
2,2012-12-03,0.0,False
3,2012-12-04,1.98,False
4,2012-12-05,0.0,False
5,2012-12-06,0.0,False
6,2012-12-07,2.1,False
7,2012-12-08,0.0,False
8,2012-12-09,0.0,False
9,2012-12-10,1.92,False
10,2012-12-11,1.98,False
11,2012-12-12,0.0,False
12,2012-12-13,0.0,False
13,2012-12-14,0.0,False
14,2012-12-15,0.0,False
15,2012-12-16,2.34,False
16,2012-12-17,0.0,False
17,2012-12-18,6.0,False
18,2012-12-19,0.0,False
19,2012-12-20,0.0,False
20,2012-12-21,0.0,False
21,2012-12-22,0.0,False
22,2012-12-23,0.0,False
23,2012-12-24,0.0,False
24,2012-12-25,0.0,False
25,2012-12-26,2.28,False
26,2012-12-27,0.0,False
27,2012-12-28,2.16,False
28,2012-12-29,0.0,False
29,2012-12-30,0.0,False
30,2012-12-31,4.859999999999999,False
0,2013-01-01,0.0,False
1,2013-01-02,2.82,False
2,2013-01-03,2.76,False
3,2013-01-04,2.82,False
4,2013-01-05,3.1799999999999997,False
5,2013-01-06,0.0,False
6,2013-01-07,5.279999999999999,False
7,2013-01-08,5.279999999999999,False
8,2013-01-09,2.6399999999999997,False
9,2013-01-10,5.279999999999999,False
10,2013-01-11,4.56,False
11,2013-01-12,3.12,False
12,2013-01-13,3.06,False
13,2013-01-14,2.58,False
14,2013-01-15,2.58,False
15,2013-01-16,2.58,False
16,2013-01-17,5.16,False
17,2013-01-18,2.6399999999999997,False
18,2013-01-19,0.0,False
19,2013-01-20,6.0,False
20,2013-01-21,0.0,False
21,2013-01-22,5.1,False
22,2013-01-23,0.0,False
23,2013-01-24,2.6399999999999997,False
24,2013-01-25,2.6999999999999997,False
25,2013-01-26,3.06,False
26,2013-01-27,3.0,False
27,2013-01-28,2.52,False
28,2013-01-29,3.84,False
29,2013-01-30,0.0,False
30,2013-01-31,0.0,False
0,2013-02-01,1.75,False
1,2013-02-02,0.0,False
2,2013-02-03,0.0,False
3,2013-02-04,0.0,False
4,2013-02-05,5.0,False
5,2013-02-06,1.6500000000000001,False
6,2013-02-07,1.7000000000000002,False
7,2013-02-08,1.75,False
8,2013-02-09,0.0,False
9,2013-02-10,0.0,False
10,2013-02-11,0.0,False
11,2013-02-12,2.6,False
12,2013-02-13,0.0,False
13,2013-02-14,1.7000000000000002,False
14,2013-02-15,0.0,False
15,2013-02-16,2.0,False
16,2013-02-17,1.9500000000000002,False
17,2013-02-18,0.0,False
18,2013-02-19,1.6500000000000001,False
19,2013-02-20,1.6500000000000001,False
20,2013-02-21,0.0,False
21,2013-02-22,1.75,False
22,2013-02-23,1.9500000000000002,False
23,2013-02-24,0.0,False
24,2013-02-25,3.25,False
25,2013-02-26,0.0,False
26,2013-02-27,0.0,False
27,2013-02-28,1.6500000000000001,False
0,2013-03-01,2.6999999999999997,False
1,2013-03-02,0.0,False
2,2013-03-03,0.0,False
3,2013-03-04,2.58,False
4,2013-03-05,5.1,False
5,2013-03-06,5.1,False
6,2013-03-07,2.58,False
7,2013-03-08,0.0,False
8,2013-03-09,3.0,False
9,2013-03-10,0.0,False
10,2013-03-11,2.52,False
11,2013-03-12,2.46,False
12,2013-03-13,2.46,False
13,2013-03-14,0.0,False
14,2013-03-15,3.54,False
15,2013-03-16,6.0,False
16,2013-03-17,0.0,False
17,2013-03-18,4.9799999999999995,False
18,2013-03-19,2.46,False
19,2013-03-20,3.36,False
20,2013-03-21,2.58,False
21,2013-03-22,0.0,False
22,2013-03-23,0.0,False
23,2013-03-24,0.0,False
24,2013-03-25,2.46,False
25,2013-03-26,2.58,False
26,2013-03-27,3.9,False
27,2013-03-28,2.6999999999999997,False
28,2013-03-29,0.0,False
29,2013-03-30,0.0,False
30,2013-03-31,0.0,False
0,2013-04-01,1.35,False
1,2013-04-02,1.25,False
2,2013-04-03,1.25,False
3,2013-04-04,0.0,False
4,2013-04-05,0.0,False
5,2013-04-06,0.0,False
6,2013-04-07,0.0,False
7,2013-04-08,0.0,False
8,2013-04-09,0.0,False
9,2013-04-10,0.0,False
10,2013-04-11,1.25,False
11,2013-04-12,1.35,False
12,2013-04-13,0.0,False
13,2013-04-14,0.0,False
14,2013-04-15,0.0,False
15,2013-04-16,1.85,False
16,2013-04-17,1.25,False
17,2013-04-18,0.0,False
18,2013-04-19,0.0,False
19,2013-04-20,0.0,False
20,2013-04-21,0.0,False
21,2013-04-22,1.25,False
22,2013-04-23,1.25,False
23,2013-04-24,1.25,False
24,2013-04-25,0.0,False
25,2013-04-26,1.35,False
26,2013-04-27,1.5,False
27,2013-04-28,0.0,False
28,2013-04-29,5.0,False
29,2013-04-30,1.3,False
0,2013-05-01,4.16,False
1,2013-05-02,5.84,False
2,2013-05-03,4.08,False
3,2013-05-04,4.5600000000000005,False
4,2013-05-05,0.0,False
5,2013-05-06,3.84,False
6,2013-05-07,3.7600000000000002,False
7,2013-05-08,3.84,False
8,2013-05-09,5.92,False
9,2013-05-10,6.08,False
10,2013-05-11,0.0,False
11,2013-05-12,4.5600000000000005,False
12,2013-05-13,3.7600000000000002,False
13,2013-05-14,6.24,False
14,2013-05-15,3.7600000000000002,False
15,2013-05-16,3.7600000000000002,False
16,2013-05-17,8.0,False
17,2013-05-18,4.5600000000000005,False
18,2013-05-19,0.0,False
19,2013-05-20,0.0,False
20,2013-05-21,7.44,False
21,2013-05-22,0.0,False
22,2013-05-23,7.5200000000000005,False
23,2013-05-24,3.92,False
24,2013-05-25,4.5600000000000005,False
25,2013-05-26,0.0,False
26,2013-05-27,7.76,False
27,2013-05-28,3.68,False
28,2013-05-29,3.68,False
29,2013-05-30,3.84,False
30,2013-05-31,4.0,False
0,2013-06-01,2.8000000000000003,False
1,2013-06-02,0.0,False
2,2013-06-03,3.3600000000000003,False
3,2013-06-04,3.43,False
4,2013-06-05,2.31,False
5,2013-06-06,2.31,False
6,2013-06-07,2.3800000000000003,False
7,2013-06-08,0.0,False
8,2013-06-09,4.130000000000001,False
9,2013-06-10,2.24,False
10,2013-06-11,2.24,False
11,2013-06-12,2.31,False
12,2013-06-13,2.31,False
13,2013-06-14,0.0,False
14,2013-06-15,0.0,False
15,2013-06-16,0.0,False
16,2013-06-17,0.0,False
17,2013-06-18,2.31,False
18,2013-06-19,2.31,False
19,2013-06-20,4.760000000000001,False
20,2013-06-21,2.45,False
21,2013-06-22,0.0,False
22,2013-06-23,0.0,False
23,2013-06-24,4.550000000000001,False
24,2013-06-25,4.550000000000001,False
25,2013-06-26,4.62,False
26,2013-06-27,7.000000000000001,False
27,2013-06-28,2.45,False
28,2013-06-29,2.87,False
29,2013-06-30,0.0,False
0,2013-07-01,4.4,False
1,2013-07-02,0.0,False
2,2013-07-03,0.0,False
3,2013-07-04,4.73,False
4,2013-07-05,4.84,False
5,2013-07-06,0.0,False
6,2013-07-07,5.5,False
7,2013-07-08,5.94,False
8,2013-07-09,4.4,False
9,2013-07-10,4.51,False
10,2013-07-11,4.51,False
11,2013-07-12,7.04,False
12,2013-07-13,5.5,False
13,2013-07-14,0.0,False
14,2013-07-15,4.51,False
15,2013-07-16,10.45,False
16,2013-07-17,4.51,False
17,2013-07-18,4.62,False
18,2013-07-19,6.2700000000000005,False
19,2013-07-20,5.5,False
20,2013-07-21,5.5,False
21,2013-07-22,6.71,False
22,2013-07-23,8.8,False
23,2013-07-24,8.91,False
24,2013-07-25,4.51,False
25,2013-07-26,9.35,False
26,2013-07-27,11.0,False
27,2013-07-28,5.39,False
28,2013-07-29,4.4,False
29,2013-07-30,0.0,False
30,2013-07-31,4.51,False
0,2013-08-01,12.32,False
1,2013-08-02,4.340000000000001,False
2,2013-08-03,5.040000000000001,False
3,2013-08-04,0.0,False
4,2013-08-05,0.0,False
5,2013-08-06,10.22,False
6,2013-08-07,6.86,False
7,2013-08-08,12.600000000000001,False
8,2013-08-09,6.44,False
9,2013-08-10,5.040000000000001,False
10,2013-08-11,4.9,False
11,2013-08-12,0.0,False
12,2013-08-13,14.000000000000002,False
13,2013-08-14,4.0600000000000005,False
14,2013-08-15,4.340000000000001,False
15,2013-08-16,6.44,False
16,2013-08-17,4.9,False
17,2013-08-18,0.0,False
18,2013-08-19,4.0600000000000005,False
19,2013-08-20,0.0,False
20,2013-08-21,4.0600000000000005,False
21,2013-08-22,4.0600000000000005,False
22,2013-08-23,6.300000000000001,False
23,2013-08-24,0.0,False
24,2013-08-25,0.0,False
25,2013-08-26,5.880000000000001,False
26,2013-08-27,0.0,False
27,2013-08-28,7.700000000000001,False
28,2013-08-29,5.880000000000001,False
29,2013-08-30,4.0600000000000005,False
30,2013-08-31,0.0,False
0,2013-09-01,4.1000000000000005,False
1,2013-09-02,0.0,False
2,2013-09-03,5.0,False
3,2013-09-04,3.4000000000000004,False
4,2013-09-05,3.4000000000000004,False
5,2013-09-06,7.1000000000000005,False
6,2013-09-07,4.1000000000000005,False
7,2013-09-08,0.0,False
8,2013-09-09,3.3000000000000003,False
9,2013-09-10,3.3000000000000003,False
10,2013-09-11,4.4,False
11,2013-09-12,3.4000000000000004,False
12,2013-09-13,3.5,False
13,2013-09-14,0.0,False
14,2013-09-15,0.0,False
15,2013-09-16,3.3000000000000003,False
16,2013-09-17,3.3000000000000003,False
17,2013-09-18,10.0,False
18,2013-09-19,3.4000000000000004,False
19,2013-09-20,3.5,False
20,2013-09-21,0.0,False
21,2013-09-22,0.0,False
22,2013-09-23,6.7,False
23,2013-09-24,3.3000000000000003,False
24,2013-09-25,3.4000000000000004,False
25,2013-09-26,3.4000000000000004,False
26,2013-09-27,3.5,False
27,2013-09-28,0.0,False
28,2013-09-29,3.9000000000000004,False
29,2013-09-30,3.3000000000000003,False
0,2013-10-01,0.0,False
1,2013-10-02,2.31,False
2,2013-10-03,3.5000000000000004,False
3,2013-10-04,2.3800000000000003,False
4,2013-10-05,0.0,False
5,2013-10-06,0.0,False
6,2013-10-07,2.31,False
7,2013-10-08,0.0,False
8,2013-10-09,2.31,False
9,2013-10-10,7.000000000000001,False
10,2013-10-11,2.45,False
11,2013-10-12,4.2,False
12,2013-10-13,0.0,False
13,2013-10-14,0.0,False
14,2013-10-15,4.62,False
15,2013-10-16,2.31,False
16,2013-10-17,2.31,False
17,2013-10-18,2.3800000000000003,False
18,2013-10-19,0.0,False
19,2013-10-20,2.66,False
20,2013-10-21,0.0,False
21,2013-10-22,4.48,False
22,2013-10-23,4.550000000000001,False
23,2013-10-24,2.31,False
24,2013-10-25,0.0,False
25,2013-10-26,0.0,False
26,2013-10-27,5.250000000000001,False
27,2013-10-28,2.24,False
28,2013-10-29,3.3600000000000003,False
29,2013-10-30,2.31,False
30,2013-10-31,3.5000000000000004,False
0,2013-11-01,4.5,False
1,2013-11-02,0.0,False
2,2013-11-03,0.0,False
3,2013-11-04,6.1499999999999995,False
4,2013-11-05,8.25,False
5,2013-11-06,6.3,False
6,2013-11-07,7.05,False
7,2013-11-08,6.6,False
8,2013-11-09,0.0,False
9,2013-11-10,0.0,False
10,2013-11-11,4.2,False
11,2013-11-12,8.25,False
12,2013-11-13,8.25,False
13,2013-11-14,6.3,False
14,2013-11-15,7.35,False
15,2013-11-16,6.6,False
16,2013-11-17,4.8,False
17,2013-11-18,6.1499999999999995,False
18,2013-11-19,10.2,False
19,2013-11-20,6.1499999999999995,False
20,2013-11-21,6.8999999999999995,False
21,2013-11-22,15.0,False
22,2013-11-23,4.8,False
23,2013-11-24,0.0,False
24,2013-11-25,5.3999999999999995,False
25,2013-11-26,6.0,False
26,2013-11-27,5.55,False
27,2013-11-28,4.35,False
28,2013-11-29,13.35,False
29,2013-11-30,0.0,False
0,2013-12-01,5.3999999999999995,False
1,2013-12-02,9.6,False
2,2013-12-03,4.8,False
3,2013-12-04,9.719999999999999,False
4,2013-12-05,7.319999999999999,False
5,2013-12-06,0.0,False
6,2013-12-07,5.88,False
7,2013-12-08,0.0,False
8,2013-12-09,9.719999999999999,False
9,2013-12-10,0.0,False
10,2013-12-11,4.92,False
11,2013-12-12,0.0,False
12,2013-12-13,5.279999999999999,False
13,2013-12-14,0.0,False
14,2013-12-15,0.0,False
15,2013-12-16,9.84,False
16,2013-12-17,5.04,False
17,2013-12-18,5.04,False
18,2013-12-19,10.44,False
19,2013-12-20,5.52,False
20,2013-12-21,6.12,False
21,2013-12-22,0.0,False
22,2013-12-23,8.28,False
23,2013-12-24,6.0,False
24,2013-12-25,0.0,False
25,2013-12-26,11.28,False
26,2013-12-27,8.16,False
27,2013-12-28,6.0,False
28,2013-12-29,6.0,False
29,2013-12-30,8.04,False
30,2013-12-31,12.0,False
0,2014-01-01,11.83,False
1,2014-01-02,13.0,False
2,2014-01-03,4.8100000000000005,False
3,2014-01-04,0.0,False
4,2014-01-05,3.5100000000000002,False
5,2014-01-06,4.68,False
6,2014-01-07,4.55,False
7,2014-01-08,2.99,False
8,2014-01-09,6.11,False
9,2014-01-10,4.68,False
10,2014-01-11,3.5100000000000002,False
11,2014-01-12,0.0,False
12,2014-01-13,4.42,False
13,2014-01-14,2.99,False
14,2014-01-15,4.94,False
15,2014-01-16,5.98,False
16,2014-01-17,4.68,False
17,2014-01-18,7.0200000000000005,False
18,2014-01-19,3.5100000000000002,False
19,2014-01-20,0.0,False
20,2014-01-21,2.99,False
21,2014-01-22,4.42,False
22,2014-01-23,5.8500000000000005,False
23,2014-01-24,9.23,False
24,2014-01-25,0.0,False
25,2014-01-26,0.0,False
26,2014-01-27,5.8500000000000005,False
27,2014-01-28,4.29,False
28,2014-01-29,2.99,False
29,2014-01-30,4.03,False
30,2014-01-31,4.68,False
0,2014-02-01,0.0,False
1,2014-02-02,7.2,False
2,2014-02-03,9.4,False
3,2014-02-04,6.2,False
4,2014-02-05,20.0,False
5,2014-02-06,11.600000000000001,False
6,2014-02-07,3.6,False
7,2014-02-08,3.6,False
8,2014-02-09,5.4,False
9,2014-02-10,9.200000000000001,False
10,2014-02-11,6.2,False
11,2014-02-12,6.2,False
12,2014-02-13,4.800000000000001,False
13,2014-02-14,5.6000000000000005,False
14,2014-02-15,0.0,False
15,2014-02-16,0.0,False
16,2014-02-17,6.2,False
17,2014-02-18,7.800000000000001,False
18,2014-02-19,3.2,False
19,2014-02-20,6.4,False
20,2014-02-21,9.8,False
21,2014-02-22,3.8000000000000003,False
22,2014-02-23,0.0,False
23,2014-02-24,10.4,False
24,2014-02-25,7.2,False
25,2014-02-26,5.2,False
26,2014-02-27,5.2,False
27,2014-02-28,8.200000000000001,False
0,2014-03-01,4.41,False
1,2014-03-02,4.2,False
2,2014-03-03,4.83,False
3,2014-03-04,7.56,False
4,2014-03-05,11.129999999999999,False
5,2014-03-06,9.24,False
6,2014-03-07,7.77,False
7,2014-03-08,10.08,False
8,2014-03-09,0.0,False
9,2014-03-10,21.0,False
10,2014-03-11,15.959999999999999,False
11,2014-03-12,12.18,False
12,2014-03-13,9.24,False
13,2014-03-14,9.03,False
14,2014-03-15,0.0,False
15,2014-03-16,4.2,False
16,2014-03-17,9.87,False
17,2014-03-18,3.57,False
18,2014-03-19,4.83,False
19,2014-03-20,3.78,False
20,2014-03-21,3.78,False
21,2014-03-22,0.0,False
22,2014-03-23,0.0,False
23,2014-03-24,7.35,False
24,2014-03-25,7.14,False
25,2014-03-26,5.46,False
26,2014-03-27,11.129999999999999,False
27,2014-03-28,3.78,False
28,2014-03-29,8.82,False
29,2014-03-30,8.61,False
30,2014-03-31,6.09,False
0,2014-04-01,4.8,False
1,2014-04-02,14.549999999999999,False
2,2014-04-03,4.8,False
3,2014-04-04,15.0,False
4,2014-04-05,0.0,False
5,2014-04-06,0.0,False
6,2014-04-07,4.8,False
7,2014-04-08,7.05,False
8,2014-04-09,4.8,False
9,2014-04-10,7.35,False
10,2014-04-11,10.35,False
11,2014-04-12,5.85,False
12,2014-04-13,5.7,False
13,2014-04-14,4.8,False
14,2014-04-15,4.8,False
15,2014-04-16,9.9,False
16,2014-04-17,10.35,False
17,2014-04-18,5.55,False
18,2014-04-19,0.0,False
19,2014-04-20,6.1499999999999995,False
20,2014-04-21,5.1,False
21,2014-04-22,0.0,False
22,2014-04-23,4.8,False
23,2014-04-24,4.95,False
24,2014-04-25,5.1,False
25,2014-04-26,0.0,False
26,2014-04-27,0.0,False
27,2014-04-28,0.0,False
28,2014-04-29,9.299999999999999,False
29,2014-04-30,4.95,False
0,2014-05-01,5.55,False
1,2014-05-02,5.3999999999999995,False
2,2014-05-03,0.0,False
3,2014-05-04,0.0,False
4,2014-05-05,7.6499999999999995,False
5,2014-05-06,7.5,False
6,2014-05-07,12.45,False
7,2014-05-08,12.6,False
8,2014-05-09,5.25,False
9,2014-05-10,0.0,False
10,2014-05-11,5.85,False
11,2014-05-12,4.95,False
12,2014-05-13,9.9,False
13,2014-05-14,5.1,False
14,2014-05-15,5.1,False
15,2014-05-16,0.0,False
16,2014-05-17,12.15,False
17,2014-05-18,12.15,False
18,2014-05-19,15.0,False
19,2014-05-20,10.049999999999999,False
20,2014-05-21,0.0,False
21,2014-05-22,5.7,False
22,2014-05-23,5.7,False
23,2014-05-24,6.8999999999999995,False
24,2014-05-25,0.0,False
25,2014-05-26,8.4,False
26,2014-05-27,10.799999999999999,False
27,2014-05-28,5.55,False
28,2014-05-29,8.549999999999999,False
29,2014-05-30,0.0,False
30,2014-05-31,0.0,False
0,2014-06-01,6.4,False
1,2014-06-02,15.84,False
2,2014-06-03,15.52,False
3,2014-06-04,5.28,False
4,2014-06-05,5.44,False
5,2014-06-06,11.36,False
6,2014-06-07,6.5600000000000005,False
7,2014-06-08,0.0,False
8,2014-06-09,8.16,False
9,2014-06-10,11.040000000000001,False
10,2014-06-11,14.08,False
11,2014-06-12,5.44,False
12,2014-06-13,8.32,False
13,2014-06-14,6.5600000000000005,False
14,2014-06-15,0.0,False
15,2014-06-16,8.0,False
16,2014-06-17,16.0,False
17,2014-06-18,7.2,False
18,2014-06-19,8.32,False
19,2014-06-20,5.76,False
20,2014-06-21,0.0,False
21,2014-06-22,0.0,False
22,2014-06-23,5.44,False
23,2014-06-24,8.0,False
24,2014-06-25,8.0,False
25,2014-06-26,5.44,False
26,2014-06-27,13.280000000000001,False
27,2014-06-28,0.0,False
28,2014-06-29,6.5600000000000005,False
29,2014-06-30,5.44,False
0,2014-07-01,3.9000000000000004,False
1,2014-07-02,8.0,False
2,2014-07-03,6.2,False
3,2014-07-04,4.4,False
4,2014-07-05,0.0,False
5,2014-07-06,0.0,False
6,2014-07-07,5.9,False
7,2014-07-08,3.9000000000000004,False
8,2014-07-09,10.0,False
9,2014-07-10,4.0,False
10,2014-07-11,4.2,False
11,2014-07-12,0.0,False
12,2014-07-13,0.0,False
13,2014-07-14,0.0,False
14,2014-07-15,3.9000000000000004,False
15,2014-07-16,4.1000000000000005,False
16,2014-07-17,4.1000000000000005,False
17,2014-07-18,4.2,False
18,2014-07-19,0.0,False
19,2014-07-20,0.0,False
20,2014-07-21,0.0,False
21,2014-07-22,4.0,False
22,2014-07-23,4.1000000000000005,False
23,2014-07-24,6.1000000000000005,False
24,2014-07-25,4.2,False
25,2014-07-26,0.0,False
26,2014-07-27,4.9,False
27,2014-07-28,4.0,False
28,2014-07-29,4.0,False
29,2014-07-30,0.0,False
30,2014-07-31,6.1000000000000005,False
0,2014-08-01,3.99,False
1,2014-08-02,4.5600000000000005,False
2,2014-08-03,0.0,False
3,2014-08-04,0.0,False
4,2014-08-05,7.41,False
5,2014-08-06,15.2,False
6,2014-08-07,19.0,False
7,2014-08-08,7.98,False
8,2014-08-09,4.5600000000000005,False
9,2014-08-10,4.5600000000000005,False
10,2014-08-11,11.21,False
11,2014-08-12,7.41,False
12,2014-08-13,11.21,False
13,2014-08-14,0.0,False
14,2014-08-15,6.08,False
15,2014-08-16,0.0,False
16,2014-08-17,4.37,False
17,2014-08-18,0.0,False
18,2014-08-19,7.41,False
19,2014-08-20,9.31,False
20,2014-08-21,3.8,False
21,2014-08-22,5.7,False
22,2014-08-23,0.0,False
23,2014-08-24,4.37,False
24,2014-08-25,0.0,False
25,2014-08-26,7.22,False
26,2014-08-27,3.61,False
27,2014-08-28,7.41,False
28,2014-08-29,3.8,False
29,2014-08-30,0.0,False
30,2014-08-31,0.0,False
0,2014-09-01,0.0,False
1,2014-09-02,4.29,False
2,2014-09-03,0.0,False
3,2014-09-04,5.8500000000000005,False
4,2014-09-05,9.23,False
5,2014-09-06,0.0,False
6,2014-09-07,0.0,False
7,2014-09-08,2.8600000000000003,False
8,2014-09-09,7.15,False
9,2014-09-10,0.0,False
10,2014-09-11,7.15,False
11,2014-09-12,2.99,False
12,2014-09-13,3.5100000000000002,False
13,2014-09-14,0.0,False
14,2014-09-15,13.0,False
15,2014-09-16,5.720000000000001,False
16,2014-09-17,8.71,False
17,2014-09-18,5.8500000000000005,False
18,2014-09-19,6.11,False
19,2014-09-20,3.5100000000000002,False
20,2014-09-21,3.38,False
21,2014-09-22,8.58,False
22,2014-09-23,5.720000000000001,False
23,2014-09-24,0.0,False
24,2014-09-25,4.29,False
25,2014-09-26,2.99,False
26,2014-09-27,3.5100000000000002,False
27,2014-09-28,0.0,False
28,2014-09-29,2.8600000000000003,False
29,2014-09-30,0.0,False
0,2014-10-01,3.42,False
1,2014-10-02,3.51,False
2,2014-10-03,3.69,False
3,2014-10-04,4.2299999999999995,False
4,2014-10-05,0.0,False
5,2014-10-06,6.75,False
6,2014-10-07,3.42,False
7,2014-10-08,3.42,False
8,2014-10-09,0.0,False
9,2014-10-10,9.0,False
10,2014-10-11,4.14,False
11,2014-10-12,4.05,False
12,2014-10-13,3.42,False
13,2014-10-14,3.42,False
14,2014-10-15,6.75,False
15,2014-10-16,6.84,False
16,2014-10-17,3.5999999999999996,False
17,2014-10-18,0.0,False
18,2014-10-19,8.1,False
19,2014-10-20,3.33,False
20,2014-10-21,6.75,False
21,2014-10-22,3.33,False
22,2014-10-23,3.42,False
23,2014-10-24,4.77,False
24,2014-10-25,0.0,False
25,2014-10-26,0.0,False
26,2014-10-27,3.33,False
27,2014-10-28,6.66,False
28,2014-10-29,5.04,False
29,2014-10-30,4.59,False
30,2014-10-31,6.029999999999999,False
0,2014-11-01,5.89,False
1,2014-11-02,5.7,False
2,2014-11-03,4.75,False
3,2014-11-04,4.75,False
4,2014-11-05,12.73,False
5,2014-11-06,7.98,False
6,2014-11-07,15.2,False
7,2014-11-08,0.0,False
8,2014-11-09,5.7,False
9,2014-11-10,9.69,False
10,2014-11-11,9.69,False
11,2014-11-12,6.46,False
12,2014-11-13,19.0,False
13,2014-11-14,11.59,False
14,2014-11-15,5.7,False
15,2014-11-16,5.51,False
16,2014-11-17,7.22,False
17,2014-11-18,7.79,False
18,2014-11-19,4.94,False
19,2014-11-20,6.46,False
20,2014-11-21,7.6,False
21,2014-11-22,5.7,False
22,2014-11-23,5.51,False
23,2014-11-24,9.5,False
24,2014-11-25,9.5,False
25,2014-11-26,6.46,False
26,2014-11-27,0.0,False
27,2014-11-28,5.13,False
28,2014-11-29,0.0,False
29,2014-11-30,0.0,False
0,2014-12-01,6.38,False
1,2014-12-02,4.29,False
2,2014-12-03,6.6,False
3,2014-12-04,11.0,False
4,2014-12-05,4.62,False
5,2014-12-06,0.0,False
6,2014-12-07,0.0,False
7,2014-12-08,4.4,False
8,2014-12-09,8.69,False
9,2014-12-10,6.6,False
10,2014-12-11,4.51,False
11,2014-12-12,9.35,False
12,2014-12-13,0.0,False
13,2014-12-14,5.17,False
14,2014-12-15,8.91,False
15,2014-12-16,7.37,False
16,2014-12-17,4.51,False
17,2014-12-18,6.93,False
18,2014-12-19,6.38,False
19,2014-12-20,0.0,False
20,2014-12-21,0.0,False
21,2014-12-22,7.04,False
22,2014-12-23,8.14,False
23,2014-12-24,8.14,False
24,2014-12-25,5.94,False
25,2014-12-26,10.45,False
26,2014-12-27,0.0,False
27,2014-12-28,5.28,False
28,2014-12-29,7.81,False
29,2014-12-30,4.73,False
30,2014-12-31,5.28,False
0,2015-01-01,0.0,False
1,2015-01-02,9.36,False
2,2015-01-03,4.92,False
3,2015-01-04,0.0,False
4,2015-01-05,8.52,False
5,2015-01-06,4.2,False
6,2015-01-07,4.08,False
7,2015-01-08,4.2,False
8,2015-01-09,4.2,False
9,2015-01-10,0.0,False
10,2015-01-11,0.0,False
11,2015-01-12,4.08,False
12,2015-01-13,8.04,False
13,2015-01-14,8.16,False
14,2015-01-15,8.28,False
15,2015-01-16,8.4,False
16,2015-01-17,4.8,False
17,2015-01-18,0.0,False
18,2015-01-19,6.12,False
19,2015-01-20,4.08,False
20,2015-01-21,12.0,False
21,2015-01-22,8.04,False
22,2015-01-23,8.4,False
23,2015-01-24,4.68,False
24,2015-01-25,0.0,False
25,2015-01-26,3.96,False
26,2015-01-27,6.0,False
27,2015-01-28,3.96,False
28,2015-01-29,4.08,False
29,2015-01-30,8.28,False
30,2015-01-31,0.0,False
0,2015-02-01,6.29,False
1,2015-02-02,10.88,False
2,2015-02-03,5.95,False
3,2015-02-04,8.5,False
4,2015-02-05,7.3100000000000005,False
5,2015-02-06,3.74,False
6,2015-02-07,17.0,False
7,2015-02-08,4.25,False
8,2015-02-09,7.3100000000000005,False
9,2015-02-10,3.5700000000000003,False
10,2015-02-11,7.3100000000000005,False
11,2015-02-12,12.24,False
12,2015-02-13,13.940000000000001,False
13,2015-02-14,4.42,False
14,2015-02-15,4.42,False
15,2015-02-16,3.74,False
16,2015-02-17,3.74,False
17,2015-02-18,6.12,False
18,2015-02-19,14.790000000000001,False
19,2015-02-20,14.110000000000001,False
20,2015-02-21,4.25,False
21,2015-02-22,4.25,False
22,2015-02-23,10.71,False
23,2015-02-24,4.760000000000001,False
24,2015-02-25,5.44,False
25,2015-02-26,10.88,False
26,2015-02-27,7.48,False
27,2015-02-28,0.0,False
0,2015-03-01,4.62,False
1,2015-03-02,14.000000000000002,False
2,2015-03-03,7.98,False
3,2015-03-04,4.0600000000000005,False
4,2015-03-05,4.0600000000000005,False
5,2015-03-06,8.680000000000001,False
6,2015-03-07,4.760000000000001,False
7,2015-03-08,4.760000000000001,False
8,2015-03-09,6.0200000000000005,False
9,2015-03-10,4.0600000000000005,False
10,2015-03-11,8.120000000000001,False
11,2015-03-12,6.16,False
12,2015-03-13,10.64,False
13,2015-03-14,0.0,False
14,2015-03-15,4.62,False
15,2015-03-16,12.040000000000001,False
16,2015-03-17,8.120000000000001,False
17,2015-03-18,12.32,False
18,2015-03-19,8.120000000000001,False
19,2015-03-20,6.300000000000001,False
20,2015-03-21,0.0,False
21,2015-03-22,4.760000000000001,False
22,2015-03-23,0.0,False
23,2015-03-24,7.98,False
24,2015-03-25,5.880000000000001,False
25,2015-03-26,9.38,False
26,2015-03-27,8.540000000000001,False
27,2015-03-28,5.180000000000001,False
28,2015-03-29,0.0,False
29,2015-03-30,4.0600000000000005,False
30,2015-03-31,4.0600000000000005,False
0,2015-04-01,10.360000000000001,False
1,2015-04-02,8.96,False
2,2015-04-03,9.66,False
3,2015-04-04,0.0,False
4,2015-04-05,4.2,False
5,2015-04-06,0.0,False
6,2015-04-07,3.3600000000000003,False
7,2015-04-08,6.720000000000001,False
8,2015-04-09,4.62,False
9,2015-04-10,7.280000000000001,False
10,2015-04-11,4.0600000000000005,False
11,2015-04-12,0.0,False
12,2015-04-13,6.720000000000001,False
13,2015-04-14,4.48,False
14,2015-04-15,10.22,False
15,2015-04-16,6.86,False
16,2015-04-17,3.5000000000000004,False
17,2015-04-18,4.0600000000000005,False
18,2015-04-19,6.0200000000000005,False
19,2015-04-20,6.720000000000001,False
20,2015-04-21,3.3600000000000003,False
21,2015-04-22,6.86,False
22,2015-04-23,3.5000000000000004,False
23,2015-04-24,9.520000000000001,False
24,2015-04-25,4.0600000000000005,False
25,2015-04-26,4.0600000000000005,False
26,2015-04-27,5.040000000000001,False
27,2015-04-28,5.6000000000000005,False
28,2015-04-29,5.040000000000001,False
29,2015-04-30,14.000000000000002,False
0,2015-05-01,7.82,False
1,2015-05-02,5.0600000000000005,False
2,2015-05-03,4.83,False
3,2015-05-04,23.0,False
4,2015-05-05,9.66,False
5,2015-05-06,16.560000000000002,False
6,2015-05-07,9.89,False
7,2015-05-08,14.72,False
8,2015-05-09,6.67,False
9,2015-05-10,0.0,False
10,2015-05-11,6.21,False
11,2015-05-12,10.35,False
12,2015-05-13,11.040000000000001,False
13,2015-05-14,9.89,False
14,2015-05-15,7.13,False
15,2015-05-16,5.0600000000000005,False
16,2015-05-17,0.0,False
17,2015-05-18,6.9,False
18,2015-05-19,8.280000000000001,False
19,2015-05-20,9.66,False
20,2015-05-21,12.65,False
21,2015-05-22,8.74,False
22,2015-05-23,5.0600000000000005,False
23,2015-05-24,0.0,False
24,2015-05-25,6.44,False
25,2015-05-26,10.120000000000001,False
26,2015-05-27,8.05,False
27,2015-05-28,12.42,False
28,2015-05-29,11.5,False
29,2015-05-30,5.0600000000000005,False
30,2015-05-31,4.83,False
0,2015-06-01,12.200000000000001,False
1,2015-06-02,9.8,False
2,2015-06-03,14.8,False
3,2015-06-04,10.200000000000001,False
4,2015-06-05,5.2,False
5,2015-06-06,6.0,False
6,2015-06-07,5.800000000000001,False
7,2015-06-08,7.2,False
8,2015-06-09,19.400000000000002,False
9,2015-06-10,4.800000000000001,False
10,2015-06-11,20.0,False
11,2015-06-12,5.2,False
12,2015-06-13,0.0,False
13,2015-06-14,0.0,False
14,2015-06-15,7.2,False
15,2015-06-16,7.2,False
16,2015-06-17,0.0,False
17,2015-06-18,10.0,False
18,2015-06-19,5.2,False
19,2015-06-20,5.800000000000001,False
20,2015-06-21,5.800000000000001,False
21,2015-06-22,9.8,False
22,2015-06-23,14.8,False
23,2015-06-24,10.0,False
24,2015-06-25,17.6,False
25,2015-06-26,5.2,False
26,2015-06-27,0.0,False
27,2015-06-28,12.0,False
28,2015-06-29,12.4,False
29,2015-06-30,5.0,False
0,2015-07-01,12.24,False
1,2015-07-02,17.0,False
2,2015-07-03,4.930000000000001,False
3,2015-07-04,5.61,False
4,2015-07-05,5.44,False
5,2015-07-06,9.01,False
6,2015-07-07,9.01,False
7,2015-07-08,7.48,False
8,2015-07-09,15.3,False
9,2015-07-10,7.82,False
10,2015-07-11,5.44,False
11,2015-07-12,5.44,False
12,2015-07-13,6.800000000000001,False
13,2015-07-14,13.770000000000001,False
14,2015-07-15,11.39,False
15,2015-07-16,9.350000000000001,False
16,2015-07-17,9.690000000000001,False
17,2015-07-18,5.95,False
18,2015-07-19,5.95,False
19,2015-07-20,9.520000000000001,False
20,2015-07-21,15.3,False
21,2015-07-22,6.12,False
22,2015-07-23,4.590000000000001,False
23,2015-07-24,7.99,False
24,2015-07-25,5.44,False
25,2015-07-26,0.0,False
26,2015-07-27,7.48,False
27,2015-07-28,4.42,False
28,2015-07-29,15.81,False
29,2015-07-30,9.180000000000001,False
30,2015-07-31,7.140000000000001,False
0,2015-08-01,6.3,False
1,2015-08-02,12.6,False
2,2015-08-03,6.8999999999999995,False
3,2015-08-04,5.1,False
4,2015-08-05,21.3,False
5,2015-08-06,21.3,False
6,2015-08-07,12.9,False
7,2015-08-08,6.3,False
8,2015-08-09,6.3,False
9,2015-08-10,20.7,False
10,2015-08-11,18.9,False
11,2015-08-12,10.5,False
12,2015-08-13,13.2,False
13,2015-08-14,10.799999999999999,False
14,2015-08-15,6.3,False
15,2015-08-16,6.0,False
16,2015-08-17,23.099999999999998,False
17,2015-08-18,10.2,False
18,2015-08-19,12.0,False
19,2015-08-20,12.9,False
20,2015-08-21,24.9,False
21,2015-08-22,12.299999999999999,False
22,2015-08-23,6.0,False
23,2015-08-24,30.0,False
24,2015-08-25,16.8,False
25,2015-08-26,20.4,False
26,2015-08-27,10.2,False
27,2015-08-28,15.899999999999999,False
28,2015-08-29,6.0,False
29,2015-08-30,6.0,False
30,2015-08-31,6.6,False
0,2015-09-01,8.4,False
1,2015-09-02,12.809999999999999,False
2,2015-09-03,4.41,False
3,2015-09-04,17.849999999999998,False
4,2015-09-05,7.56,False
5,2015-09-06,0.0,False
6,2015-09-07,4.41,False
7,2015-09-08,12.6,False
8,2015-09-09,10.5,False
9,2015-09-10,12.809999999999999,False
10,2015-09-11,6.72,False
11,2015-09-12,0.0,False
12,2015-09-13,0.0,False
13,2015-09-14,0.0,False
14,2015-09-15,12.6,False
15,2015-09-16,8.4,False
16,2015-09-17,4.2,False
17,2015-09-18,13.229999999999999,False
18,2015-09-19,5.04,False
19,2015-09-20,0.0,False
20,2015-09-21,8.19,False
21,2015-09-22,6.3,False
22,2015-09-23,21.0,False
23,2015-09-24,8.61,False
24,2015-09-25,9.03,False
25,2015-09-26,5.04,False
26,2015-09-27,0.0,False
27,2015-09-28,12.389999999999999,False
28,2015-09-29,12.389999999999999,False
29,2015-09-30,14.49,False
0,2015-10-01,14.4,False
1,2015-10-02,20.0,False
2,2015-10-03,5.6000000000000005,False
3,2015-10-04,0.0,False
4,2015-10-05,9.4,False
5,2015-10-06,9.4,False
6,2015-10-07,11.0,False
7,2015-10-08,16.0,False
8,2015-10-09,11.600000000000001,False
9,2015-10-10,5.6000000000000005,False
10,2015-10-11,5.6000000000000005,False
11,2015-10-12,17.0,False
12,2015-10-13,9.4,False
13,2015-10-14,7.0,False
14,2015-10-15,16.6,False
15,2015-10-16,7.4,False
16,2015-10-17,5.6000000000000005,False
17,2015-10-18,0.0,False
18,2015-10-19,10.8,False
19,2015-10-20,6.2,False
20,2015-10-21,6.2,False
21,2015-10-22,17.400000000000002,False
22,2015-10-23,13.200000000000001,False
23,2015-10-24,5.6000000000000005,False
24,2015-10-25,10.8,False
25,2015-10-26,10.8,False
26,2015-10-27,11.600000000000001,False
27,2015-10-28,15.600000000000001,False
28,2015-10-29,17.400000000000002,False
29,2015-10-30,13.4,False
30,2015-10-31,5.800000000000001,False
0,2015-11-01,6.72,False
1,2015-11-02,12.389999999999999,False
2,2015-11-03,13.44,False
3,2015-11-04,21.0,False
4,2015-11-05,14.91,False
5,2015-11-06,11.549999999999999,False
6,2015-11-07,13.02,False
7,2015-11-08,4.2,False
8,2015-11-09,9.66,False
9,2015-11-10,12.389999999999999,False
10,2015-11-11,8.82,False
11,2015-11-12,3.78,False
12,2015-11-13,9.03,False
13,2015-11-14,8.61,False
14,2015-11-15,0.0,False
15,2015-11-16,9.87,False
16,2015-11-17,14.7,False
17,2015-11-18,9.87,False
18,2015-11-19,3.78,False
19,2015-11-20,7.77,False
20,2015-11-21,4.2,False
21,2015-11-22,4.2,False
22,2015-11-23,9.87,False
23,2015-11-24,10.92,False
24,2015-11-25,6.09,False
25,2015-11-26,3.78,False
26,2015-11-27,11.76,False
27,2015-11-28,4.41,False
28,2015-11-29,0.0,False
29,2015-11-30,5.46,False
0,2015-12-01,5.3999999999999995,False
1,2015-12-02,2.6999999999999997,False
2,2015-12-03,7.02,False
3,2015-12-04,0.0,False
4,2015-12-05,0.0,False
5,2015-12-06,0.0,False
6,2015-12-07,5.58,False
7,2015-12-08,10.98,False
8,2015-12-09,7.02,False
9,2015-12-10,3.78,False
10,2015-12-11,9.719999999999999,False
11,2015-12-12,9.719999999999999,False
12,2015-12-13,3.2399999999999998,False
13,2015-12-14,4.14,False
14,2015-12-15,7.02,False
15,2015-12-16,8.64,False
16,2015-12-17,5.76,False
17,2015-12-18,8.28,False
18,2015-12-19,0.0,False
19,2015-12-20,3.42,False
20,2015-12-21,4.5,False
21,2015-12-22,18.0,False
22,2015-12-23,7.38,False
23,2015-12-24,7.02,False
24,2015-12-25,5.76,False
25,2015-12-26,0.0,False
26,2015-12-27,0.0,False
27,2015-12-28,5.04,False
28,2015-12-29,7.02,False
29,2015-12-30,4.14,False
30,2015-12-31,4.5,False
0,2016-01-01,5.06,False
1,2016-01-02,4.62,False
2,2016-01-03,0.0,False
3,2016-01-04,8.14,False
4,2016-01-05,3.96,False
5,2016-01-06,10.34,False
6,2016-01-07,20.24,False
7,2016-01-08,14.52,False
8,2016-01-09,4.62,False
9,2016-01-10,0.0,False
10,2016-01-11,13.64,False
11,2016-01-12,7.92,False
12,2016-01-13,22.0,False
13,2016-01-14,7.92,False
14,2016-01-15,8.36,False
15,2016-01-16,4.62,False
16,2016-01-17,0.0,False
17,2016-01-18,7.92,False
18,2016-01-19,5.94,False
19,2016-01-20,5.94,False
20,2016-01-21,3.96,False
21,2016-01-22,8.36,False
22,2016-01-23,4.4,False
23,2016-01-24,0.0,False
24,2016-01-25,7.92,False
25,2016-01-26,13.86,False
26,2016-01-27,5.94,False
27,2016-01-28,7.92,False
28,2016-01-29,16.5,False
29,2016-01-30,4.62,False
30,2016-01-31,4.4,False
0,2016-02-01,5.67,False
1,2016-02-02,6.75,False
2,2016-02-03,7.0200000000000005,False
3,2016-02-04,2.7,False
4,2016-02-05,5.94,False
5,2016-02-06,6.48,False
6,2016-02-07,3.24,False
7,2016-02-08,27.0,False
8,2016-02-09,8.64,False
9,2016-02-10,7.0200000000000005,False
10,2016-02-11,9.72,False
11,2016-02-12,8.64,False
12,2016-02-13,6.48,False
13,2016-02-14,3.24,False
14,2016-02-15,4.050000000000001,False
15,2016-02-16,2.7,False
16,2016-02-17,5.67,False
17,2016-02-18,6.75,False
18,2016-02-19,4.32,False
19,2016-02-20,3.24,False
20,2016-02-21,3.24,False
21,2016-02-22,8.370000000000001,False
22,2016-02-23,4.050000000000001,False
23,2016-02-24,11.07,False
24,2016-02-25,7.0200000000000005,False
25,2016-02-26,2.97,False
26,2016-02-27,4.86,False
27,2016-02-28,2.97,False
28,2016-02-29,6.75,False
0,2016-03-01,22.310000000000002,False
1,2016-03-02,13.34,False
2,2016-03-03,10.120000000000001,False
3,2016-03-04,14.030000000000001,False
4,2016-03-05,15.64,False
5,2016-03-06,0.0,False
6,2016-03-07,16.79,False
7,2016-03-08,11.270000000000001,False
8,2016-03-09,11.5,False
9,2016-03-10,6.9,False
10,2016-03-11,14.26,False
11,2016-03-12,7.82,False
12,2016-03-13,7.590000000000001,False
13,2016-03-14,11.270000000000001,False
14,2016-03-15,15.870000000000001,False
15,2016-03-16,20.240000000000002,False
16,2016-03-17,10.35,False
17,2016-03-18,14.49,False
18,2016-03-19,0.0,False
19,2016-03-20,15.41,False
20,2016-03-21,20.7,False
21,2016-03-22,6.9,False
22,2016-03-23,6.9,False
23,2016-03-24,19.55,False
24,2016-03-25,23.0,False
25,2016-03-26,8.280000000000001,False
26,2016-03-27,8.280000000000001,False
27,2016-03-28,7.13,False
28,2016-03-29,22.77,False
29,2016-03-30,9.200000000000001,False
30,2016-03-31,20.470000000000002,False
0,2016-04-01,18.0,False
1,2016-04-02,9.0,False
2,2016-04-03,5.9399999999999995,False
3,2016-04-04,15.66,False
4,2016-04-05,8.64,False
5,2016-04-06,13.139999999999999,False
6,2016-04-07,10.62,False
7,2016-04-08,12.78,False
8,2016-04-09,12.059999999999999,False
9,2016-04-10,5.9399999999999995,False
10,2016-04-11,15.479999999999999,False
11,2016-04-12,12.959999999999999,False
12,2016-04-13,10.44,False
13,2016-04-14,5.3999999999999995,False
14,2016-04-15,10.98,False
15,2016-04-16,6.12,False
16,2016-04-17,5.9399999999999995,False
17,2016-04-18,7.739999999999999,False
18,2016-04-19,5.22,False
19,2016-04-20,15.84,False
20,2016-04-21,10.62,False
21,2016-04-22,5.58,False
22,2016-04-23,6.12,False
23,2016-04-24,5.9399999999999995,False
24,2016-04-25,10.44,False
25,2016-04-26,12.059999999999999,False
26,2016-04-27,10.44,False
27,2016-04-28,13.32,False
28,2016-04-29,10.98,False
29,2016-04-30,0.0,False
0,2016-05-01,0.0,False
1,2016-05-02,9.02,False
2,2016-05-03,8.8,False
3,2016-05-04,4.4,False
4,2016-05-05,11.44,False
5,2016-05-06,18.92,False
6,2016-05-07,10.56,False
7,2016-05-08,5.28,False
8,2016-05-09,15.62,False
9,2016-05-10,22.0,False
10,2016-05-11,11.0,False
11,2016-05-12,8.8,False
12,2016-05-13,4.62,False
13,2016-05-14,0.0,False
14,2016-05-15,5.06,False
15,2016-05-16,8.8,False
16,2016-05-17,17.6,False
17,2016-05-18,4.4,False
18,2016-05-19,11.0,False
19,2016-05-20,14.08,False
20,2016-05-21,0.0,False
21,2016-05-22,10.34,False
22,2016-05-23,6.6,False
23,2016-05-24,11.0,False
24,2016-05-25,18.04,False
25,2016-05-26,9.24,False
26,2016-05-27,4.84,False
27,2016-05-28,10.56,False
28,2016-05-29,5.28,False
29,2016-05-30,4.62,False
30,2016-05-31,6.6,False
0,2016-06-01,11.76,False
1,2016-06-02,8.879999999999999,False
2,2016-06-03,18.48,False
3,2016-06-04,6.96,False
4,2016-06-05,6.72,False
5,2016-06-06,8.879999999999999,False
6,2016-06-07,17.52,False
7,2016-06-08,20.64,False
8,2016-06-09,18.0,False
9,2016-06-10,12.48,False
10,2016-06-11,0.0,False
11,2016-06-12,0.0,False
12,2016-06-13,5.76,False
13,2016-06-14,23.04,False
14,2016-06-15,5.76,False
15,2016-06-16,14.639999999999999,False
16,2016-06-17,12.24,False
17,2016-06-18,6.96,False
18,2016-06-19,0.0,False
19,2016-06-20,14.639999999999999,False
20,2016-06-21,6.0,False
21,2016-06-22,11.76,False
22,2016-06-23,12.24,False
23,2016-06-24,21.84,False
24,2016-06-25,10.559999999999999,False
25,2016-06-26,13.92,False
26,2016-06-27,17.759999999999998,False
27,2016-06-28,8.879999999999999,False
28,2016-06-29,24.0,False
29,2016-06-30,15.36,False
0,2016-07-01,8.36,False
1,2016-07-02,12.540000000000001,False
2,2016-07-03,6.2700000000000005,False
3,2016-07-04,5.51,False
4,2016-07-05,11.02,False
5,2016-07-06,14.06,False
6,2016-07-07,11.4,False
7,2016-07-08,11.78,False
8,2016-07-09,6.46,False
9,2016-07-10,6.46,False
10,2016-07-11,8.36,False
11,2016-07-12,19.0,False
12,2016-07-13,11.02,False
13,2016-07-14,13.3,False
14,2016-07-15,11.4,False
15,2016-07-16,6.46,False
16,2016-07-17,0.0,False
17,2016-07-18,8.36,False
18,2016-07-19,5.51,False
19,2016-07-20,11.21,False
20,2016-07-21,14.06,False
21,2016-07-22,5.7,False
22,2016-07-23,6.65,False
23,2016-07-24,0.0,False
24,2016-07-25,13.68,False
25,2016-07-26,11.02,False
26,2016-07-27,11.02,False
27,2016-07-28,11.21,False
28,2016-07-29,11.59,False
29,2016-07-30,0.0,False
30,2016-07-31,0.0,False
0,2016-08-01,11.5,False
1,2016-08-02,8.5,False
2,2016-08-03,8.75,False
3,2016-08-04,23.5,False
4,2016-08-05,25.0,False
5,2016-08-06,7.0,False
6,2016-08-07,14.0,False
7,2016-08-08,20.75,False
8,2016-08-09,14.75,False
9,2016-08-10,15.0,False
10,2016-08-11,9.25,False
11,2016-08-12,9.5,False
12,2016-08-13,0.0,False
13,2016-08-14,7.25,False
14,2016-08-15,15.75,False
15,2016-08-16,15.5,False
16,2016-08-17,6.25,False
17,2016-08-18,12.5,False
18,2016-08-19,12.75,False
19,2016-08-20,0.0,False
20,2016-08-21,0.0,False
21,2016-08-22,12.0,False
22,2016-08-23,12.0,False
23,2016-08-24,9.0,False
24,2016-08-25,14.5,False
25,2016-08-26,6.0,False
26,2016-08-27,6.75,False
27,2016-08-28,6.75,False
28,2016-08-29,11.25,False
29,2016-08-30,11.25,False
30,2016-08-31,5.75,False
0,2016-09-01,2.34,False
1,2016-09-02,3.9000000000000004,False
2,2016-09-03,0.0,False
3,2016-09-04,1.82,False
4,2016-09-05,0.0,False
5,2016-09-06,3.64,False
6,2016-09-07,4.42,False
7,2016-09-08,3.38,False
8,2016-09-09,1.82,False
9,2016-09-10,1.82,False
10,2016-09-11,0.0,False
11,2016-09-12,2.08,False
12,2016-09-13,5.98,False
13,2016-09-14,4.42,False
14,2016-09-15,5.98,False
15,2016-09-16,3.9000000000000004,False
16,2016-09-17,3.64,False
17,2016-09-18,1.82,False
18,2016-09-19,6.24,False
19,2016-09-20,3.12,False
20,2016-09-21,5.2,False
21,2016-09-22,2.6,False
22,2016-09-23,1.56,False
23,2016-09-24,1.82,False
24,2016-09-25,1.82,False
25,2016-09-26,3.12,False
26,2016-09-27,3.12,False
27,2016-09-28,3.9000000000000004,False
28,2016-09-29,3.12,False
29,2016-09-30,26.0,False
0,2016-10-01,15.749999999999998,False
1,2016-10-02,6.3,False
2,2016-10-03,35.0,False
3,2016-10-04,28.7,False
4,2016-10-05,17.5,False
5,2016-10-06,15.399999999999999,False
6,2016-10-07,23.45,False
7,2016-10-08,5.949999999999999,False
8,2016-10-09,8.75,False
9,2016-10-10,14.0,False
10,2016-10-11,16.45,False
11,2016-10-12,9.1,False
12,2016-10-13,12.6,False
13,2016-10-14,11.899999999999999,False
14,2016-10-15,8.75,False
15,2016-10-16,4.199999999999999,False
16,2016-10-17,12.6,False
17,2016-10-18,8.75,False
18,2016-10-19,6.3,False
19,2016-10-20,6.3,False
20,2016-10-21,5.25,False
21,2016-10-22,8.75,False
22,2016-10-23,4.199999999999999,False
23,2016-10-24,7.35,False
24,2016-10-25,8.75,False
25,2016-10-26,12.6,False
26,2016-10-27,7.699999999999999,False
27,2016-10-28,14.7,False
28,2016-10-29,4.55,False
29,2016-10-30,0.0,False
30,2016-10-31,11.549999999999999,False
0,2016-11-01,17.63,False
1,2016-11-02,17.22,False
2,2016-11-03,21.32,False
3,2016-11-04,11.069999999999999,False
4,2016-11-05,4.92,False
5,2016-11-06,0.0,False
6,2016-11-07,29.52,False
7,2016-11-08,27.06,False
8,2016-11-09,41.0,False
9,2016-11-10,19.68,False
10,2016-11-11,15.579999999999998,False
11,2016-11-12,4.92,False
12,2016-11-13,0.0,False
13,2016-11-14,10.66,False
14,2016-11-15,12.709999999999999,False
15,2016-11-16,17.22,False
16,2016-11-17,15.17,False
17,2016-11-18,17.63,False
18,2016-11-19,0.0,False
19,2016-11-20,4.92,False
20,2016-11-21,20.91,False
21,2016-11-22,12.709999999999999,False
22,2016-11-23,12.709999999999999,False
23,2016-11-24,0.0,False
24,2016-11-25,4.51,False
25,2016-11-26,4.92,False
26,2016-11-27,4.51,False
27,2016-11-28,24.189999999999998,False
28,2016-11-29,28.29,False
29,2016-11-30,36.9,False
0,2016-12-01,14.1,False
1,2016-12-02,19.5,False
2,2016-12-03,10.799999999999999,False
3,2016-12-04,0.0,False
4,2016-12-05,15.0,False
5,2016-12-06,18.3,False
6,2016-12-07,30.0,False
7,2016-12-08,28.5,False
8,2016-12-09,14.7,False
9,2016-12-10,5.3999999999999995,False
10,2016-12-11,5.1,False
11,2016-12-12,9.0,False
12,2016-12-13,18.3,False
13,2016-12-14,25.5,False
14,2016-12-15,16.5,False
15,2016-12-16,7.5,False
16,2016-12-17,5.3999999999999995,False
17,2016-12-18,5.3999999999999995,False
18,2016-12-19,9.6,False
19,2016-12-20,9.6,False
20,2016-12-21,9.9,False
21,2016-12-22,5.1,False
22,2016-12-23,10.5,False
23,2016-12-24,6.0,False
24,2016-12-25,0.0,False
25,2016-12-26,18.3,False
26,2016-12-27,9.9,False
27,2016-12-28,5.1,False
28,2016-12-29,5.1,False
29,2016-12-30,13.2,False
30,2016-12-31,11.4,False
0,2017-01-01,3.42,False
1,2017-01-02,4.18,False
2,2017-01-03,8.17,False
3,2017-01-04,4.5600000000000005,False
4,2017-01-05,8.36,False
5,2017-01-06,9.88,False
6,2017-01-07,3.99,False
7,2017-01-08,3.04,False
8,2017-01-09,7.98,False
9,2017-01-10,6.65,False
10,2017-01-11,3.99,False
11,2017-01-12,5.32,False
12,2017-01-13,4.5600000000000005,False
13,2017-01-14,6.08,False
14,2017-01-15,0.0,False
15,2017-01-16,2.66,False
16,2017-01-17,5.13,False
17,2017-01-18,5.13,False
18,2017-01-19,3.42,False
19,2017-01-20,5.32,False
20,2017-01-21,0.0,False
21,2017-01-22,2.85,False
22,2017-01-23,8.74,False
23,2017-01-24,3.99,False
24,2017-01-25,13.11,False
25,2017-01-26,7.79,False
26,2017-01-27,8.17,False
27,2017-01-28,3.04,False
28,2017-01-29,0.0,False
29,2017-01-30,9.5,False
30,2017-01-31,19.0,False
0,2017-02-01,23.46,False
1,2017-02-02,21.93,False
2,2017-02-03,14.790000000000001,False
3,2017-02-04,5.61,False
4,2017-02-05,8.16,False
5,2017-02-06,9.69,False
6,2017-02-07,23.46,False
7,2017-02-08,26.01,False
8,2017-02-09,51.0,False
9,2017-02-10,27.54,False
10,2017-02-11,5.61,False
11,2017-02-12,5.61,False
12,2017-02-13,11.73,False
13,2017-02-14,26.01,False
14,2017-02-15,14.280000000000001,False
15,2017-02-16,16.830000000000002,False
16,2017-02-17,16.830000000000002,False
17,2017-02-18,5.61,False
18,2017-02-19,5.61,False
19,2017-02-20,9.69,False
20,2017-02-21,30.6,False
21,2017-02-22,40.29,False
22,2017-02-23,29.07,False
23,2017-02-24,22.44,False
24,2017-02-25,8.16,False
25,2017-02-26,0.0,False
26,2017-02-27,20.91,False
27,2017-02-28,37.74,False
0,2017-03-01,34.0,False
1,2017-03-02,20.740000000000002,False
2,2017-03-03,24.82,False
3,2017-03-04,6.12,False
4,2017-03-05,9.180000000000001,False
5,2017-03-06,25.840000000000003,False
6,2017-03-07,10.200000000000001,False
7,2017-03-08,15.98,False
8,2017-03-09,29.240000000000002,False
9,2017-03-10,19.720000000000002,False
10,2017-03-11,9.180000000000001,False
11,2017-03-12,0.0,False
12,2017-03-13,25.16,False
13,2017-03-14,32.300000000000004,False
14,2017-03-15,27.200000000000003,False
15,2017-03-16,27.540000000000003,False
16,2017-03-17,25.500000000000004,False
17,2017-03-18,12.58,False
18,2017-03-19,6.12,False
19,2017-03-20,10.88,False
20,2017-03-21,16.32,False
21,2017-03-22,21.42,False
22,2017-03-23,16.32,False
23,2017-03-24,13.940000000000001,False
24,2017-03-25,6.460000000000001,False
25,2017-03-26,0.0,False
26,2017-03-27,16.32,False
27,2017-03-28,13.600000000000001,False
28,2017-03-29,5.44,False
29,2017-03-30,8.5,False
30,2017-03-31,14.280000000000001,False
0,2017-04-01,4.4,False
1,2017-04-02,4.4,False
2,2017-04-03,9.24,False
3,2017-04-04,14.74,False
4,2017-04-05,18.26,False
5,2017-04-06,5.72,False
6,2017-04-07,17.38,False
7,2017-04-08,4.4,False
8,2017-04-09,0.0,False
9,2017-04-10,9.24,False
10,2017-04-11,7.48,False
11,2017-04-12,7.7,False
12,2017-04-13,22.0,False
13,2017-04-14,4.18,False
14,2017-04-15,4.4,False
15,2017-04-16,0.0,False
16,2017-04-17,9.68,False
17,2017-04-18,7.26,False
18,2017-04-19,14.74,False
19,2017-04-20,3.74,False
20,2017-04-21,11.66,False
21,2017-04-22,4.18,False
22,2017-04-23,4.18,False
23,2017-04-24,11.0,False
24,2017-04-25,7.26,False
25,2017-04-26,7.26,False
26,2017-04-27,20.46,False
27,2017-04-28,7.7,False
28,2017-04-29,6.6,False
29,2017-04-30,4.4,False
0,2017-05-01,18.2,False
1,2017-05-02,9.88,False
2,2017-05-03,19.240000000000002,False
3,2017-05-04,12.48,False
4,2017-05-05,52.0,False
5,2017-05-06,13.0,False
6,2017-05-07,7.28,False
7,2017-05-08,24.96,False
8,2017-05-09,36.92,False
9,2017-05-10,31.720000000000002,False
10,2017-05-11,26.52,False
11,2017-05-12,24.96,False
12,2017-05-13,5.2,False
13,2017-05-14,4.68,False
14,2017-05-15,23.400000000000002,False
15,2017-05-16,22.36,False
16,2017-05-17,31.200000000000003,False
17,2017-05-18,22.36,False
18,2017-05-19,26.52,False
19,2017-05-20,7.800000000000001,False
20,2017-05-21,11.96,False
21,2017-05-22,22.36,False
22,2017-05-23,15.08,False
23,2017-05-24,23.92,False
24,2017-05-25,22.880000000000003,False
25,2017-05-26,23.92,False
26,2017-05-27,8.84,False
27,2017-05-28,5.2,False
28,2017-05-29,14.040000000000001,False
29,2017-05-30,14.56,False
30,2017-05-31,20.28,False
0,2017-06-01,23.04,False
1,2017-06-02,33.12,False
2,2017-06-03,14.399999999999999,False
3,2017-06-04,0.0,False
4,2017-06-05,24.84,False
5,2017-06-06,36.0,False
6,2017-06-07,12.24,False
7,2017-06-08,18.0,False
8,2017-06-09,31.68,False
9,2017-06-10,14.76,False
10,2017-06-11,7.199999999999999,False
11,2017-06-12,21.96,False
12,2017-06-13,23.759999999999998,False
13,2017-06-14,24.84,False
14,2017-06-15,23.04,False
15,2017-06-16,19.439999999999998,False
16,2017-06-17,10.08,False
17,2017-06-18,14.76,False
18,2017-06-19,24.48,False
19,2017-06-20,17.64,False
20,2017-06-21,17.64,False
21,2017-06-22,21.96,False
22,2017-06-23,28.799999999999997,False
23,2017-06-24,7.199999999999999,False
24,2017-06-25,0.0,False
25,2017-06-26,23.04,False
26,2017-06-27,19.08,False
27,2017-06-28,12.6,False
28,2017-06-29,14.76,False
29,2017-06-30,24.119999999999997,False
0,2017-07-01,0.0,False
1,2017-07-02,0.0,False
2,2017-07-03,16.520000000000003,False
3,2017-07-04,10.080000000000002,False
4,2017-07-05,13.160000000000002,False
5,2017-07-06,15.400000000000002,False
6,2017-07-07,11.200000000000001,False
7,2017-07-08,7.5600000000000005,False
8,2017-07-09,7.5600000000000005,False
9,2017-07-10,10.64,False
10,2017-07-11,9.8,False
11,2017-07-12,23.520000000000003,False
12,2017-07-13,13.160000000000002,False
13,2017-07-14,16.8,False
14,2017-07-15,15.120000000000001,False
15,2017-07-16,0.0,False
16,2017-07-17,15.120000000000001,False
17,2017-07-18,28.000000000000004,False
18,2017-07-19,21.560000000000002,False
19,2017-07-20,21.560000000000002,False
20,2017-07-21,15.680000000000001,False
21,2017-07-22,11.200000000000001,False
22,2017-07-23,7.280000000000001,False
23,2017-07-24,21.000000000000004,False
24,2017-07-25,14.840000000000002,False
25,2017-07-26,19.040000000000003,False
26,2017-07-27,21.28,False
27,2017-07-28,13.160000000000002,False
28,2017-07-29,7.5600000000000005,False
29,2017-07-30,7.5600000000000005,False
30,2017-07-31,21.28,False
0,2017-08-01,14.399999999999999,False
1,2017-08-02,11.879999999999999,False
2,2017-08-03,36.0,False
3,2017-08-04,20.16,False
4,2017-08-05,17.28,False
5,2017-08-06,17.28,False
6,2017-08-07,14.399999999999999,False
7,2017-08-08,16.2,False
8,2017-08-09,24.119999999999997,False
9,2017-08-10,14.76,False
10,2017-08-11,25.2,False
11,2017-08-12,11.16,False
12,2017-08-13,0.0,False
13,2017-08-14,15.12,False
14,2017-08-15,20.16,False
15,2017-08-16,32.04,False
16,2017-08-17,19.8,False
17,2017-08-18,15.12,False
18,2017-08-19,11.16,False
19,2017-08-20,0.0,False
20,2017-08-21,16.919999999999998,False
21,2017-08-22,14.399999999999999,False
22,2017-08-23,21.96,False
23,2017-08-24,9.719999999999999,False
24,2017-08-25,10.08,False
25,2017-08-26,0.0,False
26,2017-08-27,0.0,False
27,2017-08-28,26.64,False
28,2017-08-29,19.08,False
29,2017-08-30,16.919999999999998,False
30,2017-08-31,21.96,False
0,2017-09-01,12.469999999999999,False
1,2017-09-02,6.959999999999999,False
2,2017-09-03,6.67,False
3,2017-09-04,0.0,False
4,2017-09-05,22.91,False
5,2017-09-06,28.709999999999997,False
6,2017-09-07,17.4,False
7,2017-09-08,15.079999999999998,False
8,2017-09-09,6.67,False
9,2017-09-10,13.049999999999999,False
10,2017-09-11,14.209999999999999,False
11,2017-09-12,25.52,False
12,2017-09-13,22.619999999999997,False
13,2017-09-14,28.999999999999996,False
14,2017-09-15,20.88,False
15,2017-09-16,6.67,False
16,2017-09-17,13.049999999999999,False
17,2017-09-18,20.009999999999998,False
18,2017-09-19,22.619999999999997,False
19,2017-09-20,14.209999999999999,False
20,2017-09-21,17.689999999999998,False
21,2017-09-22,21.169999999999998,False
22,2017-09-23,16.529999999999998,False
23,2017-09-24,6.67,False
24,2017-09-25,5.8,False
25,2017-09-26,5.51,False
26,2017-09-27,17.11,False
27,2017-09-28,20.299999999999997,False
28,2017-09-29,12.18,False
29,2017-09-30,0.0,False
0,2017-10-01,0.0,False
1,2017-10-02,11.48,False
2,2017-10-03,21.000000000000004,False
3,2017-10-04,23.240000000000002,False
4,2017-10-05,11.760000000000002,False
5,2017-10-06,0.0,False
6,2017-10-07,5.32,False
7,2017-10-08,5.32,False
8,2017-10-09,21.000000000000004,False
9,2017-10-10,24.92,False
10,2017-10-11,16.240000000000002,False
11,2017-10-12,16.520000000000003,False
12,2017-10-13,14.560000000000002,False
13,2017-10-14,10.64,False
14,2017-10-15,0.0,False
15,2017-10-16,16.240000000000002,False
16,2017-10-17,11.48,False
17,2017-10-18,13.72,False
18,2017-10-19,14.280000000000001,False
19,2017-10-20,12.040000000000001,False
20,2017-10-21,0.0,False
21,2017-10-22,0.0,False
22,2017-10-23,8.96,False
23,2017-10-24,9.24,False
24,2017-10-25,20.44,False
25,2017-10-26,11.48,False
26,2017-10-27,12.040000000000001,False
27,2017-10-28,8.120000000000001,False
28,2017-10-29,10.360000000000001,False
29,2017-10-30,8.96,False
30,2017-10-31,28.000000000000004,False
0,2017-11-01,26.560000000000002,False
1,2017-11-02,24.0,False
2,2017-11-03,21.76,False
3,2017-11-04,5.44,False
4,2017-11-05,15.68,False
5,2017-11-06,20.8,False
6,2017-11-07,32.0,False
7,2017-11-08,28.16,False
8,2017-11-09,11.52,False
9,2017-11-10,16.96,False
10,2017-11-11,5.44,False
11,2017-11-12,0.0,False
12,2017-11-13,6.72,False
13,2017-11-14,13.76,False
14,2017-11-15,13.76,False
15,2017-11-16,27.84,False
16,2017-11-17,21.76,False
17,2017-11-18,5.12,False
18,2017-11-19,5.12,False
19,2017-11-20,18.56,False
20,2017-11-21,18.240000000000002,False
21,2017-11-22,23.04,False
22,2017-11-23,4.8,False
23,2017-11-24,9.6,False
24,2017-11-25,5.12,False
25,2017-11-26,0.0,False
26,2017-11-27,15.68,False
27,2017-11-28,11.200000000000001,False
28,2017-11-29,9.28,False
29,2017-11-30,23.36,False
0,2017-12-01,11.18,False
1,2017-12-02,5.46,False
2,2017-12-03,5.2,False
3,2017-12-04,22.880000000000003,False
4,2017-12-05,13.780000000000001,False
5,2017-12-06,21.84,False
6,2017-12-07,18.98,False
7,2017-12-08,17.94,False
8,2017-12-09,10.92,False
9,2017-12-10,5.2,False
10,2017-12-11,15.34,False
11,2017-12-12,18.46,False
12,2017-12-13,16.12,False
13,2017-12-14,18.72,False
14,2017-12-15,26.0,False
15,2017-12-16,10.92,False
16,2017-12-17,5.46,False
17,2017-12-18,11.700000000000001,False
18,2017-12-19,9.620000000000001,False
19,2017-12-20,14.56,False
20,2017-12-21,8.32,False
21,2017-12-22,10.4,False
22,2017-12-23,11.440000000000001,False
23,2017-12-24,0.0,False
24,2017-12-25,5.98,False
25,2017-12-26,19.240000000000002,False
26,2017-12-27,13.26,False
27,2017-12-28,11.700000000000001,False
28,2017-12-29,13.780000000000001,False
29,2017-12-30,5.46,False
30,2017-12-31,5.720000000000001,False
0,2018-01-01,24.48,False
1,2018-01-02,23.04,False
2,2018-01-03,19.8,False
3,2018-01-04,27.0,False
4,2018-01-05,15.84,False
5,2018-01-06,7.56,False
6,2018-01-07,14.76,False
7,2018-01-08,25.919999999999998,False
8,2018-01-09,32.4,False
9,2018-01-10,21.96,False
10,2018-01-11,12.959999999999999,False
11,2018-01-12,31.68,False
12,2018-01-13,22.68,False
13,2018-01-14,7.199999999999999,False
14,2018-01-15,15.12,False
15,2018-01-16,22.32,False
16,2018-01-17,27.36,False
17,2018-01-18,34.56,False
18,2018-01-19,36.0,False
19,2018-01-20,11.16,False
20,2018-01-21,7.199999999999999,False
21,2018-01-22,31.68,False
22,2018-01-23,12.6,False
23,2018-01-24,31.68,False
24,2018-01-25,21.599999999999998,False
25,2018-01-26,20.16,False
26,2018-01-27,0.0,False
27,2018-01-28,7.199999999999999,False
28,2018-01-29,19.08,False
29,2018-01-30,27.72,False
30,2018-01-31,29.88,False
0,2018-02-01,31.24,False
1,2018-02-02,12.32,False
2,2018-02-03,11.88,False
3,2018-02-04,11.88,False
4,2018-02-05,15.4,False
5,2018-02-06,30.8,False
6,2018-02-07,36.08,False
7,2018-02-08,25.96,False
8,2018-02-09,21.56,False
9,2018-02-10,11.88,False
10,2018-02-11,8.8,False
11,2018-02-12,36.52,False
12,2018-02-13,24.2,False
13,2018-02-14,40.04,False
14,2018-02-15,44.0,False
15,2018-02-16,37.84,False
16,2018-02-17,14.96,False
17,2018-02-18,14.96,False
18,2018-02-19,8.8,False
19,2018-02-20,27.28,False
20,2018-02-21,39.160000000000004,False
21,2018-02-22,22.44,False
22,2018-02-23,15.84,False
23,2018-02-24,8.8,False
24,2018-02-25,8.8,False
25,2018-02-26,13.64,False
26,2018-02-27,16.72,False
27,2018-02-28,27.72,False
0,2018-03-01,35.26,False
1,2018-03-02,15.049999999999999,False
2,2018-03-03,5.59,False
3,2018-03-04,10.75,False
4,2018-03-05,16.34,False
5,2018-03-06,23.65,False
6,2018-03-07,24.08,False
7,2018-03-08,21.5,False
8,2018-03-09,30.099999999999998,False
9,2018-03-10,10.75,False
10,2018-03-11,5.59,False
11,2018-03-12,18.919999999999998,False
12,2018-03-13,16.77,False
13,2018-03-14,21.07,False
14,2018-03-15,43.0,False
15,2018-03-16,36.98,False
16,2018-03-17,16.34,False
17,2018-03-18,10.75,False
18,2018-03-19,19.35,False
19,2018-03-20,18.919999999999998,False
20,2018-03-21,23.65,False
21,2018-03-22,24.08,False
22,2018-03-23,7.31,False
23,2018-03-24,11.18,False
24,2018-03-25,5.59,False
25,2018-03-26,26.23,False
26,2018-03-27,31.39,False
27,2018-03-28,24.509999999999998,False
28,2018-03-29,30.53,False
29,2018-03-30,16.34,False
30,2018-03-31,5.59,False
0,2018-04-01,16.0,False
1,2018-04-02,32.0,False
2,2018-04-03,26.88,False
3,2018-04-04,20.16,False
4,2018-04-05,24.0,False
5,2018-04-06,14.08,False
6,2018-04-07,7.68,False
7,2018-04-08,7.68,False
8,2018-04-09,23.36,False
9,2018-04-10,23.36,False
10,2018-04-11,23.04,False
11,2018-04-12,20.16,False
12,2018-04-13,28.16,False
13,2018-04-14,7.68,False
14,2018-04-15,7.68,False
15,2018-04-16,26.240000000000002,False
16,2018-04-17,13.44,False
17,2018-04-18,23.68,False
18,2018-04-19,13.76,False
19,2018-04-20,17.6,False
20,2018-04-21,15.68,False
21,2018-04-22,0.0,False
22,2018-04-23,13.120000000000001,False
23,2018-04-24,23.04,False
24,2018-04-25,23.36,False
25,2018-04-26,6.72,False
26,2018-04-27,28.48,False
27,2018-04-28,15.68,False
28,2018-04-29,7.68,False
29,2018-04-30,31.04,False
0,2018-05-01,8.91,False
1,2018-05-02,3.6300000000000003,False
2,2018-05-03,4.62,False
3,2018-05-04,12.870000000000001,False
4,2018-05-05,6.6000000000000005,False
5,2018-05-06,3.3000000000000003,False
6,2018-05-07,33.0,False
7,2018-05-08,21.45,False
8,2018-05-09,12.21,False
9,2018-05-10,11.55,False
10,2018-05-11,20.46,False
11,2018-05-12,3.3000000000000003,False
12,2018-05-13,0.0,False
13,2018-05-14,12.540000000000001,False
14,2018-05-15,10.23,False
15,2018-05-16,10.23,False
16,2018-05-17,5.61,False
17,2018-05-18,10.89,False
18,2018-05-19,9.9,False
19,2018-05-20,3.3000000000000003,False
20,2018-05-21,7.590000000000001,False
21,2018-05-22,8.25,False
22,2018-05-23,7.590000000000001,False
23,2018-05-24,8.58,False
24,2018-05-25,8.91,False
25,2018-05-26,3.3000000000000003,False
26,2018-05-27,3.3000000000000003,False
27,2018-05-28,2.97,False
28,2018-05-29,7.590000000000001,False
29,2018-05-30,7.590000000000001,False
30,2018-05-31,8.58,False
0,2018-06-01,14.840000000000002,False
1,2018-06-02,9.520000000000001,False
2,2018-06-03,6.16,False
3,2018-06-04,12.32,False
4,2018-06-05,28.000000000000004,False
5,2018-06-06,15.96,False
6,2018-06-07,14.280000000000001,False
7,2018-06-08,20.44,False
8,2018-06-09,10.360000000000001,False
9,2018-06-10,12.32,False
10,2018-06-11,12.040000000000001,False
11,2018-06-12,24.360000000000003,False
12,2018-06-13,26.320000000000004,False
13,2018-06-14,19.040000000000003,False
14,2018-06-15,20.44,False
15,2018-06-16,0.0,False
16,2018-06-17,6.16,False
17,2018-06-18,22.680000000000003,False
18,2018-06-19,10.360000000000001,False
19,2018-06-20,10.64,False
20,2018-06-21,12.32,False
21,2018-06-22,9.24,False
22,2018-06-23,6.16,False
23,2018-06-24,6.16,False
24,2018-06-25,19.040000000000003,False
25,2018-06-26,15.680000000000001,False
26,2018-06-27,14.000000000000002,False
27,2018-06-28,17.64,False
28,2018-06-29,11.200000000000001,False
29,2018-06-30,0.0,False
0,2018-07-01,0.0,False
1,2018-07-02,8.91,False
2,2018-07-03,13.5,False
3,2018-07-04,4.59,False
4,2018-07-05,18.36,False
5,2018-07-06,27.0,False
6,2018-07-07,5.130000000000001,False
7,2018-07-08,5.130000000000001,False
8,2018-07-09,19.98,False
9,2018-07-10,12.96,False
10,2018-07-11,8.370000000000001,False
11,2018-07-12,25.380000000000003,False
12,2018-07-13,19.17,False
13,2018-07-14,5.4,False
14,2018-07-15,10.530000000000001,False
15,2018-07-16,15.930000000000001,False
16,2018-07-17,18.09,False
17,2018-07-18,14.040000000000001,False
18,2018-07-19,11.610000000000001,False
19,2018-07-20,23.76,False
20,2018-07-21,5.4,False
21,2018-07-22,5.4,False
22,2018-07-23,18.09,False
23,2018-07-24,11.34,False
24,2018-07-25,6.75,False
25,2018-07-26,20.520000000000003,False
26,2018-07-27,14.040000000000001,False
27,2018-07-28,10.260000000000002,False
28,2018-07-29,0.0,False
29,2018-07-30,15.930000000000001,False
30,2018-07-31,15.66,False
0,2018-08-01,11.22,False
1,2018-08-02,34.0,False
2,2018-08-03,14.96,False
3,2018-08-04,4.42,False
4,2018-08-05,3.06,False
5,2018-08-06,10.200000000000001,False
6,2018-08-07,9.180000000000001,False
7,2018-08-08,5.44,False
8,2018-08-09,7.48,False
9,2018-08-10,5.78,False
10,2018-08-11,3.4000000000000004,False
11,2018-08-12,3.06,False
12,2018-08-13,9.860000000000001,False
13,2018-08-14,10.200000000000001,False
14,2018-08-15,6.800000000000001,False
15,2018-08-16,7.82,False
16,2018-08-17,8.84,False
17,2018-08-18,3.4000000000000004,False
18,2018-08-19,3.4000000000000004,False
19,2018-08-20,3.06,False
20,2018-08-21,11.56,False
21,2018-08-22,10.88,False
22,2018-08-23,5.78,False
23,2018-08-24,5.1000000000000005,False
24,2018-08-25,3.4000000000000004,False
25,2018-08-26,3.4000000000000004,False
26,2018-08-27,5.78,False
27,2018-08-28,9.520000000000001,False
28,2018-08-29,11.22,False
29,2018-08-30,12.24,False
30,2018-08-31,8.5,False
0,2018-09-01,4.59,False
1,2018-09-02,0.0,False
2,2018-09-03,0.0,False
3,2018-09-04,27.0,False
4,2018-09-05,19.44,False
5,2018-09-06,5.94,False
6,2018-09-07,12.15,False
7,2018-09-08,0.0,False
8,2018-09-09,4.32,False
9,2018-09-10,7.83,False
10,2018-09-11,13.5,False
11,2018-09-12,15.39,False
12,2018-09-13,15.66,False
13,2018-09-14,12.15,False
14,2018-09-15,0.0,False
15,2018-09-16,8.91,False
16,2018-09-17,15.39,False
17,2018-09-18,9.72,False
18,2018-09-19,9.72,False
19,2018-09-20,3.7800000000000002,False
20,2018-09-21,4.050000000000001,False
21,2018-09-22,4.59,False
22,2018-09-23,4.32,False
23,2018-09-24,5.94,False
24,2018-09-25,11.610000000000001,False
25,2018-09-26,19.17,False
26,2018-09-27,9.72,False
27,2018-09-28,8.100000000000001,False
28,2018-09-29,0.0,False
29,2018-09-30,0.0,False
0,2018-10-01,6.3,False
1,2018-10-02,13.5,False
2,2018-10-03,8.1,False
3,2018-10-04,4.5,False
4,2018-10-05,7.5,False
5,2018-10-06,6.3,False
6,2018-10-07,3.0,False
7,2018-10-08,8.1,False
8,2018-10-09,6.0,False
9,2018-10-10,7.199999999999999,False
10,2018-10-11,15.0,False
11,2018-10-12,6.8999999999999995,False
12,2018-10-13,3.3,False
13,2018-10-14,3.3,False
14,2018-10-15,5.3999999999999995,False
15,2018-10-16,6.3,False
16,2018-10-17,13.799999999999999,False
17,2018-10-18,6.6,False
18,2018-10-19,12.6,False
19,2018-10-20,3.3,False
20,2018-10-21,0.0,False
21,2018-10-22,6.3,False
22,2018-10-23,9.9,False
23,2018-10-24,6.3,False
24,2018-10-25,8.4,False
25,2018-10-26,9.6,False
26,2018-10-27,3.0,False
27,2018-10-28,3.0,False
28,2018-10-29,7.8,False
29,2018-10-30,30.0,False
30,2018-10-31,12.9,False
0,2018-11-01,23.2,False
1,2018-11-02,20.299999999999997,False
2,2018-11-03,9.569999999999999,False
3,2018-11-04,12.18,False
4,2018-11-05,28.999999999999996,False
5,2018-11-06,24.65,False
6,2018-11-07,26.68,False
7,2018-11-08,27.259999999999998,False
8,2018-11-09,20.299999999999997,False
9,2018-11-10,12.76,False
10,2018-11-11,6.09,False
11,2018-11-12,13.629999999999999,False
12,2018-11-13,8.12,False
13,2018-11-14,13.919999999999998,False
14,2018-11-15,13.919999999999998,False
15,2018-11-16,11.309999999999999,False
16,2018-11-17,12.76,False
17,2018-11-18,6.09,False
18,2018-11-19,5.51,False
19,2018-11-20,24.65,False
20,2018-11-21,11.309999999999999,False
21,2018-11-22,11.309999999999999,False
22,2018-11-23,8.7,False
23,2018-11-24,0.0,False
24,2018-11-25,0.0,False
25,2018-11-26,10.729999999999999,False
26,2018-11-27,18.849999999999998,False
27,2018-11-28,24.65,False
28,2018-11-29,16.529999999999998,False
29,2018-11-30,22.33,False
0,2018-12-01,6.2,False
1,2018-12-02,5.89,False
2,2018-12-03,24.18,False
3,2018-12-04,10.85,False
4,2018-12-05,5.27,False
5,2018-12-06,21.7,False
6,2018-12-07,31.0,False
7,2018-12-08,25.11,False
8,2018-12-09,6.2,False
9,2018-12-10,13.64,False
10,2018-12-11,24.18,False
11,2018-12-12,5.58,False
12,2018-12-13,13.95,False
13,2018-12-14,11.16,False
14,2018-12-15,6.51,False
15,2018-12-16,6.2,False
16,2018-12-17,22.94,False
17,2018-12-18,23.87,False
18,2018-12-19,19.84,False
19,2018-12-20,20.15,False
20,2018-12-21,24.18,False
21,2018-12-22,6.51,False
22,2018-12-23,6.51,False
23,2018-12-24,26.35,False
24,2018-12-25,13.95,False
25,2018-12-26,30.69,False
26,2018-12-27,14.57,False
27,2018-12-28,26.97,False
28,2018-12-29,6.2,False
29,2018-12-30,12.709999999999999,False
30,2018-12-31,19.22,False
0,2019-01-01,11.1,False
1,2019-01-02,25.16,False
2,2019-01-03,37.0,False
3,2019-01-04,34.41,False
4,2019-01-05,0.0,False
5,2019-01-06,7.03,False
6,2019-01-07,36.26,False
7,2019-01-08,32.56,False
8,2019-01-09,27.009999999999998,False
9,2019-01-10,27.38,False
10,2019-01-11,18.87,False
11,2019-01-12,6.66,False
12,2019-01-13,13.32,False
13,2019-01-14,17.759999999999998,False
14,2019-01-15,23.68,False
15,2019-01-16,21.09,False
16,2019-01-17,29.6,False
17,2019-01-18,33.67,False
18,2019-01-19,6.66,False
19,2019-01-20,0.0,False
20,2019-01-21,5.92,False
21,2019-01-22,26.27,False
22,2019-01-23,28.86,False
23,2019-01-24,20.35,False
24,2019-01-25,33.3,False
25,2019-01-26,20.35,False
26,2019-01-27,6.66,False
27,2019-01-28,5.92,False
28,2019-01-29,25.9,False
29,2019-01-30,17.39,False
30,2019-01-31,29.6,False
0,2019-02-01,16.0,False
1,2019-02-02,4.4,False
2,2019-02-03,8.8,False
3,2019-02-04,6.0,False
4,2019-02-05,10.4,False
5,2019-02-06,40.0,False
6,2019-02-07,36.4,False
7,2019-02-08,20.0,False
8,2019-02-09,8.8,False
9,2019-02-10,0.0,False
10,2019-02-11,18.8,False
11,2019-02-12,19.200000000000003,False
12,2019-02-13,15.200000000000001,False
13,2019-02-14,10.4,False
14,2019-02-15,28.400000000000002,False
15,2019-02-16,13.200000000000001,False
16,2019-02-17,8.8,False
17,2019-02-18,8.0,False
18,2019-02-19,15.600000000000001,False
19,2019-02-20,19.200000000000003,False
20,2019-02-21,14.4,False
21,2019-02-22,13.200000000000001,False
22,2019-02-23,6.800000000000001,False
23,2019-02-24,6.800000000000001,False
24,2019-02-25,18.0,False
25,2019-02-26,29.6,False
26,2019-02-27,13.600000000000001,False
27,2019-02-28,11.600000000000001,False
0,2019-03-01,17.360000000000003,False
1,2019-03-02,22.12,False
2,2019-03-03,5.6000000000000005,False
3,2019-03-04,12.32,False
4,2019-03-05,24.080000000000002,False
5,2019-03-06,16.240000000000002,False
6,2019-03-07,21.840000000000003,False
7,2019-03-08,12.600000000000001,False
8,2019-03-09,5.6000000000000005,False
9,2019-03-10,5.32,False
10,2019-03-11,7.280000000000001,False
11,2019-03-12,23.8,False
12,2019-03-13,23.520000000000003,False
13,2019-03-14,19.32,False
14,2019-03-15,24.64,False
15,2019-03-16,5.6000000000000005,False
16,2019-03-17,0.0,False
17,2019-03-18,19.6,False
18,2019-03-19,27.720000000000002,False
19,2019-03-20,19.6,False
20,2019-03-21,17.360000000000003,False
21,2019-03-22,28.000000000000004,False
22,2019-03-23,5.6000000000000005,False
23,2019-03-24,0.0,False
24,2019-03-25,9.8,False
25,2019-03-26,19.32,False
26,2019-03-27,17.080000000000002,False
27,2019-03-28,14.840000000000002,False
28,2019-03-29,7.5600000000000005,False
29,2019-03-30,5.6000000000000005,False
30,2019-03-31,5.6000000000000005,False
