,date,DIS stock,isPartial
0,2012-01-01,0.0,False
1,2012-01-02,0.0,False
2,2012-01-03,0.0,False
3,2012-01-04,1.7000000000000002,False
4,2012-01-05,1.75,False
5,2012-01-06,0.0,False
6,2012-01-07,2.1,False
7,2012-01-08,2.0,False
8,2012-01-09,0.0,False
9,2012-01-10,0.0,False
10,2012-01-11,5.0,False
11,2012-01-12,3.4000000000000004,False
12,2012-01-13,3.5,False
13,2012-01-14,0.0,False
14,2012-01-15,0.0,False
15,2012-01-16,0.0,False
16,2012-01-17,0.0,False
17,2012-01-18,1.6500000000000001,False
18,2012-01-19,0.0,False
19,2012-01-20,0.0,False
20,2012-01-21,2.0,False
21,2012-01-22,0.0,False
22,2012-01-23,0.0,False
23,2012-01-24,1.6500000000000001,False
24,2012-01-25,5.0,False
25,2012-01-26,0.0,False
26,2012-01-27,1.7000000000000002,False
27,2012-01-28,0.0,False
28,2012-01-29,2.0,False
29,2012-01-30,0.0,False
30,2012-01-31,0.0,False
0,2012-02-01,2.2,False
1,2012-02-02,4.5,False
2,2012-02-03,2.3000000000000003,False
3,2012-02-04,2.7,False
4,2012-02-05,0.0,False
5,2012-02-06,5.6000000000000005,False
6,2012-02-07,7.800000000000001,False
7,2012-02-08,10.0,False
8,2012-02-09,4.5,False
9,2012-02-10,5.800000000000001,False
10,2012-02-11,2.7,False
11,2012-02-12,2.6,False
12,2012-02-13,4.4,False
13,2012-02-14,2.2,False
14,2012-02-15,0.0,False
15,2012-02-16,3.4000000000000004,False
16,2012-02-17,3.5,False
17,2012-02-18,2.7,False
18,2012-02-19,0.0,False
19,2012-02-20,2.3000000000000003,False
20,2012-02-21,2.3000000000000003,False
21,2012-02-22,2.2,False
22,2012-02-23,3.4000000000000004,False
23,2012-02-24,7.0,False
24,2012-02-25,2.7,False
25,2012-02-26,2.6,False
26,2012-02-27,4.4,False
27,2012-02-28,4.4,False
28,2012-02-29,4.4,False
0,2012-03-01,2.4000000000000004,False
1,2012-03-02,5.0,False
2,2012-03-03,0.0,False
3,2012-03-04,2.9000000000000004,False
4,2012-03-05,0.0,False
5,2012-03-06,0.0,False
6,2012-03-07,6.9,False
7,2012-03-08,0.0,False
8,2012-03-09,2.4000000000000004,False
9,2012-03-10,2.8000000000000003,False
10,2012-03-11,5.6000000000000005,False
11,2012-03-12,2.3000000000000003,False
12,2012-03-13,4.6000000000000005,False
13,2012-03-14,0.0,False
14,2012-03-15,7.1000000000000005,False
15,2012-03-16,4.9,False
16,2012-03-17,0.0,False
17,2012-03-18,0.0,False
18,2012-03-19,0.0,False
19,2012-03-20,4.6000000000000005,False
20,2012-03-21,2.3000000000000003,False
21,2012-03-22,0.0,False
22,2012-03-23,0.0,False
23,2012-03-24,0.0,False
24,2012-03-25,2.9000000000000004,False
25,2012-03-26,2.3000000000000003,False
26,2012-03-27,4.6000000000000005,False
27,2012-03-28,2.3000000000000003,False
28,2012-03-29,2.3000000000000003,False
29,2012-03-30,10.0,False
30,2012-03-31,5.6000000000000005,False
0,2012-04-01,0.0,False
1,2012-04-02,6.0,False
2,2012-04-03,1.98,False
3,2012-04-04,0.0,False
4,2012-04-05,0.0,False
5,2012-04-06,0.0,False
6,2012-04-07,0.0,False
7,2012-04-08,0.0,False
8,2012-04-09,0.0,False
9,2012-04-10,0.0,False
10,2012-04-11,3.96,False
11,2012-04-12,1.98,False
12,2012-04-13,2.1,False
13,2012-04-14,2.4,False
14,2012-04-15,0.0,False
15,2012-04-16,0.0,False
16,2012-04-17,3.96,False
17,2012-04-18,3.9,False
18,2012-04-19,1.98,False
19,2012-04-20,2.1,False
20,2012-04-21,0.0,False
21,2012-04-22,0.0,False
22,2012-04-23,1.92,False
23,2012-04-24,3.9,False
24,2012-04-25,3.96,False
25,2012-04-26,1.98,False
26,2012-04-27,4.2,False
27,2012-04-28,2.46,False
28,2012-04-29,0.0,False
29,2012-04-30,4.08,False
0,2012-05-01,2.2,False
1,2012-05-02,5.0,False
2,2012-05-03,0.0,False
3,2012-05-04,2.1,False
4,2012-05-05,0.0,False
5,2012-05-06,2.4000000000000004,False
6,2012-05-07,5.9,False
7,2012-05-08,7.800000000000001,False
8,2012-05-09,6.9,False
9,2012-05-10,4.0,False
10,2012-05-11,4.2,False
11,2012-05-12,0.0,False
12,2012-05-13,2.4000000000000004,False
13,2012-05-14,1.9000000000000001,False
14,2012-05-15,3.9000000000000004,False
15,2012-05-16,3.0,False
16,2012-05-17,3.1,False
17,2012-05-18,6.4,False
18,2012-05-19,2.5,False
19,2012-05-20,2.4000000000000004,False
20,2012-05-21,3.9000000000000004,False
21,2012-05-22,3.9000000000000004,False
22,2012-05-23,5.9,False
23,2012-05-24,10.0,False
24,2012-05-25,2.1,False
25,2012-05-26,2.5,False
26,2012-05-27,2.5,False
27,2012-05-28,3.1,False
28,2012-05-29,1.9000000000000001,False
29,2012-05-30,1.9000000000000001,False
30,2012-05-31,2.0,False
0,2012-06-01,4.14,False
1,2012-06-02,0.0,False
2,2012-06-03,0.0,False
3,2012-06-04,1.98,False
4,2012-06-05,1.98,False
5,2012-06-06,1.98,False
6,2012-06-07,2.04,False
7,2012-06-08,2.1,False
8,2012-06-09,2.46,False
9,2012-06-10,0.0,False
10,2012-06-11,1.98,False
11,2012-06-12,4.859999999999999,False
12,2012-06-13,1.98,False
13,2012-06-14,0.0,False
14,2012-06-15,2.1,False
15,2012-06-16,2.46,False
16,2012-06-17,4.92,False
17,2012-06-18,1.98,False
18,2012-06-19,1.98,False
19,2012-06-20,1.98,False
20,2012-06-21,6.0,False
21,2012-06-22,2.1,False
22,2012-06-23,2.52,False
23,2012-06-24,2.46,False
24,2012-06-25,4.92,False
25,2012-06-26,3.9,False
26,2012-06-27,1.98,False
27,2012-06-28,3.0,False
28,2012-06-29,3.1799999999999997,False
29,2012-06-30,0.0,False
0,2012-07-01,0.0,False
1,2012-07-02,1.25,False
2,2012-07-03,1.2000000000000002,False
3,2012-07-04,0.0,False
4,2012-07-05,0.0,False
5,2012-07-06,1.3,False
6,2012-07-07,0.0,False
7,2012-07-08,1.5,False
8,2012-07-09,1.2000000000000002,False
9,2012-07-10,1.2000000000000002,False
10,2012-07-11,5.0,False
11,2012-07-12,0.0,False
12,2012-07-13,1.3,False
13,2012-07-14,0.0,False
14,2012-07-15,0.0,False
15,2012-07-16,1.25,False
16,2012-07-17,4.9,False
17,2012-07-18,1.25,False
18,2012-07-19,2.5500000000000003,False
19,2012-07-20,0.0,False
20,2012-07-21,1.6,False
21,2012-07-22,3.1,False
22,2012-07-23,2.45,False
23,2012-07-24,1.85,False
24,2012-07-25,0.0,False
25,2012-07-26,1.25,False
26,2012-07-27,1.3,False
27,2012-07-28,0.0,False
28,2012-07-29,0.0,False
29,2012-07-30,1.2000000000000002,False
30,2012-07-31,1.25,False
0,2012-08-01,2.0,False
1,2012-08-02,0.0,False
2,2012-08-03,0.0,False
3,2012-08-04,0.0,False
4,2012-08-05,2.4,False
5,2012-08-06,2.0,False
6,2012-08-07,3.92,False
7,2012-08-08,5.84,False
8,2012-08-09,8.0,False
9,2012-08-10,0.0,False
10,2012-08-11,0.0,False
11,2012-08-12,0.0,False
12,2012-08-13,2.0,False
13,2012-08-14,5.84,False
14,2012-08-15,0.0,False
15,2012-08-16,0.0,False
16,2012-08-17,4.16,False
17,2012-08-18,0.0,False
18,2012-08-19,2.48,False
19,2012-08-20,0.0,False
20,2012-08-21,0.0,False
21,2012-08-22,0.0,False
22,2012-08-23,2.0,False
23,2012-08-24,0.0,False
24,2012-08-25,2.4,False
25,2012-08-26,0.0,False
26,2012-08-27,1.92,False
27,2012-08-28,5.68,False
28,2012-08-29,0.0,False
29,2012-08-30,2.0,False
30,2012-08-31,2.0,False
0,2012-09-01,0.0,False
1,2012-09-02,0.0,False
2,2012-09-03,0.0,False
3,2012-09-04,2.4,False
4,2012-09-05,3.2399999999999998,False
5,2012-09-06,4.92,False
6,2012-09-07,6.0,False
7,2012-09-08,5.9399999999999995,False
8,2012-09-09,0.0,False
9,2012-09-10,1.56,False
10,2012-09-11,2.4,False
11,2012-09-12,1.6199999999999999,False
12,2012-09-13,3.2399999999999998,False
13,2012-09-14,4.9799999999999995,False
14,2012-09-15,0.0,False
15,2012-09-16,1.92,False
16,2012-09-17,2.4,False
17,2012-09-18,4.68,False
18,2012-09-19,1.56,False
19,2012-09-20,4.02,False
20,2012-09-21,3.36,False
21,2012-09-22,3.84,False
22,2012-09-23,0.0,False
23,2012-09-24,1.56,False
24,2012-09-25,3.12,False
25,2012-09-26,1.56,False
26,2012-09-27,4.8,False
27,2012-09-28,1.68,False
28,2012-09-29,0.0,False
29,2012-09-30,1.8599999999999999,False
0,2012-10-01,0.77,False
1,2012-10-02,0.77,False
2,2012-10-03,0.8400000000000001,False
3,2012-10-04,2.3800000000000003,False
4,2012-10-05,0.8400000000000001,False
5,2012-10-06,0.0,False
6,2012-10-07,0.0,False
7,2012-10-08,1.54,False
8,2012-10-09,1.54,False
9,2012-10-10,1.1900000000000002,False
10,2012-10-11,0.0,False
11,2012-10-12,1.61,False
12,2012-10-13,0.0,False
13,2012-10-14,0.9100000000000001,False
14,2012-10-15,0.77,False
15,2012-10-16,1.54,False
16,2012-10-17,0.77,False
17,2012-10-18,1.54,False
18,2012-10-19,0.77,False
19,2012-10-20,0.9100000000000001,False
20,2012-10-21,0.0,False
21,2012-10-22,0.77,False
22,2012-10-23,0.77,False
23,2012-10-24,1.54,False
24,2012-10-25,0.77,False
25,2012-10-26,2.45,False
26,2012-10-27,0.9800000000000001,False
27,2012-10-28,0.0,False
28,2012-10-29,0.77,False
29,2012-10-30,0.0,False
30,2012-10-31,7.000000000000001,False
0,2012-11-01,11.0,False
1,2012-11-02,3.74,False
2,2012-11-03,4.07,False
3,2012-11-04,3.96,False
4,2012-11-05,6.82,False
5,2012-11-06,6.71,False
6,2012-11-07,0.0,False
7,2012-11-08,6.82,False
8,2012-11-09,0.0,False
9,2012-11-10,0.0,False
10,2012-11-11,0.0,False
11,2012-11-12,3.41,False
12,2012-11-13,6.82,False
13,2012-11-14,10.23,False
14,2012-11-15,10.45,False
15,2012-11-16,0.0,False
16,2012-11-17,8.03,False
17,2012-11-18,3.96,False
18,2012-11-19,0.0,False
19,2012-11-20,0.0,False
20,2012-11-21,10.34,False
21,2012-11-22,0.0,False
22,2012-11-23,0.0,False
23,2012-11-24,8.14,False
24,2012-11-25,0.0,False
25,2012-11-26,6.49,False
26,2012-11-27,9.9,False
27,2012-11-28,3.3,False
28,2012-11-29,3.3,False
29,2012-11-30,0.0,False
0,2012-12-01,2.0300000000000002,False
1,2012-12-02,3.99,False
2,2012-12-03,1.6800000000000002,False
3,2012-12-04,3.3600000000000003,False
4,2012-12-05,4.2700000000000005,False
5,2012-12-06,7.000000000000001,False
6,2012-12-07,5.390000000000001,False
7,2012-12-08,2.1,False
8,2012-12-09,0.0,False
9,2012-12-10,3.3600000000000003,False
10,2012-12-11,4.2,False
11,2012-12-12,4.340000000000001,False
12,2012-12-13,2.5900000000000003,False
13,2012-12-14,2.66,False
14,2012-12-15,2.0300000000000002,False
15,2012-12-16,2.0300000000000002,False
16,2012-12-17,2.5900000000000003,False
17,2012-12-18,1.7500000000000002,False
18,2012-12-19,1.7500000000000002,False
19,2012-12-20,5.32,False
20,2012-12-21,1.8900000000000001,False
21,2012-12-22,2.1,False
22,2012-12-23,2.1700000000000004,False
23,2012-12-24,2.1700000000000004,False
24,2012-12-25,2.31,False
25,2012-12-26,1.9600000000000002,False
26,2012-12-27,1.8900000000000001,False
27,2012-12-28,2.87,False
28,2012-12-29,0.0,False
29,2012-12-30,4.2,False
30,2012-12-31,5.250000000000001,False
0,2013-01-01,0.0,False
1,2013-01-02,3.0,False
2,2013-01-03,0.0,False
3,2013-01-04,1.5,False
4,2013-01-05,3.3000000000000003,False
5,2013-01-06,0.0,False
6,2013-01-07,4.3,False
7,2013-01-08,10.0,False
8,2013-01-09,2.8000000000000003,False
9,2013-01-10,0.0,False
10,2013-01-11,1.5,False
11,2013-01-12,6.7,False
12,2013-01-13,1.6,False
13,2013-01-14,1.4000000000000001,False
14,2013-01-15,2.7,False
15,2013-01-16,2.8000000000000003,False
16,2013-01-17,5.6000000000000005,False
17,2013-01-18,5.800000000000001,False
18,2013-01-19,3.3000000000000003,False
19,2013-01-20,3.2,False
20,2013-01-21,2.7,False
21,2013-01-22,0.0,False
22,2013-01-23,1.4000000000000001,False
23,2013-01-24,2.8000000000000003,False
24,2013-01-25,2.9000000000000004,False
25,2013-01-26,4.9,False
26,2013-01-27,0.0,False
27,2013-01-28,1.4000000000000001,False
28,2013-01-29,2.7,False
29,2013-01-30,2.8000000000000003,False
30,2013-01-31,4.2,False
0,2013-02-01,6.2,False
1,2013-02-02,0.0,False
2,2013-02-03,0.0,False
3,2013-02-04,4.0,False
4,2013-02-05,2.0,False
5,2013-02-06,10.0,False
6,2013-02-07,8.1,False
7,2013-02-08,6.300000000000001,False
8,2013-02-09,2.4000000000000004,False
9,2013-02-10,4.800000000000001,False
10,2013-02-11,8.1,False
11,2013-02-12,6.1000000000000005,False
12,2013-02-13,5.9,False
13,2013-02-14,4.1000000000000005,False
14,2013-02-15,6.300000000000001,False
15,2013-02-16,2.3000000000000003,False
16,2013-02-17,2.3000000000000003,False
17,2013-02-18,5.9,False
18,2013-02-19,7.800000000000001,False
19,2013-02-20,2.0,False
20,2013-02-21,3.9000000000000004,False
21,2013-02-22,8.3,False
22,2013-02-23,0.0,False
23,2013-02-24,0.0,False
24,2013-02-25,0.0,False
25,2013-02-26,5.800000000000001,False
26,2013-02-27,7.800000000000001,False
27,2013-02-28,6.0,False
0,2013-03-01,1.5,False
1,2013-03-02,1.7000000000000002,False
2,2013-03-03,0.0,False
3,2013-03-04,2.9000000000000004,False
4,2013-03-05,5.7,False
5,2013-03-06,5.7,False
6,2013-03-07,2.9000000000000004,False
7,2013-03-08,3.0,False
8,2013-03-09,0.0,False
9,2013-03-10,1.7000000000000002,False
10,2013-03-11,1.4000000000000001,False
11,2013-03-12,4.2,False
12,2013-03-13,2.8000000000000003,False
13,2013-03-14,4.3,False
14,2013-03-15,4.4,False
15,2013-03-16,1.7000000000000002,False
16,2013-03-17,1.7000000000000002,False
17,2013-03-18,2.8000000000000003,False
18,2013-03-19,2.8000000000000003,False
19,2013-03-20,8.5,False
20,2013-03-21,10.0,False
21,2013-03-22,3.0,False
22,2013-03-23,3.3000000000000003,False
23,2013-03-24,0.0,False
24,2013-03-25,2.8000000000000003,False
25,2013-03-26,2.8000000000000003,False
26,2013-03-27,4.4,False
27,2013-03-28,3.0,False
28,2013-03-29,1.6,False
29,2013-03-30,0.0,False
30,2013-03-31,3.6,False
0,2013-04-01,4.8,False
1,2013-04-02,9.0,False
2,2013-04-03,6.75,False
3,2013-04-04,5.7,False
4,2013-04-05,9.45,False
5,2013-04-06,4.05,False
6,2013-04-07,5.3999999999999995,False
7,2013-04-08,3.3,False
8,2013-04-09,5.55,False
9,2013-04-10,11.4,False
10,2013-04-11,6.8999999999999995,False
11,2013-04-12,6.0,False
12,2013-04-13,5.55,False
13,2013-04-14,2.6999999999999997,False
14,2013-04-15,4.5,False
15,2013-04-16,6.75,False
16,2013-04-17,9.15,False
17,2013-04-18,9.15,False
18,2013-04-19,9.45,False
19,2013-04-20,2.6999999999999997,False
20,2013-04-21,5.3999999999999995,False
21,2013-04-22,6.75,False
22,2013-04-23,6.8999999999999995,False
23,2013-04-24,5.7,False
24,2013-04-25,8.25,False
25,2013-04-26,4.8,False
26,2013-04-27,10.95,False
27,2013-04-28,0.0,False
28,2013-04-29,7.949999999999999,False
29,2013-04-30,15.0,False
0,2013-05-01,8.8,False
1,2013-05-02,2.0,False
2,2013-05-03,4.2,False
3,2013-05-04,4.800000000000001,False
4,2013-05-05,2.4000000000000004,False
5,2013-05-06,14.200000000000001,False
6,2013-05-07,20.0,False
7,2013-05-08,16.2,False
8,2013-05-09,10.200000000000001,False
9,2013-05-10,15.0,False
10,2013-05-11,0.0,False
11,2013-05-12,4.800000000000001,False
12,2013-05-13,0.0,False
13,2013-05-14,13.600000000000001,False
14,2013-05-15,9.8,False
15,2013-05-16,8.0,False
16,2013-05-17,10.600000000000001,False
17,2013-05-18,0.0,False
18,2013-05-19,2.4000000000000004,False
19,2013-05-20,6.0,False
20,2013-05-21,9.8,False
21,2013-05-22,7.800000000000001,False
22,2013-05-23,2.0,False
23,2013-05-24,2.0,False
24,2013-05-25,4.800000000000001,False
25,2013-05-26,4.800000000000001,False
26,2013-05-27,2.0,False
27,2013-05-28,13.4,False
28,2013-05-29,7.800000000000001,False
29,2013-05-30,6.0,False
30,2013-05-31,2.0,False
0,2013-06-01,2.88,False
1,2013-06-02,2.88,False
2,2013-06-03,5.88,False
3,2013-06-04,8.4,False
4,2013-06-05,2.4,False
5,2013-06-06,7.199999999999999,False
6,2013-06-07,2.52,False
7,2013-06-08,5.88,False
8,2013-06-09,2.88,False
9,2013-06-10,10.559999999999999,False
10,2013-06-11,3.48,False
11,2013-06-12,8.4,False
12,2013-06-13,6.0,False
13,2013-06-14,5.04,False
14,2013-06-15,5.88,False
15,2013-06-16,2.88,False
16,2013-06-17,3.5999999999999996,False
17,2013-06-18,12.0,False
18,2013-06-19,6.0,False
19,2013-06-20,8.52,False
20,2013-06-21,7.68,False
21,2013-06-22,4.4399999999999995,False
22,2013-06-23,0.0,False
23,2013-06-24,12.0,False
24,2013-06-25,7.199999999999999,False
25,2013-06-26,4.8,False
26,2013-06-27,4.8,False
27,2013-06-28,5.16,False
28,2013-06-29,4.56,False
29,2013-06-30,8.879999999999999,False
0,2013-07-01,2.08,False
1,2013-07-02,8.58,False
2,2013-07-03,8.71,False
3,2013-07-04,4.55,False
4,2013-07-05,7.0200000000000005,False
5,2013-07-06,5.46,False
6,2013-07-07,0.0,False
7,2013-07-08,4.29,False
8,2013-07-09,6.5,False
9,2013-07-10,4.42,False
10,2013-07-11,2.21,False
11,2013-07-12,2.34,False
12,2013-07-13,5.33,False
13,2013-07-14,0.0,False
14,2013-07-15,4.29,False
15,2013-07-16,6.5,False
16,2013-07-17,8.84,False
17,2013-07-18,4.42,False
18,2013-07-19,11.440000000000001,False
19,2013-07-20,0.0,False
20,2013-07-21,0.0,False
21,2013-07-22,10.790000000000001,False
22,2013-07-23,10.66,False
23,2013-07-24,4.29,False
24,2013-07-25,2.21,False
25,2013-07-26,4.55,False
26,2013-07-27,0.0,False
27,2013-07-28,0.0,False
28,2013-07-29,4.29,False
29,2013-07-30,10.66,False
30,2013-07-31,13.0,False
0,2013-08-01,0.0,False
1,2013-08-02,3.77,False
2,2013-08-03,2.21,False
3,2013-08-04,4.42,False
4,2013-08-05,7.28,False
5,2013-08-06,9.1,False
6,2013-08-07,12.74,False
7,2013-08-08,13.0,False
8,2013-08-09,9.49,False
9,2013-08-10,0.0,False
10,2013-08-11,0.0,False
11,2013-08-12,0.0,False
12,2013-08-13,5.33,False
13,2013-08-14,5.46,False
14,2013-08-15,1.9500000000000002,False
15,2013-08-16,3.77,False
16,2013-08-17,2.21,False
17,2013-08-18,4.29,False
18,2013-08-19,7.0200000000000005,False
19,2013-08-20,1.82,False
20,2013-08-21,10.530000000000001,False
21,2013-08-22,1.82,False
22,2013-08-23,3.64,False
23,2013-08-24,4.29,False
24,2013-08-25,0.0,False
25,2013-08-26,3.38,False
26,2013-08-27,1.69,False
27,2013-08-28,6.890000000000001,False
28,2013-08-29,3.5100000000000002,False
29,2013-08-30,0.0,False
30,2013-08-31,2.08,False
0,2013-09-01,4.5,False
1,2013-09-02,1.9000000000000001,False
2,2013-09-03,3.7,False
3,2013-09-04,7.5,False
4,2013-09-05,1.9000000000000001,False
5,2013-09-06,4.9,False
6,2013-09-07,2.3000000000000003,False
7,2013-09-08,2.2,False
8,2013-09-09,2.8000000000000003,False
9,2013-09-10,10.0,False
10,2013-09-11,6.5,False
11,2013-09-12,7.4,False
12,2013-09-13,7.7,False
13,2013-09-14,6.7,False
14,2013-09-15,2.2,False
15,2013-09-16,5.5,False
16,2013-09-17,8.200000000000001,False
17,2013-09-18,9.200000000000001,False
18,2013-09-19,4.7,False
19,2013-09-20,3.9000000000000004,False
20,2013-09-21,2.2,False
21,2013-09-22,2.2,False
22,2013-09-23,8.3,False
23,2013-09-24,2.7,False
24,2013-09-25,9.3,False
25,2013-09-26,3.8000000000000003,False
26,2013-09-27,9.8,False
27,2013-09-28,3.3000000000000003,False
28,2013-09-29,0.0,False
29,2013-09-30,5.5,False
0,2013-10-01,10.71,False
1,2013-10-02,2.21,False
2,2013-10-03,8.84,False
3,2013-10-04,11.39,False
4,2013-10-05,5.2700000000000005,False
5,2013-10-06,7.65,False
6,2013-10-07,8.67,False
7,2013-10-08,2.21,False
8,2013-10-09,15.3,False
9,2013-10-10,13.260000000000002,False
10,2013-10-11,4.590000000000001,False
11,2013-10-12,2.72,False
12,2013-10-13,2.5500000000000003,False
13,2013-10-14,11.05,False
14,2013-10-15,4.42,False
15,2013-10-16,6.630000000000001,False
16,2013-10-17,2.21,False
17,2013-10-18,9.180000000000001,False
18,2013-10-19,5.2700000000000005,False
19,2013-10-20,10.200000000000001,False
20,2013-10-21,4.25,False
21,2013-10-22,17.0,False
22,2013-10-23,10.71,False
23,2013-10-24,8.67,False
24,2013-10-25,11.22,False
25,2013-10-26,0.0,False
26,2013-10-27,0.0,False
27,2013-10-28,2.04,False
28,2013-10-29,10.540000000000001,False
29,2013-10-30,4.25,False
30,2013-10-31,6.630000000000001,False
0,2013-11-01,10.35,False
1,2013-11-02,1.95,False
2,2013-11-03,1.7999999999999998,False
3,2013-11-04,3.15,False
4,2013-11-05,6.3,False
5,2013-11-06,1.5,False
6,2013-11-07,9.6,False
7,2013-11-08,15.0,False
8,2013-11-09,1.95,False
9,2013-11-10,3.75,False
10,2013-11-11,6.3,False
11,2013-11-12,7.8,False
12,2013-11-13,6.3,False
13,2013-11-14,4.8,False
14,2013-11-15,3.3,False
15,2013-11-16,3.75,False
16,2013-11-17,3.75,False
17,2013-11-18,3.15,False
18,2013-11-19,4.6499999999999995,False
19,2013-11-20,3.15,False
20,2013-11-21,7.949999999999999,False
21,2013-11-22,0.0,False
22,2013-11-23,3.5999999999999996,False
23,2013-11-24,1.7999999999999998,False
24,2013-11-25,4.6499999999999995,False
25,2013-11-26,9.15,False
26,2013-11-27,0.0,False
27,2013-11-28,3.3,False
28,2013-11-29,5.1,False
29,2013-11-30,1.95,False
0,2013-12-01,3.7199999999999998,False
1,2013-12-02,6.359999999999999,False
2,2013-12-03,8.64,False
3,2013-12-04,4.32,False
4,2013-12-05,11.04,False
5,2013-12-06,10.32,False
6,2013-12-07,10.44,False
7,2013-12-08,0.0,False
8,2013-12-09,8.76,False
9,2013-12-10,12.0,False
10,2013-12-11,8.76,False
11,2013-12-12,9.0,False
12,2013-12-13,10.559999999999999,False
13,2013-12-14,2.6399999999999997,False
14,2013-12-15,5.279999999999999,False
15,2013-12-16,3.36,False
16,2013-12-17,3.36,False
17,2013-12-18,2.28,False
18,2013-12-19,5.76,False
19,2013-12-20,8.52,False
20,2013-12-21,4.08,False
21,2013-12-22,5.52,False
22,2013-12-23,8.52,False
23,2013-12-24,10.92,False
24,2013-12-25,6.0,False
25,2013-12-26,7.56,False
26,2013-12-27,11.04,False
27,2013-12-28,2.6399999999999997,False
28,2013-12-29,2.6399999999999997,False
29,2013-12-30,12.0,False
30,2013-12-31,8.04,False
0,2014-01-01,0.0,False
1,2014-01-02,5.59,False
2,2014-01-03,4.16,False
3,2014-01-04,0.0,False
4,2014-01-05,1.56,False
5,2014-01-06,4.03,False
6,2014-01-07,7.800000000000001,False
7,2014-01-08,2.6,False
8,2014-01-09,5.2,False
9,2014-01-10,2.73,False
10,2014-01-11,0.0,False
11,2014-01-12,0.0,False
12,2014-01-13,5.07,False
13,2014-01-14,13.0,False
14,2014-01-15,3.9000000000000004,False
15,2014-01-16,3.9000000000000004,False
16,2014-01-17,0.0,False
17,2014-01-18,3.12,False
18,2014-01-19,1.4300000000000002,False
19,2014-01-20,1.3,False
20,2014-01-21,3.77,False
21,2014-01-22,6.37,False
22,2014-01-23,5.07,False
23,2014-01-24,6.63,False
24,2014-01-25,1.4300000000000002,False
25,2014-01-26,1.4300000000000002,False
26,2014-01-27,1.3,False
27,2014-01-28,8.84,False
28,2014-01-29,3.77,False
29,2014-01-30,5.2,False
30,2014-01-31,2.73,False
0,2014-02-01,1.84,False
1,2014-02-02,1.84,False
2,2014-02-03,7.590000000000001,False
3,2014-02-04,9.200000000000001,False
4,2014-02-05,7.590000000000001,False
5,2014-02-06,23.0,False
6,2014-02-07,6.9,False
7,2014-02-08,1.84,False
8,2014-02-09,0.0,False
9,2014-02-10,7.590000000000001,False
10,2014-02-11,8.97,False
11,2014-02-12,5.98,False
12,2014-02-13,7.590000000000001,False
13,2014-02-14,7.82,False
14,2014-02-15,5.5200000000000005,False
15,2014-02-16,1.84,False
16,2014-02-17,7.82,False
17,2014-02-18,5.98,False
18,2014-02-19,2.99,False
19,2014-02-20,7.82,False
20,2014-02-21,4.83,False
21,2014-02-22,5.29,False
22,2014-02-23,0.0,False
23,2014-02-24,10.58,False
24,2014-02-25,9.200000000000001,False
25,2014-02-26,7.590000000000001,False
26,2014-02-27,7.590000000000001,False
27,2014-02-28,9.66,False
0,2014-03-01,0.0,False
1,2014-03-02,8.8,False
2,2014-03-03,11.88,False
3,2014-03-04,22.0,False
4,2014-03-05,14.08,False
5,2014-03-06,20.68,False
6,2014-03-07,19.36,False
7,2014-03-08,3.74,False
8,2014-03-09,2.42,False
9,2014-03-10,17.38,False
10,2014-03-11,11.88,False
11,2014-03-12,12.98,False
12,2014-03-13,9.68,False
13,2014-03-14,15.84,False
14,2014-03-15,5.06,False
15,2014-03-16,2.42,False
16,2014-03-17,15.18,False
17,2014-03-18,9.68,False
18,2014-03-19,11.88,False
19,2014-03-20,10.78,False
20,2014-03-21,14.74,False
21,2014-03-22,2.64,False
22,2014-03-23,2.42,False
23,2014-03-24,6.38,False
24,2014-03-25,12.540000000000001,False
25,2014-03-26,5.28,False
26,2014-03-27,10.78,False
27,2014-03-28,14.52,False
28,2014-03-29,5.06,False
29,2014-03-30,2.64,False
30,2014-03-31,11.88,False
0,2014-04-01,8.4,False
1,2014-04-02,11.129999999999999,False
2,2014-04-03,16.8,False
3,2014-04-04,14.49,False
4,2014-04-05,6.72,False
5,2014-04-06,3.15,False
6,2014-04-07,16.38,False
7,2014-04-08,6.93,False
8,2014-04-09,6.93,False
9,2014-04-10,19.95,False
10,2014-04-11,16.38,False
11,2014-04-12,3.36,False
12,2014-04-13,3.36,False
13,2014-04-14,11.34,False
14,2014-04-15,21.0,False
15,2014-04-16,18.689999999999998,False
16,2014-04-17,18.06,False
17,2014-04-18,12.809999999999999,False
18,2014-04-19,5.25,False
19,2014-04-20,3.57,False
20,2014-04-21,9.03,False
21,2014-04-22,5.46,False
22,2014-04-23,8.4,False
23,2014-04-24,17.009999999999998,False
24,2014-04-25,19.32,False
25,2014-04-26,6.72,False
26,2014-04-27,3.15,False
27,2014-04-28,13.86,False
28,2014-04-29,11.129999999999999,False
29,2014-04-30,17.009999999999998,False
0,2014-05-01,4.6000000000000005,False
1,2014-05-02,6.9,False
2,2014-05-03,5.0600000000000005,False
3,2014-05-04,5.0600000000000005,False
4,2014-05-05,15.180000000000001,False
5,2014-05-06,19.32,False
6,2014-05-07,10.58,False
7,2014-05-08,12.88,False
8,2014-05-09,13.57,False
9,2014-05-10,0.0,False
10,2014-05-11,7.590000000000001,False
11,2014-05-12,16.79,False
12,2014-05-13,23.0,False
13,2014-05-14,10.81,False
14,2014-05-15,19.55,False
15,2014-05-16,17.71,False
16,2014-05-17,0.0,False
17,2014-05-18,0.0,False
18,2014-05-19,8.51,False
19,2014-05-20,17.25,False
20,2014-05-21,11.73,False
21,2014-05-22,4.6000000000000005,False
22,2014-05-23,14.72,False
23,2014-05-24,0.0,False
24,2014-05-25,0.0,False
25,2014-05-26,0.0,False
26,2014-05-27,16.1,False
27,2014-05-28,9.43,False
28,2014-05-29,14.49,False
29,2014-05-30,7.36,False
30,2014-05-31,2.99,False
0,2014-06-01,9.03,False
1,2014-06-02,16.59,False
2,2014-06-03,18.27,False
3,2014-06-04,14.7,False
4,2014-06-05,9.45,False
5,2014-06-06,9.87,False
6,2014-06-07,21.0,False
7,2014-06-08,9.24,False
8,2014-06-09,15.12,False
9,2014-06-10,9.45,False
10,2014-06-11,16.8,False
11,2014-06-12,16.8,False
12,2014-06-13,13.65,False
13,2014-06-14,9.03,False
14,2014-06-15,11.34,False
15,2014-06-16,9.24,False
16,2014-06-17,16.59,False
17,2014-06-18,5.67,False
18,2014-06-19,5.67,False
19,2014-06-20,11.969999999999999,False
20,2014-06-21,6.93,False
21,2014-06-22,9.03,False
22,2014-06-23,18.689999999999998,False
23,2014-06-24,18.48,False
24,2014-06-25,9.24,False
25,2014-06-26,11.34,False
26,2014-06-27,17.849999999999998,False
27,2014-06-28,4.62,False
28,2014-06-29,13.86,False
29,2014-06-30,17.009999999999998,False
0,2014-07-01,16.74,False
1,2014-07-02,5.76,False
2,2014-07-03,7.38,False
3,2014-07-04,4.68,False
4,2014-07-05,7.02,False
5,2014-07-06,3.42,False
6,2014-07-07,9.719999999999999,False
7,2014-07-08,18.0,False
8,2014-07-09,7.02,False
9,2014-07-10,9.9,False
10,2014-07-11,8.82,False
11,2014-07-12,13.5,False
12,2014-07-13,5.04,False
13,2014-07-14,8.459999999999999,False
14,2014-07-15,15.299999999999999,False
15,2014-07-16,12.959999999999999,False
16,2014-07-17,15.84,False
17,2014-07-18,13.32,False
18,2014-07-19,6.84,False
19,2014-07-20,6.84,False
20,2014-07-21,5.58,False
21,2014-07-22,11.16,False
22,2014-07-23,7.199999999999999,False
23,2014-07-24,7.199999999999999,False
24,2014-07-25,11.879999999999999,False
25,2014-07-26,5.22,False
26,2014-07-27,6.84,False
27,2014-07-28,14.219999999999999,False
28,2014-07-29,8.459999999999999,False
29,2014-07-30,8.64,False
30,2014-07-31,11.52,False
0,2014-08-01,7.7,False
1,2014-08-02,4.4,False
2,2014-08-03,4.4,False
3,2014-08-04,12.98,False
4,2014-08-05,9.02,False
5,2014-08-06,18.7,False
6,2014-08-07,7.92,False
7,2014-08-08,7.7,False
8,2014-08-09,0.0,False
9,2014-08-10,2.2,False
10,2014-08-11,14.52,False
11,2014-08-12,10.78,False
12,2014-08-13,22.0,False
13,2014-08-14,9.24,False
14,2014-08-15,13.86,False
15,2014-08-16,6.6,False
16,2014-08-17,4.4,False
17,2014-08-18,5.5,False
18,2014-08-19,3.74,False
19,2014-08-20,5.5,False
20,2014-08-21,14.52,False
21,2014-08-22,9.46,False
22,2014-08-23,8.58,False
23,2014-08-24,2.2,False
24,2014-08-25,12.540000000000001,False
25,2014-08-26,3.52,False
26,2014-08-27,12.32,False
27,2014-08-28,10.78,False
28,2014-08-29,9.46,False
29,2014-08-30,6.38,False
30,2014-08-31,6.38,False
0,2014-09-01,0.0,False
1,2014-09-02,8.4,False
2,2014-09-03,15.600000000000001,False
3,2014-09-04,8.6,False
4,2014-09-05,7.6000000000000005,False
5,2014-09-06,5.800000000000001,False
6,2014-09-07,4.4,False
7,2014-09-08,9.600000000000001,False
8,2014-09-09,20.0,False
9,2014-09-10,10.8,False
10,2014-09-11,14.4,False
11,2014-09-12,7.6000000000000005,False
12,2014-09-13,7.2,False
13,2014-09-14,2.8000000000000003,False
14,2014-09-15,18.0,False
15,2014-09-16,12.0,False
16,2014-09-17,10.8,False
17,2014-09-18,13.4,False
18,2014-09-19,16.400000000000002,False
19,2014-09-20,2.8000000000000003,False
20,2014-09-21,5.6000000000000005,False
21,2014-09-22,7.2,False
22,2014-09-23,6.0,False
23,2014-09-24,16.8,False
24,2014-09-25,9.8,False
25,2014-09-26,14.0,False
26,2014-09-27,5.800000000000001,False
27,2014-09-28,5.800000000000001,False
28,2014-09-29,7.2,False
29,2014-09-30,9.600000000000001,False
0,2014-10-01,9.45,False
1,2014-10-02,17.009999999999998,False
2,2014-10-03,14.07,False
3,2014-10-04,5.88,False
4,2014-10-05,11.34,False
5,2014-10-06,8.19,False
6,2014-10-07,11.76,False
7,2014-10-08,9.45,False
8,2014-10-09,14.28,False
9,2014-10-10,21.0,False
10,2014-10-11,7.14,False
11,2014-10-12,0.0,False
12,2014-10-13,8.19,False
13,2014-10-14,10.5,False
14,2014-10-15,13.86,False
15,2014-10-16,14.07,False
16,2014-10-17,8.61,False
17,2014-10-18,5.67,False
18,2014-10-19,2.73,False
19,2014-10-20,15.12,False
20,2014-10-21,6.93,False
21,2014-10-22,10.5,False
22,2014-10-23,11.76,False
23,2014-10-24,11.129999999999999,False
24,2014-10-25,2.73,False
25,2014-10-26,8.19,False
26,2014-10-27,11.34,False
27,2014-10-28,10.29,False
28,2014-10-29,6.93,False
29,2014-10-30,10.709999999999999,False
30,2014-10-31,8.61,False
0,2014-11-01,7.25,False
1,2014-11-02,5.75,False
2,2014-11-03,21.75,False
3,2014-11-04,23.75,False
4,2014-11-05,24.75,False
5,2014-11-06,23.75,False
6,2014-11-07,25.0,False
7,2014-11-08,5.75,False
8,2014-11-09,5.5,False
9,2014-11-10,15.5,False
10,2014-11-11,19.0,False
11,2014-11-12,16.5,False
12,2014-11-13,13.0,False
13,2014-11-14,10.0,False
14,2014-11-15,8.5,False
15,2014-11-16,0.0,False
16,2014-11-17,10.5,False
17,2014-11-18,16.75,False
18,2014-11-19,12.25,False
19,2014-11-20,13.25,False
20,2014-11-21,19.75,False
21,2014-11-22,5.5,False
22,2014-11-23,5.5,False
23,2014-11-24,9.25,False
24,2014-11-25,18.5,False
25,2014-11-26,13.25,False
26,2014-11-27,3.75,False
27,2014-11-28,3.75,False
28,2014-11-29,5.5,False
29,2014-11-30,9.5,False
0,2014-12-01,21.84,False
1,2014-12-02,19.240000000000002,False
2,2014-12-03,18.2,False
3,2014-12-04,24.96,False
4,2014-12-05,26.0,False
5,2014-12-06,9.36,False
6,2014-12-07,6.24,False
7,2014-12-08,10.66,False
8,2014-12-09,16.900000000000002,False
9,2014-12-10,17.16,False
10,2014-12-11,8.06,False
11,2014-12-12,17.94,False
12,2014-12-13,9.620000000000001,False
13,2014-12-14,3.12,False
14,2014-12-15,10.4,False
15,2014-12-16,9.36,False
16,2014-12-17,22.880000000000003,False
17,2014-12-18,12.48,False
18,2014-12-19,18.72,False
19,2014-12-20,13.0,False
20,2014-12-21,3.38,False
21,2014-12-22,18.2,False
22,2014-12-23,23.14,False
23,2014-12-24,13.0,False
24,2014-12-25,7.0200000000000005,False
25,2014-12-26,12.48,False
26,2014-12-27,9.620000000000001,False
27,2014-12-28,4.68,False
28,2014-12-29,11.18,False
29,2014-12-30,17.16,False
30,2014-12-31,22.36,False
0,2015-01-01,7.04,False
1,2015-01-02,10.78,False
2,2015-01-03,6.38,False
3,2015-01-04,9.46,False
4,2015-01-05,9.46,False
5,2015-01-06,22.0,False
6,2015-01-07,8.14,False
7,2015-01-08,13.42,False
8,2015-01-09,9.68,False
9,2015-01-10,6.16,False
10,2015-01-11,9.24,False
11,2015-01-12,14.74,False
12,2015-01-13,15.84,False
13,2015-01-14,14.74,False
14,2015-01-15,20.02,False
15,2015-01-16,12.32,False
16,2015-01-17,3.08,False
17,2015-01-18,7.7,False
18,2015-01-19,5.28,False
19,2015-01-20,13.2,False
20,2015-01-21,19.580000000000002,False
21,2015-01-22,17.16,False
22,2015-01-23,13.64,False
23,2015-01-24,4.62,False
24,2015-01-25,6.16,False
25,2015-01-26,5.28,False
26,2015-01-27,20.68,False
27,2015-01-28,11.88,False
28,2015-01-29,15.84,False
29,2015-01-30,16.28,False
30,2015-01-31,7.7,False
0,2015-02-01,2.0999999999999996,False
1,2015-02-02,8.75,False
2,2015-02-03,35.0,False
3,2015-02-04,24.5,False
4,2015-02-05,28.7,False
5,2015-02-06,22.049999999999997,False
6,2015-02-07,4.199999999999999,False
7,2015-02-08,6.3,False
8,2015-02-09,12.25,False
9,2015-02-10,21.0,False
10,2015-02-11,16.099999999999998,False
11,2015-02-12,10.85,False
12,2015-02-13,18.9,False
13,2015-02-14,6.3,False
14,2015-02-15,4.199999999999999,False
15,2015-02-16,1.75,False
16,2015-02-17,27.65,False
17,2015-02-18,23.45,False
18,2015-02-19,9.1,False
19,2015-02-20,14.7,False
20,2015-02-21,4.199999999999999,False
21,2015-02-22,0.0,False
22,2015-02-23,7.0,False
23,2015-02-24,15.749999999999998,False
24,2015-02-25,22.75,False
25,2015-02-26,10.5,False
26,2015-02-27,16.45,False
27,2015-02-28,2.0999999999999996,False
0,2015-03-01,2.96,False
1,2015-03-02,25.16,False
2,2015-03-03,12.58,False
3,2015-03-04,33.3,False
4,2015-03-05,20.72,False
5,2015-03-06,27.009999999999998,False
6,2015-03-07,9.25,False
7,2015-03-08,8.879999999999999,False
8,2015-03-09,28.12,False
9,2015-03-10,7.77,False
10,2015-03-11,18.13,False
11,2015-03-12,30.71,False
12,2015-03-13,37.0,False
13,2015-03-14,21.09,False
14,2015-03-15,2.96,False
15,2015-03-16,30.71,False
16,2015-03-17,28.12,False
17,2015-03-18,35.89,False
18,2015-03-19,20.35,False
19,2015-03-20,21.09,False
20,2015-03-21,5.92,False
21,2015-03-22,8.879999999999999,False
22,2015-03-23,20.35,False
23,2015-03-24,22.94,False
24,2015-03-25,11.1,False
25,2015-03-26,32.93,False
26,2015-03-27,26.64,False
27,2015-03-28,15.91,False
28,2015-03-29,2.96,False
29,2015-03-30,22.94,False
30,2015-03-31,18.13,False
0,2015-04-01,15.600000000000001,False
1,2015-04-02,23.01,False
2,2015-04-03,12.48,False
3,2015-04-04,0.0,False
4,2015-04-05,5.46,False
5,2015-04-06,14.040000000000001,False
6,2015-04-07,10.92,False
7,2015-04-08,19.5,False
8,2015-04-09,17.55,False
9,2015-04-10,9.36,False
10,2015-04-11,5.07,False
11,2015-04-12,2.73,False
12,2015-04-13,19.5,False
13,2015-04-14,12.870000000000001,False
14,2015-04-15,28.470000000000002,False
15,2015-04-16,19.5,False
16,2015-04-17,22.62,False
17,2015-04-18,5.07,False
18,2015-04-19,5.07,False
19,2015-04-20,14.82,False
20,2015-04-21,19.5,False
21,2015-04-22,10.92,False
22,2015-04-23,19.89,False
23,2015-04-24,18.330000000000002,False
24,2015-04-25,12.870000000000001,False
25,2015-04-26,5.07,False
26,2015-04-27,39.0,False
27,2015-04-28,28.080000000000002,False
28,2015-04-29,19.11,False
29,2015-04-30,28.86,False
0,2015-05-01,20.16,False
1,2015-05-02,6.84,False
2,2015-05-03,3.96,False
3,2015-05-04,25.56,False
4,2015-05-05,36.0,False
5,2015-05-06,19.439999999999998,False
6,2015-05-07,14.04,False
7,2015-05-08,22.68,False
8,2015-05-09,2.88,False
9,2015-05-10,3.96,False
10,2015-05-11,12.24,False
11,2015-05-12,19.439999999999998,False
12,2015-05-13,16.56,False
13,2015-05-14,16.919999999999998,False
14,2015-05-15,15.479999999999999,False
15,2015-05-16,6.84,False
16,2015-05-17,4.68,False
17,2015-05-18,12.24,False
18,2015-05-19,21.599999999999998,False
19,2015-05-20,16.2,False
20,2015-05-21,15.479999999999999,False
21,2015-05-22,14.76,False
22,2015-05-23,9.719999999999999,False
23,2015-05-24,2.16,False
24,2015-05-25,6.84,False
25,2015-05-26,11.16,False
26,2015-05-27,9.719999999999999,False
27,2015-05-28,12.959999999999999,False
28,2015-05-29,13.68,False
29,2015-05-30,2.88,False
30,2015-05-31,4.68,False
0,2015-06-01,15.5,False
1,2015-06-02,4.03,False
2,2015-06-03,13.95,False
3,2015-06-04,12.4,False
4,2015-06-05,18.91,False
5,2015-06-06,4.65,False
6,2015-06-07,7.13,False
7,2015-06-08,11.78,False
8,2015-06-09,11.78,False
9,2015-06-10,19.53,False
10,2015-06-11,15.81,False
11,2015-06-12,8.37,False
12,2015-06-13,2.48,False
13,2015-06-14,4.65,False
14,2015-06-15,9.61,False
15,2015-06-16,15.5,False
16,2015-06-17,23.25,False
17,2015-06-18,13.95,False
18,2015-06-19,31.0,False
19,2015-06-20,7.13,False
20,2015-06-21,7.13,False
21,2015-06-22,11.78,False
22,2015-06-23,17.36,False
23,2015-06-24,17.669999999999998,False
24,2015-06-25,23.87,False
25,2015-06-26,20.77,False
26,2015-06-27,2.48,False
27,2015-06-28,2.48,False
28,2015-06-29,23.87,False
29,2015-06-30,13.64,False
0,2015-07-01,8.28,False
1,2015-07-02,12.24,False
2,2015-07-03,4.32,False
3,2015-07-04,7.56,False
4,2015-07-05,0.0,False
5,2015-07-06,28.08,False
6,2015-07-07,21.599999999999998,False
7,2015-07-08,34.56,False
8,2015-07-09,20.52,False
9,2015-07-10,18.72,False
10,2015-07-11,0.0,False
11,2015-07-12,2.52,False
12,2015-07-13,21.96,False
13,2015-07-14,16.2,False
14,2015-07-15,24.48,False
15,2015-07-16,20.88,False
16,2015-07-17,17.28,False
17,2015-07-18,10.44,False
18,2015-07-19,2.52,False
19,2015-07-20,19.08,False
20,2015-07-21,16.2,False
21,2015-07-22,26.279999999999998,False
22,2015-07-23,20.52,False
23,2015-07-24,20.88,False
24,2015-07-25,4.68,False
25,2015-07-26,4.68,False
26,2015-07-27,19.8,False
27,2015-07-28,18.0,False
28,2015-07-29,36.0,False
29,2015-07-30,24.119999999999997,False
30,2015-07-31,27.36,False
0,2015-08-01,5.0,False
1,2015-08-02,5.0,False
2,2015-08-03,21.0,False
3,2015-08-04,90.0,False
4,2015-08-05,97.0,False
5,2015-08-06,100.0,False
6,2015-08-07,57.0,False
7,2015-08-08,22.0,False
8,2015-08-09,12.0,False
9,2015-08-10,48.0,False
10,2015-08-11,31.0,False
11,2015-08-12,34.0,False
12,2015-08-13,53.0,False
13,2015-08-14,41.0,False
14,2015-08-15,17.0,False
15,2015-08-16,15.0,False
16,2015-08-17,37.0,False
17,2015-08-18,33.0,False
18,2015-08-19,35.0,False
19,2015-08-20,38.0,False
20,2015-08-21,88.0,False
21,2015-08-22,22.0,False
22,2015-08-23,7.0,False
23,2015-08-24,82.0,False
24,2015-08-25,67.0,False
25,2015-08-26,55.0,False
26,2015-08-27,57.0,False
27,2015-08-28,62.0,False
28,2015-08-29,12.0,False
29,2015-08-30,2.0,False
30,2015-08-31,36.0,False
0,2015-09-01,51.660000000000004,False
1,2015-09-02,46.62,False
2,2015-09-03,63.0,False
3,2015-09-04,59.85,False
4,2015-09-05,16.38,False
5,2015-09-06,8.19,False
6,2015-09-07,11.34,False
7,2015-09-08,47.25,False
8,2015-09-09,59.22,False
9,2015-09-10,34.02,False
10,2015-09-11,46.62,False
11,2015-09-12,11.34,False
12,2015-09-13,6.3,False
13,2015-09-14,44.1,False
14,2015-09-15,40.32,False
15,2015-09-16,33.39,False
16,2015-09-17,41.58,False
17,2015-09-18,25.2,False
18,2015-09-19,18.9,False
19,2015-09-20,3.15,False
20,2015-09-21,34.65,False
21,2015-09-22,40.95,False
22,2015-09-23,28.35,False
23,2015-09-24,40.32,False
24,2015-09-25,45.99,False
25,2015-09-26,12.6,False
26,2015-09-27,11.34,False
27,2015-09-28,36.54,False
28,2015-09-29,51.660000000000004,False
29,2015-09-30,33.39,False
0,2015-10-01,42.5,False
1,2015-10-02,32.0,False
2,2015-10-03,14.0,False
3,2015-10-04,4.0,False
4,2015-10-05,31.0,False
5,2015-10-06,23.5,False
6,2015-10-07,28.5,False
7,2015-10-08,29.5,False
8,2015-10-09,22.5,False
9,2015-10-10,7.5,False
10,2015-10-11,9.0,False
11,2015-10-12,30.0,False
12,2015-10-13,28.0,False
13,2015-10-14,38.5,False
14,2015-10-15,30.5,False
15,2015-10-16,39.5,False
16,2015-10-17,7.5,False
17,2015-10-18,7.5,False
18,2015-10-19,29.0,False
19,2015-10-20,39.0,False
20,2015-10-21,44.0,False
21,2015-10-22,42.5,False
22,2015-10-23,50.0,False
23,2015-10-24,14.0,False
24,2015-10-25,7.5,False
25,2015-10-26,35.0,False
26,2015-10-27,40.0,False
27,2015-10-28,45.5,False
28,2015-10-29,39.0,False
29,2015-10-30,45.5,False
30,2015-10-31,16.5,False
0,2015-11-01,4.62,False
1,2015-11-02,27.060000000000002,False
2,2015-11-03,49.5,False
3,2015-11-04,54.120000000000005,False
4,2015-11-05,66.0,False
5,2015-11-06,62.7,False
6,2015-11-07,25.080000000000002,False
7,2015-11-08,11.22,False
8,2015-11-09,41.580000000000005,False
9,2015-11-10,25.080000000000002,False
10,2015-11-11,21.78,False
11,2015-11-12,27.720000000000002,False
12,2015-11-13,32.34,False
13,2015-11-14,11.22,False
14,2015-11-15,4.62,False
15,2015-11-16,31.020000000000003,False
16,2015-11-17,30.360000000000003,False
17,2015-11-18,34.32,False
18,2015-11-19,19.8,False
19,2015-11-20,33.660000000000004,False
20,2015-11-21,11.22,False
21,2015-11-22,1.98,False
22,2015-11-23,28.380000000000003,False
23,2015-11-24,23.1,False
24,2015-11-25,28.380000000000003,False
25,2015-11-26,5.94,False
26,2015-11-27,42.24,False
27,2015-11-28,6.6000000000000005,False
28,2015-11-29,4.62,False
29,2015-11-30,24.42,False
0,2015-12-01,31.499999999999996,False
1,2015-12-02,37.099999999999994,False
2,2015-12-03,29.4,False
3,2015-12-04,34.3,False
4,2015-12-05,12.6,False
5,2015-12-06,4.199999999999999,False
6,2015-12-07,25.2,False
7,2015-12-08,23.799999999999997,False
8,2015-12-09,30.799999999999997,False
9,2015-12-10,26.599999999999998,False
10,2015-12-11,27.299999999999997,False
11,2015-12-12,12.6,False
12,2015-12-13,7.0,False
13,2015-12-14,28.7,False
14,2015-12-15,49.699999999999996,False
15,2015-12-16,40.599999999999994,False
16,2015-12-17,50.4,False
17,2015-12-18,59.49999999999999,False
18,2015-12-19,28.7,False
19,2015-12-20,14.0,False
20,2015-12-21,70.0,False
21,2015-12-22,46.9,False
22,2015-12-23,52.5,False
23,2015-12-24,33.599999999999994,False
24,2015-12-25,20.299999999999997,False
25,2015-12-26,6.3,False
26,2015-12-27,8.399999999999999,False
27,2015-12-28,41.3,False
28,2015-12-29,31.499999999999996,False
29,2015-12-30,31.499999999999996,False
30,2015-12-31,22.4,False
0,2016-01-01,10.54,False
1,2016-01-02,4.96,False
2,2016-01-03,6.82,False
3,2016-01-04,62.0,False
4,2016-01-05,44.64,False
5,2016-01-06,40.92,False
6,2016-01-07,61.38,False
7,2016-01-08,52.08,False
8,2016-01-09,13.02,False
9,2016-01-10,8.06,False
10,2016-01-11,37.2,False
11,2016-01-12,35.339999999999996,False
12,2016-01-13,39.68,False
13,2016-01-14,36.58,False
14,2016-01-15,44.64,False
15,2016-01-16,9.3,False
16,2016-01-17,4.34,False
17,2016-01-18,16.12,False
18,2016-01-19,25.419999999999998,False
19,2016-01-20,40.92,False
20,2016-01-21,37.2,False
21,2016-01-22,39.06,False
22,2016-01-23,8.06,False
23,2016-01-24,6.82,False
24,2016-01-25,31.62,False
25,2016-01-26,41.54,False
26,2016-01-27,34.72,False
27,2016-01-28,31.0,False
28,2016-01-29,34.72,False
29,2016-01-30,6.82,False
30,2016-01-31,8.06,False
0,2016-02-01,17.02,False
1,2016-02-02,25.16,False
2,2016-02-03,25.9,False
3,2016-02-04,20.72,False
4,2016-02-05,21.46,False
5,2016-02-06,4.4399999999999995,False
6,2016-02-07,4.4399999999999995,False
7,2016-02-08,29.6,False
8,2016-02-09,65.86,False
9,2016-02-10,74.0,False
10,2016-02-11,34.78,False
11,2016-02-12,37.0,False
12,2016-02-13,4.4399999999999995,False
13,2016-02-14,1.48,False
14,2016-02-15,11.1,False
15,2016-02-16,24.419999999999998,False
16,2016-02-17,25.9,False
17,2016-02-18,22.94,False
18,2016-02-19,27.38,False
19,2016-02-20,11.1,False
20,2016-02-21,3.7,False
21,2016-02-22,22.2,False
22,2016-02-23,14.06,False
23,2016-02-24,21.46,False
24,2016-02-25,17.02,False
25,2016-02-26,20.72,False
26,2016-02-27,3.7,False
27,2016-02-28,2.96,False
28,2016-02-29,22.2,False
0,2016-03-01,40.18,False
1,2016-03-02,34.79,False
2,2016-03-03,45.57,False
3,2016-03-04,37.24,False
4,2016-03-05,4.9,False
5,2016-03-06,5.88,False
6,2016-03-07,46.55,False
7,2016-03-08,26.95,False
8,2016-03-09,39.2,False
9,2016-03-10,37.73,False
10,2016-03-11,30.87,False
11,2016-03-12,11.27,False
12,2016-03-13,5.88,False
13,2016-03-14,18.62,False
14,2016-03-15,32.83,False
15,2016-03-16,29.4,False
16,2016-03-17,48.019999999999996,False
17,2016-03-18,46.06,False
18,2016-03-19,6.37,False
19,2016-03-20,6.37,False
20,2016-03-21,23.03,False
21,2016-03-22,36.75,False
22,2016-03-23,31.36,False
23,2016-03-24,30.38,False
24,2016-03-25,14.7,False
25,2016-03-26,10.29,False
26,2016-03-27,6.859999999999999,False
27,2016-03-28,16.169999999999998,False
28,2016-03-29,49.0,False
29,2016-03-30,31.849999999999998,False
30,2016-03-31,29.89,False
0,2016-04-01,33.0,False
1,2016-04-02,4.95,False
2,2016-04-03,2.2,False
3,2016-04-04,20.900000000000002,False
4,2016-04-05,41.800000000000004,False
5,2016-04-06,33.550000000000004,False
6,2016-04-07,36.300000000000004,False
7,2016-04-08,37.400000000000006,False
8,2016-04-09,12.100000000000001,False
9,2016-04-10,2.2,False
10,2016-04-11,23.1,False
11,2016-04-12,26.950000000000003,False
12,2016-04-13,31.900000000000002,False
13,2016-04-14,25.3,False
14,2016-04-15,31.35,False
15,2016-04-16,9.9,False
16,2016-04-17,2.2,False
17,2016-04-18,55.00000000000001,False
18,2016-04-19,35.75,False
19,2016-04-20,48.400000000000006,False
20,2016-04-21,25.85,False
21,2016-04-22,17.6,False
22,2016-04-23,12.100000000000001,False
23,2016-04-24,7.15,False
24,2016-04-25,26.950000000000003,False
25,2016-04-26,39.050000000000004,False
26,2016-04-27,31.35,False
27,2016-04-28,31.900000000000002,False
28,2016-04-29,53.35,False
29,2016-04-30,14.850000000000001,False
0,2016-05-01,5.28,False
1,2016-05-02,24.42,False
2,2016-05-03,17.82,False
3,2016-05-04,21.78,False
4,2016-05-05,26.400000000000002,False
5,2016-05-06,15.180000000000001,False
6,2016-05-07,5.28,False
7,2016-05-08,5.28,False
8,2016-05-09,29.040000000000003,False
9,2016-05-10,66.0,False
10,2016-05-11,62.040000000000006,False
11,2016-05-12,31.68,False
12,2016-05-13,23.1,False
13,2016-05-14,4.62,False
14,2016-05-15,3.3000000000000003,False
15,2016-05-16,19.14,False
16,2016-05-17,15.180000000000001,False
17,2016-05-18,20.46,False
18,2016-05-19,23.1,False
19,2016-05-20,12.540000000000001,False
20,2016-05-21,5.94,False
21,2016-05-22,1.32,False
22,2016-05-23,17.82,False
23,2016-05-24,24.42,False
24,2016-05-25,21.12,False
25,2016-05-26,17.82,False
26,2016-05-27,20.46,False
27,2016-05-28,1.98,False
28,2016-05-29,1.98,False
29,2016-05-30,4.62,False
30,2016-05-31,14.520000000000001,False
0,2016-06-01,24.990000000000002,False
1,2016-06-02,37.230000000000004,False
2,2016-06-03,34.17,False
3,2016-06-04,3.5700000000000003,False
4,2016-06-05,8.67,False
5,2016-06-06,26.01,False
6,2016-06-07,19.89,False
7,2016-06-08,25.5,False
8,2016-06-09,22.44,False
9,2016-06-10,16.32,False
10,2016-06-11,5.1,False
11,2016-06-12,6.12,False
12,2016-06-13,20.4,False
13,2016-06-14,20.4,False
14,2016-06-15,37.74,False
15,2016-06-16,34.68,False
16,2016-06-17,32.13,False
17,2016-06-18,7.65,False
18,2016-06-19,6.12,False
19,2016-06-20,33.660000000000004,False
20,2016-06-21,39.78,False
21,2016-06-22,20.91,False
22,2016-06-23,27.03,False
23,2016-06-24,51.0,False
24,2016-06-25,12.24,False
25,2016-06-26,3.5700000000000003,False
26,2016-06-27,35.7,False
27,2016-06-28,39.27,False
28,2016-06-29,34.17,False
29,2016-06-30,36.72,False
0,2016-07-01,21.619999999999997,False
1,2016-07-02,7.989999999999999,False
2,2016-07-03,10.809999999999999,False
3,2016-07-04,7.05,False
4,2016-07-05,37.599999999999994,False
5,2016-07-06,38.54,False
6,2016-07-07,43.71,False
7,2016-07-08,32.43,False
8,2016-07-09,11.28,False
9,2016-07-10,7.989999999999999,False
10,2016-07-11,47.0,False
11,2016-07-12,37.129999999999995,False
12,2016-07-13,26.32,False
13,2016-07-14,43.239999999999995,False
14,2016-07-15,24.439999999999998,False
15,2016-07-16,7.989999999999999,False
16,2016-07-17,2.82,False
17,2016-07-18,23.5,False
18,2016-07-19,14.1,False
19,2016-07-20,28.2,False
20,2016-07-21,31.49,False
21,2016-07-22,37.129999999999995,False
22,2016-07-23,11.28,False
23,2016-07-24,5.64,False
24,2016-07-25,16.45,False
25,2016-07-26,34.78,False
26,2016-07-27,25.849999999999998,False
27,2016-07-28,25.849999999999998,False
28,2016-07-29,19.74,False
29,2016-07-30,10.809999999999999,False
30,2016-07-31,2.82,False
0,2016-08-01,16.96,False
1,2016-08-02,18.02,False
2,2016-08-03,16.43,False
3,2016-08-04,16.43,False
4,2016-08-05,16.43,False
5,2016-08-06,2.6500000000000004,False
6,2016-08-07,1.59,False
7,2016-08-08,21.73,False
8,2016-08-09,45.050000000000004,False
9,2016-08-10,53.0,False
10,2016-08-11,15.370000000000001,False
11,2016-08-12,16.96,False
12,2016-08-13,7.95,False
13,2016-08-14,3.71,False
14,2016-08-15,13.780000000000001,False
15,2016-08-16,17.490000000000002,False
16,2016-08-17,9.01,False
17,2016-08-18,13.25,False
18,2016-08-19,12.190000000000001,False
19,2016-08-20,6.36,False
20,2016-08-21,2.12,False
21,2016-08-22,11.66,False
22,2016-08-23,14.84,False
23,2016-08-24,14.31,False
24,2016-08-25,10.07,False
25,2016-08-26,6.36,False
26,2016-08-27,3.18,False
27,2016-08-28,4.24,False
28,2016-08-29,12.72,False
29,2016-08-30,9.540000000000001,False
30,2016-08-31,13.25,False
0,2016-09-01,22.139999999999997,False
1,2016-09-02,24.599999999999998,False
2,2016-09-03,5.33,False
3,2016-09-04,3.28,False
4,2016-09-05,2.8699999999999997,False
5,2016-09-06,28.7,False
6,2016-09-07,22.139999999999997,False
7,2016-09-08,25.83,False
8,2016-09-09,29.52,False
9,2016-09-10,9.02,False
10,2016-09-11,5.33,False
11,2016-09-12,12.299999999999999,False
12,2016-09-13,27.88,False
13,2016-09-14,18.86,False
14,2016-09-15,41.0,False
15,2016-09-16,12.709999999999999,False
16,2016-09-17,7.38,False
17,2016-09-18,2.05,False
18,2016-09-19,22.139999999999997,False
19,2016-09-20,12.709999999999999,False
20,2016-09-21,21.32,False
21,2016-09-22,26.65,False
22,2016-09-23,14.76,False
23,2016-09-24,6.56,False
24,2016-09-25,4.1,False
25,2016-09-26,30.34,False
26,2016-09-27,29.52,False
27,2016-09-28,22.959999999999997,False
28,2016-09-29,18.86,False
29,2016-09-30,25.009999999999998,False
0,2016-10-01,7.4,False
1,2016-10-02,2.2199999999999998,False
2,2016-10-03,21.09,False
3,2016-10-04,31.08,False
4,2016-10-05,33.3,False
5,2016-10-06,32.19,False
6,2016-10-07,24.05,False
7,2016-10-08,9.62,False
8,2016-10-09,2.2199999999999998,False
9,2016-10-10,27.38,False
10,2016-10-11,25.16,False
11,2016-10-12,19.24,False
12,2016-10-13,17.02,False
13,2016-10-14,13.32,False
14,2016-10-15,2.59,False
15,2016-10-16,2.2199999999999998,False
16,2016-10-17,22.94,False
17,2016-10-18,35.15,False
18,2016-10-19,31.08,False
19,2016-10-20,24.79,False
20,2016-10-21,37.0,False
21,2016-10-22,12.209999999999999,False
22,2016-10-23,7.4,False
23,2016-10-24,27.009999999999998,False
24,2016-10-25,27.009999999999998,False
25,2016-10-26,33.3,False
26,2016-10-27,21.09,False
27,2016-10-28,19.61,False
28,2016-10-29,7.4,False
29,2016-10-30,0.0,False
30,2016-10-31,23.68,False
0,2016-11-01,17.92,False
1,2016-11-02,20.720000000000002,False
2,2016-11-03,7.280000000000001,False
3,2016-11-04,25.76,False
4,2016-11-05,1.6800000000000002,False
5,2016-11-06,1.6800000000000002,False
6,2016-11-07,20.160000000000004,False
7,2016-11-08,24.080000000000002,False
8,2016-11-09,26.320000000000004,False
9,2016-11-10,45.92,False
10,2016-11-11,56.00000000000001,False
11,2016-11-12,10.080000000000002,False
12,2016-11-13,3.3600000000000003,False
13,2016-11-14,25.76,False
14,2016-11-15,30.240000000000002,False
15,2016-11-16,30.240000000000002,False
16,2016-11-17,29.120000000000005,False
17,2016-11-18,31.360000000000003,False
18,2016-11-19,5.040000000000001,False
19,2016-11-20,6.16,False
20,2016-11-21,19.6,False
21,2016-11-22,22.96,False
22,2016-11-23,18.48,False
23,2016-11-24,6.16,False
24,2016-11-25,22.400000000000002,False
25,2016-11-26,6.16,False
26,2016-11-27,6.16,False
27,2016-11-28,17.360000000000003,False
28,2016-11-29,20.160000000000004,False
29,2016-11-30,25.200000000000003,False
0,2016-12-01,35.5,False
1,2016-12-02,17.5,False
2,2016-12-03,4.5,False
3,2016-12-04,2.0,False
4,2016-12-05,17.0,False
5,2016-12-06,23.5,False
6,2016-12-07,45.0,False
7,2016-12-08,30.5,False
8,2016-12-09,37.0,False
9,2016-12-10,8.5,False
10,2016-12-11,0.0,False
11,2016-12-12,20.0,False
12,2016-12-13,36.5,False
13,2016-12-14,22.5,False
14,2016-12-15,44.0,False
15,2016-12-16,50.0,False
16,2016-12-17,6.5,False
17,2016-12-18,6.5,False
18,2016-12-19,25.0,False
19,2016-12-20,29.5,False
20,2016-12-21,46.0,False
21,2016-12-22,18.0,False
22,2016-12-23,16.5,False
23,2016-12-24,9.5,False
24,2016-12-25,2.5,False
25,2016-12-26,0.0,False
26,2016-12-27,30.0,False
27,2016-12-28,24.0,False
28,2016-12-29,18.5,False
29,2016-12-30,21.0,False
30,2016-12-31,11.5,False
0,2017-01-01,5.1,False
1,2017-01-02,11.22,False
2,2017-01-03,16.830000000000002,False
3,2017-01-04,36.21,False
4,2017-01-05,34.17,False
5,2017-01-06,35.19,False
6,2017-01-07,7.140000000000001,False
7,2017-01-08,9.18,False
8,2017-01-09,38.76,False
9,2017-01-10,26.52,False
10,2017-01-11,51.0,False
11,2017-01-12,39.27,False
12,2017-01-13,27.54,False
13,2017-01-14,9.18,False
14,2017-01-15,6.63,False
15,2017-01-16,12.24,False
16,2017-01-17,42.33,False
17,2017-01-18,19.89,False
18,2017-01-19,30.6,False
19,2017-01-20,43.86,False
20,2017-01-21,9.18,False
21,2017-01-22,2.04,False
22,2017-01-23,34.17,False
23,2017-01-24,38.25,False
24,2017-01-25,30.6,False
25,2017-01-26,35.7,False
26,2017-01-27,42.84,False
27,2017-01-28,4.59,False
28,2017-01-29,6.63,False
29,2017-01-30,41.31,False
30,2017-01-31,13.77,False
0,2017-02-01,35.4,False
1,2017-02-02,23.4,False
2,2017-02-03,27.599999999999998,False
3,2017-02-04,7.199999999999999,False
4,2017-02-05,1.7999999999999998,False
5,2017-02-06,24.599999999999998,False
6,2017-02-07,60.0,False
7,2017-02-08,39.0,False
8,2017-02-09,48.6,False
9,2017-02-10,27.599999999999998,False
10,2017-02-11,7.199999999999999,False
11,2017-02-12,5.3999999999999995,False
12,2017-02-13,13.799999999999999,False
13,2017-02-14,19.8,False
14,2017-02-15,31.799999999999997,False
15,2017-02-16,21.599999999999998,False
16,2017-02-17,20.4,False
17,2017-02-18,10.799999999999999,False
18,2017-02-19,1.7999999999999998,False
19,2017-02-20,6.0,False
20,2017-02-21,26.4,False
21,2017-02-22,28.2,False
22,2017-02-23,28.799999999999997,False
23,2017-02-24,19.2,False
24,2017-02-25,1.7999999999999998,False
25,2017-02-26,3.5999999999999996,False
26,2017-02-27,22.8,False
27,2017-02-28,22.8,False
0,2017-03-01,35.88,False
1,2017-03-02,35.88,False
2,2017-03-03,34.04,False
3,2017-03-04,6.9,False
4,2017-03-05,9.200000000000001,False
5,2017-03-06,25.76,False
6,2017-03-07,27.14,False
7,2017-03-08,16.1,False
8,2017-03-09,38.64,False
9,2017-03-10,23.46,False
10,2017-03-11,9.66,False
11,2017-03-12,8.74,False
12,2017-03-13,5.5200000000000005,False
13,2017-03-14,33.120000000000005,False
14,2017-03-15,28.98,False
15,2017-03-16,25.3,False
16,2017-03-17,12.88,False
17,2017-03-18,14.26,False
18,2017-03-19,2.3000000000000003,False
19,2017-03-20,46.0,False
20,2017-03-21,38.64,False
21,2017-03-22,40.940000000000005,False
22,2017-03-23,12.42,False
23,2017-03-24,32.2,False
24,2017-03-25,7.36,False
25,2017-03-26,6.9,False
26,2017-03-27,24.84,False
27,2017-03-28,33.58,False
28,2017-03-29,33.58,False
29,2017-03-30,25.76,False
30,2017-03-31,17.48,False
0,2017-04-01,2.34,False
1,2017-04-02,0.0,False
2,2017-04-03,12.870000000000001,False
3,2017-04-04,20.67,False
4,2017-04-05,14.82,False
5,2017-04-06,18.72,False
6,2017-04-07,21.060000000000002,False
7,2017-04-08,6.63,False
8,2017-04-09,2.34,False
9,2017-04-10,18.72,False
10,2017-04-11,28.470000000000002,False
11,2017-04-12,21.060000000000002,False
12,2017-04-13,14.040000000000001,False
13,2017-04-14,21.45,False
14,2017-04-15,8.97,False
15,2017-04-16,6.63,False
16,2017-04-17,19.5,False
17,2017-04-18,22.23,False
18,2017-04-19,23.79,False
19,2017-04-20,24.57,False
20,2017-04-21,17.55,False
21,2017-04-22,8.58,False
22,2017-04-23,4.29,False
23,2017-04-24,16.77,False
24,2017-04-25,28.080000000000002,False
25,2017-04-26,27.69,False
26,2017-04-27,35.88,False
27,2017-04-28,39.0,False
28,2017-04-29,8.97,False
29,2017-04-30,6.63,False
0,2017-05-01,18.36,False
1,2017-05-02,13.26,False
2,2017-05-03,20.4,False
3,2017-05-04,20.4,False
4,2017-05-05,17.34,False
5,2017-05-06,3.06,False
6,2017-05-07,3.5700000000000003,False
7,2017-05-08,26.52,False
8,2017-05-09,51.0,False
9,2017-05-10,51.0,False
10,2017-05-11,30.09,False
11,2017-05-12,22.44,False
12,2017-05-13,11.73,False
13,2017-05-14,2.55,False
14,2017-05-15,17.85,False
15,2017-05-16,20.4,False
16,2017-05-17,24.990000000000002,False
17,2017-05-18,28.560000000000002,False
18,2017-05-19,23.46,False
19,2017-05-20,5.1,False
20,2017-05-21,3.06,False
21,2017-05-22,15.81,False
22,2017-05-23,19.38,False
23,2017-05-24,16.32,False
24,2017-05-25,15.81,False
25,2017-05-26,15.81,False
26,2017-05-27,5.1,False
27,2017-05-28,3.5700000000000003,False
28,2017-05-29,3.06,False
29,2017-05-30,12.24,False
30,2017-05-31,11.73,False
0,2017-06-01,24.32,False
1,2017-06-02,24.7,False
2,2017-06-03,2.66,False
3,2017-06-04,2.66,False
4,2017-06-05,28.12,False
5,2017-06-06,25.46,False
6,2017-06-07,16.72,False
7,2017-06-08,19.0,False
8,2017-06-09,24.7,False
9,2017-06-10,2.66,False
10,2017-06-11,2.66,False
11,2017-06-12,19.0,False
12,2017-06-13,19.0,False
13,2017-06-14,21.28,False
14,2017-06-15,26.22,False
15,2017-06-16,26.98,False
16,2017-06-17,7.6,False
17,2017-06-18,4.94,False
18,2017-06-19,15.2,False
19,2017-06-20,18.62,False
20,2017-06-21,26.6,False
21,2017-06-22,38.0,False
22,2017-06-23,19.38,False
23,2017-06-24,2.66,False
24,2017-06-25,4.94,False
25,2017-06-26,22.04,False
26,2017-06-27,22.04,False
27,2017-06-28,15.58,False
28,2017-06-29,22.04,False
29,2017-06-30,9.120000000000001,False
0,2017-07-01,8.36,False
1,2017-07-02,5.7,False
2,2017-07-03,26.98,False
3,2017-07-04,4.94,False
4,2017-07-05,29.64,False
5,2017-07-06,29.26,False
6,2017-07-07,30.02,False
7,2017-07-08,11.4,False
8,2017-07-09,0.0,False
9,2017-07-10,25.84,False
10,2017-07-11,21.28,False
11,2017-07-12,21.28,False
12,2017-07-13,24.32,False
13,2017-07-14,14.82,False
14,2017-07-15,5.7,False
15,2017-07-16,8.36,False
16,2017-07-17,31.16,False
17,2017-07-18,28.5,False
18,2017-07-19,28.5,False
19,2017-07-20,31.16,False
20,2017-07-21,26.98,False
21,2017-07-22,11.02,False
22,2017-07-23,5.32,False
23,2017-07-24,18.62,False
24,2017-07-25,18.62,False
25,2017-07-26,23.18,False
26,2017-07-27,38.0,False
27,2017-07-28,31.92,False
28,2017-07-29,13.68,False
29,2017-07-30,2.66,False
30,2017-07-31,11.78,False
0,2017-08-01,8.16,False
1,2017-08-02,14.879999999999999,False
2,2017-08-03,10.559999999999999,False
3,2017-08-04,10.08,False
4,2017-08-05,1.92,False
5,2017-08-06,2.88,False
6,2017-08-07,9.6,False
7,2017-08-08,34.56,False
8,2017-08-09,48.0,False
9,2017-08-10,24.48,False
10,2017-08-11,11.04,False
11,2017-08-12,4.8,False
12,2017-08-13,1.92,False
13,2017-08-14,8.64,False
14,2017-08-15,8.64,False
15,2017-08-16,13.44,False
16,2017-08-17,5.76,False
17,2017-08-18,6.72,False
18,2017-08-19,4.8,False
19,2017-08-20,1.92,False
20,2017-08-21,8.16,False
21,2017-08-22,8.16,False
22,2017-08-23,7.68,False
23,2017-08-24,11.52,False
24,2017-08-25,7.199999999999999,False
25,2017-08-26,0.96,False
26,2017-08-27,0.96,False
27,2017-08-28,10.08,False
28,2017-08-29,9.6,False
29,2017-08-30,4.8,False
30,2017-08-31,9.12,False
0,2017-09-01,17.68,False
1,2017-09-02,1.7000000000000002,False
2,2017-09-03,3.06,False
3,2017-09-04,1.36,False
4,2017-09-05,12.920000000000002,False
5,2017-09-06,15.3,False
6,2017-09-07,34.0,False
7,2017-09-08,30.26,False
8,2017-09-09,6.12,False
9,2017-09-10,4.42,False
10,2017-09-11,15.3,False
11,2017-09-12,18.02,False
12,2017-09-13,9.180000000000001,False
13,2017-09-14,14.280000000000001,False
14,2017-09-15,17.34,False
15,2017-09-16,3.06,False
16,2017-09-17,1.36,False
17,2017-09-18,12.920000000000002,False
18,2017-09-19,16.66,False
19,2017-09-20,22.1,False
20,2017-09-21,14.280000000000001,False
21,2017-09-22,9.520000000000001,False
22,2017-09-23,6.12,False
23,2017-09-24,3.06,False
24,2017-09-25,10.200000000000001,False
25,2017-09-26,13.940000000000001,False
26,2017-09-27,12.920000000000002,False
27,2017-09-28,5.1000000000000005,False
28,2017-09-29,14.96,False
29,2017-09-30,6.12,False
0,2017-10-01,4.07,False
1,2017-10-02,37.0,False
2,2017-10-03,19.24,False
3,2017-10-04,19.61,False
4,2017-10-05,15.91,False
5,2017-10-06,21.83,False
6,2017-10-07,0.0,False
7,2017-10-08,1.85,False
8,2017-10-09,15.54,False
9,2017-10-10,19.24,False
10,2017-10-11,21.09,False
11,2017-10-12,26.64,False
12,2017-10-13,23.68,False
13,2017-10-14,0.0,False
14,2017-10-15,5.92,False
15,2017-10-16,22.57,False
16,2017-10-17,22.57,False
17,2017-10-18,26.27,False
18,2017-10-19,19.98,False
19,2017-10-20,20.35,False
20,2017-10-21,4.07,False
21,2017-10-22,1.85,False
22,2017-10-23,24.05,False
23,2017-10-24,15.54,False
24,2017-10-25,10.36,False
25,2017-10-26,10.73,False
26,2017-10-27,14.43,False
27,2017-10-28,16.28,False
28,2017-10-29,5.92,False
29,2017-10-30,25.9,False
30,2017-10-31,28.49,False
0,2017-11-01,14.56,False
1,2017-11-02,19.76,False
2,2017-11-03,16.64,False
3,2017-11-04,7.800000000000001,False
4,2017-11-05,5.2,False
5,2017-11-06,20.28,False
6,2017-11-07,29.12,False
7,2017-11-08,26.52,False
8,2017-11-09,41.08,False
9,2017-11-10,52.0,False
10,2017-11-11,8.32,False
11,2017-11-12,4.68,False
12,2017-11-13,23.400000000000002,False
13,2017-11-14,19.240000000000002,False
14,2017-11-15,20.8,False
15,2017-11-16,18.72,False
16,2017-11-17,21.32,False
17,2017-11-18,5.720000000000001,False
18,2017-11-19,1.56,False
19,2017-11-20,13.0,False
20,2017-11-21,16.64,False
21,2017-11-22,9.88,False
22,2017-11-23,6.24,False
23,2017-11-24,10.92,False
24,2017-11-25,4.16,False
25,2017-11-26,2.08,False
26,2017-11-27,14.040000000000001,False
27,2017-11-28,16.64,False
28,2017-11-29,16.12,False
29,2017-11-30,19.240000000000002,False
0,2017-12-01,20.25,False
1,2017-12-02,3.75,False
2,2017-12-03,0.75,False
3,2017-12-04,25.5,False
4,2017-12-05,21.0,False
5,2017-12-06,19.5,False
6,2017-12-07,14.25,False
7,2017-12-08,11.25,False
8,2017-12-09,9.75,False
9,2017-12-10,3.0,False
10,2017-12-11,15.0,False
11,2017-12-12,18.75,False
12,2017-12-13,19.5,False
13,2017-12-14,75.0,False
14,2017-12-15,48.75,False
15,2017-12-16,9.75,False
16,2017-12-17,5.25,False
17,2017-12-18,22.5,False
18,2017-12-19,21.0,False
19,2017-12-20,21.75,False
20,2017-12-21,15.75,False
21,2017-12-22,15.0,False
22,2017-12-23,3.0,False
23,2017-12-24,2.25,False
24,2017-12-25,1.5,False
25,2017-12-26,11.25,False
26,2017-12-27,22.5,False
27,2017-12-28,15.0,False
28,2017-12-29,13.5,False
29,2017-12-30,3.0,False
30,2017-12-31,0.0,False
0,2018-01-01,5.61,False
1,2018-01-02,44.88,False
2,2018-01-03,41.82,False
3,2018-01-04,47.94,False
4,2018-01-05,30.6,False
5,2018-01-06,8.67,False
6,2018-01-07,7.140000000000001,False
7,2018-01-08,32.64,False
8,2018-01-09,35.7,False
9,2018-01-10,27.03,False
10,2018-01-11,35.19,False
11,2018-01-12,51.0,False
12,2018-01-13,12.24,False
13,2018-01-14,12.24,False
14,2018-01-15,20.4,False
15,2018-01-16,32.64,False
16,2018-01-17,35.19,False
17,2018-01-18,31.11,False
18,2018-01-19,35.7,False
19,2018-01-20,11.22,False
20,2018-01-21,7.140000000000001,False
21,2018-01-22,28.560000000000002,False
22,2018-01-23,38.76,False
23,2018-01-24,39.27,False
24,2018-01-25,23.46,False
25,2018-01-26,40.29,False
26,2018-01-27,11.22,False
27,2018-01-28,5.1,False
28,2018-01-29,32.13,False
29,2018-01-30,33.15,False
30,2018-01-31,42.33,False
0,2018-02-01,22.619999999999997,False
1,2018-02-02,30.74,False
2,2018-02-03,7.539999999999999,False
3,2018-02-04,3.4799999999999995,False
4,2018-02-05,26.68,False
5,2018-02-06,57.99999999999999,False
6,2018-02-07,52.199999999999996,False
7,2018-02-08,41.76,False
8,2018-02-09,27.839999999999996,False
9,2018-02-10,12.18,False
10,2018-02-11,7.539999999999999,False
11,2018-02-12,25.52,False
12,2018-02-13,27.839999999999996,False
13,2018-02-14,27.839999999999996,False
14,2018-02-15,23.779999999999998,False
15,2018-02-16,24.939999999999998,False
16,2018-02-17,11.02,False
17,2018-02-18,5.22,False
18,2018-02-19,11.02,False
19,2018-02-20,22.04,False
20,2018-02-21,28.999999999999996,False
21,2018-02-22,18.56,False
22,2018-02-23,19.139999999999997,False
23,2018-02-24,9.28,False
24,2018-02-25,6.959999999999999,False
25,2018-02-26,27.839999999999996,False
26,2018-02-27,34.8,False
27,2018-02-28,24.36,False
0,2018-03-01,37.599999999999994,False
1,2018-03-02,28.669999999999998,False
2,2018-03-03,6.109999999999999,False
3,2018-03-04,3.76,False
4,2018-03-05,27.259999999999998,False
5,2018-03-06,32.43,False
6,2018-03-07,32.9,False
7,2018-03-08,24.439999999999998,False
8,2018-03-09,25.38,False
9,2018-03-10,6.109999999999999,False
10,2018-03-11,7.989999999999999,False
11,2018-03-12,20.209999999999997,False
12,2018-03-13,39.01,False
13,2018-03-14,16.919999999999998,False
14,2018-03-15,24.439999999999998,False
15,2018-03-16,19.74,False
16,2018-03-17,4.2299999999999995,False
17,2018-03-18,7.52,False
18,2018-03-19,29.139999999999997,False
19,2018-03-20,31.02,False
20,2018-03-21,27.729999999999997,False
21,2018-03-22,19.27,False
22,2018-03-23,29.139999999999997,False
23,2018-03-24,7.989999999999999,False
24,2018-03-25,1.88,False
25,2018-03-26,31.49,False
26,2018-03-27,31.49,False
27,2018-03-28,25.38,False
28,2018-03-29,47.0,False
29,2018-03-30,9.87,False
30,2018-03-31,6.109999999999999,False
0,2018-04-01,4.84,False
1,2018-04-02,28.16,False
2,2018-04-03,44.0,False
3,2018-04-04,13.64,False
4,2018-04-05,22.0,False
5,2018-04-06,16.72,False
6,2018-04-07,7.48,False
7,2018-04-08,1.76,False
8,2018-04-09,21.56,False
9,2018-04-10,25.96,False
10,2018-04-11,18.92,False
11,2018-04-12,16.28,False
12,2018-04-13,18.48,False
13,2018-04-14,3.52,False
14,2018-04-15,2.64,False
15,2018-04-16,24.64,False
16,2018-04-17,24.64,False
17,2018-04-18,19.36,False
18,2018-04-19,23.76,False
19,2018-04-20,24.2,False
20,2018-04-21,8.36,False
21,2018-04-22,2.64,False
22,2018-04-23,11.88,False
23,2018-04-24,21.12,False
24,2018-04-25,25.96,False
25,2018-04-26,19.36,False
26,2018-04-27,29.92,False
27,2018-04-28,9.68,False
28,2018-04-29,11.88,False
29,2018-04-30,35.64,False
0,2018-05-01,22.63,False
1,2018-05-02,24.82,False
2,2018-05-03,13.14,False
3,2018-05-04,22.63,False
4,2018-05-05,12.41,False
5,2018-05-06,5.84,False
6,2018-05-07,25.55,False
7,2018-05-08,73.0,False
8,2018-05-09,67.16,False
9,2018-05-10,30.66,False
10,2018-05-11,32.85,False
11,2018-05-12,9.49,False
12,2018-05-13,2.92,False
13,2018-05-14,22.63,False
14,2018-05-15,18.98,False
15,2018-05-16,29.2,False
16,2018-05-17,32.85,False
17,2018-05-18,20.439999999999998,False
18,2018-05-19,5.84,False
19,2018-05-20,8.76,False
20,2018-05-21,12.41,False
21,2018-05-22,32.12,False
22,2018-05-23,22.63,False
23,2018-05-24,20.439999999999998,False
24,2018-05-25,21.9,False
25,2018-05-26,4.38,False
26,2018-05-27,2.92,False
27,2018-05-28,5.84,False
28,2018-05-29,21.169999999999998,False
29,2018-05-30,26.28,False
30,2018-05-31,23.36,False
0,2018-06-01,30.0,False
1,2018-06-02,7.8,False
2,2018-06-03,4.2,False
3,2018-06-04,30.599999999999998,False
4,2018-06-05,42.0,False
5,2018-06-06,18.599999999999998,False
6,2018-06-07,27.0,False
7,2018-06-08,37.199999999999996,False
8,2018-06-09,10.2,False
9,2018-06-10,6.0,False
10,2018-06-11,26.4,False
11,2018-06-12,40.8,False
12,2018-06-13,54.0,False
13,2018-06-14,60.0,False
14,2018-06-15,57.0,False
15,2018-06-16,13.799999999999999,False
16,2018-06-17,11.4,False
17,2018-06-18,21.599999999999998,False
18,2018-06-19,46.199999999999996,False
19,2018-06-20,46.8,False
20,2018-06-21,38.4,False
21,2018-06-22,33.0,False
22,2018-06-23,6.0,False
23,2018-06-24,7.8,False
24,2018-06-25,19.8,False
25,2018-06-26,21.599999999999998,False
26,2018-06-27,28.799999999999997,False
27,2018-06-28,33.6,False
28,2018-06-29,21.599999999999998,False
29,2018-06-30,9.6,False
0,2018-07-01,4.32,False
1,2018-07-02,28.080000000000002,False
2,2018-07-03,29.160000000000004,False
3,2018-07-04,5.94,False
4,2018-07-05,27.0,False
5,2018-07-06,32.940000000000005,False
6,2018-07-07,6.48,False
7,2018-07-08,4.32,False
8,2018-07-09,41.040000000000006,False
9,2018-07-10,29.700000000000003,False
10,2018-07-11,36.72,False
11,2018-07-12,35.1,False
12,2018-07-13,42.120000000000005,False
13,2018-07-14,10.260000000000002,False
14,2018-07-15,4.32,False
15,2018-07-16,26.46,False
16,2018-07-17,34.02,False
17,2018-07-18,34.02,False
18,2018-07-19,54.0,False
19,2018-07-20,37.800000000000004,False
20,2018-07-21,9.18,False
21,2018-07-22,7.0200000000000005,False
22,2018-07-23,33.480000000000004,False
23,2018-07-24,33.480000000000004,False
24,2018-07-25,30.240000000000002,False
25,2018-07-26,38.34,False
26,2018-07-27,50.760000000000005,False
27,2018-07-28,16.740000000000002,False
28,2018-07-29,8.100000000000001,False
29,2018-07-30,38.88,False
30,2018-07-31,38.88,False
0,2018-08-01,8.969999999999999,False
1,2018-08-02,10.35,False
2,2018-08-03,17.25,False
3,2018-08-04,5.52,False
4,2018-08-05,3.4499999999999997,False
5,2018-08-06,31.049999999999997,False
6,2018-08-07,69.0,False
7,2018-08-08,50.37,False
8,2018-08-09,20.009999999999998,False
9,2018-08-10,16.56,False
10,2018-08-11,4.83,False
11,2018-08-12,0.69,False
12,2018-08-13,10.35,False
13,2018-08-14,17.939999999999998,False
14,2018-08-15,14.489999999999998,False
15,2018-08-16,17.25,False
16,2018-08-17,11.729999999999999,False
17,2018-08-18,3.4499999999999997,False
18,2018-08-19,2.07,False
19,2018-08-20,13.11,False
20,2018-08-21,13.799999999999999,False
21,2018-08-22,11.04,False
22,2018-08-23,6.8999999999999995,False
23,2018-08-24,13.799999999999999,False
24,2018-08-25,5.52,False
25,2018-08-26,2.76,False
26,2018-08-27,7.59,False
27,2018-08-28,8.969999999999999,False
28,2018-08-29,6.209999999999999,False
29,2018-08-30,6.8999999999999995,False
30,2018-08-31,11.729999999999999,False
0,2018-09-01,13.02,False
1,2018-09-02,5.04,False
2,2018-09-03,2.1,False
3,2018-09-04,23.939999999999998,False
4,2018-09-05,33.18,False
5,2018-09-06,28.98,False
6,2018-09-07,36.54,False
7,2018-09-08,10.08,False
8,2018-09-09,5.04,False
9,2018-09-10,31.08,False
10,2018-09-11,17.64,False
11,2018-09-12,30.66,False
12,2018-09-13,28.98,False
13,2018-09-14,38.64,False
14,2018-09-15,5.04,False
15,2018-09-16,5.04,False
16,2018-09-17,31.5,False
17,2018-09-18,17.22,False
18,2018-09-19,42.0,False
19,2018-09-20,40.32,False
20,2018-09-21,32.339999999999996,False
21,2018-09-22,18.06,False
22,2018-09-23,0.0,False
23,2018-09-24,24.36,False
24,2018-09-25,34.86,False
25,2018-09-26,41.16,False
26,2018-09-27,42.0,False
27,2018-09-28,25.619999999999997,False
28,2018-09-29,20.16,False
29,2018-09-30,10.08,False
0,2018-10-01,15.5,False
1,2018-10-02,37.0,False
2,2018-10-03,22.0,False
3,2018-10-04,35.5,False
4,2018-10-05,23.0,False
5,2018-10-06,8.0,False
6,2018-10-07,4.0,False
7,2018-10-08,24.0,False
8,2018-10-09,20.0,False
9,2018-10-10,22.5,False
10,2018-10-11,35.5,False
11,2018-10-12,22.0,False
12,2018-10-13,4.0,False
13,2018-10-14,6.0,False
14,2018-10-15,15.5,False
15,2018-10-16,25.5,False
16,2018-10-17,24.5,False
17,2018-10-18,17.5,False
18,2018-10-19,25.5,False
19,2018-10-20,10.0,False
20,2018-10-21,4.0,False
21,2018-10-22,43.0,False
22,2018-10-23,37.5,False
23,2018-10-24,37.5,False
24,2018-10-25,50.0,False
25,2018-10-26,27.0,False
26,2018-10-27,7.5,False
27,2018-10-28,4.0,False
28,2018-10-29,24.5,False
29,2018-10-30,22.5,False
30,2018-10-31,21.0,False
0,2018-11-01,13.42,False
1,2018-11-02,7.32,False
2,2018-11-03,1.22,False
3,2018-11-04,3.05,False
4,2018-11-05,10.37,False
5,2018-11-06,10.37,False
6,2018-11-07,17.08,False
7,2018-11-08,35.38,False
8,2018-11-09,61.0,False
9,2018-11-10,8.54,False
10,2018-11-11,2.44,False
11,2018-11-12,11.59,False
12,2018-11-13,15.86,False
13,2018-11-14,22.57,False
14,2018-11-15,18.3,False
15,2018-11-16,15.25,False
16,2018-11-17,6.1,False
17,2018-11-18,3.66,False
18,2018-11-19,20.13,False
19,2018-11-20,18.3,False
20,2018-11-21,16.47,False
21,2018-11-22,7.93,False
22,2018-11-23,9.15,False
23,2018-11-24,4.88,False
24,2018-11-25,4.27,False
25,2018-11-26,15.25,False
26,2018-11-27,15.25,False
27,2018-11-28,18.91,False
28,2018-11-29,21.349999999999998,False
29,2018-11-30,19.52,False
0,2018-12-01,11.209999999999999,False
1,2018-12-02,8.26,False
2,2018-12-03,50.15,False
3,2018-12-04,55.459999999999994,False
4,2018-12-05,21.24,False
5,2018-12-06,43.66,False
6,2018-12-07,44.839999999999996,False
7,2018-12-08,14.16,False
8,2018-12-09,9.44,False
9,2018-12-10,59.0,False
10,2018-12-11,58.41,False
11,2018-12-12,44.25,False
12,2018-12-13,49.559999999999995,False
13,2018-12-14,42.48,False
14,2018-12-15,10.03,False
15,2018-12-16,12.389999999999999,False
16,2018-12-17,40.71,False
17,2018-12-18,34.22,False
18,2018-12-19,47.199999999999996,False
19,2018-12-20,47.79,False
20,2018-12-21,47.199999999999996,False
21,2018-12-22,17.11,False
22,2018-12-23,22.419999999999998,False
23,2018-12-24,44.25,False
24,2018-12-25,18.29,False
25,2018-12-26,48.97,False
26,2018-12-27,58.41,False
27,2018-12-28,49.559999999999995,False
28,2018-12-29,24.189999999999998,False
29,2018-12-30,14.16,False
30,2018-12-31,48.379999999999995,False
0,2019-01-01,21.42,False
1,2019-01-02,51.660000000000004,False
2,2019-01-03,54.81,False
3,2019-01-04,60.480000000000004,False
4,2019-01-05,25.830000000000002,False
5,2019-01-06,17.01,False
6,2019-01-07,59.22,False
7,2019-01-08,51.03,False
8,2019-01-09,63.0,False
9,2019-01-10,47.25,False
10,2019-01-11,54.18,False
11,2019-01-12,17.01,False
12,2019-01-13,10.08,False
13,2019-01-14,54.18,False
14,2019-01-15,44.1,False
15,2019-01-16,57.96,False
16,2019-01-17,37.17,False
17,2019-01-18,62.37,False
18,2019-01-19,23.94,False
19,2019-01-20,11.97,False
20,2019-01-21,17.01,False
21,2019-01-22,45.36,False
22,2019-01-23,52.92,False
23,2019-01-24,36.54,False
24,2019-01-25,40.32,False
25,2019-01-26,17.01,False
26,2019-01-27,8.19,False
27,2019-01-28,31.5,False
28,2019-01-29,42.21,False
29,2019-01-30,45.99,False
30,2019-01-31,46.62,False
0,2019-02-01,16.24,False
1,2019-02-02,7.539999999999999,False
2,2019-02-03,2.9,False
3,2019-02-04,16.82,False
4,2019-02-05,57.99999999999999,False
5,2019-02-06,44.66,False
6,2019-02-07,17.4,False
7,2019-02-08,12.18,False
8,2019-02-09,6.959999999999999,False
9,2019-02-10,3.4799999999999995,False
10,2019-02-11,16.24,False
11,2019-02-12,17.98,False
12,2019-02-13,16.24,False
13,2019-02-14,17.4,False
14,2019-02-15,16.24,False
15,2019-02-16,4.06,False
16,2019-02-17,5.22,False
17,2019-02-18,4.64,False
18,2019-02-19,22.619999999999997,False
19,2019-02-20,17.4,False
20,2019-02-21,15.659999999999998,False
21,2019-02-22,12.76,False
22,2019-02-23,4.06,False
23,2019-02-24,3.4799999999999995,False
24,2019-02-25,16.82,False
25,2019-02-26,17.98,False
26,2019-02-27,13.34,False
27,2019-02-28,18.56,False
0,2019-03-01,39.69,False
1,2019-03-02,6.859999999999999,False
2,2019-03-03,2.45,False
3,2019-03-04,18.13,False
4,2019-03-05,34.3,False
5,2019-03-06,41.65,False
6,2019-03-07,49.0,False
7,2019-03-08,44.1,False
8,2019-03-09,13.719999999999999,False
9,2019-03-10,2.45,False
10,2019-03-11,32.339999999999996,False
11,2019-03-12,25.97,False
12,2019-03-13,31.36,False
13,2019-03-14,35.769999999999996,False
14,2019-03-15,35.28,False
15,2019-03-16,11.76,False
16,2019-03-17,11.76,False
