,date,EBAY stock,isPartial
0,2012-01-01,30.38,False
1,2012-01-02,34.79,False
2,2012-01-03,40.67,False
3,2012-01-04,45.08,False
4,2012-01-05,32.339999999999996,False
5,2012-01-06,26.46,False
6,2012-01-07,36.75,False
7,2012-01-08,37.73,False
8,2012-01-09,38.71,False
9,2012-01-10,33.32,False
10,2012-01-11,37.24,False
11,2012-01-12,36.75,False
12,2012-01-13,29.4,False
13,2012-01-14,45.08,False
14,2012-01-15,33.32,False
15,2012-01-16,41.16,False
16,2012-01-17,36.26,False
17,2012-01-18,37.24,False
18,2012-01-19,46.06,False
19,2012-01-20,38.22,False
20,2012-01-21,28.91,False
21,2012-01-22,37.24,False
22,2012-01-23,47.53,False
23,2012-01-24,34.79,False
24,2012-01-25,45.08,False
25,2012-01-26,43.12,False
26,2012-01-27,32.83,False
27,2012-01-28,39.2,False
28,2012-01-29,36.26,False
29,2012-01-30,37.73,False
30,2012-01-31,49.0,False
0,2012-02-01,51.0,False
1,2012-02-02,28.560000000000002,False
2,2012-02-03,42.84,False
3,2012-02-04,34.17,False
4,2012-02-05,32.64,False
5,2012-02-06,32.64,False
6,2012-02-07,30.09,False
7,2012-02-08,28.05,False
8,2012-02-09,35.19,False
9,2012-02-10,19.89,False
10,2012-02-11,39.78,False
11,2012-02-12,33.660000000000004,False
12,2012-02-13,33.15,False
13,2012-02-14,26.52,False
14,2012-02-15,25.5,False
15,2012-02-16,26.52,False
16,2012-02-17,38.25,False
17,2012-02-18,29.580000000000002,False
18,2012-02-19,34.68,False
19,2012-02-20,35.7,False
20,2012-02-21,41.31,False
21,2012-02-22,38.76,False
22,2012-02-23,33.15,False
23,2012-02-24,32.64,False
24,2012-02-25,36.72,False
25,2012-02-26,34.17,False
26,2012-02-27,33.660000000000004,False
27,2012-02-28,38.25,False
28,2012-02-29,45.9,False
0,2012-03-01,38.76,False
1,2012-03-02,34.68,False
2,2012-03-03,32.13,False
3,2012-03-04,14.280000000000001,False
4,2012-03-05,39.27,False
5,2012-03-06,51.0,False
6,2012-03-07,43.35,False
7,2012-03-08,35.7,False
8,2012-03-09,46.92,False
9,2012-03-10,41.82,False
10,2012-03-11,37.74,False
11,2012-03-12,41.82,False
12,2012-03-13,40.8,False
13,2012-03-14,44.88,False
14,2012-03-15,39.78,False
15,2012-03-16,43.35,False
16,2012-03-17,32.64,False
17,2012-03-18,26.01,False
18,2012-03-19,46.92,False
19,2012-03-20,33.15,False
20,2012-03-21,47.43,False
21,2012-03-22,44.37,False
22,2012-03-23,31.62,False
23,2012-03-24,31.62,False
24,2012-03-25,42.33,False
25,2012-03-26,41.82,False
26,2012-03-27,33.15,False
27,2012-03-28,28.560000000000002,False
28,2012-03-29,40.29,False
29,2012-03-30,34.17,False
30,2012-03-31,37.74,False
0,2012-04-01,27.560000000000002,False
1,2012-04-02,32.33,False
2,2012-04-03,30.21,False
3,2012-04-04,33.39,False
4,2012-04-05,34.980000000000004,False
5,2012-04-06,28.62,False
6,2012-04-07,31.8,False
7,2012-04-08,22.26,False
8,2012-04-09,33.39,False
9,2012-04-10,28.09,False
10,2012-04-11,25.44,False
11,2012-04-12,35.510000000000005,False
12,2012-04-13,31.8,False
13,2012-04-14,24.380000000000003,False
14,2012-04-15,30.740000000000002,False
15,2012-04-16,18.02,False
16,2012-04-17,28.09,False
17,2012-04-18,40.28,False
18,2012-04-19,51.940000000000005,False
19,2012-04-20,40.28,False
20,2012-04-21,32.33,False
21,2012-04-22,29.150000000000002,False
22,2012-04-23,36.57,False
23,2012-04-24,30.21,False
24,2012-04-25,41.34,False
25,2012-04-26,40.81,False
26,2012-04-27,53.0,False
27,2012-04-28,21.200000000000003,False
28,2012-04-29,25.970000000000002,False
29,2012-04-30,34.45,False
0,2012-05-01,30.72,False
1,2012-05-02,48.0,False
2,2012-05-03,28.32,False
3,2012-05-04,28.799999999999997,False
4,2012-05-05,35.519999999999996,False
5,2012-05-06,31.2,False
6,2012-05-07,24.96,False
7,2012-05-08,34.56,False
8,2012-05-09,28.799999999999997,False
9,2012-05-10,29.279999999999998,False
10,2012-05-11,21.119999999999997,False
11,2012-05-12,33.6,False
12,2012-05-13,15.84,False
13,2012-05-14,28.799999999999997,False
14,2012-05-15,27.36,False
15,2012-05-16,32.16,False
16,2012-05-17,32.16,False
17,2012-05-18,38.4,False
18,2012-05-19,32.64,False
19,2012-05-20,28.32,False
20,2012-05-21,32.64,False
21,2012-05-22,35.04,False
22,2012-05-23,32.16,False
23,2012-05-24,36.48,False
24,2012-05-25,15.84,False
25,2012-05-26,25.919999999999998,False
26,2012-05-27,23.04,False
27,2012-05-28,21.119999999999997,False
28,2012-05-29,21.599999999999998,False
29,2012-05-30,23.52,False
30,2012-05-31,31.2,False
0,2012-06-01,27.6,False
1,2012-06-02,32.660000000000004,False
2,2012-06-03,33.120000000000005,False
3,2012-06-04,30.360000000000003,False
4,2012-06-05,28.060000000000002,False
5,2012-06-06,46.0,False
6,2012-06-07,44.620000000000005,False
7,2012-06-08,31.28,False
8,2012-06-09,26.220000000000002,False
9,2012-06-10,36.34,False
10,2012-06-11,39.56,False
11,2012-06-12,28.98,False
12,2012-06-13,36.800000000000004,False
13,2012-06-14,28.52,False
14,2012-06-15,28.98,False
15,2012-06-16,22.080000000000002,False
16,2012-06-17,30.82,False
17,2012-06-18,38.64,False
18,2012-06-19,32.660000000000004,False
19,2012-06-20,35.42,False
20,2012-06-21,27.6,False
21,2012-06-22,31.28,False
22,2012-06-23,27.14,False
23,2012-06-24,34.04,False
24,2012-06-25,24.380000000000003,False
25,2012-06-26,34.04,False
26,2012-06-27,28.98,False
27,2012-06-28,19.32,False
28,2012-06-29,33.120000000000005,False
29,2012-06-30,25.76,False
0,2012-07-01,30.0,False
1,2012-07-02,31.0,False
2,2012-07-03,32.5,False
3,2012-07-04,36.5,False
4,2012-07-05,30.0,False
5,2012-07-06,28.5,False
6,2012-07-07,26.5,False
7,2012-07-08,35.0,False
8,2012-07-09,28.0,False
9,2012-07-10,29.0,False
10,2012-07-11,35.0,False
11,2012-07-12,32.0,False
12,2012-07-13,29.0,False
13,2012-07-14,21.5,False
14,2012-07-15,34.0,False
15,2012-07-16,38.5,False
16,2012-07-17,31.0,False
17,2012-07-18,46.0,False
18,2012-07-19,50.0,False
19,2012-07-20,38.5,False
20,2012-07-21,24.0,False
21,2012-07-22,20.0,False
22,2012-07-23,41.5,False
23,2012-07-24,38.5,False
24,2012-07-25,38.5,False
25,2012-07-26,32.5,False
26,2012-07-27,33.5,False
27,2012-07-28,35.5,False
28,2012-07-29,38.0,False
29,2012-07-30,35.5,False
30,2012-07-31,37.5,False
0,2012-08-01,36.04,False
1,2012-08-02,41.34,False
2,2012-08-03,32.33,False
3,2012-08-04,34.980000000000004,False
4,2012-08-05,31.8,False
5,2012-08-06,46.11,False
6,2012-08-07,36.04,False
7,2012-08-08,37.63,False
8,2012-08-09,47.7,False
9,2012-08-10,45.050000000000004,False
10,2012-08-11,30.740000000000002,False
11,2012-08-12,30.740000000000002,False
12,2012-08-13,37.1,False
13,2012-08-14,42.93,False
14,2012-08-15,52.470000000000006,False
15,2012-08-16,32.86,False
16,2012-08-17,42.93,False
17,2012-08-18,48.760000000000005,False
18,2012-08-19,22.790000000000003,False
19,2012-08-20,43.99,False
20,2012-08-21,43.46,False
21,2012-08-22,53.0,False
22,2012-08-23,37.1,False
23,2012-08-24,32.33,False
24,2012-08-25,39.22,False
25,2012-08-26,47.7,False
26,2012-08-27,35.510000000000005,False
27,2012-08-28,41.870000000000005,False
28,2012-08-29,40.81,False
29,2012-08-30,48.230000000000004,False
30,2012-08-31,24.380000000000003,False
0,2012-09-01,36.57,False
1,2012-09-02,43.46,False
2,2012-09-03,39.75,False
3,2012-09-04,39.22,False
4,2012-09-05,37.63,False
5,2012-09-06,53.0,False
6,2012-09-07,31.270000000000003,False
7,2012-09-08,30.740000000000002,False
8,2012-09-09,38.690000000000005,False
9,2012-09-10,37.1,False
10,2012-09-11,53.0,False
11,2012-09-12,40.28,False
12,2012-09-13,46.11,False
13,2012-09-14,51.410000000000004,False
14,2012-09-15,36.57,False
15,2012-09-16,40.28,False
16,2012-09-17,47.7,False
17,2012-09-18,43.99,False
18,2012-09-19,35.510000000000005,False
19,2012-09-20,36.57,False
20,2012-09-21,45.050000000000004,False
21,2012-09-22,39.22,False
22,2012-09-23,37.1,False
23,2012-09-24,36.04,False
24,2012-09-25,44.52,False
25,2012-09-26,37.63,False
26,2012-09-27,49.82,False
27,2012-09-28,43.46,False
28,2012-09-29,33.92,False
29,2012-09-30,27.560000000000002,False
0,2012-10-01,31.319999999999997,False
1,2012-10-02,33.64,False
2,2012-10-03,43.5,False
3,2012-10-04,31.9,False
4,2012-10-05,33.059999999999995,False
5,2012-10-06,27.839999999999996,False
6,2012-10-07,26.68,False
7,2012-10-08,37.699999999999996,False
8,2012-10-09,35.379999999999995,False
9,2012-10-10,41.18,False
10,2012-10-11,33.64,False
11,2012-10-12,34.8,False
12,2012-10-13,34.22,False
13,2012-10-14,30.74,False
14,2012-10-15,30.74,False
15,2012-10-16,41.18,False
16,2012-10-17,57.99999999999999,False
17,2012-10-18,45.239999999999995,False
18,2012-10-19,42.339999999999996,False
19,2012-10-20,35.96,False
20,2012-10-21,37.12,False
21,2012-10-22,47.559999999999995,False
22,2012-10-23,40.599999999999994,False
23,2012-10-24,32.48,False
24,2012-10-25,46.98,False
25,2012-10-26,37.699999999999996,False
26,2012-10-27,34.22,False
27,2012-10-28,28.419999999999998,False
28,2012-10-29,30.74,False
29,2012-10-30,49.3,False
30,2012-10-31,34.22,False
0,2012-11-01,43.8,False
1,2012-11-02,37.8,False
2,2012-11-03,33.6,False
3,2012-11-04,38.4,False
4,2012-11-05,43.199999999999996,False
5,2012-11-06,33.6,False
6,2012-11-07,40.8,False
7,2012-11-08,48.0,False
8,2012-11-09,34.8,False
9,2012-11-10,36.0,False
10,2012-11-11,27.599999999999998,False
11,2012-11-12,31.2,False
12,2012-11-13,40.8,False
13,2012-11-14,40.199999999999996,False
14,2012-11-15,41.4,False
15,2012-11-16,39.0,False
16,2012-11-17,37.199999999999996,False
17,2012-11-18,36.6,False
18,2012-11-19,39.0,False
19,2012-11-20,42.6,False
20,2012-11-21,42.6,False
21,2012-11-22,37.8,False
22,2012-11-23,37.199999999999996,False
23,2012-11-24,40.8,False
24,2012-11-25,44.4,False
25,2012-11-26,55.8,False
26,2012-11-27,51.6,False
27,2012-11-28,38.4,False
28,2012-11-29,40.8,False
29,2012-11-30,60.0,False
0,2012-12-01,49.879999999999995,False
1,2012-12-02,51.04,False
2,2012-12-03,45.239999999999995,False
3,2012-12-04,30.74,False
4,2012-12-05,57.99999999999999,False
5,2012-12-06,42.919999999999995,False
6,2012-12-07,45.239999999999995,False
7,2012-12-08,35.379999999999995,False
8,2012-12-09,41.18,False
9,2012-12-10,49.879999999999995,False
10,2012-12-11,46.98,False
11,2012-12-12,35.96,False
12,2012-12-13,41.18,False
13,2012-12-14,44.66,False
14,2012-12-15,35.379999999999995,False
15,2012-12-16,35.379999999999995,False
16,2012-12-17,53.36,False
17,2012-12-18,46.98,False
18,2012-12-19,41.18,False
19,2012-12-20,50.459999999999994,False
20,2012-12-21,44.08,False
21,2012-12-22,34.22,False
22,2012-12-23,35.379999999999995,False
23,2012-12-24,46.4,False
24,2012-12-25,34.22,False
25,2012-12-26,38.279999999999994,False
26,2012-12-27,48.72,False
27,2012-12-28,35.96,False
28,2012-12-29,43.5,False
29,2012-12-30,36.54,False
30,2012-12-31,42.919999999999995,False
0,2013-01-01,40.709999999999994,False
1,2013-01-02,48.3,False
2,2013-01-03,50.37,False
3,2013-01-04,53.129999999999995,False
4,2013-01-05,43.47,False
5,2013-01-06,46.23,False
6,2013-01-07,38.64,False
7,2013-01-08,43.47,False
8,2013-01-09,46.23,False
9,2013-01-10,33.12,False
10,2013-01-11,36.57,False
11,2013-01-12,40.709999999999994,False
12,2013-01-13,40.019999999999996,False
13,2013-01-14,42.779999999999994,False
14,2013-01-15,46.919999999999995,False
15,2013-01-16,58.65,False
16,2013-01-17,69.0,False
17,2013-01-18,59.339999999999996,False
18,2013-01-19,31.74,False
19,2013-01-20,48.3,False
20,2013-01-21,40.709999999999994,False
21,2013-01-22,41.4,False
22,2013-01-23,62.099999999999994,False
23,2013-01-24,55.199999999999996,False
24,2013-01-25,60.029999999999994,False
25,2013-01-26,47.61,False
26,2013-01-27,37.949999999999996,False
27,2013-01-28,45.54,False
28,2013-01-29,46.23,False
29,2013-01-30,37.949999999999996,False
30,2013-01-31,50.37,False
0,2013-02-01,53.68,False
1,2013-02-02,45.75,False
2,2013-02-03,36.6,False
3,2013-02-04,58.56,False
4,2013-02-05,57.339999999999996,False
5,2013-02-06,61.0,False
6,2013-02-07,39.04,False
7,2013-02-08,48.19,False
8,2013-02-09,33.55,False
9,2013-02-10,39.04,False
10,2013-02-11,53.07,False
11,2013-02-12,43.92,False
12,2013-02-13,52.46,False
13,2013-02-14,45.14,False
14,2013-02-15,44.53,False
15,2013-02-16,49.41,False
16,2013-02-17,24.4,False
17,2013-02-18,56.73,False
18,2013-02-19,59.78,False
19,2013-02-20,43.31,False
20,2013-02-21,49.41,False
21,2013-02-22,57.949999999999996,False
22,2013-02-23,34.769999999999996,False
23,2013-02-24,33.55,False
24,2013-02-25,35.99,False
25,2013-02-26,49.41,False
26,2013-02-27,42.089999999999996,False
27,2013-02-28,54.9,False
0,2013-03-01,55.68,False
1,2013-03-02,38.4,False
2,2013-03-03,43.52,False
3,2013-03-04,53.120000000000005,False
4,2013-03-05,51.2,False
5,2013-03-06,64.0,False
6,2013-03-07,49.28,False
7,2013-03-08,49.92,False
8,2013-03-09,46.08,False
9,2013-03-10,43.52,False
10,2013-03-11,54.4,False
11,2013-03-12,46.08,False
12,2013-03-13,58.88,False
13,2013-03-14,60.160000000000004,False
14,2013-03-15,55.04,False
15,2013-03-16,39.04,False
16,2013-03-17,47.36,False
17,2013-03-18,61.44,False
18,2013-03-19,57.6,False
19,2013-03-20,56.96,False
20,2013-03-21,50.56,False
21,2013-03-22,53.76,False
22,2013-03-23,42.88,False
23,2013-03-24,50.56,False
24,2013-03-25,49.28,False
25,2013-03-26,54.4,False
26,2013-03-27,49.92,False
27,2013-03-28,55.04,False
28,2013-03-29,46.72,False
29,2013-03-30,45.44,False
30,2013-03-31,42.24,False
0,2013-04-01,46.08,False
1,2013-04-02,38.4,False
2,2013-04-03,36.480000000000004,False
3,2013-04-04,31.36,False
4,2013-04-05,28.8,False
5,2013-04-06,30.72,False
6,2013-04-07,24.96,False
7,2013-04-08,42.88,False
8,2013-04-09,51.2,False
9,2013-04-10,38.4,False
10,2013-04-11,38.4,False
11,2013-04-12,39.68,False
12,2013-04-13,30.080000000000002,False
13,2013-04-14,37.12,False
14,2013-04-15,36.480000000000004,False
15,2013-04-16,38.4,False
16,2013-04-17,64.0,False
17,2013-04-18,40.96,False
18,2013-04-19,51.2,False
19,2013-04-20,28.16,False
20,2013-04-21,37.76,False
21,2013-04-22,39.68,False
22,2013-04-23,40.96,False
23,2013-04-24,39.68,False
24,2013-04-25,46.72,False
25,2013-04-26,39.04,False
26,2013-04-27,33.28,False
27,2013-04-28,39.68,False
28,2013-04-29,43.52,False
29,2013-04-30,39.68,False
0,2013-05-01,56.64,False
1,2013-05-02,52.51,False
2,2013-05-03,59.0,False
3,2013-05-04,40.71,False
4,2013-05-05,46.61,False
5,2013-05-06,47.79,False
6,2013-05-07,58.41,False
7,2013-05-08,53.099999999999994,False
8,2013-05-09,49.559999999999995,False
9,2013-05-10,58.41,False
10,2013-05-11,51.33,False
11,2013-05-12,43.66,False
12,2013-05-13,51.33,False
13,2013-05-14,54.87,False
14,2013-05-15,46.019999999999996,False
15,2013-05-16,50.15,False
16,2013-05-17,50.15,False
17,2013-05-18,41.89,False
18,2013-05-19,45.43,False
19,2013-05-20,55.459999999999994,False
20,2013-05-21,49.559999999999995,False
21,2013-05-22,44.839999999999996,False
22,2013-05-23,43.66,False
23,2013-05-24,43.07,False
24,2013-05-25,40.12,False
25,2013-05-26,23.599999999999998,False
26,2013-05-27,40.12,False
27,2013-05-28,43.66,False
28,2013-05-29,51.919999999999995,False
29,2013-05-30,51.919999999999995,False
30,2013-05-31,45.43,False
0,2013-06-01,31.720000000000002,False
1,2013-06-02,25.48,False
2,2013-06-03,42.120000000000005,False
3,2013-06-04,34.84,False
4,2013-06-05,37.44,False
5,2013-06-06,39.52,False
6,2013-06-07,43.160000000000004,False
7,2013-06-08,35.36,False
8,2013-06-09,28.6,False
9,2013-06-10,36.92,False
10,2013-06-11,41.08,False
11,2013-06-12,34.84,False
12,2013-06-13,37.44,False
13,2013-06-14,44.72,False
14,2013-06-15,27.04,False
15,2013-06-16,30.68,False
16,2013-06-17,47.32,False
17,2013-06-18,39.52,False
18,2013-06-19,34.84,False
19,2013-06-20,33.800000000000004,False
20,2013-06-21,36.92,False
21,2013-06-22,28.080000000000002,False
22,2013-06-23,34.32,False
23,2013-06-24,35.36,False
24,2013-06-25,32.76,False
25,2013-06-26,52.0,False
26,2013-06-27,46.800000000000004,False
27,2013-06-28,40.04,False
28,2013-06-29,17.16,False
29,2013-06-30,26.0,False
0,2013-07-01,27.36,False
1,2013-07-02,38.19,False
2,2013-07-03,33.629999999999995,False
3,2013-07-04,29.069999999999997,False
4,2013-07-05,29.639999999999997,False
5,2013-07-06,27.36,False
6,2013-07-07,29.639999999999997,False
7,2013-07-08,43.88999999999999,False
8,2013-07-09,33.059999999999995,False
9,2013-07-10,27.36,False
10,2013-07-11,38.19,False
11,2013-07-12,27.36,False
12,2013-07-13,26.22,False
13,2013-07-14,30.779999999999998,False
14,2013-07-15,38.76,False
15,2013-07-16,41.61,False
16,2013-07-17,47.879999999999995,False
17,2013-07-18,56.99999999999999,False
18,2013-07-19,49.019999999999996,False
19,2013-07-20,35.339999999999996,False
20,2013-07-21,27.36,False
21,2013-07-22,38.76,False
22,2013-07-23,33.629999999999995,False
23,2013-07-24,46.739999999999995,False
24,2013-07-25,48.449999999999996,False
25,2013-07-26,33.629999999999995,False
26,2013-07-27,36.48,False
27,2013-07-28,33.629999999999995,False
28,2013-07-29,44.459999999999994,False
29,2013-07-30,38.76,False
30,2013-07-31,33.629999999999995,False
0,2013-08-01,48.449999999999996,False
1,2013-08-02,48.449999999999996,False
2,2013-08-03,45.029999999999994,False
3,2013-08-04,42.74999999999999,False
4,2013-08-05,43.88999999999999,False
5,2013-08-06,47.309999999999995,False
6,2013-08-07,42.18,False
7,2013-08-08,42.18,False
8,2013-08-09,56.99999999999999,False
9,2013-08-10,35.339999999999996,False
10,2013-08-11,40.47,False
11,2013-08-12,42.18,False
12,2013-08-13,42.18,False
13,2013-08-14,49.019999999999996,False
14,2013-08-15,37.62,False
15,2013-08-16,45.029999999999994,False
16,2013-08-17,39.33,False
17,2013-08-18,43.31999999999999,False
18,2013-08-19,38.19,False
19,2013-08-20,46.169999999999995,False
20,2013-08-21,45.029999999999994,False
21,2013-08-22,36.48,False
22,2013-08-23,49.589999999999996,False
23,2013-08-24,23.939999999999998,False
24,2013-08-25,38.19,False
25,2013-08-26,50.16,False
26,2013-08-27,37.62,False
27,2013-08-28,42.74999999999999,False
28,2013-08-29,40.47,False
29,2013-08-30,37.05,False
30,2013-08-31,28.499999999999996,False
0,2013-09-01,28.6,False
1,2013-09-02,35.75,False
2,2013-09-03,53.35,False
3,2013-09-04,34.650000000000006,False
4,2013-09-05,34.650000000000006,False
5,2013-09-06,42.900000000000006,False
6,2013-09-07,35.2,False
7,2013-09-08,34.1,False
8,2013-09-09,37.400000000000006,False
9,2013-09-10,55.00000000000001,False
10,2013-09-11,41.25,False
11,2013-09-12,42.35,False
12,2013-09-13,50.6,False
13,2013-09-14,26.950000000000003,False
14,2013-09-15,21.450000000000003,False
15,2013-09-16,50.050000000000004,False
16,2013-09-17,44.0,False
17,2013-09-18,41.800000000000004,False
18,2013-09-19,47.85,False
19,2013-09-20,42.35,False
20,2013-09-21,29.150000000000002,False
21,2013-09-22,33.0,False
22,2013-09-23,37.400000000000006,False
23,2013-09-24,35.75,False
24,2013-09-25,47.300000000000004,False
25,2013-09-26,48.400000000000006,False
26,2013-09-27,35.75,False
27,2013-09-28,32.45,False
28,2013-09-29,30.250000000000004,False
29,2013-09-30,42.35,False
0,2013-10-01,49.77,False
1,2013-10-02,49.77,False
2,2013-10-03,58.59,False
3,2013-10-04,44.73,False
4,2013-10-05,32.76,False
5,2013-10-06,32.13,False
6,2013-10-07,43.47,False
7,2013-10-08,49.77,False
8,2013-10-09,52.92,False
9,2013-10-10,48.51,False
10,2013-10-11,56.07,False
11,2013-10-12,39.06,False
12,2013-10-13,47.88,False
13,2013-10-14,45.99,False
14,2013-10-15,58.59,False
15,2013-10-16,61.74,False
16,2013-10-17,63.0,False
17,2013-10-18,59.85,False
18,2013-10-19,37.8,False
19,2013-10-20,39.06,False
20,2013-10-21,61.74,False
21,2013-10-22,52.92,False
22,2013-10-23,55.44,False
23,2013-10-24,59.22,False
24,2013-10-25,52.29,False
25,2013-10-26,39.06,False
26,2013-10-27,46.62,False
27,2013-10-28,40.32,False
28,2013-10-29,54.18,False
29,2013-10-30,55.44,False
30,2013-10-31,37.17,False
0,2013-11-01,56.440000000000005,False
1,2013-11-02,24.48,False
2,2013-11-03,29.240000000000002,False
3,2013-11-04,31.28,False
4,2013-11-05,44.2,False
5,2013-11-06,44.88,False
6,2013-11-07,53.720000000000006,False
7,2013-11-08,54.400000000000006,False
8,2013-11-09,32.64,False
9,2013-11-10,33.32,False
10,2013-11-11,38.080000000000005,False
11,2013-11-12,39.440000000000005,False
12,2013-11-13,39.440000000000005,False
13,2013-11-14,44.88,False
14,2013-11-15,48.28,False
15,2013-11-16,37.400000000000006,False
16,2013-11-17,29.92,False
17,2013-11-18,34.68,False
18,2013-11-19,51.68000000000001,False
19,2013-11-20,57.800000000000004,False
20,2013-11-21,47.6,False
21,2013-11-22,42.84,False
22,2013-11-23,35.36,False
23,2013-11-24,41.480000000000004,False
24,2013-11-25,42.160000000000004,False
25,2013-11-26,68.0,False
26,2013-11-27,53.720000000000006,False
27,2013-11-28,39.440000000000005,False
28,2013-11-29,48.28,False
29,2013-11-30,48.96,False
0,2013-12-01,49.5,False
1,2013-12-02,68.25,False
2,2013-12-03,55.5,False
3,2013-12-04,75.0,False
4,2013-12-05,72.0,False
5,2013-12-06,54.0,False
6,2013-12-07,58.5,False
7,2013-12-08,48.75,False
8,2013-12-09,54.0,False
9,2013-12-10,58.5,False
10,2013-12-11,40.5,False
11,2013-12-12,41.25,False
12,2013-12-13,52.5,False
13,2013-12-14,42.0,False
14,2013-12-15,40.5,False
15,2013-12-16,52.5,False
16,2013-12-17,51.0,False
17,2013-12-18,51.75,False
18,2013-12-19,45.75,False
19,2013-12-20,38.25,False
20,2013-12-21,45.0,False
21,2013-12-22,23.25,False
22,2013-12-23,52.5,False
23,2013-12-24,36.0,False
24,2013-12-25,30.0,False
25,2013-12-26,42.75,False
26,2013-12-27,54.0,False
27,2013-12-28,36.0,False
28,2013-12-29,30.0,False
29,2013-12-30,46.5,False
30,2013-12-31,53.25,False
0,2014-01-01,29.700000000000003,False
1,2014-01-02,33.0,False
2,2014-01-03,36.96,False
3,2014-01-04,28.380000000000003,False
4,2014-01-05,31.020000000000003,False
5,2014-01-06,36.96,False
6,2014-01-07,35.64,False
7,2014-01-08,34.32,False
8,2014-01-09,33.660000000000004,False
9,2014-01-10,30.360000000000003,False
10,2014-01-11,27.060000000000002,False
11,2014-01-12,31.68,False
12,2014-01-13,42.24,False
13,2014-01-14,32.34,False
14,2014-01-15,35.64,False
15,2014-01-16,38.940000000000005,False
16,2014-01-17,34.980000000000004,False
17,2014-01-18,27.060000000000002,False
18,2014-01-19,30.360000000000003,False
19,2014-01-20,25.740000000000002,False
20,2014-01-21,34.980000000000004,False
21,2014-01-22,53.46,False
22,2014-01-23,66.0,False
23,2014-01-24,40.92,False
24,2014-01-25,29.040000000000003,False
25,2014-01-26,32.34,False
26,2014-01-27,39.6,False
27,2014-01-28,34.32,False
28,2014-01-29,36.96,False
29,2014-01-30,35.64,False
30,2014-01-31,30.360000000000003,False
0,2014-02-01,28.35,False
1,2014-02-02,39.06,False
2,2014-02-03,41.58,False
3,2014-02-04,44.73,False
4,2014-02-05,43.47,False
5,2014-02-06,52.29,False
6,2014-02-07,41.58,False
7,2014-02-08,40.95,False
8,2014-02-09,31.5,False
9,2014-02-10,47.25,False
10,2014-02-11,37.17,False
11,2014-02-12,42.84,False
12,2014-02-13,41.58,False
13,2014-02-14,38.43,False
14,2014-02-15,31.5,False
15,2014-02-16,28.98,False
16,2014-02-17,37.17,False
17,2014-02-18,39.06,False
18,2014-02-19,30.87,False
19,2014-02-20,39.69,False
20,2014-02-21,39.69,False
21,2014-02-22,20.79,False
22,2014-02-23,28.35,False
23,2014-02-24,56.7,False
24,2014-02-25,54.18,False
25,2014-02-26,47.25,False
26,2014-02-27,52.29,False
27,2014-02-28,63.0,False
0,2014-03-01,53.07,False
1,2014-03-02,46.97,False
2,2014-03-03,53.68,False
3,2014-03-04,61.0,False
4,2014-03-05,57.949999999999996,False
5,2014-03-06,58.56,False
6,2014-03-07,55.51,False
7,2014-03-08,42.699999999999996,False
8,2014-03-09,41.48,False
9,2014-03-10,50.629999999999995,False
10,2014-03-11,59.17,False
11,2014-03-12,52.46,False
12,2014-03-13,50.019999999999996,False
13,2014-03-14,45.14,False
14,2014-03-15,28.06,False
15,2014-03-16,50.019999999999996,False
16,2014-03-17,48.8,False
17,2014-03-18,50.629999999999995,False
18,2014-03-19,43.31,False
19,2014-03-20,46.36,False
20,2014-03-21,46.97,False
21,2014-03-22,39.65,False
22,2014-03-23,33.55,False
23,2014-03-24,47.58,False
24,2014-03-25,50.019999999999996,False
25,2014-03-26,51.85,False
26,2014-03-27,46.97,False
27,2014-03-28,40.87,False
28,2014-03-29,31.11,False
29,2014-03-30,34.16,False
30,2014-03-31,48.8,False
0,2014-04-01,50.459999999999994,False
1,2014-04-02,57.99999999999999,False
2,2014-04-03,34.8,False
3,2014-04-04,30.74,False
4,2014-04-05,38.86,False
5,2014-04-06,34.22,False
6,2014-04-07,41.76,False
7,2014-04-08,44.66,False
8,2014-04-09,38.86,False
9,2014-04-10,50.459999999999994,False
10,2014-04-11,46.98,False
11,2014-04-12,30.74,False
12,2014-04-13,26.099999999999998,False
13,2014-04-14,38.86,False
14,2014-04-15,37.699999999999996,False
15,2014-04-16,27.259999999999998,False
16,2014-04-17,44.66,False
17,2014-04-18,38.279999999999994,False
18,2014-04-19,34.22,False
19,2014-04-20,29.58,False
20,2014-04-21,39.44,False
21,2014-04-22,44.08,False
22,2014-04-23,38.279999999999994,False
23,2014-04-24,50.459999999999994,False
24,2014-04-25,41.18,False
25,2014-04-26,42.339999999999996,False
26,2014-04-27,39.44,False
27,2014-04-28,49.879999999999995,False
28,2014-04-29,53.36,False
29,2014-04-30,55.67999999999999,False
0,2014-05-01,32.4,False
1,2014-05-02,37.8,False
2,2014-05-03,24.599999999999998,False
3,2014-05-04,21.0,False
4,2014-05-05,34.8,False
5,2014-05-06,39.6,False
6,2014-05-07,33.0,False
7,2014-05-08,30.0,False
8,2014-05-09,37.8,False
9,2014-05-10,26.4,False
10,2014-05-11,24.599999999999998,False
11,2014-05-12,33.0,False
12,2014-05-13,32.4,False
13,2014-05-14,30.0,False
14,2014-05-15,35.4,False
15,2014-05-16,33.0,False
16,2014-05-17,14.399999999999999,False
17,2014-05-18,33.0,False
18,2014-05-19,22.2,False
19,2014-05-20,34.199999999999996,False
20,2014-05-21,60.0,False
21,2014-05-22,41.4,False
22,2014-05-23,42.6,False
23,2014-05-24,34.199999999999996,False
24,2014-05-25,25.8,False
25,2014-05-26,26.4,False
26,2014-05-27,33.6,False
27,2014-05-28,35.4,False
28,2014-05-29,33.0,False
29,2014-05-30,29.4,False
30,2014-05-31,25.8,False
0,2014-06-01,21.200000000000003,False
1,2014-06-02,32.33,False
2,2014-06-03,36.04,False
3,2014-06-04,31.270000000000003,False
4,2014-06-05,32.86,False
5,2014-06-06,30.740000000000002,False
6,2014-06-07,30.21,False
7,2014-06-08,23.32,False
8,2014-06-09,37.63,False
9,2014-06-10,53.0,False
10,2014-06-11,49.29,False
11,2014-06-12,26.5,False
12,2014-06-13,22.790000000000003,False
13,2014-06-14,27.560000000000002,False
14,2014-06-15,23.85,False
15,2014-06-16,29.150000000000002,False
16,2014-06-17,35.510000000000005,False
17,2014-06-18,36.04,False
18,2014-06-19,32.86,False
19,2014-06-20,33.39,False
20,2014-06-21,26.5,False
21,2014-06-22,29.68,False
22,2014-06-23,33.92,False
23,2014-06-24,38.160000000000004,False
24,2014-06-25,34.45,False
25,2014-06-26,29.150000000000002,False
26,2014-06-27,29.150000000000002,False
27,2014-06-28,25.44,False
28,2014-06-29,28.62,False
29,2014-06-30,28.09,False
0,2014-07-01,30.240000000000002,False
1,2014-07-02,39.42,False
2,2014-07-03,34.02,False
3,2014-07-04,25.92,False
4,2014-07-05,23.220000000000002,False
5,2014-07-06,46.440000000000005,False
6,2014-07-07,35.64,False
7,2014-07-08,38.34,False
8,2014-07-09,42.120000000000005,False
9,2014-07-10,43.74,False
10,2014-07-11,37.800000000000004,False
11,2014-07-12,49.14,False
12,2014-07-13,25.92,False
13,2014-07-14,35.64,False
14,2014-07-15,47.52,False
15,2014-07-16,51.300000000000004,False
16,2014-07-17,54.0,False
17,2014-07-18,37.260000000000005,False
18,2014-07-19,25.380000000000003,False
19,2014-07-20,20.520000000000003,False
20,2014-07-21,31.860000000000003,False
21,2014-07-22,29.160000000000004,False
22,2014-07-23,42.660000000000004,False
23,2014-07-24,37.800000000000004,False
24,2014-07-25,44.28,False
25,2014-07-26,23.220000000000002,False
26,2014-07-27,39.42,False
27,2014-07-28,50.220000000000006,False
28,2014-07-29,44.28,False
29,2014-07-30,42.120000000000005,False
30,2014-07-31,46.980000000000004,False
0,2014-08-01,44.0,False
1,2014-08-02,33.550000000000004,False
2,2014-08-03,46.2,False
3,2014-08-04,29.700000000000003,False
4,2014-08-05,27.500000000000004,False
5,2014-08-06,37.95,False
6,2014-08-07,49.50000000000001,False
7,2014-08-08,36.300000000000004,False
8,2014-08-09,30.250000000000004,False
9,2014-08-10,34.1,False
10,2014-08-11,34.1,False
11,2014-08-12,44.550000000000004,False
12,2014-08-13,33.0,False
13,2014-08-14,34.1,False
14,2014-08-15,40.150000000000006,False
15,2014-08-16,39.050000000000004,False
16,2014-08-17,37.400000000000006,False
17,2014-08-18,37.95,False
18,2014-08-19,41.25,False
19,2014-08-20,43.45,False
20,2014-08-21,47.300000000000004,False
21,2014-08-22,55.00000000000001,False
22,2014-08-23,32.45,False
23,2014-08-24,35.2,False
24,2014-08-25,38.5,False
25,2014-08-26,40.150000000000006,False
26,2014-08-27,32.45,False
27,2014-08-28,40.7,False
28,2014-08-29,48.400000000000006,False
29,2014-08-30,30.250000000000004,False
30,2014-08-31,28.6,False
0,2014-09-01,17.28,False
1,2014-09-02,15.36,False
2,2014-09-03,21.76,False
3,2014-09-04,14.72,False
4,2014-09-05,18.56,False
5,2014-09-06,17.28,False
6,2014-09-07,16.64,False
7,2014-09-08,15.36,False
8,2014-09-09,23.04,False
9,2014-09-10,20.48,False
10,2014-09-11,23.68,False
11,2014-09-12,24.96,False
12,2014-09-13,15.36,False
13,2014-09-14,20.48,False
14,2014-09-15,24.96,False
15,2014-09-16,23.68,False
16,2014-09-17,19.2,False
17,2014-09-18,20.48,False
18,2014-09-19,28.16,False
19,2014-09-20,18.56,False
20,2014-09-21,21.12,False
21,2014-09-22,22.400000000000002,False
22,2014-09-23,22.400000000000002,False
23,2014-09-24,21.76,False
24,2014-09-25,24.32,False
25,2014-09-26,21.12,False
26,2014-09-27,16.0,False
27,2014-09-28,13.44,False
28,2014-09-29,18.56,False
29,2014-09-30,64.0,False
0,2014-10-01,63.0,False
1,2014-10-02,47.25,False
2,2014-10-03,39.06,False
3,2014-10-04,32.76,False
4,2014-10-05,38.43,False
5,2014-10-06,41.58,False
6,2014-10-07,52.29,False
7,2014-10-08,41.58,False
8,2014-10-09,45.36,False
9,2014-10-10,49.77,False
10,2014-10-11,34.02,False
11,2014-10-12,31.5,False
12,2014-10-13,44.1,False
13,2014-10-14,49.14,False
14,2014-10-15,61.11,False
15,2014-10-16,47.88,False
16,2014-10-17,45.99,False
17,2014-10-18,32.76,False
18,2014-10-19,32.76,False
19,2014-10-20,42.21,False
20,2014-10-21,42.21,False
21,2014-10-22,34.65,False
22,2014-10-23,31.5,False
23,2014-10-24,40.32,False
24,2014-10-25,32.13,False
25,2014-10-26,27.09,False
26,2014-10-27,34.65,False
27,2014-10-28,46.62,False
28,2014-10-29,42.21,False
29,2014-10-30,44.73,False
30,2014-10-31,39.06,False
0,2014-11-01,31.919999999999998,False
1,2014-11-02,29.639999999999997,False
2,2014-11-03,35.339999999999996,False
3,2014-11-04,44.459999999999994,False
4,2014-11-05,34.199999999999996,False
5,2014-11-06,47.879999999999995,False
6,2014-11-07,37.62,False
7,2014-11-08,45.599999999999994,False
8,2014-11-09,28.499999999999996,False
9,2014-11-10,56.99999999999999,False
10,2014-11-11,43.88999999999999,False
11,2014-11-12,41.61,False
12,2014-11-13,46.739999999999995,False
13,2014-11-14,54.15,False
14,2014-11-15,46.169999999999995,False
15,2014-11-16,42.18,False
16,2014-11-17,38.76,False
17,2014-11-18,40.47,False
18,2014-11-19,43.31999999999999,False
19,2014-11-20,33.059999999999995,False
20,2014-11-21,42.74999999999999,False
21,2014-11-22,27.36,False
22,2014-11-23,19.95,False
23,2014-11-24,45.599999999999994,False
24,2014-11-25,39.33,False
25,2014-11-26,41.04,False
26,2014-11-27,34.199999999999996,False
27,2014-11-28,30.209999999999997,False
28,2014-11-29,41.61,False
29,2014-11-30,30.779999999999998,False
0,2014-12-01,45.599999999999994,False
1,2014-12-02,55.85999999999999,False
2,2014-12-03,47.309999999999995,False
3,2014-12-04,39.9,False
4,2014-12-05,40.47,False
5,2014-12-06,35.339999999999996,False
6,2014-12-07,32.489999999999995,False
7,2014-12-08,35.91,False
8,2014-12-09,42.74999999999999,False
9,2014-12-10,50.16,False
10,2014-12-11,56.99999999999999,False
11,2014-12-12,54.72,False
12,2014-12-13,41.61,False
13,2014-12-14,31.919999999999998,False
14,2014-12-15,54.15,False
15,2014-12-16,48.449999999999996,False
16,2014-12-17,45.029999999999994,False
17,2014-12-18,39.33,False
18,2014-12-19,45.029999999999994,False
19,2014-12-20,34.199999999999996,False
20,2014-12-21,32.489999999999995,False
21,2014-12-22,47.309999999999995,False
22,2014-12-23,41.04,False
23,2014-12-24,46.169999999999995,False
24,2014-12-25,23.369999999999997,False
25,2014-12-26,30.779999999999998,False
26,2014-12-27,33.059999999999995,False
27,2014-12-28,35.91,False
28,2014-12-29,43.88999999999999,False
29,2014-12-30,43.88999999999999,False
30,2014-12-31,33.059999999999995,False
0,2015-01-01,20.88,False
1,2015-01-02,20.299999999999997,False
2,2015-01-03,26.099999999999998,False
3,2015-01-04,24.939999999999998,False
4,2015-01-05,37.12,False
5,2015-01-06,27.259999999999998,False
6,2015-01-07,40.599999999999994,False
7,2015-01-08,26.68,False
8,2015-01-09,28.419999999999998,False
9,2015-01-10,26.68,False
10,2015-01-11,28.419999999999998,False
11,2015-01-12,27.839999999999996,False
12,2015-01-13,32.48,False
13,2015-01-14,28.419999999999998,False
14,2015-01-15,40.599999999999994,False
15,2015-01-16,35.379999999999995,False
16,2015-01-17,19.139999999999997,False
17,2015-01-18,19.139999999999997,False
18,2015-01-19,22.619999999999997,False
19,2015-01-20,28.999999999999996,False
20,2015-01-21,38.86,False
21,2015-01-22,57.99999999999999,False
22,2015-01-23,37.699999999999996,False
23,2015-01-24,28.419999999999998,False
24,2015-01-25,26.099999999999998,False
25,2015-01-26,24.939999999999998,False
26,2015-01-27,26.099999999999998,False
27,2015-01-28,28.419999999999998,False
28,2015-01-29,32.48,False
29,2015-01-30,27.839999999999996,False
30,2015-01-31,20.88,False
0,2015-02-01,28.6,False
1,2015-02-02,36.4,False
2,2015-02-03,32.76,False
3,2015-02-04,42.120000000000005,False
4,2015-02-05,50.96,False
5,2015-02-06,47.32,False
6,2015-02-07,40.04,False
7,2015-02-08,33.28,False
8,2015-02-09,33.28,False
9,2015-02-10,43.160000000000004,False
10,2015-02-11,29.12,False
11,2015-02-12,39.0,False
12,2015-02-13,41.6,False
13,2015-02-14,33.800000000000004,False
14,2015-02-15,38.480000000000004,False
15,2015-02-16,52.0,False
16,2015-02-17,43.68,False
17,2015-02-18,35.88,False
18,2015-02-19,36.4,False
19,2015-02-20,46.28,False
20,2015-02-21,36.4,False
21,2015-02-22,35.88,False
22,2015-02-23,45.760000000000005,False
23,2015-02-24,41.08,False
24,2015-02-25,40.04,False
25,2015-02-26,47.32,False
26,2015-02-27,42.64,False
27,2015-02-28,32.76,False
0,2015-03-01,30.240000000000002,False
1,2015-03-02,39.42,False
2,2015-03-03,38.34,False
3,2015-03-04,50.760000000000005,False
4,2015-03-05,34.02,False
5,2015-03-06,54.0,False
6,2015-03-07,36.18,False
7,2015-03-08,35.1,False
8,2015-03-09,41.580000000000005,False
9,2015-03-10,41.580000000000005,False
10,2015-03-11,41.040000000000006,False
11,2015-03-12,35.64,False
12,2015-03-13,41.580000000000005,False
13,2015-03-14,34.56,False
14,2015-03-15,23.76,False
15,2015-03-16,39.42,False
16,2015-03-17,41.580000000000005,False
17,2015-03-18,34.02,False
18,2015-03-19,37.260000000000005,False
19,2015-03-20,24.3,False
20,2015-03-21,25.380000000000003,False
21,2015-03-22,37.800000000000004,False
22,2015-03-23,31.860000000000003,False
23,2015-03-24,38.34,False
24,2015-03-25,43.74,False
25,2015-03-26,35.1,False
26,2015-03-27,33.480000000000004,False
27,2015-03-28,23.76,False
28,2015-03-29,31.860000000000003,False
29,2015-03-30,36.72,False
30,2015-03-31,33.480000000000004,False
0,2015-04-01,29.700000000000003,False
1,2015-04-02,29.150000000000002,False
2,2015-04-03,36.85,False
3,2015-04-04,23.1,False
4,2015-04-05,14.850000000000001,False
5,2015-04-06,35.2,False
6,2015-04-07,38.5,False
7,2015-04-08,26.950000000000003,False
8,2015-04-09,25.85,False
9,2015-04-10,34.650000000000006,False
10,2015-04-11,22.55,False
11,2015-04-12,28.6,False
12,2015-04-13,31.35,False
13,2015-04-14,34.1,False
14,2015-04-15,34.1,False
15,2015-04-16,37.95,False
16,2015-04-17,34.1,False
17,2015-04-18,22.0,False
18,2015-04-19,35.75,False
19,2015-04-20,44.0,False
20,2015-04-21,35.2,False
21,2015-04-22,48.95,False
22,2015-04-23,55.00000000000001,False
23,2015-04-24,34.650000000000006,False
24,2015-04-25,27.500000000000004,False
25,2015-04-26,23.650000000000002,False
26,2015-04-27,26.400000000000002,False
27,2015-04-28,38.5,False
28,2015-04-29,30.250000000000004,False
29,2015-04-30,34.1,False
0,2015-05-01,43.5,False
1,2015-05-02,25.0,False
2,2015-05-03,30.0,False
3,2015-05-04,42.5,False
4,2015-05-05,43.5,False
5,2015-05-06,41.0,False
6,2015-05-07,33.0,False
7,2015-05-08,43.0,False
8,2015-05-09,24.0,False
9,2015-05-10,22.0,False
10,2015-05-11,38.0,False
11,2015-05-12,46.0,False
12,2015-05-13,42.5,False
13,2015-05-14,32.0,False
14,2015-05-15,35.0,False
15,2015-05-16,33.5,False
16,2015-05-17,27.5,False
17,2015-05-18,41.0,False
18,2015-05-19,46.0,False
19,2015-05-20,39.5,False
20,2015-05-21,36.5,False
21,2015-05-22,50.0,False
22,2015-05-23,30.5,False
23,2015-05-24,29.0,False
24,2015-05-25,33.0,False
25,2015-05-26,42.5,False
26,2015-05-27,31.5,False
27,2015-05-28,34.0,False
28,2015-05-29,40.0,False
29,2015-05-30,28.0,False
30,2015-05-31,29.0,False
0,2015-06-01,45.39,False
1,2015-06-02,44.88,False
2,2015-06-03,48.45,False
3,2015-06-04,43.86,False
4,2015-06-05,41.82,False
5,2015-06-06,28.560000000000002,False
6,2015-06-07,32.64,False
7,2015-06-08,45.39,False
8,2015-06-09,44.88,False
9,2015-06-10,37.74,False
10,2015-06-11,41.82,False
11,2015-06-12,38.76,False
12,2015-06-13,23.97,False
13,2015-06-14,35.19,False
14,2015-06-15,40.8,False
15,2015-06-16,37.230000000000004,False
16,2015-06-17,38.25,False
17,2015-06-18,37.74,False
18,2015-06-19,39.78,False
19,2015-06-20,28.560000000000002,False
20,2015-06-21,38.25,False
21,2015-06-22,45.39,False
22,2015-06-23,44.37,False
23,2015-06-24,36.21,False
24,2015-06-25,45.9,False
25,2015-06-26,40.8,False
26,2015-06-27,34.68,False
27,2015-06-28,30.09,False
28,2015-06-29,51.0,False
29,2015-06-30,46.92,False
0,2015-07-01,19.84,False
1,2015-07-02,19.2,False
2,2015-07-03,14.72,False
3,2015-07-04,13.44,False
4,2015-07-05,15.36,False
5,2015-07-06,21.76,False
6,2015-07-07,24.32,False
7,2015-07-08,18.56,False
8,2015-07-09,21.12,False
9,2015-07-10,19.2,False
10,2015-07-11,16.0,False
11,2015-07-12,20.48,False
12,2015-07-13,24.32,False
13,2015-07-14,23.68,False
14,2015-07-15,24.32,False
15,2015-07-16,36.480000000000004,False
16,2015-07-17,35.2,False
17,2015-07-18,19.84,False
18,2015-07-19,19.84,False
19,2015-07-20,64.0,False
20,2015-07-21,46.72,False
21,2015-07-22,30.72,False
22,2015-07-23,21.12,False
23,2015-07-24,25.6,False
24,2015-07-25,12.8,False
25,2015-07-26,16.64,False
26,2015-07-27,24.96,False
27,2015-07-28,20.48,False
28,2015-07-29,18.56,False
29,2015-07-30,19.84,False
30,2015-07-31,17.92,False
0,2015-08-01,22.68,False
1,2015-08-02,17.82,False
2,2015-08-03,30.240000000000002,False
3,2015-08-04,39.42,False
4,2015-08-05,29.160000000000004,False
5,2015-08-06,30.240000000000002,False
6,2015-08-07,28.62,False
7,2015-08-08,20.520000000000003,False
8,2015-08-09,24.840000000000003,False
9,2015-08-10,25.380000000000003,False
10,2015-08-11,29.700000000000003,False
11,2015-08-12,30.78,False
12,2015-08-13,33.480000000000004,False
13,2015-08-14,36.18,False
14,2015-08-15,19.98,False
15,2015-08-16,27.0,False
16,2015-08-17,27.0,False
17,2015-08-18,39.96,False
18,2015-08-19,25.92,False
19,2015-08-20,39.96,False
20,2015-08-21,29.160000000000004,False
21,2015-08-22,29.700000000000003,False
22,2015-08-23,20.520000000000003,False
23,2015-08-24,52.38,False
24,2015-08-25,54.0,False
25,2015-08-26,37.800000000000004,False
26,2015-08-27,35.64,False
27,2015-08-28,29.700000000000003,False
28,2015-08-29,32.400000000000006,False
29,2015-08-30,21.6,False
30,2015-08-31,27.540000000000003,False
0,2015-09-01,44.0,False
1,2015-09-02,45.0,False
2,2015-09-03,50.0,False
3,2015-09-04,34.5,False
4,2015-09-05,23.5,False
5,2015-09-06,38.0,False
6,2015-09-07,29.0,False
7,2015-09-08,45.5,False
8,2015-09-09,42.0,False
9,2015-09-10,34.5,False
10,2015-09-11,33.5,False
11,2015-09-12,27.5,False
12,2015-09-13,33.5,False
13,2015-09-14,32.5,False
14,2015-09-15,48.0,False
15,2015-09-16,35.0,False
16,2015-09-17,36.0,False
17,2015-09-18,31.0,False
18,2015-09-19,35.0,False
19,2015-09-20,34.5,False
20,2015-09-21,48.0,False
21,2015-09-22,42.5,False
22,2015-09-23,41.5,False
23,2015-09-24,37.5,False
24,2015-09-25,36.5,False
25,2015-09-26,41.5,False
26,2015-09-27,34.5,False
27,2015-09-28,27.5,False
28,2015-09-29,39.0,False
29,2015-09-30,30.5,False
0,2015-10-01,29.150000000000002,False
1,2015-10-02,30.250000000000004,False
2,2015-10-03,22.55,False
3,2015-10-04,19.25,False
4,2015-10-05,26.400000000000002,False
5,2015-10-06,30.250000000000004,False
6,2015-10-07,30.250000000000004,False
7,2015-10-08,33.550000000000004,False
8,2015-10-09,26.400000000000002,False
9,2015-10-10,23.650000000000002,False
10,2015-10-11,23.1,False
11,2015-10-12,28.05,False
12,2015-10-13,30.250000000000004,False
13,2015-10-14,24.750000000000004,False
14,2015-10-15,30.250000000000004,False
15,2015-10-16,25.85,False
16,2015-10-17,19.8,False
17,2015-10-18,20.35,False
18,2015-10-19,24.200000000000003,False
19,2015-10-20,26.950000000000003,False
20,2015-10-21,44.550000000000004,False
21,2015-10-22,55.00000000000001,False
22,2015-10-23,39.050000000000004,False
23,2015-10-24,20.35,False
24,2015-10-25,29.150000000000002,False
25,2015-10-26,30.250000000000004,False
26,2015-10-27,34.1,False
27,2015-10-28,33.0,False
28,2015-10-29,33.550000000000004,False
29,2015-10-30,32.45,False
30,2015-10-31,19.8,False
0,2015-11-01,35.36,False
1,2015-11-02,44.72,False
2,2015-11-03,52.0,False
3,2015-11-04,49.92,False
4,2015-11-05,48.36,False
5,2015-11-06,45.24,False
6,2015-11-07,34.32,False
7,2015-11-08,28.6,False
8,2015-11-09,41.6,False
9,2015-11-10,43.68,False
10,2015-11-11,41.08,False
11,2015-11-12,42.64,False
12,2015-11-13,42.120000000000005,False
13,2015-11-14,25.48,False
14,2015-11-15,32.24,False
15,2015-11-16,39.52,False
16,2015-11-17,43.160000000000004,False
17,2015-11-18,46.28,False
18,2015-11-19,52.0,False
19,2015-11-20,40.04,False
20,2015-11-21,24.96,False
21,2015-11-22,27.04,False
22,2015-11-23,43.68,False
23,2015-11-24,45.760000000000005,False
24,2015-11-25,36.4,False
25,2015-11-26,29.12,False
26,2015-11-27,35.88,False
27,2015-11-28,36.4,False
28,2015-11-29,33.800000000000004,False
29,2015-11-30,40.04,False
0,2015-12-01,46.92,False
1,2015-12-02,48.45,False
2,2015-12-03,38.76,False
3,2015-12-04,36.21,False
4,2015-12-05,30.6,False
5,2015-12-06,41.31,False
6,2015-12-07,46.92,False
7,2015-12-08,44.88,False
8,2015-12-09,41.82,False
9,2015-12-10,38.25,False
10,2015-12-11,42.33,False
11,2015-12-12,31.62,False
12,2015-12-13,35.7,False
13,2015-12-14,43.35,False
14,2015-12-15,41.82,False
15,2015-12-16,39.78,False
16,2015-12-17,42.33,False
17,2015-12-18,41.82,False
18,2015-12-19,32.64,False
19,2015-12-20,37.230000000000004,False
20,2015-12-21,41.31,False
21,2015-12-22,44.88,False
22,2015-12-23,33.660000000000004,False
23,2015-12-24,32.64,False
24,2015-12-25,23.46,False
25,2015-12-26,38.25,False
26,2015-12-27,40.29,False
27,2015-12-28,42.84,False
28,2015-12-29,51.0,False
29,2015-12-30,35.7,False
30,2015-12-31,34.17,False
0,2016-01-01,20.28,False
1,2016-01-02,19.76,False
2,2016-01-03,21.32,False
3,2016-01-04,30.68,False
4,2016-01-05,26.52,False
5,2016-01-06,26.52,False
6,2016-01-07,31.200000000000003,False
7,2016-01-08,26.52,False
8,2016-01-09,19.76,False
9,2016-01-10,23.92,False
10,2016-01-11,23.92,False
11,2016-01-12,27.560000000000002,False
12,2016-01-13,23.400000000000002,False
13,2016-01-14,20.8,False
14,2016-01-15,31.720000000000002,False
15,2016-01-16,25.48,False
16,2016-01-17,29.12,False
17,2016-01-18,20.28,False
18,2016-01-19,28.080000000000002,False
19,2016-01-20,31.720000000000002,False
20,2016-01-21,26.52,False
21,2016-01-22,24.96,False
22,2016-01-23,20.28,False
23,2016-01-24,22.880000000000003,False
24,2016-01-25,30.68,False
25,2016-01-26,32.24,False
26,2016-01-27,45.760000000000005,False
27,2016-01-28,52.0,False
28,2016-01-29,44.72,False
29,2016-01-30,19.240000000000002,False
30,2016-01-31,22.36,False
0,2016-02-01,37.129999999999995,False
1,2016-02-02,47.0,False
2,2016-02-03,38.07,False
3,2016-02-04,36.66,False
4,2016-02-05,38.07,False
5,2016-02-06,31.49,False
6,2016-02-07,25.849999999999998,False
7,2016-02-08,44.18,False
8,2016-02-09,40.419999999999995,False
9,2016-02-10,42.769999999999996,False
10,2016-02-11,31.02,False
11,2016-02-12,42.3,False
12,2016-02-13,27.729999999999997,False
13,2016-02-14,23.97,False
14,2016-02-15,30.08,False
15,2016-02-16,37.129999999999995,False
16,2016-02-17,35.72,False
17,2016-02-18,36.19,False
18,2016-02-19,35.25,False
19,2016-02-20,27.729999999999997,False
20,2016-02-21,28.2,False
21,2016-02-22,35.72,False
22,2016-02-23,34.309999999999995,False
23,2016-02-24,30.08,False
24,2016-02-25,33.37,False
25,2016-02-26,37.599999999999994,False
26,2016-02-27,26.79,False
27,2016-02-28,27.259999999999998,False
28,2016-02-29,30.08,False
0,2016-03-01,40.050000000000004,False
1,2016-03-02,38.25,False
2,2016-03-03,27.0,False
3,2016-03-04,42.75,False
4,2016-03-05,30.6,False
5,2016-03-06,30.150000000000002,False
6,2016-03-07,45.0,False
7,2016-03-08,35.1,False
8,2016-03-09,38.25,False
9,2016-03-10,31.5,False
10,2016-03-11,34.2,False
11,2016-03-12,31.05,False
12,2016-03-13,32.4,False
13,2016-03-14,41.4,False
14,2016-03-15,37.800000000000004,False
15,2016-03-16,36.0,False
16,2016-03-17,38.25,False
17,2016-03-18,38.7,False
18,2016-03-19,22.05,False
19,2016-03-20,26.55,False
20,2016-03-21,35.1,False
21,2016-03-22,41.4,False
22,2016-03-23,27.45,False
23,2016-03-24,44.550000000000004,False
24,2016-03-25,23.400000000000002,False
25,2016-03-26,32.4,False
26,2016-03-27,19.8,False
27,2016-03-28,39.15,False
28,2016-03-29,37.35,False
29,2016-03-30,35.1,False
30,2016-03-31,32.4,False
0,2016-04-01,38.7,False
1,2016-04-02,26.1,False
2,2016-04-03,31.05,False
3,2016-04-04,29.7,False
4,2016-04-05,29.25,False
5,2016-04-06,45.0,False
6,2016-04-07,34.2,False
7,2016-04-08,35.1,False
8,2016-04-09,27.900000000000002,False
9,2016-04-10,31.05,False
10,2016-04-11,27.900000000000002,False
11,2016-04-12,35.1,False
12,2016-04-13,42.300000000000004,False
13,2016-04-14,29.7,False
14,2016-04-15,24.3,False
15,2016-04-16,21.6,False
16,2016-04-17,22.95,False
17,2016-04-18,26.1,False
18,2016-04-19,27.900000000000002,False
19,2016-04-20,26.55,False
20,2016-04-21,30.6,False
21,2016-04-22,30.150000000000002,False
22,2016-04-23,28.8,False
23,2016-04-24,29.7,False
24,2016-04-25,27.0,False
25,2016-04-26,43.2,False
26,2016-04-27,38.7,False
27,2016-04-28,35.550000000000004,False
28,2016-04-29,36.0,False
29,2016-04-30,34.65,False
0,2016-05-01,22.68,False
1,2016-05-02,29.82,False
2,2016-05-03,42.0,False
3,2016-05-04,36.54,False
4,2016-05-05,32.76,False
5,2016-05-06,39.48,False
6,2016-05-07,26.459999999999997,False
7,2016-05-08,21.419999999999998,False
8,2016-05-09,35.28,False
9,2016-05-10,33.6,False
10,2016-05-11,38.64,False
11,2016-05-12,34.44,False
12,2016-05-13,20.58,False
13,2016-05-14,24.36,False
14,2016-05-15,27.3,False
15,2016-05-16,36.12,False
16,2016-05-17,31.919999999999998,False
17,2016-05-18,34.019999999999996,False
18,2016-05-19,35.699999999999996,False
19,2016-05-20,32.76,False
20,2016-05-21,18.48,False
21,2016-05-22,24.779999999999998,False
22,2016-05-23,36.96,False
23,2016-05-24,36.54,False
24,2016-05-25,36.96,False
25,2016-05-26,34.44,False
26,2016-05-27,32.76,False
27,2016-05-28,21.419999999999998,False
28,2016-05-29,26.88,False
29,2016-05-30,22.259999999999998,False
30,2016-05-31,31.5,False
0,2016-06-01,31.200000000000003,False
1,2016-06-02,26.91,False
2,2016-06-03,35.88,False
3,2016-06-04,29.64,False
4,2016-06-05,26.130000000000003,False
5,2016-06-06,27.3,False
6,2016-06-07,33.15,False
7,2016-06-08,32.370000000000005,False
8,2016-06-09,20.28,False
9,2016-06-10,35.49,False
10,2016-06-11,14.040000000000001,False
11,2016-06-12,22.23,False
12,2016-06-13,23.79,False
13,2016-06-14,34.32,False
14,2016-06-15,26.52,False
15,2016-06-16,27.3,False
16,2016-06-17,23.01,False
17,2016-06-18,27.69,False
18,2016-06-19,24.57,False
19,2016-06-20,23.400000000000002,False
20,2016-06-21,28.080000000000002,False
21,2016-06-22,32.370000000000005,False
22,2016-06-23,19.89,False
23,2016-06-24,36.660000000000004,False
24,2016-06-25,28.86,False
25,2016-06-26,28.470000000000002,False
26,2016-06-27,35.49,False
27,2016-06-28,39.0,False
28,2016-06-29,37.83,False
29,2016-06-30,32.370000000000005,False
0,2016-07-01,21.16,False
1,2016-07-02,17.48,False
2,2016-07-03,17.48,False
3,2016-07-04,12.42,False
4,2016-07-05,16.560000000000002,False
5,2016-07-06,18.86,False
6,2016-07-07,20.240000000000002,False
7,2016-07-08,18.86,False
8,2016-07-09,17.94,False
9,2016-07-10,17.02,False
10,2016-07-11,21.16,False
11,2016-07-12,16.560000000000002,False
12,2016-07-13,15.64,False
13,2016-07-14,14.72,False
14,2016-07-15,17.94,False
15,2016-07-16,16.1,False
16,2016-07-17,13.34,False
17,2016-07-18,18.86,False
18,2016-07-19,25.3,False
19,2016-07-20,32.2,False
20,2016-07-21,46.0,False
21,2016-07-22,33.58,False
22,2016-07-23,16.1,False
23,2016-07-24,17.48,False
24,2016-07-25,24.84,False
25,2016-07-26,24.84,False
26,2016-07-27,22.080000000000002,False
27,2016-07-28,17.02,False
28,2016-07-29,23.0,False
29,2016-07-30,14.26,False
30,2016-07-31,8.74,False
0,2016-08-01,32.68,False
1,2016-08-02,34.96,False
2,2016-08-03,34.2,False
3,2016-08-04,28.12,False
4,2016-08-05,30.78,False
5,2016-08-06,26.6,False
6,2016-08-07,23.18,False
7,2016-08-08,23.94,False
8,2016-08-09,30.02,False
9,2016-08-10,35.34,False
10,2016-08-11,33.82,False
11,2016-08-12,23.56,False
12,2016-08-13,23.18,False
13,2016-08-14,19.0,False
14,2016-08-15,26.22,False
15,2016-08-16,34.96,False
16,2016-08-17,31.54,False
17,2016-08-18,23.18,False
18,2016-08-19,25.84,False
19,2016-08-20,19.0,False
20,2016-08-21,24.32,False
21,2016-08-22,19.0,False
22,2016-08-23,28.12,False
23,2016-08-24,31.16,False
24,2016-08-25,29.64,False
25,2016-08-26,32.3,False
26,2016-08-27,24.32,False
27,2016-08-28,26.6,False
28,2016-08-29,27.740000000000002,False
29,2016-08-30,30.4,False
30,2016-08-31,38.0,False
0,2016-09-01,32.370000000000005,False
1,2016-09-02,33.93,False
2,2016-09-03,20.28,False
3,2016-09-04,25.740000000000002,False
4,2016-09-05,14.82,False
5,2016-09-06,24.57,False
6,2016-09-07,31.98,False
7,2016-09-08,30.810000000000002,False
8,2016-09-09,27.3,False
9,2016-09-10,24.18,False
10,2016-09-11,26.130000000000003,False
11,2016-09-12,28.86,False
12,2016-09-13,39.0,False
13,2016-09-14,20.67,False
14,2016-09-15,30.03,False
15,2016-09-16,24.57,False
16,2016-09-17,16.38,False
17,2016-09-18,19.5,False
18,2016-09-19,24.96,False
19,2016-09-20,35.1,False
20,2016-09-21,33.15,False
21,2016-09-22,33.93,False
22,2016-09-23,27.3,False
23,2016-09-24,20.67,False
24,2016-09-25,17.94,False
25,2016-09-26,28.86,False
26,2016-09-27,28.86,False
27,2016-09-28,25.740000000000002,False
28,2016-09-29,31.59,False
29,2016-09-30,29.25,False
0,2016-10-01,16.650000000000002,False
1,2016-10-02,16.2,False
2,2016-10-03,22.05,False
3,2016-10-04,25.650000000000002,False
4,2016-10-05,18.0,False
5,2016-10-06,17.55,False
6,2016-10-07,18.900000000000002,False
7,2016-10-08,28.35,False
8,2016-10-09,12.6,False
9,2016-10-10,27.45,False
10,2016-10-11,21.150000000000002,False
11,2016-10-12,20.25,False
12,2016-10-13,18.45,False
13,2016-10-14,24.75,False
14,2016-10-15,18.45,False
15,2016-10-16,18.0,False
16,2016-10-17,28.35,False
17,2016-10-18,24.75,False
18,2016-10-19,39.15,False
19,2016-10-20,45.0,False
20,2016-10-21,36.9,False
21,2016-10-22,19.8,False
22,2016-10-23,20.25,False
23,2016-10-24,26.55,False
24,2016-10-25,28.35,False
25,2016-10-26,22.05,False
26,2016-10-27,27.45,False
27,2016-10-28,19.8,False
28,2016-10-29,17.1,False
29,2016-10-30,16.650000000000002,False
30,2016-10-31,18.0,False
0,2016-11-01,34.84,False
1,2016-11-02,52.0,False
2,2016-11-03,40.04,False
3,2016-11-04,45.24,False
4,2016-11-05,29.12,False
5,2016-11-06,29.64,False
6,2016-11-07,30.68,False
7,2016-11-08,39.52,False
8,2016-11-09,52.0,False
9,2016-11-10,39.0,False
10,2016-11-11,42.64,False
11,2016-11-12,31.720000000000002,False
12,2016-11-13,27.560000000000002,False
13,2016-11-14,42.64,False
14,2016-11-15,52.0,False
15,2016-11-16,46.800000000000004,False
16,2016-11-17,39.0,False
17,2016-11-18,50.96,False
18,2016-11-19,36.4,False
19,2016-11-20,34.32,False
20,2016-11-21,40.04,False
21,2016-11-22,40.04,False
22,2016-11-23,36.4,False
23,2016-11-24,32.76,False
24,2016-11-25,38.480000000000004,False
25,2016-11-26,37.44,False
26,2016-11-27,31.200000000000003,False
27,2016-11-28,37.96,False
28,2016-11-29,38.480000000000004,False
29,2016-11-30,37.44,False
0,2016-12-01,34.65,False
1,2016-12-02,38.25,False
2,2016-12-03,25.650000000000002,False
3,2016-12-04,30.6,False
4,2016-12-05,38.7,False
5,2016-12-06,38.7,False
6,2016-12-07,39.15,False
7,2016-12-08,45.0,False
8,2016-12-09,36.45,False
9,2016-12-10,22.5,False
10,2016-12-11,27.45,False
11,2016-12-12,40.95,False
12,2016-12-13,37.800000000000004,False
13,2016-12-14,36.0,False
14,2016-12-15,30.6,False
15,2016-12-16,37.35,False
16,2016-12-17,31.95,False
17,2016-12-18,29.7,False
18,2016-12-19,36.0,False
19,2016-12-20,28.8,False
20,2016-12-21,37.35,False
21,2016-12-22,31.05,False
22,2016-12-23,30.150000000000002,False
23,2016-12-24,26.55,False
24,2016-12-25,24.75,False
25,2016-12-26,29.7,False
26,2016-12-27,39.6,False
27,2016-12-28,32.4,False
28,2016-12-29,29.7,False
29,2016-12-30,30.6,False
30,2016-12-31,23.85,False
0,2017-01-01,16.45,False
1,2017-01-02,22.09,False
2,2017-01-03,27.729999999999997,False
3,2017-01-04,32.9,False
4,2017-01-05,28.2,False
5,2017-01-06,26.32,False
6,2017-01-07,23.029999999999998,False
7,2017-01-08,25.849999999999998,False
8,2017-01-09,27.729999999999997,False
9,2017-01-10,18.799999999999997,False
10,2017-01-11,21.619999999999997,False
11,2017-01-12,25.849999999999998,False
12,2017-01-13,29.139999999999997,False
13,2017-01-14,23.029999999999998,False
14,2017-01-15,18.33,False
15,2017-01-16,20.209999999999997,False
16,2017-01-17,23.5,False
17,2017-01-18,26.32,False
18,2017-01-19,22.09,False
19,2017-01-20,26.32,False
20,2017-01-21,19.27,False
21,2017-01-22,20.68,False
22,2017-01-23,27.259999999999998,False
23,2017-01-24,18.33,False
24,2017-01-25,45.12,False
25,2017-01-26,47.0,False
26,2017-01-27,35.25,False
27,2017-01-28,13.629999999999999,False
28,2017-01-29,23.029999999999998,False
29,2017-01-30,28.669999999999998,False
30,2017-01-31,27.259999999999998,False
0,2017-02-01,31.959999999999997,False
1,2017-02-02,43.71,False
2,2017-02-03,26.32,False
3,2017-02-04,24.439999999999998,False
4,2017-02-05,26.32,False
5,2017-02-06,39.48,False
6,2017-02-07,45.12,False
7,2017-02-08,36.66,False
8,2017-02-09,31.02,False
9,2017-02-10,43.71,False
10,2017-02-11,22.56,False
11,2017-02-12,24.91,False
12,2017-02-13,38.54,False
13,2017-02-14,35.25,False
14,2017-02-15,39.48,False
15,2017-02-16,43.239999999999995,False
16,2017-02-17,32.43,False
17,2017-02-18,19.74,False
18,2017-02-19,28.669999999999998,False
19,2017-02-20,28.669999999999998,False
20,2017-02-21,39.949999999999996,False
21,2017-02-22,34.78,False
22,2017-02-23,30.08,False
23,2017-02-24,40.419999999999995,False
24,2017-02-25,30.08,False
25,2017-02-26,33.37,False
26,2017-02-27,28.669999999999998,False
27,2017-02-28,47.0,False
0,2017-03-01,48.019999999999996,False
1,2017-03-02,41.16,False
2,2017-03-03,49.0,False
3,2017-03-04,35.28,False
4,2017-03-05,34.79,False
5,2017-03-06,37.73,False
6,2017-03-07,33.32,False
7,2017-03-08,31.849999999999998,False
8,2017-03-09,34.79,False
9,2017-03-10,35.28,False
10,2017-03-11,31.849999999999998,False
11,2017-03-12,28.419999999999998,False
12,2017-03-13,34.3,False
13,2017-03-14,35.28,False
14,2017-03-15,38.71,False
15,2017-03-16,34.3,False
16,2017-03-17,40.18,False
17,2017-03-18,32.83,False
18,2017-03-19,28.419999999999998,False
19,2017-03-20,31.849999999999998,False
20,2017-03-21,41.16,False
21,2017-03-22,35.769999999999996,False
22,2017-03-23,33.81,False
23,2017-03-24,31.36,False
24,2017-03-25,29.4,False
25,2017-03-26,30.38,False
26,2017-03-27,40.67,False
27,2017-03-28,43.61,False
28,2017-03-29,42.63,False
29,2017-03-30,36.75,False
30,2017-03-31,36.26,False
0,2017-04-01,20.16,False
1,2017-04-02,15.36,False
2,2017-04-03,24.96,False
3,2017-04-04,29.279999999999998,False
4,2017-04-05,21.119999999999997,False
5,2017-04-06,29.279999999999998,False
6,2017-04-07,26.4,False
7,2017-04-08,15.84,False
8,2017-04-09,20.16,False
9,2017-04-10,24.48,False
10,2017-04-11,34.56,False
11,2017-04-12,30.72,False
12,2017-04-13,19.2,False
13,2017-04-14,24.96,False
14,2017-04-15,19.68,False
15,2017-04-16,16.8,False
16,2017-04-17,27.84,False
17,2017-04-18,29.279999999999998,False
18,2017-04-19,41.28,False
19,2017-04-20,48.0,False
20,2017-04-21,32.64,False
21,2017-04-22,21.119999999999997,False
22,2017-04-23,20.64,False
23,2017-04-24,31.2,False
24,2017-04-25,27.84,False
25,2017-04-26,24.48,False
26,2017-04-27,27.36,False
27,2017-04-28,21.119999999999997,False
28,2017-04-29,18.24,False
29,2017-04-30,19.2,False
0,2017-05-01,33.58,False
1,2017-05-02,33.58,False
2,2017-05-03,35.88,False
3,2017-05-04,29.900000000000002,False
4,2017-05-05,32.660000000000004,False
5,2017-05-06,24.380000000000003,False
6,2017-05-07,16.560000000000002,False
7,2017-05-08,28.52,False
8,2017-05-09,46.0,False
9,2017-05-10,31.740000000000002,False
10,2017-05-11,32.660000000000004,False
11,2017-05-12,32.2,False
12,2017-05-13,23.46,False
13,2017-05-14,27.6,False
14,2017-05-15,28.52,False
15,2017-05-16,30.82,False
16,2017-05-17,34.04,False
17,2017-05-18,29.900000000000002,False
18,2017-05-19,32.660000000000004,False
19,2017-05-20,25.76,False
20,2017-05-21,24.380000000000003,False
21,2017-05-22,28.060000000000002,False
22,2017-05-23,28.060000000000002,False
23,2017-05-24,18.86,False
24,2017-05-25,27.14,False
25,2017-05-26,28.52,False
26,2017-05-27,14.72,False
27,2017-05-28,18.86,False
28,2017-05-29,19.78,False
29,2017-05-30,24.84,False
30,2017-05-31,28.52,False
0,2017-06-01,30.53,False
1,2017-06-02,20.21,False
2,2017-06-03,16.34,False
3,2017-06-04,21.93,False
4,2017-06-05,42.14,False
5,2017-06-06,34.4,False
6,2017-06-07,29.669999999999998,False
7,2017-06-08,24.509999999999998,False
8,2017-06-09,33.97,False
9,2017-06-10,25.37,False
10,2017-06-11,17.2,False
11,2017-06-12,29.24,False
12,2017-06-13,25.37,False
13,2017-06-14,43.0,False
14,2017-06-15,24.509999999999998,False
15,2017-06-16,35.26,False
16,2017-06-17,18.49,False
17,2017-06-18,27.52,False
18,2017-06-19,35.26,False
19,2017-06-20,36.98,False
20,2017-06-21,34.83,False
21,2017-06-22,28.81,False
22,2017-06-23,41.71,False
23,2017-06-24,27.95,False
24,2017-06-25,24.08,False
25,2017-06-26,32.68,False
26,2017-06-27,32.68,False
27,2017-06-28,32.25,False
28,2017-06-29,37.839999999999996,False
29,2017-06-30,30.099999999999998,False
0,2017-07-01,8.16,False
1,2017-07-02,14.879999999999999,False
2,2017-07-03,21.119999999999997,False
3,2017-07-04,21.599999999999998,False
4,2017-07-05,19.68,False
5,2017-07-06,19.68,False
6,2017-07-07,16.8,False
7,2017-07-08,9.6,False
8,2017-07-09,12.959999999999999,False
9,2017-07-10,16.8,False
10,2017-07-11,17.759999999999998,False
11,2017-07-12,19.68,False
12,2017-07-13,23.52,False
13,2017-07-14,27.84,False
14,2017-07-15,12.48,False
15,2017-07-16,12.48,False
16,2017-07-17,12.48,False
17,2017-07-18,24.96,False
18,2017-07-19,26.4,False
19,2017-07-20,48.0,False
20,2017-07-21,45.6,False
21,2017-07-22,22.08,False
22,2017-07-23,17.759999999999998,False
23,2017-07-24,19.68,False
24,2017-07-25,20.16,False
25,2017-07-26,21.599999999999998,False
26,2017-07-27,22.56,False
27,2017-07-28,17.28,False
28,2017-07-29,11.04,False
29,2017-07-30,14.399999999999999,False
30,2017-07-31,17.759999999999998,False
0,2017-08-01,38.25,False
1,2017-08-02,36.9,False
2,2017-08-03,36.0,False
3,2017-08-04,33.75,False
4,2017-08-05,35.550000000000004,False
5,2017-08-06,28.35,False
6,2017-08-07,37.800000000000004,False
7,2017-08-08,30.6,False
8,2017-08-09,35.1,False
9,2017-08-10,37.800000000000004,False
10,2017-08-11,45.0,False
11,2017-08-12,24.75,False
12,2017-08-13,28.35,False
13,2017-08-14,40.95,False
14,2017-08-15,30.150000000000002,False
15,2017-08-16,39.6,False
16,2017-08-17,36.45,False
17,2017-08-18,33.300000000000004,False
18,2017-08-19,22.95,False
19,2017-08-20,25.650000000000002,False
20,2017-08-21,34.2,False
21,2017-08-22,39.15,False
22,2017-08-23,39.15,False
23,2017-08-24,30.6,False
24,2017-08-25,36.9,False
25,2017-08-26,19.8,False
26,2017-08-27,22.95,False
27,2017-08-28,37.35,False
28,2017-08-29,36.45,False
29,2017-08-30,30.6,False
30,2017-08-31,36.45,False
0,2017-09-01,25.419999999999998,False
1,2017-09-02,29.11,False
2,2017-09-03,16.4,False
3,2017-09-04,27.06,False
4,2017-09-05,29.11,False
5,2017-09-06,33.62,False
6,2017-09-07,32.8,False
7,2017-09-08,33.62,False
8,2017-09-09,26.24,False
9,2017-09-10,11.889999999999999,False
10,2017-09-11,27.06,False
11,2017-09-12,27.06,False
12,2017-09-13,30.34,False
13,2017-09-14,35.669999999999995,False
14,2017-09-15,27.47,False
15,2017-09-16,20.5,False
16,2017-09-17,25.009999999999998,False
17,2017-09-18,24.189999999999998,False
18,2017-09-19,35.669999999999995,False
19,2017-09-20,34.44,False
20,2017-09-21,31.159999999999997,False
21,2017-09-22,41.0,False
22,2017-09-23,18.86,False
23,2017-09-24,17.63,False
24,2017-09-25,31.569999999999997,False
25,2017-09-26,28.29,False
26,2017-09-27,31.979999999999997,False
27,2017-09-28,25.83,False
28,2017-09-29,40.18,False
29,2017-09-30,32.8,False
0,2017-10-01,24.080000000000002,False
1,2017-10-02,23.520000000000003,False
2,2017-10-03,39.2,False
3,2017-10-04,40.32000000000001,False
4,2017-10-05,47.6,False
5,2017-10-06,45.36000000000001,False
6,2017-10-07,25.200000000000003,False
7,2017-10-08,23.520000000000003,False
8,2017-10-09,26.320000000000004,False
9,2017-10-10,25.200000000000003,False
10,2017-10-11,28.560000000000002,False
11,2017-10-12,28.560000000000002,False
12,2017-10-13,24.080000000000002,False
13,2017-10-14,24.64,False
14,2017-10-15,11.200000000000001,False
15,2017-10-16,28.000000000000004,False
16,2017-10-17,29.680000000000003,False
17,2017-10-18,42.00000000000001,False
18,2017-10-19,56.00000000000001,False
19,2017-10-20,27.44,False
20,2017-10-21,23.520000000000003,False
21,2017-10-22,24.080000000000002,False
22,2017-10-23,37.52,False
23,2017-10-24,32.480000000000004,False
24,2017-10-25,28.000000000000004,False
25,2017-10-26,29.680000000000003,False
26,2017-10-27,33.040000000000006,False
27,2017-10-28,23.520000000000003,False
28,2017-10-29,22.400000000000002,False
29,2017-10-30,21.840000000000003,False
30,2017-10-31,29.680000000000003,False
0,2017-11-01,45.24,False
1,2017-11-02,39.52,False
2,2017-11-03,36.4,False
3,2017-11-04,26.52,False
4,2017-11-05,26.0,False
5,2017-11-06,34.84,False
6,2017-11-07,41.6,False
7,2017-11-08,32.76,False
8,2017-11-09,44.72,False
9,2017-11-10,37.96,False
10,2017-11-11,32.24,False
11,2017-11-12,28.6,False
12,2017-11-13,36.92,False
13,2017-11-14,39.0,False
14,2017-11-15,34.84,False
15,2017-11-16,33.800000000000004,False
16,2017-11-17,32.24,False
17,2017-11-18,27.560000000000002,False
18,2017-11-19,27.04,False
19,2017-11-20,39.0,False
20,2017-11-21,43.160000000000004,False
21,2017-11-22,32.24,False
22,2017-11-23,22.36,False
23,2017-11-24,36.92,False
24,2017-11-25,27.04,False
25,2017-11-26,24.44,False
26,2017-11-27,37.96,False
27,2017-11-28,44.2,False
28,2017-11-29,52.0,False
29,2017-11-30,35.88,False
0,2017-12-01,52.0,False
1,2017-12-02,36.92,False
2,2017-12-03,35.88,False
3,2017-12-04,48.88,False
4,2017-12-05,48.36,False
5,2017-12-06,48.88,False
6,2017-12-07,48.88,False
7,2017-12-08,52.0,False
8,2017-12-09,23.92,False
9,2017-12-10,29.64,False
10,2017-12-11,37.96,False
11,2017-12-12,45.24,False
12,2017-12-13,43.160000000000004,False
13,2017-12-14,43.160000000000004,False
14,2017-12-15,39.0,False
15,2017-12-16,37.96,False
16,2017-12-17,27.04,False
17,2017-12-18,36.92,False
18,2017-12-19,44.2,False
19,2017-12-20,39.52,False
20,2017-12-21,41.6,False
21,2017-12-22,31.200000000000003,False
22,2017-12-23,25.48,False
23,2017-12-24,23.92,False
24,2017-12-25,24.44,False
25,2017-12-26,26.52,False
26,2017-12-27,35.36,False
27,2017-12-28,37.96,False
28,2017-12-29,36.4,False
29,2017-12-30,23.92,False
30,2017-12-31,29.64,False
0,2018-01-01,13.0,False
1,2018-01-02,30.16,False
2,2018-01-03,26.52,False
3,2018-01-04,24.96,False
4,2018-01-05,26.0,False
5,2018-01-06,20.8,False
6,2018-01-07,20.8,False
7,2018-01-08,23.400000000000002,False
8,2018-01-09,27.04,False
9,2018-01-10,27.04,False
10,2018-01-11,36.92,False
11,2018-01-12,30.68,False
12,2018-01-13,20.8,False
13,2018-01-14,18.2,False
14,2018-01-15,21.84,False
15,2018-01-16,24.44,False
16,2018-01-17,23.92,False
17,2018-01-18,33.800000000000004,False
18,2018-01-19,26.0,False
19,2018-01-20,21.84,False
20,2018-01-21,17.68,False
21,2018-01-22,22.36,False
22,2018-01-23,19.240000000000002,False
23,2018-01-24,31.200000000000003,False
24,2018-01-25,27.560000000000002,False
25,2018-01-26,30.16,False
26,2018-01-27,18.2,False
27,2018-01-28,17.16,False
28,2018-01-29,23.400000000000002,False
29,2018-01-30,23.400000000000002,False
30,2018-01-31,52.0,False
0,2018-02-01,68.0,False
1,2018-02-02,37.400000000000006,False
2,2018-02-03,20.400000000000002,False
3,2018-02-04,16.32,False
4,2018-02-05,29.92,False
5,2018-02-06,31.96,False
6,2018-02-07,24.48,False
7,2018-02-08,20.400000000000002,False
8,2018-02-09,23.12,False
9,2018-02-10,15.64,False
10,2018-02-11,12.920000000000002,False
11,2018-02-12,17.0,False
12,2018-02-13,19.040000000000003,False
13,2018-02-14,14.280000000000001,False
14,2018-02-15,20.400000000000002,False
15,2018-02-16,18.360000000000003,False
16,2018-02-17,12.920000000000002,False
17,2018-02-18,12.920000000000002,False
18,2018-02-19,10.88,False
19,2018-02-20,21.080000000000002,False
20,2018-02-21,21.080000000000002,False
21,2018-02-22,21.76,False
22,2018-02-23,18.360000000000003,False
23,2018-02-24,12.24,False
24,2018-02-25,12.920000000000002,False
25,2018-02-26,16.32,False
26,2018-02-27,18.360000000000003,False
27,2018-02-28,16.32,False
0,2018-03-01,49.92,False
1,2018-03-02,41.08,False
2,2018-03-03,29.12,False
3,2018-03-04,28.080000000000002,False
4,2018-03-05,31.720000000000002,False
5,2018-03-06,45.760000000000005,False
6,2018-03-07,44.2,False
7,2018-03-08,47.84,False
8,2018-03-09,42.120000000000005,False
9,2018-03-10,39.0,False
10,2018-03-11,27.04,False
11,2018-03-12,41.08,False
12,2018-03-13,45.24,False
13,2018-03-14,40.56,False
14,2018-03-15,35.88,False
15,2018-03-16,44.72,False
16,2018-03-17,29.12,False
17,2018-03-18,33.800000000000004,False
18,2018-03-19,43.160000000000004,False
19,2018-03-20,45.24,False
20,2018-03-21,40.04,False
21,2018-03-22,44.72,False
22,2018-03-23,52.0,False
23,2018-03-24,36.92,False
24,2018-03-25,28.080000000000002,False
25,2018-03-26,43.160000000000004,False
26,2018-03-27,47.32,False
27,2018-03-28,47.84,False
28,2018-03-29,51.480000000000004,False
29,2018-03-30,38.480000000000004,False
30,2018-03-31,23.92,False
0,2018-04-01,18.87,False
1,2018-04-02,35.19,False
2,2018-04-03,36.72,False
3,2018-04-04,35.7,False
4,2018-04-05,38.25,False
5,2018-04-06,36.21,False
6,2018-04-07,29.580000000000002,False
7,2018-04-08,22.44,False
8,2018-04-09,41.31,False
9,2018-04-10,38.25,False
10,2018-04-11,29.07,False
11,2018-04-12,35.19,False
12,2018-04-13,35.19,False
13,2018-04-14,21.42,False
14,2018-04-15,26.01,False
15,2018-04-16,37.230000000000004,False
16,2018-04-17,36.21,False
17,2018-04-18,43.86,False
18,2018-04-19,48.96,False
19,2018-04-20,38.76,False
20,2018-04-21,23.46,False
21,2018-04-22,24.990000000000002,False
22,2018-04-23,36.21,False
23,2018-04-24,34.17,False
24,2018-04-25,43.86,False
25,2018-04-26,51.0,False
26,2018-04-27,41.31,False
27,2018-04-28,16.32,False
28,2018-04-29,22.95,False
29,2018-04-30,38.25,False
0,2018-05-01,42.0,False
1,2018-05-02,35.28,False
2,2018-05-03,33.6,False
3,2018-05-04,37.8,False
4,2018-05-05,19.32,False
5,2018-05-06,18.9,False
6,2018-05-07,40.74,False
7,2018-05-08,30.24,False
8,2018-05-09,34.019999999999996,False
9,2018-05-10,37.379999999999995,False
10,2018-05-11,31.5,False
11,2018-05-12,19.32,False
12,2018-05-13,21.419999999999998,False
13,2018-05-14,33.6,False
14,2018-05-15,33.6,False
15,2018-05-16,29.4,False
16,2018-05-17,25.619999999999997,False
17,2018-05-18,31.919999999999998,False
18,2018-05-19,16.38,False
19,2018-05-20,17.64,False
20,2018-05-21,37.8,False
21,2018-05-22,28.56,False
22,2018-05-23,29.4,False
23,2018-05-24,32.76,False
24,2018-05-25,35.699999999999996,False
25,2018-05-26,14.7,False
26,2018-05-27,23.099999999999998,False
27,2018-05-28,23.099999999999998,False
28,2018-05-29,27.3,False
29,2018-05-30,32.339999999999996,False
30,2018-05-31,31.5,False
0,2018-06-01,33.18,False
1,2018-06-02,26.459999999999997,False
2,2018-06-03,25.619999999999997,False
3,2018-06-04,28.14,False
4,2018-06-05,34.44,False
5,2018-06-06,39.48,False
6,2018-06-07,32.76,False
7,2018-06-08,35.28,False
8,2018-06-09,27.3,False
9,2018-06-10,25.619999999999997,False
10,2018-06-11,28.14,False
11,2018-06-12,40.32,False
12,2018-06-13,36.54,False
13,2018-06-14,31.919999999999998,False
14,2018-06-15,39.48,False
15,2018-06-16,22.259999999999998,False
16,2018-06-17,21.84,False
17,2018-06-18,33.18,False
18,2018-06-19,29.82,False
19,2018-06-20,34.019999999999996,False
20,2018-06-21,39.48,False
21,2018-06-22,34.019999999999996,False
22,2018-06-23,23.52,False
23,2018-06-24,17.22,False
24,2018-06-25,28.98,False
25,2018-06-26,34.019999999999996,False
26,2018-06-27,37.8,False
27,2018-06-28,42.0,False
28,2018-06-29,39.059999999999995,False
29,2018-06-30,24.36,False
0,2018-07-01,10.71,False
1,2018-07-02,14.790000000000001,False
2,2018-07-03,19.38,False
3,2018-07-04,8.16,False
4,2018-07-05,14.280000000000001,False
5,2018-07-06,9.69,False
6,2018-07-07,12.24,False
7,2018-07-08,12.75,False
8,2018-07-09,16.32,False
9,2018-07-10,18.36,False
10,2018-07-11,13.77,False
11,2018-07-12,12.24,False
12,2018-07-13,13.77,False
13,2018-07-14,9.69,False
14,2018-07-15,11.22,False
15,2018-07-16,12.24,False
16,2018-07-17,18.87,False
17,2018-07-18,38.25,False
18,2018-07-19,51.0,False
19,2018-07-20,34.17,False
20,2018-07-21,16.830000000000002,False
21,2018-07-22,11.73,False
22,2018-07-23,21.93,False
23,2018-07-24,22.95,False
24,2018-07-25,23.97,False
25,2018-07-26,22.95,False
26,2018-07-27,24.48,False
27,2018-07-28,12.75,False
28,2018-07-29,14.280000000000001,False
29,2018-07-30,20.4,False
30,2018-07-31,22.44,False
0,2018-08-01,35.1,False
1,2018-08-02,35.550000000000004,False
2,2018-08-03,44.1,False
3,2018-08-04,21.150000000000002,False
4,2018-08-05,22.95,False
5,2018-08-06,45.0,False
6,2018-08-07,42.300000000000004,False
7,2018-08-08,31.5,False
8,2018-08-09,36.9,False
9,2018-08-10,35.550000000000004,False
10,2018-08-11,16.2,False
11,2018-08-12,20.7,False
12,2018-08-13,34.2,False
13,2018-08-14,33.75,False
14,2018-08-15,29.7,False
15,2018-08-16,45.0,False
16,2018-08-17,27.900000000000002,False
17,2018-08-18,21.6,False
18,2018-08-19,9.450000000000001,False
19,2018-08-20,26.55,False
20,2018-08-21,37.35,False
21,2018-08-22,30.150000000000002,False
22,2018-08-23,37.35,False
23,2018-08-24,40.5,False
24,2018-08-25,22.05,False
25,2018-08-26,18.0,False
26,2018-08-27,30.6,False
27,2018-08-28,27.45,False
28,2018-08-29,30.150000000000002,False
29,2018-08-30,43.65,False
30,2018-08-31,31.95,False
0,2018-09-01,30.66,False
1,2018-09-02,24.779999999999998,False
2,2018-09-03,23.52,False
3,2018-09-04,36.12,False
4,2018-09-05,36.96,False
5,2018-09-06,33.18,False
6,2018-09-07,21.0,False
7,2018-09-08,26.04,False
8,2018-09-09,18.48,False
9,2018-09-10,33.18,False
10,2018-09-11,31.5,False
11,2018-09-12,34.44,False
12,2018-09-13,31.5,False
13,2018-09-14,42.0,False
14,2018-09-15,27.72,False
15,2018-09-16,21.419999999999998,False
16,2018-09-17,41.58,False
17,2018-09-18,34.86,False
18,2018-09-19,31.919999999999998,False
19,2018-09-20,36.12,False
20,2018-09-21,29.82,False
21,2018-09-22,22.68,False
22,2018-09-23,13.02,False
23,2018-09-24,33.18,False
24,2018-09-25,38.64,False
25,2018-09-26,39.9,False
26,2018-09-27,38.64,False
27,2018-09-28,34.019999999999996,False
28,2018-09-29,18.9,False
29,2018-09-30,21.419999999999998,False
0,2018-10-01,23.400000000000002,False
1,2018-10-02,20.28,False
2,2018-10-03,25.48,False
3,2018-10-04,28.6,False
4,2018-10-05,16.12,False
5,2018-10-06,13.0,False
6,2018-10-07,11.440000000000001,False
7,2018-10-08,26.52,False
8,2018-10-09,39.52,False
9,2018-10-10,27.560000000000002,False
10,2018-10-11,33.28,False
11,2018-10-12,31.720000000000002,False
12,2018-10-13,15.08,False
13,2018-10-14,15.08,False
14,2018-10-15,22.36,False
15,2018-10-16,25.48,False
16,2018-10-17,23.400000000000002,False
17,2018-10-18,28.080000000000002,False
18,2018-10-19,42.64,False
19,2018-10-20,20.8,False
20,2018-10-21,17.68,False
21,2018-10-22,30.16,False
22,2018-10-23,30.16,False
23,2018-10-24,27.04,False
24,2018-10-25,33.800000000000004,False
25,2018-10-26,28.080000000000002,False
26,2018-10-27,15.08,False
27,2018-10-28,20.8,False
28,2018-10-29,29.12,False
29,2018-10-30,48.36,False
30,2018-10-31,52.0,False
0,2018-11-01,46.0,False
1,2018-11-02,35.42,False
2,2018-11-03,21.62,False
3,2018-11-04,18.86,False
4,2018-11-05,28.98,False
5,2018-11-06,25.3,False
6,2018-11-07,28.060000000000002,False
7,2018-11-08,26.220000000000002,False
8,2018-11-09,27.14,False
9,2018-11-10,13.34,False
10,2018-11-11,13.34,False
11,2018-11-12,32.2,False
12,2018-11-13,34.5,False
13,2018-11-14,27.6,False
14,2018-11-15,26.220000000000002,False
15,2018-11-16,25.76,False
16,2018-11-17,17.94,False
17,2018-11-18,17.94,False
18,2018-11-19,26.220000000000002,False
19,2018-11-20,28.060000000000002,False
20,2018-11-21,35.42,False
21,2018-11-22,23.0,False
22,2018-11-23,23.46,False
23,2018-11-24,18.86,False
24,2018-11-25,14.26,False
25,2018-11-26,35.88,False
26,2018-11-27,31.740000000000002,False
27,2018-11-28,29.44,False
28,2018-11-29,25.76,False
29,2018-11-30,26.220000000000002,False
0,2018-12-01,18.06,False
1,2018-12-02,24.779999999999998,False
2,2018-12-03,34.86,False
3,2018-12-04,38.64,False
4,2018-12-05,28.14,False
5,2018-12-06,42.0,False
6,2018-12-07,41.16,False
7,2018-12-08,22.68,False
8,2018-12-09,25.619999999999997,False
9,2018-12-10,29.4,False
10,2018-12-11,40.32,False
11,2018-12-12,36.12,False
12,2018-12-13,37.8,False
13,2018-12-14,31.08,False
14,2018-12-15,24.779999999999998,False
15,2018-12-16,17.64,False
16,2018-12-17,32.339999999999996,False
17,2018-12-18,34.019999999999996,False
18,2018-12-19,32.76,False
19,2018-12-20,36.12,False
20,2018-12-21,37.8,False
21,2018-12-22,20.58,False
22,2018-12-23,25.2,False
23,2018-12-24,31.919999999999998,False
24,2018-12-25,22.259999999999998,False
25,2018-12-26,39.059999999999995,False
26,2018-12-27,35.28,False
27,2018-12-28,29.4,False
28,2018-12-29,23.099999999999998,False
29,2018-12-30,27.3,False
30,2018-12-31,29.82,False
0,2019-01-01,18.36,False
1,2019-01-02,23.97,False
2,2019-01-03,27.03,False
3,2019-01-04,23.46,False
4,2019-01-05,21.42,False
5,2019-01-06,14.280000000000001,False
6,2019-01-07,21.42,False
7,2019-01-08,23.97,False
8,2019-01-09,31.11,False
9,2019-01-10,23.97,False
10,2019-01-11,28.560000000000002,False
11,2019-01-12,15.81,False
12,2019-01-13,18.36,False
13,2019-01-14,17.85,False
14,2019-01-15,23.97,False
15,2019-01-16,21.93,False
16,2019-01-17,24.48,False
17,2019-01-18,22.95,False
18,2019-01-19,19.38,False
19,2019-01-20,16.32,False
20,2019-01-21,14.790000000000001,False
21,2019-01-22,51.0,False
22,2019-01-23,40.8,False
23,2019-01-24,32.64,False
24,2019-01-25,34.68,False
25,2019-01-26,17.85,False
26,2019-01-27,14.790000000000001,False
27,2019-01-28,23.46,False
28,2019-01-29,49.47,False
29,2019-01-30,48.96,False
30,2019-01-31,31.62,False
0,2019-02-01,42.75,False
1,2019-02-02,22.05,False
2,2019-02-03,24.75,False
3,2019-02-04,38.25,False
4,2019-02-05,33.300000000000004,False
5,2019-02-06,45.0,False
6,2019-02-07,28.35,False
7,2019-02-08,29.25,False
8,2019-02-09,20.25,False
9,2019-02-10,24.75,False
10,2019-02-11,28.8,False
11,2019-02-12,32.85,False
12,2019-02-13,38.25,False
13,2019-02-14,27.0,False
14,2019-02-15,40.95,False
15,2019-02-16,22.5,False
16,2019-02-17,32.85,False
17,2019-02-18,23.400000000000002,False
18,2019-02-19,26.1,False
19,2019-02-20,38.7,False
20,2019-02-21,29.25,False
21,2019-02-22,30.150000000000002,False
22,2019-02-23,17.55,False
23,2019-02-24,15.75,False
24,2019-02-25,30.150000000000002,False
25,2019-02-26,36.45,False
26,2019-02-27,45.0,False
27,2019-02-28,24.75,False
0,2019-03-01,35.2,False
1,2019-03-02,18.04,False
2,2019-03-03,18.48,False
3,2019-03-04,29.48,False
4,2019-03-05,38.28,False
5,2019-03-06,31.24,False
6,2019-03-07,29.48,False
7,2019-03-08,29.04,False
8,2019-03-09,24.2,False
9,2019-03-10,21.12,False
10,2019-03-11,40.04,False
11,2019-03-12,33.44,False
12,2019-03-13,27.28,False
13,2019-03-14,35.64,False
14,2019-03-15,33.0,False
15,2019-03-16,21.12,False
16,2019-03-17,13.64,False
17,2019-03-18,31.24,False
18,2019-03-19,44.0,False
19,2019-03-20,32.12,False
20,2019-03-21,33.44,False
21,2019-03-22,37.4,False
22,2019-03-23,19.8,False
23,2019-03-24,14.08,False
24,2019-03-25,33.88,False
25,2019-03-26,31.24,False
26,2019-03-27,27.28,False
27,2019-03-28,33.88,False
28,2019-03-29,43.12,False
29,2019-03-30,17.16,False
30,2019-03-31,19.8,False
