,date,FB stock,isPartial
0,2012-01-01,0.3,False
1,2012-01-02,0.47000000000000003,False
2,2012-01-03,0.0,False
3,2012-01-04,0.21,False
4,2012-01-05,0.22,False
5,2012-01-06,0.45,False
6,2012-01-07,0.26,False
7,2012-01-08,0.0,False
8,2012-01-09,0.0,False
9,2012-01-10,0.0,False
10,2012-01-11,0.21,False
11,2012-01-12,0.42,False
12,2012-01-13,0.43,False
13,2012-01-14,0.25,False
14,2012-01-15,0.0,False
15,2012-01-16,0.41000000000000003,False
16,2012-01-17,0.0,False
17,2012-01-18,0.0,False
18,2012-01-19,0.21,False
19,2012-01-20,0.43,False
20,2012-01-21,0.0,False
21,2012-01-22,0.0,False
22,2012-01-23,0.2,False
23,2012-01-24,0.0,False
24,2012-01-25,0.21,False
25,2012-01-26,0.42,False
26,2012-01-27,0.21,False
27,2012-01-28,1.0,False
28,2012-01-29,0.0,False
29,2012-01-30,0.61,False
30,2012-01-31,0.6,False
0,2012-02-01,2.12,False
1,2012-02-02,4.0,False
2,2012-02-03,2.2800000000000002,False
3,2012-02-04,1.0,False
4,2012-02-05,0.76,False
5,2012-02-06,1.16,False
6,2012-02-07,0.56,False
7,2012-02-08,0.72,False
8,2012-02-09,0.48,False
9,2012-02-10,0.44,False
10,2012-02-11,0.2,False
11,2012-02-12,0.24,False
12,2012-02-13,0.44,False
13,2012-02-14,0.56,False
14,2012-02-15,0.32,False
15,2012-02-16,0.4,False
16,2012-02-17,0.24,False
17,2012-02-18,0.4,False
18,2012-02-19,0.12,False
19,2012-02-20,0.28,False
20,2012-02-21,0.32,False
21,2012-02-22,0.0,False
22,2012-02-23,0.4,False
23,2012-02-24,0.12,False
24,2012-02-25,0.12,False
25,2012-02-26,0.4,False
26,2012-02-27,0.48,False
27,2012-02-28,0.44,False
28,2012-02-29,0.28,False
0,2012-03-01,0.53,False
1,2012-03-02,0.77,False
2,2012-03-03,0.38,False
3,2012-03-04,0.37,False
4,2012-03-05,0.53,False
5,2012-03-06,0.5,False
6,2012-03-07,0.7000000000000001,False
7,2012-03-08,0.41000000000000003,False
8,2012-03-09,0.85,False
9,2012-03-10,0.25,False
10,2012-03-11,0.48,False
11,2012-03-12,1.0,False
12,2012-03-13,0.71,False
13,2012-03-14,0.51,False
14,2012-03-15,0.8200000000000001,False
15,2012-03-16,0.43,False
16,2012-03-17,0.0,False
17,2012-03-18,0.24,False
18,2012-03-19,0.51,False
19,2012-03-20,0.2,False
20,2012-03-21,0.41000000000000003,False
21,2012-03-22,0.21,False
22,2012-03-23,0.22,False
23,2012-03-24,0.75,False
24,2012-03-25,0.5,False
25,2012-03-26,0.71,False
26,2012-03-27,0.3,False
27,2012-03-28,0.41000000000000003,False
28,2012-03-29,0.21,False
29,2012-03-30,0.44,False
30,2012-03-31,0.25,False
0,2012-04-01,0.0,False
1,2012-04-02,0.22,False
2,2012-04-03,0.42,False
3,2012-04-04,0.0,False
4,2012-04-05,0.9,False
5,2012-04-06,0.98,False
6,2012-04-07,1.06,False
7,2012-04-08,0.0,False
8,2012-04-09,2.0,False
9,2012-04-10,0.44,False
10,2012-04-11,0.42,False
11,2012-04-12,0.84,False
12,2012-04-13,0.44,False
13,2012-04-14,0.26,False
14,2012-04-15,0.5,False
15,2012-04-16,0.42,False
16,2012-04-17,0.0,False
17,2012-04-18,0.62,False
18,2012-04-19,0.0,False
19,2012-04-20,0.22,False
20,2012-04-21,0.5,False
21,2012-04-22,0.74,False
22,2012-04-23,1.02,False
23,2012-04-24,0.62,False
24,2012-04-25,0.2,False
25,2012-04-26,0.2,False
26,2012-04-27,1.32,False
27,2012-04-28,0.52,False
28,2012-04-29,0.52,False
29,2012-04-30,0.64,False
0,2012-05-01,0.0,False
1,2012-05-02,0.63,False
2,2012-05-03,0.63,False
3,2012-05-04,0.63,False
4,2012-05-05,0.0,False
5,2012-05-06,0.63,False
6,2012-05-07,0.63,False
7,2012-05-08,0.63,False
8,2012-05-09,0.63,False
9,2012-05-10,0.63,False
10,2012-05-11,0.0,False
11,2012-05-12,0.0,False
12,2012-05-13,0.63,False
13,2012-05-14,1.26,False
14,2012-05-15,1.8900000000000001,False
15,2012-05-16,3.15,False
16,2012-05-17,4.41,False
17,2012-05-18,63.0,False
18,2012-05-19,17.64,False
19,2012-05-20,6.3,False
20,2012-05-21,30.240000000000002,False
21,2012-05-22,37.8,False
22,2012-05-23,39.06,False
23,2012-05-24,25.830000000000002,False
24,2012-05-25,26.46,False
25,2012-05-26,8.82,False
26,2012-05-27,4.41,False
27,2012-05-28,4.41,False
28,2012-05-29,17.64,False
29,2012-05-30,18.9,False
30,2012-05-31,18.9,False
0,2012-06-01,37.0,False
1,2012-06-02,15.17,False
2,2012-06-03,8.14,False
3,2012-06-04,25.53,False
4,2012-06-05,31.08,False
5,2012-06-06,26.27,False
6,2012-06-07,22.57,False
7,2012-06-08,18.5,False
8,2012-06-09,7.77,False
9,2012-06-10,5.92,False
10,2012-06-11,14.8,False
11,2012-06-12,19.24,False
12,2012-06-13,13.32,False
13,2012-06-14,11.84,False
14,2012-06-15,14.06,False
15,2012-06-16,5.55,False
16,2012-06-17,3.33,False
17,2012-06-18,14.06,False
18,2012-06-19,15.17,False
19,2012-06-20,13.69,False
20,2012-06-21,12.209999999999999,False
21,2012-06-22,10.73,False
22,2012-06-23,4.4399999999999995,False
23,2012-06-24,4.07,False
24,2012-06-25,11.47,False
25,2012-06-26,11.84,False
26,2012-06-27,8.879999999999999,False
27,2012-06-28,12.95,False
28,2012-06-29,11.1,False
29,2012-06-30,4.81,False
0,2012-07-01,1.9,False
1,2012-07-02,6.65,False
2,2012-07-03,7.6,False
3,2012-07-04,2.85,False
4,2012-07-05,5.51,False
5,2012-07-06,6.2700000000000005,False
6,2012-07-07,5.7,False
7,2012-07-08,1.9,False
8,2012-07-09,5.32,False
9,2012-07-10,5.7,False
10,2012-07-11,7.03,False
11,2012-07-12,7.79,False
12,2012-07-13,5.89,False
13,2012-07-14,2.85,False
14,2012-07-15,3.8,False
15,2012-07-16,3.8,False
16,2012-07-17,8.36,False
17,2012-07-18,5.7,False
18,2012-07-19,6.46,False
19,2012-07-20,5.32,False
20,2012-07-21,3.04,False
21,2012-07-22,0.76,False
22,2012-07-23,6.08,False
23,2012-07-24,6.84,False
24,2012-07-25,5.7,False
25,2012-07-26,16.53,False
26,2012-07-27,19.0,False
27,2012-07-28,7.6,False
28,2012-07-29,4.18,False
29,2012-07-30,11.21,False
30,2012-07-31,7.6,False
0,2012-08-01,22.25,False
1,2012-08-02,24.25,False
2,2012-08-03,23.0,False
3,2012-08-04,8.5,False
4,2012-08-05,6.0,False
5,2012-08-06,14.25,False
6,2012-08-07,18.25,False
7,2012-08-08,11.25,False
8,2012-08-09,15.0,False
9,2012-08-10,15.5,False
10,2012-08-11,9.25,False
11,2012-08-12,2.25,False
12,2012-08-13,13.75,False
13,2012-08-14,15.5,False
14,2012-08-15,18.0,False
15,2012-08-16,25.0,False
16,2012-08-17,25.0,False
17,2012-08-18,10.5,False
18,2012-08-19,8.75,False
19,2012-08-20,15.5,False
20,2012-08-21,21.25,False
21,2012-08-22,13.25,False
22,2012-08-23,17.25,False
23,2012-08-24,21.0,False
24,2012-08-25,7.25,False
25,2012-08-26,5.25,False
26,2012-08-27,11.75,False
27,2012-08-28,10.75,False
28,2012-08-29,13.0,False
29,2012-08-30,12.5,False
30,2012-08-31,10.0,False
0,2012-09-01,7.199999999999999,False
1,2012-09-02,3.2399999999999998,False
2,2012-09-03,3.5999999999999996,False
3,2012-09-04,9.36,False
4,2012-09-05,13.68,False
5,2012-09-06,9.0,False
6,2012-09-07,8.82,False
7,2012-09-08,4.32,False
8,2012-09-09,3.2399999999999998,False
9,2012-09-10,7.92,False
10,2012-09-11,10.08,False
11,2012-09-12,18.0,False
12,2012-09-13,12.059999999999999,False
13,2012-09-14,9.54,False
14,2012-09-15,4.5,False
15,2012-09-16,2.88,False
16,2012-09-17,7.38,False
17,2012-09-18,9.54,False
18,2012-09-19,8.459999999999999,False
19,2012-09-20,8.64,False
20,2012-09-21,8.28,False
21,2012-09-22,3.78,False
22,2012-09-23,2.34,False
23,2012-09-24,10.26,False
24,2012-09-25,8.64,False
25,2012-09-26,5.3999999999999995,False
26,2012-09-27,8.64,False
27,2012-09-28,7.92,False
28,2012-09-29,2.34,False
29,2012-09-30,1.7999999999999998,False
0,2012-10-01,5.76,False
1,2012-10-02,6.72,False
2,2012-10-03,7.2,False
3,2012-10-04,10.56,False
4,2012-10-05,6.5600000000000005,False
5,2012-10-06,1.76,False
6,2012-10-07,1.44,False
7,2012-10-08,5.6000000000000005,False
8,2012-10-09,6.24,False
9,2012-10-10,4.16,False
10,2012-10-11,5.28,False
11,2012-10-12,5.92,False
12,2012-10-13,3.68,False
13,2012-10-14,1.6,False
14,2012-10-15,4.32,False
15,2012-10-16,6.4,False
16,2012-10-17,4.8,False
17,2012-10-18,5.12,False
18,2012-10-19,5.76,False
19,2012-10-20,3.36,False
20,2012-10-21,1.12,False
21,2012-10-22,6.08,False
22,2012-10-23,12.0,False
23,2012-10-24,16.0,False
24,2012-10-25,10.56,False
25,2012-10-26,10.88,False
26,2012-10-27,3.36,False
27,2012-10-28,2.72,False
28,2012-10-29,2.24,False
29,2012-10-30,2.4,False
30,2012-10-31,6.5600000000000005,False
0,2012-11-01,7.8,False
1,2012-11-02,6.6,False
2,2012-11-03,2.6399999999999997,False
3,2012-11-04,2.16,False
4,2012-11-05,6.6,False
5,2012-11-06,7.199999999999999,False
6,2012-11-07,8.64,False
7,2012-11-08,8.16,False
8,2012-11-09,8.28,False
9,2012-11-10,1.92,False
10,2012-11-11,2.6399999999999997,False
11,2012-11-12,6.359999999999999,False
12,2012-11-13,5.3999999999999995,False
13,2012-11-14,12.0,False
14,2012-11-15,10.68,False
15,2012-11-16,6.4799999999999995,False
16,2012-11-17,4.4399999999999995,False
17,2012-11-18,4.8,False
18,2012-11-19,8.16,False
19,2012-11-20,8.04,False
20,2012-11-21,8.04,False
21,2012-11-22,4.2,False
22,2012-11-23,8.28,False
23,2012-11-24,2.6399999999999997,False
24,2012-11-25,1.7999999999999998,False
25,2012-11-26,11.4,False
26,2012-11-27,11.4,False
27,2012-11-28,7.68,False
28,2012-11-29,10.559999999999999,False
29,2012-11-30,11.76,False
0,2012-12-01,2.97,False
1,2012-12-02,2.97,False
2,2012-12-03,9.13,False
3,2012-12-04,7.04,False
4,2012-12-05,7.15,False
5,2012-12-06,7.26,False
6,2012-12-07,8.91,False
7,2012-12-08,2.31,False
8,2012-12-09,3.3,False
9,2012-12-10,6.71,False
10,2012-12-11,8.03,False
11,2012-12-12,8.8,False
12,2012-12-13,6.6,False
13,2012-12-14,8.47,False
14,2012-12-15,4.07,False
15,2012-12-16,2.2,False
16,2012-12-17,8.69,False
17,2012-12-18,8.14,False
18,2012-12-19,7.37,False
19,2012-12-20,6.49,False
20,2012-12-21,11.0,False
21,2012-12-22,2.31,False
22,2012-12-23,0.77,False
23,2012-12-24,3.08,False
24,2012-12-25,2.53,False
25,2012-12-26,4.29,False
26,2012-12-27,6.38,False
27,2012-12-28,5.5,False
28,2012-12-29,2.64,False
29,2012-12-30,3.41,False
30,2012-12-31,8.03,False
0,2013-01-01,4.05,False
1,2013-01-02,6.8999999999999995,False
2,2013-01-03,7.5,False
3,2013-01-04,5.25,False
4,2013-01-05,2.6999999999999997,False
5,2013-01-06,2.4,False
6,2013-01-07,6.6,False
7,2013-01-08,4.95,False
8,2013-01-09,7.05,False
9,2013-01-10,7.8,False
10,2013-01-11,10.35,False
11,2013-01-12,2.1,False
12,2013-01-13,1.7999999999999998,False
13,2013-01-14,7.949999999999999,False
14,2013-01-15,11.549999999999999,False
15,2013-01-16,9.299999999999999,False
16,2013-01-17,9.6,False
17,2013-01-18,11.4,False
18,2013-01-19,1.7999999999999998,False
19,2013-01-20,1.5,False
20,2013-01-21,2.1,False
21,2013-01-22,7.949999999999999,False
22,2013-01-23,8.85,False
23,2013-01-24,8.549999999999999,False
24,2013-01-25,8.25,False
25,2013-01-26,2.4,False
26,2013-01-27,1.65,False
27,2013-01-28,8.4,False
28,2013-01-29,10.049999999999999,False
29,2013-01-30,10.049999999999999,False
30,2013-01-31,15.0,False
0,2013-02-01,12.0,False
1,2013-02-02,1.44,False
2,2013-02-03,2.88,False
3,2013-02-04,7.92,False
4,2013-02-05,7.92,False
5,2013-02-06,5.04,False
6,2013-02-07,6.0,False
7,2013-02-08,5.52,False
8,2013-02-09,2.52,False
9,2013-02-10,0.24,False
10,2013-02-11,4.68,False
11,2013-02-12,5.76,False
12,2013-02-13,6.0,False
13,2013-02-14,4.32,False
14,2013-02-15,5.76,False
15,2013-02-16,3.0,False
16,2013-02-17,1.44,False
17,2013-02-18,2.6399999999999997,False
18,2013-02-19,4.56,False
19,2013-02-20,3.96,False
20,2013-02-21,4.92,False
21,2013-02-22,4.56,False
22,2013-02-23,2.16,False
23,2013-02-24,1.68,False
24,2013-02-25,4.4399999999999995,False
25,2013-02-26,5.04,False
26,2013-02-27,5.279999999999999,False
27,2013-02-28,4.32,False
0,2013-03-01,9.0,False
1,2013-03-02,4.05,False
2,2013-03-03,1.6199999999999999,False
3,2013-03-04,7.6499999999999995,False
4,2013-03-05,7.109999999999999,False
5,2013-03-06,8.82,False
6,2013-03-07,6.029999999999999,False
7,2013-03-08,7.38,False
8,2013-03-09,3.33,False
9,2013-03-10,1.6199999999999999,False
10,2013-03-11,5.58,False
11,2013-03-12,5.76,False
12,2013-03-13,6.3,False
13,2013-03-14,5.85,False
14,2013-03-15,4.05,False
15,2013-03-16,3.5999999999999996,False
16,2013-03-17,0.99,False
17,2013-03-18,4.14,False
18,2013-03-19,4.14,False
19,2013-03-20,5.3999999999999995,False
20,2013-03-21,5.67,False
21,2013-03-22,4.05,False
22,2013-03-23,2.61,False
23,2013-03-24,1.6199999999999999,False
24,2013-03-25,4.5,False
25,2013-03-26,3.69,False
26,2013-03-27,4.05,False
27,2013-03-28,5.13,False
28,2013-03-29,3.8699999999999997,False
29,2013-03-30,2.79,False
30,2013-03-31,0.72,False
0,2013-04-01,5.5,False
1,2013-04-02,4.6000000000000005,False
2,2013-04-03,5.4,False
3,2013-04-04,10.0,False
4,2013-04-05,8.9,False
5,2013-04-06,3.2,False
6,2013-04-07,2.5,False
7,2013-04-08,5.4,False
8,2013-04-09,5.800000000000001,False
9,2013-04-10,6.300000000000001,False
10,2013-04-11,7.300000000000001,False
11,2013-04-12,8.4,False
12,2013-04-13,2.6,False
13,2013-04-14,1.5,False
14,2013-04-15,7.4,False
15,2013-04-16,6.7,False
16,2013-04-17,5.1000000000000005,False
17,2013-04-18,7.0,False
18,2013-04-19,5.300000000000001,False
19,2013-04-20,2.0,False
20,2013-04-21,1.0,False
21,2013-04-22,5.9,False
22,2013-04-23,7.5,False
23,2013-04-24,5.2,False
24,2013-04-25,6.300000000000001,False
25,2013-04-26,4.9,False
26,2013-04-27,3.6,False
27,2013-04-28,1.8,False
28,2013-04-29,5.800000000000001,False
29,2013-04-30,6.7,False
0,2013-05-01,10.0,False
1,2013-05-02,9.600000000000001,False
2,2013-05-03,6.9,False
3,2013-05-04,2.6,False
4,2013-05-05,1.2000000000000002,False
5,2013-05-06,5.4,False
6,2013-05-07,4.800000000000001,False
7,2013-05-08,4.5,False
8,2013-05-09,4.3,False
9,2013-05-10,4.4,False
10,2013-05-11,2.3000000000000003,False
11,2013-05-12,0.8,False
12,2013-05-13,3.8000000000000003,False
13,2013-05-14,3.8000000000000003,False
14,2013-05-15,5.1000000000000005,False
15,2013-05-16,5.7,False
16,2013-05-17,5.1000000000000005,False
17,2013-05-18,2.0,False
18,2013-05-19,1.3,False
19,2013-05-20,3.7,False
20,2013-05-21,5.1000000000000005,False
21,2013-05-22,4.4,False
22,2013-05-23,4.2,False
23,2013-05-24,5.1000000000000005,False
24,2013-05-25,2.3000000000000003,False
25,2013-05-26,2.5,False
26,2013-05-27,2.4000000000000004,False
27,2013-05-28,4.4,False
28,2013-05-29,5.5,False
29,2013-05-30,6.9,False
30,2013-05-31,7.0,False
0,2013-06-01,3.5999999999999996,False
1,2013-06-02,2.16,False
2,2013-06-03,7.199999999999999,False
3,2013-06-04,9.0,False
4,2013-06-05,8.64,False
5,2013-06-06,6.39,False
6,2013-06-07,6.569999999999999,False
7,2013-06-08,5.85,False
8,2013-06-09,1.7999999999999998,False
9,2013-06-10,6.75,False
10,2013-06-11,7.02,False
11,2013-06-12,8.64,False
12,2013-06-13,6.93,False
13,2013-06-14,7.6499999999999995,False
14,2013-06-15,3.33,False
15,2013-06-16,2.16,False
16,2013-06-17,6.569999999999999,False
17,2013-06-18,4.77,False
18,2013-06-19,4.2299999999999995,False
19,2013-06-20,8.549999999999999,False
20,2013-06-21,5.76,False
21,2013-06-22,1.53,False
22,2013-06-23,3.2399999999999998,False
23,2013-06-24,7.199999999999999,False
24,2013-06-25,5.67,False
25,2013-06-26,6.39,False
26,2013-06-27,5.49,False
27,2013-06-28,4.2299999999999995,False
28,2013-06-29,2.61,False
29,2013-06-30,2.25,False
0,2013-07-01,1.54,False
1,2013-07-02,1.9600000000000002,False
2,2013-07-03,2.1,False
3,2013-07-04,0.8400000000000001,False
4,2013-07-05,0.9800000000000001,False
5,2013-07-06,0.42000000000000004,False
6,2013-07-07,0.42000000000000004,False
7,2013-07-08,1.4000000000000001,False
8,2013-07-09,1.9600000000000002,False
9,2013-07-10,1.8200000000000003,False
10,2013-07-11,1.9600000000000002,False
11,2013-07-12,2.5200000000000005,False
12,2013-07-13,1.12,False
13,2013-07-14,0.42000000000000004,False
14,2013-07-15,2.1,False
15,2013-07-16,2.66,False
16,2013-07-17,1.8200000000000003,False
17,2013-07-18,2.1,False
18,2013-07-19,1.6800000000000002,False
19,2013-07-20,0.7000000000000001,False
20,2013-07-21,0.14,False
21,2013-07-22,1.6800000000000002,False
22,2013-07-23,1.6800000000000002,False
23,2013-07-24,5.180000000000001,False
24,2013-07-25,14.000000000000002,False
25,2013-07-26,7.840000000000001,False
26,2013-07-27,2.66,False
27,2013-07-28,0.8400000000000001,False
28,2013-07-29,3.7800000000000002,False
29,2013-07-30,4.48,False
30,2013-07-31,6.300000000000001,False
0,2013-08-01,18.0,False
1,2013-08-02,14.399999999999999,False
2,2013-08-03,3.78,False
3,2013-08-04,1.98,False
4,2013-08-05,14.94,False
5,2013-08-06,13.68,False
6,2013-08-07,12.78,False
7,2013-08-08,11.879999999999999,False
8,2013-08-09,13.86,False
9,2013-08-10,6.12,False
10,2013-08-11,2.34,False
11,2013-08-12,9.9,False
12,2013-08-13,11.52,False
13,2013-08-14,10.44,False
14,2013-08-15,12.42,False
15,2013-08-16,9.719999999999999,False
16,2013-08-17,4.68,False
17,2013-08-18,2.34,False
18,2013-08-19,9.9,False
19,2013-08-20,8.82,False
20,2013-08-21,7.38,False
21,2013-08-22,11.879999999999999,False
22,2013-08-23,12.42,False
23,2013-08-24,7.02,False
24,2013-08-25,3.2399999999999998,False
25,2013-08-26,9.9,False
26,2013-08-27,12.24,False
27,2013-08-28,12.959999999999999,False
28,2013-08-29,12.24,False
29,2013-08-30,8.82,False
30,2013-08-31,2.6999999999999997,False
0,2013-09-01,2.94,False
1,2013-09-02,4.2,False
2,2013-09-03,9.45,False
3,2013-09-04,11.549999999999999,False
4,2013-09-05,14.91,False
5,2013-09-06,13.86,False
6,2013-09-07,6.72,False
7,2013-09-08,2.94,False
8,2013-09-09,13.86,False
9,2013-09-10,12.809999999999999,False
10,2013-09-11,13.65,False
11,2013-09-12,15.54,False
12,2013-09-13,14.07,False
13,2013-09-14,6.93,False
14,2013-09-15,3.78,False
15,2013-09-16,12.18,False
16,2013-09-17,14.28,False
17,2013-09-18,15.959999999999999,False
18,2013-09-19,12.809999999999999,False
19,2013-09-20,16.169999999999998,False
20,2013-09-21,6.3,False
21,2013-09-22,3.57,False
22,2013-09-23,14.49,False
23,2013-09-24,20.16,False
24,2013-09-25,17.22,False
25,2013-09-26,21.0,False
26,2013-09-27,18.48,False
27,2013-09-28,7.14,False
28,2013-09-29,3.78,False
29,2013-09-30,17.43,False
0,2013-10-01,8.64,False
1,2013-10-02,10.32,False
2,2013-10-03,8.64,False
3,2013-10-04,7.68,False
4,2013-10-05,5.76,False
5,2013-10-06,3.5999999999999996,False
6,2013-10-07,8.4,False
7,2013-10-08,11.04,False
8,2013-10-09,11.28,False
9,2013-10-10,14.16,False
10,2013-10-11,10.08,False
11,2013-10-12,2.88,False
12,2013-10-13,2.4,False
13,2013-10-14,9.36,False
14,2013-10-15,9.36,False
15,2013-10-16,12.719999999999999,False
16,2013-10-17,11.04,False
17,2013-10-18,12.48,False
18,2013-10-19,3.84,False
19,2013-10-20,4.8,False
20,2013-10-21,12.959999999999999,False
21,2013-10-22,8.16,False
22,2013-10-23,10.799999999999999,False
23,2013-10-24,9.6,False
24,2013-10-25,12.24,False
25,2013-10-26,3.84,False
26,2013-10-27,3.12,False
27,2013-10-28,10.32,False
28,2013-10-29,12.24,False
29,2013-10-30,18.24,False
30,2013-10-31,24.0,False
0,2013-11-01,17.1,False
1,2013-11-02,4.94,False
2,2013-11-03,2.66,False
3,2013-11-04,13.870000000000001,False
4,2013-11-05,16.72,False
5,2013-11-06,10.07,False
6,2013-11-07,19.0,False
7,2013-11-08,15.58,False
8,2013-11-09,4.75,False
9,2013-11-10,2.66,False
10,2013-11-11,10.26,False
11,2013-11-12,11.02,False
12,2013-11-13,13.49,False
13,2013-11-14,11.4,False
14,2013-11-15,11.4,False
15,2013-11-16,4.18,False
16,2013-11-17,3.99,False
17,2013-11-18,11.78,False
18,2013-11-19,12.35,False
19,2013-11-20,11.02,False
20,2013-11-21,10.45,False
21,2013-11-22,11.21,False
22,2013-11-23,3.99,False
23,2013-11-24,2.66,False
24,2013-11-25,12.35,False
25,2013-11-26,9.88,False
26,2013-11-27,7.79,False
27,2013-11-28,4.5600000000000005,False
28,2013-11-29,7.41,False
29,2013-11-30,2.85,False
0,2013-12-01,3.0,False
1,2013-12-02,8.200000000000001,False
2,2013-12-03,9.8,False
3,2013-12-04,10.200000000000001,False
4,2013-12-05,11.8,False
5,2013-12-06,10.0,False
6,2013-12-07,4.6000000000000005,False
7,2013-12-08,2.8000000000000003,False
8,2013-12-09,11.600000000000001,False
9,2013-12-10,12.8,False
10,2013-12-11,15.0,False
11,2013-12-12,18.2,False
12,2013-12-13,17.400000000000002,False
13,2013-12-14,6.6000000000000005,False
14,2013-12-15,4.2,False
15,2013-12-16,14.200000000000001,False
16,2013-12-17,18.400000000000002,False
17,2013-12-18,17.400000000000002,False
18,2013-12-19,19.8,False
19,2013-12-20,17.2,False
20,2013-12-21,6.4,False
21,2013-12-22,3.4000000000000004,False
22,2013-12-23,19.6,False
23,2013-12-24,20.0,False
24,2013-12-25,5.6000000000000005,False
25,2013-12-26,17.2,False
26,2013-12-27,15.8,False
27,2013-12-28,7.800000000000001,False
28,2013-12-29,4.2,False
29,2013-12-30,15.8,False
30,2013-12-31,15.600000000000001,False
0,2014-01-01,3.78,False
1,2014-01-02,6.3,False
2,2014-01-03,6.93,False
3,2014-01-04,2.94,False
4,2014-01-05,1.68,False
5,2014-01-06,6.72,False
6,2014-01-07,6.51,False
7,2014-01-08,6.09,False
8,2014-01-09,6.72,False
9,2014-01-10,7.56,False
10,2014-01-11,3.15,False
11,2014-01-12,2.1,False
12,2014-01-13,4.83,False
13,2014-01-14,6.51,False
14,2014-01-15,7.77,False
15,2014-01-16,7.56,False
16,2014-01-17,6.72,False
17,2014-01-18,2.94,False
18,2014-01-19,1.26,False
19,2014-01-20,2.73,False
20,2014-01-21,6.72,False
21,2014-01-22,7.56,False
22,2014-01-23,7.14,False
23,2014-01-24,6.3,False
24,2014-01-25,2.94,False
25,2014-01-26,2.31,False
26,2014-01-27,6.09,False
27,2014-01-28,7.77,False
28,2014-01-29,13.229999999999999,False
29,2014-01-30,21.0,False
30,2014-01-31,13.229999999999999,False
0,2014-02-01,6.210000000000001,False
1,2014-02-02,4.32,False
2,2014-02-03,10.8,False
3,2014-02-04,13.770000000000001,False
4,2014-02-05,10.530000000000001,False
5,2014-02-06,10.260000000000002,False
6,2014-02-07,14.850000000000001,False
7,2014-02-08,6.48,False
8,2014-02-09,3.7800000000000002,False
9,2014-02-10,9.99,False
10,2014-02-11,10.260000000000002,False
11,2014-02-12,11.88,False
12,2014-02-13,10.260000000000002,False
13,2014-02-14,12.420000000000002,False
14,2014-02-15,2.97,False
15,2014-02-16,4.59,False
16,2014-02-17,4.59,False
17,2014-02-18,7.290000000000001,False
18,2014-02-19,14.040000000000001,False
19,2014-02-20,27.0,False
20,2014-02-21,13.5,False
21,2014-02-22,5.67,False
22,2014-02-23,3.7800000000000002,False
23,2014-02-24,15.120000000000001,False
24,2014-02-25,14.850000000000001,False
25,2014-02-26,11.07,False
26,2014-02-27,11.07,False
27,2014-02-28,12.96,False
0,2014-03-01,5.46,False
1,2014-03-02,3.57,False
2,2014-03-03,12.389999999999999,False
3,2014-03-04,16.38,False
4,2014-03-05,15.75,False
5,2014-03-06,14.7,False
6,2014-03-07,15.33,False
7,2014-03-08,4.2,False
8,2014-03-09,3.15,False
9,2014-03-10,15.75,False
10,2014-03-11,16.59,False
11,2014-03-12,15.959999999999999,False
12,2014-03-13,14.49,False
13,2014-03-14,14.7,False
14,2014-03-15,4.83,False
15,2014-03-16,2.73,False
16,2014-03-17,10.709999999999999,False
17,2014-03-18,11.76,False
18,2014-03-19,11.969999999999999,False
19,2014-03-20,12.389999999999999,False
20,2014-03-21,12.389999999999999,False
21,2014-03-22,1.89,False
22,2014-03-23,2.1,False
23,2014-03-24,14.7,False
24,2014-03-25,14.7,False
25,2014-03-26,20.16,False
26,2014-03-27,21.0,False
27,2014-03-28,14.49,False
28,2014-03-29,5.46,False
29,2014-03-30,3.9899999999999998,False
30,2014-03-31,12.389999999999999,False
0,2014-04-01,9.5,False
1,2014-04-02,10.75,False
2,2014-04-03,11.25,False
3,2014-04-04,9.25,False
4,2014-04-05,5.75,False
5,2014-04-06,4.0,False
6,2014-04-07,8.75,False
7,2014-04-08,11.25,False
8,2014-04-09,10.75,False
9,2014-04-10,11.25,False
10,2014-04-11,11.5,False
11,2014-04-12,2.5,False
12,2014-04-13,2.5,False
13,2014-04-14,9.25,False
14,2014-04-15,11.75,False
15,2014-04-16,9.5,False
16,2014-04-17,11.25,False
17,2014-04-18,5.5,False
18,2014-04-19,1.5,False
19,2014-04-20,1.75,False
20,2014-04-21,8.25,False
21,2014-04-22,14.75,False
22,2014-04-23,19.0,False
23,2014-04-24,25.0,False
24,2014-04-25,16.25,False
25,2014-04-26,4.25,False
26,2014-04-27,3.75,False
27,2014-04-28,11.5,False
28,2014-04-29,9.75,False
29,2014-04-30,11.25,False
0,2014-05-01,21.0,False
1,2014-05-02,16.169999999999998,False
2,2014-05-03,5.46,False
3,2014-05-04,2.73,False
4,2014-05-05,11.76,False
5,2014-05-06,13.65,False
6,2014-05-07,14.7,False
7,2014-05-08,13.86,False
8,2014-05-09,13.65,False
9,2014-05-10,5.25,False
10,2014-05-11,3.36,False
11,2014-05-12,12.809999999999999,False
12,2014-05-13,15.54,False
13,2014-05-14,11.969999999999999,False
14,2014-05-15,11.129999999999999,False
15,2014-05-16,11.969999999999999,False
16,2014-05-17,4.41,False
17,2014-05-18,3.78,False
18,2014-05-19,11.549999999999999,False
19,2014-05-20,14.7,False
20,2014-05-21,11.969999999999999,False
21,2014-05-22,11.129999999999999,False
22,2014-05-23,13.86,False
23,2014-05-24,4.41,False
24,2014-05-25,2.31,False
25,2014-05-26,3.57,False
26,2014-05-27,15.54,False
27,2014-05-28,16.38,False
28,2014-05-29,13.65,False
29,2014-05-30,12.809999999999999,False
30,2014-05-31,5.46,False
0,2014-06-01,3.06,False
1,2014-06-02,12.750000000000002,False
2,2014-06-03,11.56,False
3,2014-06-04,13.430000000000001,False
4,2014-06-05,17.0,False
5,2014-06-06,12.750000000000002,False
6,2014-06-07,3.2300000000000004,False
7,2014-06-08,3.5700000000000003,False
8,2014-06-09,11.9,False
9,2014-06-10,15.13,False
10,2014-06-11,14.96,False
11,2014-06-12,13.430000000000001,False
12,2014-06-13,11.73,False
13,2014-06-14,5.1000000000000005,False
14,2014-06-15,3.5700000000000003,False
15,2014-06-16,11.73,False
16,2014-06-17,11.9,False
17,2014-06-18,8.84,False
18,2014-06-19,12.58,False
19,2014-06-20,11.73,False
20,2014-06-21,4.08,False
21,2014-06-22,4.08,False
22,2014-06-23,11.22,False
23,2014-06-24,14.620000000000001,False
24,2014-06-25,13.430000000000001,False
25,2014-06-26,13.260000000000002,False
26,2014-06-27,13.770000000000001,False
27,2014-06-28,5.61,False
28,2014-06-29,3.4000000000000004,False
29,2014-06-30,12.58,False
0,2014-07-01,5.67,False
1,2014-07-02,5.67,False
2,2014-07-03,5.46,False
3,2014-07-04,1.89,False
4,2014-07-05,1.68,False
5,2014-07-06,1.05,False
6,2014-07-07,5.04,False
7,2014-07-08,4.41,False
8,2014-07-09,4.62,False
9,2014-07-10,5.67,False
10,2014-07-11,4.83,False
11,2014-07-12,2.1,False
12,2014-07-13,1.47,False
13,2014-07-14,4.83,False
14,2014-07-15,5.67,False
15,2014-07-16,4.83,False
16,2014-07-17,5.04,False
17,2014-07-18,4.2,False
18,2014-07-19,2.31,False
19,2014-07-20,1.68,False
20,2014-07-21,4.41,False
21,2014-07-22,7.14,False
22,2014-07-23,11.76,False
23,2014-07-24,21.0,False
24,2014-07-25,10.5,False
25,2014-07-26,4.2,False
26,2014-07-27,2.1,False
27,2014-07-28,7.56,False
28,2014-07-29,6.3,False
29,2014-07-30,7.77,False
30,2014-07-31,7.9799999999999995,False
0,2014-08-01,16.0,False
1,2014-08-02,3.36,False
2,2014-08-03,1.6,False
3,2014-08-04,11.36,False
4,2014-08-05,12.0,False
5,2014-08-06,9.76,False
6,2014-08-07,11.200000000000001,False
7,2014-08-08,11.040000000000001,False
8,2014-08-09,3.36,False
9,2014-08-10,2.56,False
10,2014-08-11,10.4,False
11,2014-08-12,8.16,False
12,2014-08-13,9.92,False
13,2014-08-14,11.36,False
14,2014-08-15,11.68,False
15,2014-08-16,5.28,False
16,2014-08-17,3.36,False
17,2014-08-18,9.6,False
18,2014-08-19,11.200000000000001,False
19,2014-08-20,11.84,False
20,2014-08-21,12.8,False
21,2014-08-22,9.92,False
22,2014-08-23,3.2,False
23,2014-08-24,2.24,False
24,2014-08-25,7.2,False
25,2014-08-26,13.6,False
26,2014-08-27,9.120000000000001,False
27,2014-08-28,10.08,False
28,2014-08-29,7.36,False
29,2014-08-30,4.48,False
30,2014-08-31,2.56,False
0,2014-09-01,2.85,False
1,2014-09-02,8.549999999999999,False
2,2014-09-03,15.0,False
3,2014-09-04,7.8,False
4,2014-09-05,11.25,False
5,2014-09-06,3.5999999999999996,False
6,2014-09-07,3.9,False
7,2014-09-08,12.45,False
8,2014-09-09,9.9,False
9,2014-09-10,9.299999999999999,False
10,2014-09-11,11.7,False
11,2014-09-12,8.85,False
12,2014-09-13,3.0,False
13,2014-09-14,2.85,False
14,2014-09-15,11.7,False
15,2014-09-16,11.549999999999999,False
16,2014-09-17,10.5,False
17,2014-09-18,8.7,False
18,2014-09-19,11.4,False
19,2014-09-20,4.5,False
20,2014-09-21,2.85,False
21,2014-09-22,7.8,False
22,2014-09-23,11.4,False
23,2014-09-24,10.5,False
24,2014-09-25,9.75,False
25,2014-09-26,13.65,False
26,2014-09-27,3.0,False
27,2014-09-28,3.9,False
28,2014-09-29,8.549999999999999,False
29,2014-09-30,8.7,False
0,2014-10-01,8.36,False
1,2014-10-02,5.32,False
2,2014-10-03,6.84,False
3,2014-10-04,1.9,False
4,2014-10-05,1.71,False
5,2014-10-06,4.94,False
6,2014-10-07,5.7,False
7,2014-10-08,6.65,False
8,2014-10-09,4.94,False
9,2014-10-10,6.65,False
10,2014-10-11,3.99,False
11,2014-10-12,1.1400000000000001,False
12,2014-10-13,6.08,False
13,2014-10-14,6.65,False
14,2014-10-15,8.17,False
15,2014-10-16,5.32,False
16,2014-10-17,4.75,False
17,2014-10-18,3.61,False
18,2014-10-19,0.95,False
19,2014-10-20,6.2700000000000005,False
20,2014-10-21,7.41,False
21,2014-10-22,6.65,False
22,2014-10-23,6.84,False
23,2014-10-24,7.98,False
24,2014-10-25,2.66,False
25,2014-10-26,2.2800000000000002,False
26,2014-10-27,6.2700000000000005,False
27,2014-10-28,18.43,False
28,2014-10-29,19.0,False
29,2014-10-30,14.06,False
30,2014-10-31,8.93,False
0,2014-11-01,3.77,False
1,2014-11-02,3.38,False
2,2014-11-03,11.18,False
3,2014-11-04,10.92,False
4,2014-11-05,8.97,False
5,2014-11-06,9.88,False
6,2014-11-07,13.0,False
7,2014-11-08,2.99,False
8,2014-11-09,2.08,False
9,2014-11-10,7.67,False
10,2014-11-11,8.32,False
11,2014-11-12,8.97,False
12,2014-11-13,7.41,False
13,2014-11-14,9.36,False
14,2014-11-15,3.64,False
15,2014-11-16,3.12,False
16,2014-11-17,5.98,False
17,2014-11-18,5.33,False
18,2014-11-19,8.84,False
19,2014-11-20,6.63,False
20,2014-11-21,8.32,False
21,2014-11-22,2.34,False
22,2014-11-23,2.08,False
23,2014-11-24,5.07,False
24,2014-11-25,7.0200000000000005,False
25,2014-11-26,6.37,False
26,2014-11-27,3.25,False
27,2014-11-28,3.5100000000000002,False
28,2014-11-29,2.8600000000000003,False
29,2014-11-30,2.8600000000000003,False
0,2014-12-01,9.719999999999999,False
1,2014-12-02,9.84,False
2,2014-12-03,8.64,False
3,2014-12-04,6.96,False
4,2014-12-05,11.16,False
5,2014-12-06,2.28,False
6,2014-12-07,2.6399999999999997,False
7,2014-12-08,8.64,False
8,2014-12-09,8.879999999999999,False
9,2014-12-10,10.2,False
10,2014-12-11,8.52,False
11,2014-12-12,9.6,False
12,2014-12-13,3.96,False
13,2014-12-14,3.12,False
14,2014-12-15,8.04,False
15,2014-12-16,7.8,False
16,2014-12-17,8.64,False
17,2014-12-18,8.64,False
18,2014-12-19,11.4,False
19,2014-12-20,3.48,False
20,2014-12-21,1.56,False
21,2014-12-22,12.0,False
22,2014-12-23,11.639999999999999,False
23,2014-12-24,8.76,False
24,2014-12-25,4.2,False
25,2014-12-26,7.92,False
26,2014-12-27,4.56,False
27,2014-12-28,2.6399999999999997,False
28,2014-12-29,9.959999999999999,False
29,2014-12-30,9.24,False
30,2014-12-31,10.44,False
0,2015-01-01,1.56,False
1,2015-01-02,4.92,False
2,2015-01-03,2.88,False
3,2015-01-04,1.2,False
4,2015-01-05,4.8,False
5,2015-01-06,5.76,False
6,2015-01-07,4.32,False
7,2015-01-08,5.3999999999999995,False
8,2015-01-09,5.3999999999999995,False
9,2015-01-10,1.44,False
10,2015-01-11,1.08,False
11,2015-01-12,4.8,False
12,2015-01-13,5.279999999999999,False
13,2015-01-14,3.5999999999999996,False
14,2015-01-15,4.4399999999999995,False
15,2015-01-16,5.3999999999999995,False
16,2015-01-17,2.28,False
17,2015-01-18,1.08,False
18,2015-01-19,2.4,False
19,2015-01-20,3.96,False
20,2015-01-21,5.16,False
21,2015-01-22,3.7199999999999998,False
22,2015-01-23,4.4399999999999995,False
23,2015-01-24,2.28,False
24,2015-01-25,0.96,False
25,2015-01-26,4.2,False
26,2015-01-27,5.16,False
27,2015-01-28,9.6,False
28,2015-01-29,12.0,False
29,2015-01-30,7.199999999999999,False
30,2015-01-31,2.4,False
0,2015-02-01,2.04,False
1,2015-02-02,8.16,False
2,2015-02-03,7.319999999999999,False
3,2015-02-04,9.12,False
4,2015-02-05,7.8,False
5,2015-02-06,9.6,False
6,2015-02-07,3.2399999999999998,False
7,2015-02-08,2.88,False
8,2015-02-09,7.4399999999999995,False
9,2015-02-10,6.6,False
10,2015-02-11,9.0,False
11,2015-02-12,8.879999999999999,False
12,2015-02-13,10.68,False
13,2015-02-14,3.96,False
14,2015-02-15,2.4,False
15,2015-02-16,5.3999999999999995,False
16,2015-02-17,7.199999999999999,False
17,2015-02-18,5.64,False
18,2015-02-19,9.24,False
19,2015-02-20,12.0,False
20,2015-02-21,3.48,False
21,2015-02-22,2.6399999999999997,False
22,2015-02-23,8.4,False
23,2015-02-24,7.08,False
24,2015-02-25,8.28,False
25,2015-02-26,8.76,False
26,2015-02-27,10.08,False
27,2015-02-28,2.88,False
0,2015-03-01,2.6,False
1,2015-03-02,11.440000000000001,False
2,2015-03-03,9.23,False
3,2015-03-04,9.23,False
4,2015-03-05,8.84,False
5,2015-03-06,9.23,False
6,2015-03-07,3.9000000000000004,False
7,2015-03-08,1.04,False
8,2015-03-09,5.8500000000000005,False
9,2015-03-10,9.23,False
10,2015-03-11,9.1,False
11,2015-03-12,7.54,False
12,2015-03-13,7.54,False
13,2015-03-14,2.73,False
14,2015-03-15,1.82,False
15,2015-03-16,9.49,False
16,2015-03-17,9.1,False
17,2015-03-18,11.57,False
18,2015-03-19,12.74,False
19,2015-03-20,12.74,False
20,2015-03-21,5.59,False
21,2015-03-22,2.99,False
22,2015-03-23,10.66,False
23,2015-03-24,12.48,False
24,2015-03-25,12.35,False
25,2015-03-26,13.0,False
26,2015-03-27,9.36,False
27,2015-03-28,4.16,False
28,2015-03-29,3.38,False
29,2015-03-30,8.71,False
30,2015-03-31,10.01,False
0,2015-04-01,4.95,False
1,2015-04-02,7.05,False
2,2015-04-03,4.6499999999999995,False
3,2015-04-04,1.95,False
4,2015-04-05,2.85,False
5,2015-04-06,6.45,False
6,2015-04-07,5.7,False
7,2015-04-08,4.8,False
8,2015-04-09,6.45,False
9,2015-04-10,5.25,False
10,2015-04-11,1.5,False
11,2015-04-12,0.8999999999999999,False
12,2015-04-13,5.25,False
13,2015-04-14,4.95,False
14,2015-04-15,6.8999999999999995,False
15,2015-04-16,5.7,False
16,2015-04-17,7.35,False
17,2015-04-18,2.6999999999999997,False
18,2015-04-19,2.4,False
19,2015-04-20,6.1499999999999995,False
20,2015-04-21,7.35,False
21,2015-04-22,15.0,False
22,2015-04-23,14.549999999999999,False
23,2015-04-24,9.45,False
24,2015-04-25,3.75,False
25,2015-04-26,2.1,False
26,2015-04-27,7.5,False
27,2015-04-28,8.1,False
28,2015-04-29,8.7,False
29,2015-04-30,5.7,False
0,2015-05-01,13.0,False
1,2015-05-02,4.55,False
2,2015-05-03,3.25,False
3,2015-05-04,10.14,False
4,2015-05-05,10.530000000000001,False
5,2015-05-06,9.36,False
6,2015-05-07,7.67,False
7,2015-05-08,9.1,False
8,2015-05-09,4.8100000000000005,False
9,2015-05-10,2.6,False
10,2015-05-11,7.54,False
11,2015-05-12,8.97,False
12,2015-05-13,7.0200000000000005,False
13,2015-05-14,8.58,False
14,2015-05-15,11.18,False
15,2015-05-16,4.68,False
16,2015-05-17,2.73,False
17,2015-05-18,7.54,False
18,2015-05-19,8.32,False
19,2015-05-20,8.97,False
20,2015-05-21,8.32,False
21,2015-05-22,7.41,False
22,2015-05-23,4.42,False
23,2015-05-24,2.34,False
24,2015-05-25,2.08,False
25,2015-05-26,5.98,False
26,2015-05-27,9.49,False
27,2015-05-28,8.84,False
28,2015-05-29,7.800000000000001,False
29,2015-05-30,3.12,False
30,2015-05-31,3.64,False
0,2015-06-01,7.199999999999999,False
1,2015-06-02,8.25,False
2,2015-06-03,8.1,False
3,2015-06-04,9.45,False
4,2015-06-05,7.35,False
5,2015-06-06,4.35,False
6,2015-06-07,2.25,False
7,2015-06-08,7.5,False
8,2015-06-09,7.35,False
9,2015-06-10,6.8999999999999995,False
10,2015-06-11,8.7,False
11,2015-06-12,7.5,False
12,2015-06-13,3.5999999999999996,False
13,2015-06-14,4.2,False
14,2015-06-15,6.1499999999999995,False
15,2015-06-16,7.949999999999999,False
16,2015-06-17,7.05,False
17,2015-06-18,8.85,False
18,2015-06-19,8.1,False
19,2015-06-20,2.4,False
20,2015-06-21,3.4499999999999997,False
21,2015-06-22,8.1,False
22,2015-06-23,15.0,False
23,2015-06-24,13.049999999999999,False
24,2015-06-25,13.65,False
25,2015-06-26,12.75,False
26,2015-06-27,5.7,False
27,2015-06-28,4.5,False
28,2015-06-29,11.1,False
29,2015-06-30,10.5,False
0,2015-07-01,4.83,False
1,2015-07-02,6.9,False
2,2015-07-03,3.91,False
3,2015-07-04,3.22,False
4,2015-07-05,1.61,False
5,2015-07-06,7.13,False
6,2015-07-07,7.36,False
7,2015-07-08,5.5200000000000005,False
8,2015-07-09,6.44,False
9,2015-07-10,5.5200000000000005,False
10,2015-07-11,3.22,False
11,2015-07-12,1.61,False
12,2015-07-13,6.21,False
13,2015-07-14,7.13,False
14,2015-07-15,6.67,False
15,2015-07-16,6.9,False
16,2015-07-17,10.35,False
17,2015-07-18,5.5200000000000005,False
18,2015-07-19,2.5300000000000002,False
19,2015-07-20,11.96,False
20,2015-07-21,9.66,False
21,2015-07-22,10.58,False
22,2015-07-23,8.280000000000001,False
23,2015-07-24,12.88,False
24,2015-07-25,5.29,False
25,2015-07-26,2.99,False
26,2015-07-27,11.270000000000001,False
27,2015-07-28,8.74,False
28,2015-07-29,23.0,False
29,2015-07-30,20.7,False
30,2015-07-31,13.34,False
0,2015-08-01,5.75,False
1,2015-08-02,5.75,False
2,2015-08-03,10.75,False
3,2015-08-04,12.0,False
4,2015-08-05,15.0,False
5,2015-08-06,13.75,False
6,2015-08-07,16.0,False
7,2015-08-08,7.0,False
8,2015-08-09,7.0,False
9,2015-08-10,10.5,False
10,2015-08-11,13.25,False
11,2015-08-12,12.75,False
12,2015-08-13,9.25,False
13,2015-08-14,8.75,False
14,2015-08-15,8.5,False
15,2015-08-16,3.75,False
16,2015-08-17,9.25,False
17,2015-08-18,7.75,False
18,2015-08-19,6.75,False
19,2015-08-20,13.75,False
20,2015-08-21,15.75,False
21,2015-08-22,6.25,False
22,2015-08-23,4.5,False
23,2015-08-24,25.0,False
24,2015-08-25,22.75,False
25,2015-08-26,18.5,False
26,2015-08-27,18.25,False
27,2015-08-28,12.5,False
28,2015-08-29,7.25,False
29,2015-08-30,4.5,False
30,2015-08-31,10.0,False
0,2015-09-01,21.0,False
1,2015-09-02,17.43,False
2,2015-09-03,13.44,False
3,2015-09-04,13.02,False
4,2015-09-05,6.09,False
5,2015-09-06,7.14,False
6,2015-09-07,7.56,False
7,2015-09-08,14.49,False
8,2015-09-09,16.169999999999998,False
9,2015-09-10,16.38,False
10,2015-09-11,14.91,False
11,2015-09-12,5.04,False
12,2015-09-13,5.46,False
13,2015-09-14,10.92,False
14,2015-09-15,15.12,False
15,2015-09-16,9.87,False
16,2015-09-17,13.02,False
17,2015-09-18,13.86,False
18,2015-09-19,6.09,False
19,2015-09-20,5.25,False
20,2015-09-21,14.49,False
21,2015-09-22,16.169999999999998,False
22,2015-09-23,12.18,False
23,2015-09-24,13.44,False
24,2015-09-25,14.91,False
25,2015-09-26,5.67,False
26,2015-09-27,5.04,False
27,2015-09-28,15.33,False
28,2015-09-29,15.33,False
29,2015-09-30,13.229999999999999,False
0,2015-10-01,10.0,False
1,2015-10-02,11.200000000000001,False
2,2015-10-03,5.2,False
3,2015-10-04,3.8000000000000003,False
4,2015-10-05,10.200000000000001,False
5,2015-10-06,8.4,False
6,2015-10-07,11.0,False
7,2015-10-08,9.0,False
8,2015-10-09,10.600000000000001,False
9,2015-10-10,5.2,False
10,2015-10-11,3.8000000000000003,False
11,2015-10-12,6.6000000000000005,False
12,2015-10-13,9.200000000000001,False
13,2015-10-14,9.600000000000001,False
14,2015-10-15,9.600000000000001,False
15,2015-10-16,10.600000000000001,False
16,2015-10-17,5.6000000000000005,False
17,2015-10-18,4.800000000000001,False
18,2015-10-19,11.200000000000001,False
19,2015-10-20,10.600000000000001,False
20,2015-10-21,11.8,False
21,2015-10-22,14.8,False
22,2015-10-23,20.0,False
23,2015-10-24,6.0,False
24,2015-10-25,4.2,False
25,2015-10-26,12.4,False
26,2015-10-27,14.8,False
27,2015-10-28,14.200000000000001,False
28,2015-10-29,16.400000000000002,False
29,2015-10-30,13.8,False
30,2015-10-31,6.4,False
0,2015-11-01,3.36,False
1,2015-11-02,10.32,False
2,2015-11-03,10.799999999999999,False
3,2015-11-04,17.759999999999998,False
4,2015-11-05,24.0,False
5,2015-11-06,15.36,False
6,2015-11-07,5.76,False
7,2015-11-08,3.12,False
8,2015-11-09,8.64,False
9,2015-11-10,10.32,False
10,2015-11-11,7.92,False
11,2015-11-12,9.6,False
12,2015-11-13,7.4399999999999995,False
13,2015-11-14,4.08,False
14,2015-11-15,2.88,False
15,2015-11-16,8.879999999999999,False
16,2015-11-17,10.08,False
17,2015-11-18,9.6,False
18,2015-11-19,9.36,False
19,2015-11-20,7.4399999999999995,False
20,2015-11-21,3.84,False
21,2015-11-22,3.12,False
22,2015-11-23,7.199999999999999,False
23,2015-11-24,6.96,False
24,2015-11-25,6.4799999999999995,False
25,2015-11-26,3.5999999999999996,False
26,2015-11-27,4.8,False
27,2015-11-28,3.12,False
28,2015-11-29,1.92,False
29,2015-11-30,6.96,False
0,2015-12-01,13.68,False
1,2015-12-02,18.0,False
2,2015-12-03,15.84,False
3,2015-12-04,14.94,False
4,2015-12-05,5.76,False
5,2015-12-06,4.5,False
6,2015-12-07,11.7,False
7,2015-12-08,15.66,False
8,2015-12-09,12.78,False
9,2015-12-10,13.139999999999999,False
10,2015-12-11,13.5,False
11,2015-12-12,6.84,False
12,2015-12-13,5.22,False
13,2015-12-14,14.76,False
14,2015-12-15,11.7,False
15,2015-12-16,12.24,False
16,2015-12-17,10.98,False
17,2015-12-18,14.58,False
18,2015-12-19,7.92,False
19,2015-12-20,5.76,False
20,2015-12-21,11.52,False
21,2015-12-22,16.74,False
22,2015-12-23,12.42,False
23,2015-12-24,14.04,False
24,2015-12-25,5.58,False
25,2015-12-26,3.78,False
26,2015-12-27,6.84,False
27,2015-12-28,12.78,False
28,2015-12-29,14.399999999999999,False
29,2015-12-30,14.219999999999999,False
30,2015-12-31,9.54,False
0,2016-01-01,1.35,False
1,2016-01-02,1.8900000000000001,False
2,2016-01-03,1.35,False
3,2016-01-04,5.94,False
4,2016-01-05,7.83,False
5,2016-01-06,5.94,False
6,2016-01-07,7.5600000000000005,False
7,2016-01-08,8.370000000000001,False
8,2016-01-09,1.8900000000000001,False
9,2016-01-10,1.62,False
10,2016-01-11,5.4,False
11,2016-01-12,5.4,False
12,2016-01-13,6.48,False
13,2016-01-14,7.83,False
14,2016-01-15,7.83,False
15,2016-01-16,2.43,False
16,2016-01-17,1.62,False
17,2016-01-18,2.43,False
18,2016-01-19,6.210000000000001,False
19,2016-01-20,7.5600000000000005,False
20,2016-01-21,6.75,False
21,2016-01-22,5.94,False
22,2016-01-23,2.7,False
23,2016-01-24,1.35,False
24,2016-01-25,4.32,False
25,2016-01-26,5.94,False
26,2016-01-27,14.040000000000001,False
27,2016-01-28,27.0,False
28,2016-01-29,14.850000000000001,False
29,2016-01-30,4.050000000000001,False
30,2016-01-31,2.16,False
0,2016-02-01,25.2,False
1,2016-02-02,29.7,False
2,2016-02-03,25.8,False
3,2016-02-04,24.3,False
4,2016-02-05,24.0,False
5,2016-02-06,10.5,False
6,2016-02-07,6.8999999999999995,False
7,2016-02-08,24.0,False
8,2016-02-09,30.0,False
9,2016-02-10,21.3,False
10,2016-02-11,23.4,False
11,2016-02-12,22.8,False
12,2016-02-13,6.0,False
13,2016-02-14,5.1,False
14,2016-02-15,6.8999999999999995,False
15,2016-02-16,20.4,False
16,2016-02-17,20.7,False
17,2016-02-18,20.4,False
18,2016-02-19,13.799999999999999,False
19,2016-02-20,6.8999999999999995,False
20,2016-02-21,3.3,False
21,2016-02-22,20.099999999999998,False
22,2016-02-23,17.7,False
23,2016-02-24,15.899999999999999,False
24,2016-02-25,20.099999999999998,False
25,2016-02-26,18.0,False
26,2016-02-27,4.5,False
27,2016-02-28,3.5999999999999996,False
28,2016-02-29,16.8,False
0,2016-03-01,16.28,False
1,2016-03-02,18.7,False
2,2016-03-03,16.94,False
3,2016-03-04,22.0,False
4,2016-03-05,6.16,False
5,2016-03-06,4.18,False
6,2016-03-07,16.06,False
7,2016-03-08,17.38,False
8,2016-03-09,16.5,False
9,2016-03-10,16.28,False
10,2016-03-11,16.72,False
11,2016-03-12,5.06,False
12,2016-03-13,3.52,False
13,2016-03-14,14.08,False
14,2016-03-15,16.06,False
15,2016-03-16,18.26,False
16,2016-03-17,17.38,False
17,2016-03-18,17.16,False
18,2016-03-19,5.72,False
19,2016-03-20,4.18,False
20,2016-03-21,16.28,False
21,2016-03-22,15.62,False
22,2016-03-23,15.84,False
23,2016-03-24,15.18,False
24,2016-03-25,10.12,False
25,2016-03-26,3.74,False
26,2016-03-27,3.96,False
27,2016-03-28,15.62,False
28,2016-03-29,17.82,False
29,2016-03-30,20.46,False
30,2016-03-31,17.16,False
0,2016-04-01,5.76,False
1,2016-04-02,1.6,False
2,2016-04-03,1.28,False
3,2016-04-04,6.72,False
4,2016-04-05,5.76,False
5,2016-04-06,5.44,False
6,2016-04-07,5.12,False
7,2016-04-08,7.36,False
8,2016-04-09,2.24,False
9,2016-04-10,0.64,False
10,2016-04-11,8.64,False
11,2016-04-12,6.08,False
12,2016-04-13,10.24,False
13,2016-04-14,9.28,False
14,2016-04-15,6.4,False
15,2016-04-16,1.6,False
16,2016-04-17,1.6,False
17,2016-04-18,7.36,False
18,2016-04-19,9.6,False
19,2016-04-20,7.04,False
20,2016-04-21,8.0,False
21,2016-04-22,8.96,False
22,2016-04-23,3.2,False
23,2016-04-24,0.96,False
24,2016-04-25,6.08,False
25,2016-04-26,8.0,False
26,2016-04-27,21.76,False
27,2016-04-28,32.0,False
28,2016-04-29,14.72,False
29,2016-04-30,3.2,False
0,2016-05-01,4.94,False
1,2016-05-02,23.66,False
2,2016-05-03,26.0,False
3,2016-05-04,23.14,False
4,2016-05-05,23.400000000000002,False
5,2016-05-06,22.1,False
6,2016-05-07,6.76,False
7,2016-05-08,5.98,False
8,2016-05-09,21.32,False
9,2016-05-10,26.0,False
10,2016-05-11,24.96,False
11,2016-05-12,23.400000000000002,False
12,2016-05-13,21.32,False
13,2016-05-14,4.94,False
14,2016-05-15,4.94,False
15,2016-05-16,21.580000000000002,False
16,2016-05-17,21.060000000000002,False
17,2016-05-18,19.240000000000002,False
18,2016-05-19,18.2,False
19,2016-05-20,17.42,False
20,2016-05-21,7.0200000000000005,False
21,2016-05-22,2.8600000000000003,False
22,2016-05-23,15.08,False
23,2016-05-24,21.060000000000002,False
24,2016-05-25,22.36,False
25,2016-05-26,18.2,False
26,2016-05-27,19.5,False
27,2016-05-28,5.46,False
28,2016-05-29,4.16,False
29,2016-05-30,4.68,False
30,2016-05-31,18.72,False
0,2016-06-01,12.959999999999999,False
1,2016-06-02,9.36,False
2,2016-06-03,12.0,False
3,2016-06-04,3.36,False
4,2016-06-05,3.84,False
5,2016-06-06,11.04,False
6,2016-06-07,14.399999999999999,False
7,2016-06-08,9.36,False
8,2016-06-09,12.0,False
9,2016-06-10,10.799999999999999,False
10,2016-06-11,2.6399999999999997,False
11,2016-06-12,3.12,False
12,2016-06-13,13.2,False
13,2016-06-14,10.799999999999999,False
14,2016-06-15,9.36,False
15,2016-06-16,9.6,False
16,2016-06-17,10.32,False
17,2016-06-18,3.12,False
18,2016-06-19,3.36,False
19,2016-06-20,10.08,False
20,2016-06-21,10.559999999999999,False
21,2016-06-22,9.84,False
22,2016-06-23,12.719999999999999,False
23,2016-06-24,24.0,False
24,2016-06-25,5.279999999999999,False
25,2016-06-26,3.12,False
26,2016-06-27,14.399999999999999,False
27,2016-06-28,15.84,False
28,2016-06-29,15.36,False
29,2016-06-30,13.92,False
0,2016-07-01,5.89,False
1,2016-07-02,0.9299999999999999,False
2,2016-07-03,1.24,False
3,2016-07-04,1.8599999999999999,False
4,2016-07-05,4.65,False
5,2016-07-06,8.06,False
6,2016-07-07,6.51,False
7,2016-07-08,6.51,False
8,2016-07-09,2.17,False
9,2016-07-10,1.55,False
10,2016-07-11,7.13,False
11,2016-07-12,6.2,False
12,2016-07-13,5.27,False
13,2016-07-14,6.82,False
14,2016-07-15,7.4399999999999995,False
15,2016-07-16,1.55,False
16,2016-07-17,1.8599999999999999,False
17,2016-07-18,8.37,False
18,2016-07-19,8.99,False
19,2016-07-20,9.61,False
20,2016-07-21,8.06,False
21,2016-07-22,8.68,False
22,2016-07-23,1.8599999999999999,False
23,2016-07-24,1.55,False
24,2016-07-25,6.82,False
25,2016-07-26,9.61,False
26,2016-07-27,26.66,False
27,2016-07-28,31.0,False
28,2016-07-29,14.26,False
29,2016-07-30,3.1,False
30,2016-07-31,2.17,False
0,2016-08-01,24.75,False
1,2016-08-02,20.75,False
2,2016-08-03,21.5,False
3,2016-08-04,21.5,False
4,2016-08-05,25.0,False
5,2016-08-06,5.5,False
6,2016-08-07,4.75,False
7,2016-08-08,19.25,False
8,2016-08-09,22.0,False
9,2016-08-10,18.75,False
10,2016-08-11,20.0,False
11,2016-08-12,15.75,False
12,2016-08-13,4.75,False
13,2016-08-14,3.5,False
14,2016-08-15,19.5,False
15,2016-08-16,18.25,False
16,2016-08-17,13.75,False
17,2016-08-18,16.25,False
18,2016-08-19,15.25,False
19,2016-08-20,6.5,False
20,2016-08-21,4.0,False
21,2016-08-22,15.25,False
22,2016-08-23,19.75,False
23,2016-08-24,15.75,False
24,2016-08-25,14.0,False
25,2016-08-26,18.25,False
26,2016-08-27,4.75,False
27,2016-08-28,2.5,False
28,2016-08-29,15.5,False
29,2016-08-30,18.75,False
30,2016-08-31,14.5,False
0,2016-09-01,16.28,False
1,2016-09-02,14.74,False
2,2016-09-03,4.4,False
3,2016-09-04,2.42,False
4,2016-09-05,4.62,False
5,2016-09-06,18.04,False
6,2016-09-07,18.48,False
7,2016-09-08,16.94,False
8,2016-09-09,19.14,False
9,2016-09-10,4.62,False
10,2016-09-11,3.08,False
11,2016-09-12,14.08,False
12,2016-09-13,17.82,False
13,2016-09-14,12.76,False
14,2016-09-15,15.62,False
15,2016-09-16,14.96,False
16,2016-09-17,3.74,False
17,2016-09-18,2.64,False
18,2016-09-19,12.76,False
19,2016-09-20,11.44,False
20,2016-09-21,12.1,False
21,2016-09-22,15.4,False
22,2016-09-23,22.0,False
23,2016-09-24,4.18,False
24,2016-09-25,2.86,False
25,2016-09-26,13.2,False
26,2016-09-27,12.32,False
27,2016-09-28,13.64,False
28,2016-09-29,13.2,False
29,2016-09-30,14.52,False
0,2016-10-01,3.15,False
1,2016-10-02,3.9899999999999998,False
2,2016-10-03,11.969999999999999,False
3,2016-10-04,14.7,False
4,2016-10-05,14.07,False
5,2016-10-06,12.6,False
6,2016-10-07,10.92,False
7,2016-10-08,5.25,False
8,2016-10-09,2.1,False
9,2016-10-10,14.7,False
10,2016-10-11,14.28,False
11,2016-10-12,14.28,False
12,2016-10-13,11.76,False
13,2016-10-14,12.809999999999999,False
14,2016-10-15,4.62,False
15,2016-10-16,5.25,False
16,2016-10-17,12.389999999999999,False
17,2016-10-18,18.06,False
18,2016-10-19,21.0,False
19,2016-10-20,16.169999999999998,False
20,2016-10-21,18.27,False
21,2016-10-22,7.77,False
22,2016-10-23,2.94,False
23,2016-10-24,19.95,False
24,2016-10-25,19.74,False
25,2016-10-26,15.54,False
26,2016-10-27,17.009999999999998,False
27,2016-10-28,18.06,False
28,2016-10-29,3.78,False
29,2016-10-30,5.46,False
30,2016-10-31,15.33,False
0,2016-11-01,11.1,False
1,2016-11-02,31.45,False
2,2016-11-03,37.0,False
3,2016-11-04,18.5,False
4,2016-11-05,4.81,False
5,2016-11-06,3.33,False
6,2016-11-07,13.69,False
7,2016-11-08,13.69,False
8,2016-11-09,19.98,False
9,2016-11-10,17.759999999999998,False
10,2016-11-11,16.28,False
11,2016-11-12,4.07,False
12,2016-11-13,2.96,False
13,2016-11-14,15.91,False
14,2016-11-15,18.13,False
15,2016-11-16,16.65,False
16,2016-11-17,16.28,False
17,2016-11-18,16.28,False
18,2016-11-19,5.55,False
19,2016-11-20,2.96,False
20,2016-11-21,14.06,False
21,2016-11-22,15.91,False
22,2016-11-23,12.209999999999999,False
23,2016-11-24,3.7,False
24,2016-11-25,7.77,False
25,2016-11-26,2.96,False
26,2016-11-27,2.2199999999999998,False
27,2016-11-28,8.879999999999999,False
28,2016-11-29,9.99,False
29,2016-11-30,11.47,False
0,2016-12-01,23.0,False
1,2016-12-02,17.94,False
2,2016-12-03,6.9,False
3,2016-12-04,4.140000000000001,False
4,2016-12-05,20.240000000000002,False
5,2016-12-06,18.630000000000003,False
6,2016-12-07,19.09,False
7,2016-12-08,18.630000000000003,False
8,2016-12-09,17.48,False
9,2016-12-10,5.5200000000000005,False
10,2016-12-11,3.91,False
11,2016-12-12,15.64,False
12,2016-12-13,23.0,False
13,2016-12-14,18.630000000000003,False
14,2016-12-15,16.1,False
15,2016-12-16,17.02,False
16,2016-12-17,6.21,False
17,2016-12-18,1.61,False
18,2016-12-19,14.49,False
19,2016-12-20,14.26,False
20,2016-12-21,15.64,False
21,2016-12-22,17.25,False
22,2016-12-23,14.030000000000001,False
23,2016-12-24,3.68,False
24,2016-12-25,3.22,False
25,2016-12-26,4.83,False
26,2016-12-27,11.5,False
27,2016-12-28,16.330000000000002,False
28,2016-12-29,11.96,False
29,2016-12-30,14.72,False
30,2016-12-31,6.67,False
0,2017-01-01,4.050000000000001,False
1,2017-01-02,6.48,False
2,2017-01-03,17.28,False
3,2017-01-04,22.68,False
4,2017-01-05,19.71,False
5,2017-01-06,25.380000000000003,False
6,2017-01-07,7.290000000000001,False
7,2017-01-08,3.5100000000000002,False
8,2017-01-09,19.44,False
9,2017-01-10,23.76,False
10,2017-01-11,21.87,False
11,2017-01-12,19.71,False
12,2017-01-13,27.0,False
13,2017-01-14,6.75,False
14,2017-01-15,5.130000000000001,False
15,2017-01-16,6.75,False
16,2017-01-17,17.55,False
17,2017-01-18,23.490000000000002,False
18,2017-01-19,18.900000000000002,False
19,2017-01-20,20.25,False
20,2017-01-21,4.86,False
21,2017-01-22,3.7800000000000002,False
22,2017-01-23,17.82,False
23,2017-01-24,20.520000000000003,False
24,2017-01-25,23.76,False
25,2017-01-26,25.92,False
26,2017-01-27,25.110000000000003,False
27,2017-01-28,7.290000000000001,False
28,2017-01-29,5.130000000000001,False
29,2017-01-30,24.3,False
30,2017-01-31,27.0,False
0,2017-02-01,33.32,False
1,2017-02-02,34.0,False
2,2017-02-03,18.02,False
3,2017-02-04,4.08,False
4,2017-02-05,2.04,False
5,2017-02-06,10.540000000000001,False
6,2017-02-07,9.520000000000001,False
7,2017-02-08,11.22,False
8,2017-02-09,10.200000000000001,False
9,2017-02-10,9.180000000000001,False
10,2017-02-11,3.74,False
11,2017-02-12,1.36,False
12,2017-02-13,9.860000000000001,False
13,2017-02-14,9.860000000000001,False
14,2017-02-15,9.180000000000001,False
15,2017-02-16,11.56,False
16,2017-02-17,7.82,False
17,2017-02-18,3.74,False
18,2017-02-19,1.7000000000000002,False
19,2017-02-20,4.760000000000001,False
20,2017-02-21,10.200000000000001,False
21,2017-02-22,12.24,False
22,2017-02-23,9.180000000000001,False
23,2017-02-24,9.180000000000001,False
24,2017-02-25,3.74,False
25,2017-02-26,1.7000000000000002,False
26,2017-02-27,9.860000000000001,False
27,2017-02-28,10.88,False
0,2017-03-01,19.71,False
1,2017-03-02,27.0,False
2,2017-03-03,21.060000000000002,False
3,2017-03-04,6.75,False
4,2017-03-05,4.32,False
5,2017-03-06,15.66,False
6,2017-03-07,14.040000000000001,False
7,2017-03-08,14.850000000000001,False
8,2017-03-09,19.17,False
9,2017-03-10,19.71,False
10,2017-03-11,5.130000000000001,False
11,2017-03-12,2.43,False
12,2017-03-13,14.040000000000001,False
13,2017-03-14,16.740000000000002,False
14,2017-03-15,14.850000000000001,False
15,2017-03-16,18.630000000000003,False
16,2017-03-17,15.930000000000001,False
17,2017-03-18,5.130000000000001,False
18,2017-03-19,2.7,False
19,2017-03-20,17.55,False
20,2017-03-21,19.17,False
21,2017-03-22,19.44,False
22,2017-03-23,12.96,False
23,2017-03-24,14.580000000000002,False
24,2017-03-25,5.4,False
25,2017-03-26,5.130000000000001,False
26,2017-03-27,15.930000000000001,False
27,2017-03-28,16.740000000000002,False
28,2017-03-29,20.790000000000003,False
29,2017-03-30,15.930000000000001,False
30,2017-03-31,15.39,False
0,2017-04-01,4.42,False
1,2017-04-02,2.8600000000000003,False
2,2017-04-03,11.440000000000001,False
3,2017-04-04,11.18,False
4,2017-04-05,14.3,False
5,2017-04-06,13.780000000000001,False
6,2017-04-07,11.96,False
7,2017-04-08,3.64,False
8,2017-04-09,2.08,False
9,2017-04-10,11.96,False
10,2017-04-11,14.56,False
11,2017-04-12,11.700000000000001,False
12,2017-04-13,10.92,False
13,2017-04-14,6.5,False
14,2017-04-15,2.08,False
15,2017-04-16,2.6,False
16,2017-04-17,13.26,False
17,2017-04-18,13.780000000000001,False
18,2017-04-19,14.040000000000001,False
19,2017-04-20,15.860000000000001,False
20,2017-04-21,14.3,False
21,2017-04-22,3.9000000000000004,False
22,2017-04-23,2.34,False
23,2017-04-24,16.900000000000002,False
24,2017-04-25,18.98,False
25,2017-04-26,18.2,False
26,2017-04-27,20.54,False
27,2017-04-28,26.0,False
28,2017-04-29,7.54,False
29,2017-04-30,4.16,False
0,2017-05-01,17.39,False
1,2017-05-02,19.98,False
2,2017-05-03,37.0,False
3,2017-05-04,31.45,False
4,2017-05-05,19.98,False
5,2017-05-06,3.7,False
6,2017-05-07,2.59,False
7,2017-05-08,15.91,False
8,2017-05-09,13.69,False
9,2017-05-10,15.91,False
10,2017-05-11,14.43,False
11,2017-05-12,11.1,False
12,2017-05-13,3.33,False
13,2017-05-14,1.48,False
14,2017-05-15,11.47,False
15,2017-05-16,12.209999999999999,False
16,2017-05-17,14.43,False
17,2017-05-18,15.54,False
18,2017-05-19,13.32,False
19,2017-05-20,1.85,False
20,2017-05-21,3.33,False
21,2017-05-22,9.99,False
22,2017-05-23,10.73,False
23,2017-05-24,10.73,False
24,2017-05-25,12.58,False
25,2017-05-26,11.84,False
26,2017-05-27,4.07,False
27,2017-05-28,2.59,False
28,2017-05-29,2.59,False
29,2017-05-30,11.84,False
30,2017-05-31,10.73,False
0,2017-06-01,28.16,False
1,2017-06-02,21.76,False
2,2017-06-03,5.12,False
3,2017-06-04,4.16,False
4,2017-06-05,20.8,False
5,2017-06-06,27.84,False
6,2017-06-07,23.36,False
7,2017-06-08,25.28,False
8,2017-06-09,28.8,False
9,2017-06-10,10.24,False
10,2017-06-11,5.76,False
11,2017-06-12,32.0,False
12,2017-06-13,27.2,False
13,2017-06-14,25.92,False
14,2017-06-15,26.240000000000002,False
15,2017-06-16,27.84,False
16,2017-06-17,7.36,False
17,2017-06-18,7.68,False
18,2017-06-19,25.92,False
19,2017-06-20,23.36,False
20,2017-06-21,24.64,False
21,2017-06-22,24.0,False
22,2017-06-23,24.32,False
23,2017-06-24,7.68,False
24,2017-06-25,8.0,False
25,2017-06-26,21.44,False
26,2017-06-27,32.0,False
27,2017-06-28,24.96,False
28,2017-06-29,26.240000000000002,False
29,2017-06-30,23.68,False
0,2017-07-01,1.29,False
1,2017-07-02,1.29,False
2,2017-07-03,7.74,False
3,2017-07-04,3.01,False
4,2017-07-05,8.6,False
5,2017-07-06,8.17,False
6,2017-07-07,9.03,False
7,2017-07-08,2.15,False
8,2017-07-09,1.72,False
9,2017-07-10,9.03,False
10,2017-07-11,7.74,False
11,2017-07-12,11.61,False
12,2017-07-13,12.9,False
13,2017-07-14,11.18,False
14,2017-07-15,3.87,False
15,2017-07-16,2.58,False
16,2017-07-17,9.03,False
17,2017-07-18,13.76,False
18,2017-07-19,15.48,False
19,2017-07-20,13.76,False
20,2017-07-21,12.47,False
21,2017-07-22,3.44,False
22,2017-07-23,2.15,False
23,2017-07-24,13.33,False
24,2017-07-25,16.34,False
25,2017-07-26,33.97,False
26,2017-07-27,43.0,False
27,2017-07-28,20.21,False
28,2017-07-29,5.59,False
29,2017-07-30,3.44,False
30,2017-07-31,15.48,False
0,2017-08-01,33.25,False
1,2017-08-02,35.0,False
2,2017-08-03,30.45,False
3,2017-08-04,30.799999999999997,False
4,2017-08-05,9.1,False
5,2017-08-06,4.199999999999999,False
6,2017-08-07,23.799999999999997,False
7,2017-08-08,25.2,False
8,2017-08-09,22.75,False
9,2017-08-10,27.299999999999997,False
10,2017-08-11,25.549999999999997,False
11,2017-08-12,7.699999999999999,False
12,2017-08-13,4.55,False
13,2017-08-14,19.25,False
14,2017-08-15,23.45,False
15,2017-08-16,22.75,False
16,2017-08-17,22.049999999999997,False
17,2017-08-18,21.349999999999998,False
18,2017-08-19,5.949999999999999,False
19,2017-08-20,4.8999999999999995,False
20,2017-08-21,20.299999999999997,False
21,2017-08-22,15.399999999999999,False
22,2017-08-23,16.45,False
23,2017-08-24,15.399999999999999,False
24,2017-08-25,17.849999999999998,False
25,2017-08-26,5.949999999999999,False
26,2017-08-27,2.0999999999999996,False
27,2017-08-28,14.35,False
28,2017-08-29,14.35,False
29,2017-08-30,19.599999999999998,False
30,2017-08-31,23.45,False
0,2017-09-01,17.64,False
1,2017-09-02,6.16,False
2,2017-09-03,2.8000000000000003,False
3,2017-09-04,5.040000000000001,False
4,2017-09-05,15.680000000000001,False
5,2017-09-06,16.520000000000003,False
6,2017-09-07,21.28,False
7,2017-09-08,16.8,False
8,2017-09-09,3.9200000000000004,False
9,2017-09-10,2.8000000000000003,False
10,2017-09-11,18.200000000000003,False
11,2017-09-12,21.560000000000002,False
12,2017-09-13,17.64,False
13,2017-09-14,18.200000000000003,False
14,2017-09-15,20.44,False
15,2017-09-16,7.280000000000001,False
16,2017-09-17,3.3600000000000003,False
17,2017-09-18,17.64,False
18,2017-09-19,22.96,False
19,2017-09-20,19.040000000000003,False
20,2017-09-21,21.840000000000003,False
21,2017-09-22,18.48,False
22,2017-09-23,4.48,False
23,2017-09-24,4.2,False
24,2017-09-25,24.92,False
25,2017-09-26,28.000000000000004,False
26,2017-09-27,24.92,False
27,2017-09-28,25.76,False
28,2017-09-29,23.8,False
29,2017-09-30,5.6000000000000005,False
0,2017-10-01,3.1,False
1,2017-10-02,17.669999999999998,False
2,2017-10-03,15.19,False
3,2017-10-04,15.81,False
4,2017-10-05,15.5,False
5,2017-10-06,14.879999999999999,False
6,2017-10-07,4.34,False
7,2017-10-08,3.1,False
8,2017-10-09,16.12,False
9,2017-10-10,13.64,False
10,2017-10-11,17.05,False
11,2017-10-12,16.74,False
12,2017-10-13,16.12,False
13,2017-10-14,4.03,False
14,2017-10-15,3.41,False
15,2017-10-16,17.36,False
16,2017-10-17,20.15,False
17,2017-10-18,18.91,False
18,2017-10-19,17.98,False
19,2017-10-20,16.12,False
20,2017-10-21,4.65,False
21,2017-10-22,3.7199999999999998,False
22,2017-10-23,16.12,False
23,2017-10-24,18.6,False
24,2017-10-25,17.98,False
25,2017-10-26,20.46,False
26,2017-10-27,31.0,False
27,2017-10-28,8.68,False
28,2017-10-29,5.27,False
29,2017-10-30,27.9,False
30,2017-10-31,29.45,False
0,2017-11-01,38.0,False
1,2017-11-02,33.44,False
2,2017-11-03,19.38,False
3,2017-11-04,3.42,False
4,2017-11-05,2.66,False
5,2017-11-06,12.540000000000001,False
6,2017-11-07,12.16,False
7,2017-11-08,11.4,False
8,2017-11-09,10.64,False
9,2017-11-10,9.88,False
10,2017-11-11,3.42,False
11,2017-11-12,2.2800000000000002,False
12,2017-11-13,11.78,False
13,2017-11-14,8.74,False
14,2017-11-15,9.5,False
15,2017-11-16,10.26,False
16,2017-11-17,11.02,False
17,2017-11-18,1.9,False
18,2017-11-19,1.52,False
19,2017-11-20,8.36,False
20,2017-11-21,10.64,False
21,2017-11-22,10.26,False
22,2017-11-23,3.42,False
23,2017-11-24,7.6,False
24,2017-11-25,3.42,False
25,2017-11-26,2.66,False
26,2017-11-27,9.88,False
27,2017-11-28,11.4,False
28,2017-11-29,15.2,False
29,2017-11-30,14.44,False
0,2017-12-01,24.57,False
1,2017-12-02,7.0200000000000005,False
2,2017-12-03,4.32,False
3,2017-12-04,24.840000000000003,False
4,2017-12-05,27.0,False
5,2017-12-06,23.220000000000002,False
6,2017-12-07,23.76,False
7,2017-12-08,23.76,False
8,2017-12-09,5.4,False
9,2017-12-10,2.16,False
10,2017-12-11,18.630000000000003,False
11,2017-12-12,19.44,False
12,2017-12-13,18.36,False
13,2017-12-14,21.87,False
14,2017-12-15,21.060000000000002,False
15,2017-12-16,5.130000000000001,False
16,2017-12-17,4.32,False
17,2017-12-18,19.71,False
18,2017-12-19,18.36,False
19,2017-12-20,18.09,False
20,2017-12-21,18.36,False
21,2017-12-22,17.01,False
22,2017-12-23,5.130000000000001,False
23,2017-12-24,3.24,False
24,2017-12-25,3.7800000000000002,False
25,2017-12-26,15.120000000000001,False
26,2017-12-27,19.17,False
27,2017-12-28,18.900000000000002,False
28,2017-12-29,15.930000000000001,False
29,2017-12-30,5.94,False
30,2017-12-31,2.43,False
0,2018-01-01,2.1,False
1,2018-01-02,12.6,False
2,2018-01-03,17.64,False
3,2018-01-04,15.12,False
4,2018-01-05,18.06,False
5,2018-01-06,5.46,False
6,2018-01-07,2.52,False
7,2018-01-08,15.12,False
8,2018-01-09,19.32,False
9,2018-01-10,13.02,False
10,2018-01-11,15.12,False
11,2018-01-12,33.6,False
12,2018-01-13,10.92,False
13,2018-01-14,5.04,False
14,2018-01-15,10.5,False
15,2018-01-16,21.84,False
16,2018-01-17,19.32,False
17,2018-01-18,21.0,False
18,2018-01-19,18.9,False
19,2018-01-20,5.46,False
20,2018-01-21,2.94,False
21,2018-01-22,16.8,False
22,2018-01-23,24.36,False
23,2018-01-24,21.0,False
24,2018-01-25,18.9,False
25,2018-01-26,20.16,False
26,2018-01-27,5.04,False
27,2018-01-28,1.68,False
28,2018-01-29,16.38,False
29,2018-01-30,21.419999999999998,False
30,2018-01-31,42.0,False
0,2018-02-01,45.0,False
1,2018-02-02,27.45,False
2,2018-02-03,7.2,False
3,2018-02-04,2.7,False
4,2018-02-05,19.8,False
5,2018-02-06,27.45,False
6,2018-02-07,20.25,False
7,2018-02-08,20.7,False
8,2018-02-09,22.05,False
9,2018-02-10,6.75,False
10,2018-02-11,2.7,False
11,2018-02-12,18.45,False
12,2018-02-13,15.75,False
13,2018-02-14,18.45,False
14,2018-02-15,16.650000000000002,False
15,2018-02-16,14.85,False
16,2018-02-17,4.05,False
17,2018-02-18,3.15,False
18,2018-02-19,4.5,False
19,2018-02-20,11.700000000000001,False
20,2018-02-21,13.950000000000001,False
21,2018-02-22,13.05,False
22,2018-02-23,13.950000000000001,False
23,2018-02-24,3.6,False
24,2018-02-25,1.35,False
25,2018-02-26,11.25,False
26,2018-02-27,12.6,False
27,2018-02-28,12.15,False
0,2018-03-01,9.24,False
1,2018-03-02,11.76,False
2,2018-03-03,2.52,False
3,2018-03-04,2.52,False
4,2018-03-05,10.92,False
5,2018-03-06,13.44,False
6,2018-03-07,13.44,False
7,2018-03-08,12.6,False
8,2018-03-09,13.44,False
9,2018-03-10,5.04,False
10,2018-03-11,2.52,False
11,2018-03-12,10.92,False
12,2018-03-13,10.92,False
13,2018-03-14,10.92,False
14,2018-03-15,12.6,False
15,2018-03-16,10.08,False
16,2018-03-17,3.36,False
17,2018-03-18,2.52,False
18,2018-03-19,46.199999999999996,False
19,2018-03-20,84.0,False
20,2018-03-21,77.28,False
21,2018-03-22,63.839999999999996,False
22,2018-03-23,47.04,False
23,2018-03-24,15.12,False
24,2018-03-25,8.4,False
25,2018-03-26,68.88,False
26,2018-03-27,63.0,False
27,2018-03-28,63.0,False
28,2018-03-29,46.199999999999996,False
29,2018-03-30,22.68,False
30,2018-03-31,5.88,False
0,2018-04-01,6.56,False
1,2018-04-02,57.4,False
2,2018-04-03,42.64,False
3,2018-04-04,54.12,False
4,2018-04-05,46.739999999999995,False
5,2018-04-06,42.64,False
6,2018-04-07,9.84,False
7,2018-04-08,5.739999999999999,False
8,2018-04-09,36.08,False
9,2018-04-10,68.06,False
10,2018-04-11,70.52,False
11,2018-04-12,45.919999999999995,False
12,2018-04-13,38.54,False
13,2018-04-14,9.84,False
14,2018-04-15,7.38,False
15,2018-04-16,28.7,False
16,2018-04-17,32.8,False
17,2018-04-18,29.52,False
18,2018-04-19,28.7,False
19,2018-04-20,22.959999999999997,False
20,2018-04-21,4.92,False
21,2018-04-22,4.92,False
22,2018-04-23,21.32,False
23,2018-04-24,31.159999999999997,False
24,2018-04-25,58.22,False
25,2018-04-26,82.0,False
26,2018-04-27,38.54,False
27,2018-04-28,6.56,False
28,2018-04-29,4.1,False
29,2018-04-30,30.34,False
0,2018-05-01,38.54,False
1,2018-05-02,41.0,False
2,2018-05-03,31.159999999999997,False
3,2018-05-04,30.34,False
4,2018-05-05,7.38,False
5,2018-05-06,4.92,False
6,2018-05-07,30.34,False
7,2018-05-08,27.88,False
8,2018-05-09,31.979999999999997,False
9,2018-05-10,32.39,False
10,2018-05-11,29.52,False
11,2018-05-12,6.56,False
12,2018-05-13,4.51,False
13,2018-05-14,29.93,False
14,2018-05-15,29.93,False
15,2018-05-16,23.369999999999997,False
16,2018-05-17,24.189999999999998,False
17,2018-05-18,20.5,False
18,2018-05-19,6.56,False
19,2018-05-20,3.28,False
20,2018-05-21,21.32,False
21,2018-05-22,21.32,False
22,2018-05-23,28.29,False
23,2018-05-24,18.86,False
24,2018-05-25,20.5,False
25,2018-05-26,3.69,False
26,2018-05-27,2.46,False
27,2018-05-28,5.739999999999999,False
28,2018-05-29,21.32,False
29,2018-05-30,20.09,False
30,2018-05-31,25.419999999999998,False
0,2018-06-01,37.62,False
1,2018-06-02,9.120000000000001,False
2,2018-06-03,4.5600000000000005,False
3,2018-06-04,29.26,False
4,2018-06-05,31.92,False
5,2018-06-06,37.24,False
6,2018-06-07,36.480000000000004,False
7,2018-06-08,30.4,False
8,2018-06-09,8.74,False
9,2018-06-10,4.18,False
10,2018-06-11,25.080000000000002,False
11,2018-06-12,23.94,False
12,2018-06-13,25.46,False
13,2018-06-14,31.54,False
14,2018-06-15,27.36,False
15,2018-06-16,7.6,False
16,2018-06-17,4.5600000000000005,False
17,2018-06-18,30.02,False
18,2018-06-19,34.96,False
19,2018-06-20,38.0,False
20,2018-06-21,37.62,False
21,2018-06-22,29.64,False
22,2018-06-23,6.84,False
23,2018-06-24,3.8,False
24,2018-06-25,30.78,False
25,2018-06-26,27.36,False
26,2018-06-27,27.36,False
27,2018-06-28,24.32,False
28,2018-06-29,23.94,False
29,2018-06-30,7.6,False
0,2018-07-01,1.0,False
1,2018-07-02,5.0,False
2,2018-07-03,5.0,False
3,2018-07-04,2.0,False
4,2018-07-05,5.0,False
5,2018-07-06,6.0,False
6,2018-07-07,2.0,False
7,2018-07-08,1.0,False
8,2018-07-09,6.0,False
9,2018-07-10,6.0,False
10,2018-07-11,6.0,False
11,2018-07-12,6.0,False
12,2018-07-13,5.0,False
13,2018-07-14,1.0,False
14,2018-07-15,1.0,False
15,2018-07-16,6.0,False
16,2018-07-17,7.0,False
17,2018-07-18,6.0,False
18,2018-07-19,6.0,False
19,2018-07-20,7.0,False
20,2018-07-21,2.0,False
21,2018-07-22,1.0,False
22,2018-07-23,8.0,False
23,2018-07-24,10.0,False
24,2018-07-25,36.0,False
25,2018-07-26,100.0,False
26,2018-07-27,55.0,False
27,2018-07-28,11.0,False
28,2018-07-29,5.0,False
29,2018-07-30,27.0,False
30,2018-07-31,26.0,False
0,2018-08-01,78.0,False
1,2018-08-02,70.98,False
2,2018-08-03,63.96,False
3,2018-08-04,14.82,False
4,2018-08-05,9.36,False
5,2018-08-06,64.74000000000001,False
6,2018-08-07,68.64,False
7,2018-08-08,61.620000000000005,False
8,2018-08-09,49.92,False
9,2018-08-10,43.68,False
10,2018-08-11,11.700000000000001,False
11,2018-08-12,6.24,False
12,2018-08-13,41.34,False
13,2018-08-14,38.22,False
14,2018-08-15,43.68,False
15,2018-08-16,50.7,False
16,2018-08-17,45.24,False
17,2018-08-18,10.92,False
18,2018-08-19,7.0200000000000005,False
19,2018-08-20,40.56,False
20,2018-08-21,35.88,False
21,2018-08-22,39.0,False
22,2018-08-23,38.22,False
23,2018-08-24,34.32,False
24,2018-08-25,8.58,False
25,2018-08-26,5.46,False
26,2018-08-27,35.88,False
27,2018-08-28,35.88,False
28,2018-08-29,35.88,False
29,2018-08-30,36.660000000000004,False
30,2018-08-31,29.64,False
0,2018-09-01,5.4,False
1,2018-09-02,4.32,False
2,2018-09-03,7.0200000000000005,False
3,2018-09-04,36.72,False
4,2018-09-05,41.040000000000006,False
5,2018-09-06,48.6,False
6,2018-09-07,42.120000000000005,False
7,2018-09-08,9.72,False
8,2018-09-09,5.4,False
9,2018-09-10,30.78,False
10,2018-09-11,30.78,False
11,2018-09-12,34.56,False
12,2018-09-13,32.400000000000006,False
13,2018-09-14,31.32,False
14,2018-09-15,5.94,False
15,2018-09-16,6.48,False
16,2018-09-17,31.860000000000003,False
17,2018-09-18,32.400000000000006,False
18,2018-09-19,31.32,False
19,2018-09-20,35.1,False
20,2018-09-21,31.860000000000003,False
21,2018-09-22,7.0200000000000005,False
22,2018-09-23,6.48,False
23,2018-09-24,28.080000000000002,False
24,2018-09-25,37.800000000000004,False
25,2018-09-26,36.18,False
26,2018-09-27,32.940000000000005,False
27,2018-09-28,54.0,False
28,2018-09-29,16.740000000000002,False
29,2018-09-30,5.94,False
0,2018-10-01,23.76,False
1,2018-10-02,20.46,False
2,2018-10-03,23.76,False
3,2018-10-04,22.44,False
4,2018-10-05,21.78,False
5,2018-10-06,5.28,False
6,2018-10-07,2.64,False
7,2018-10-08,19.14,False
8,2018-10-09,17.82,False
9,2018-10-10,29.700000000000003,False
10,2018-10-11,33.0,False
11,2018-10-12,29.700000000000003,False
12,2018-10-13,5.28,False
13,2018-10-14,2.64,False
14,2018-10-15,19.8,False
15,2018-10-16,21.78,False
16,2018-10-17,20.46,False
17,2018-10-18,17.82,False
18,2018-10-19,17.82,False
19,2018-10-20,3.96,False
20,2018-10-21,1.32,False
21,2018-10-22,15.180000000000001,False
22,2018-10-23,20.46,False
23,2018-10-24,22.44,False
24,2018-10-25,28.380000000000003,False
25,2018-10-26,27.720000000000002,False
26,2018-10-27,7.92,False
27,2018-10-28,2.64,False
28,2018-10-29,23.76,False
29,2018-10-30,66.0,False
30,2018-10-31,58.080000000000005,False
0,2018-11-01,44.52,False
1,2018-11-02,40.81,False
2,2018-11-03,9.01,False
3,2018-11-04,5.83,False
4,2018-11-05,27.03,False
5,2018-11-06,24.91,False
6,2018-11-07,30.740000000000002,False
7,2018-11-08,30.21,False
8,2018-11-09,29.150000000000002,False
9,2018-11-10,6.890000000000001,False
10,2018-11-11,4.24,False
11,2018-11-12,24.380000000000003,False
12,2018-11-13,30.21,False
13,2018-11-14,28.62,False
14,2018-11-15,33.39,False
15,2018-11-16,41.34,False
16,2018-11-17,11.66,False
17,2018-11-18,6.36,False
18,2018-11-19,49.29,False
19,2018-11-20,53.0,False
20,2018-11-21,43.46,False
21,2018-11-22,10.600000000000001,False
22,2018-11-23,21.73,False
23,2018-11-24,6.890000000000001,False
24,2018-11-25,6.36,False
25,2018-11-26,31.270000000000003,False
26,2018-11-27,29.68,False
27,2018-11-28,33.39,False
28,2018-11-29,28.62,False
29,2018-11-30,30.740000000000002,False
0,2018-12-01,6.72,False
1,2018-12-02,4.32,False
2,2018-12-03,28.32,False
3,2018-12-04,30.24,False
4,2018-12-05,21.599999999999998,False
5,2018-12-06,31.68,False
6,2018-12-07,25.439999999999998,False
7,2018-12-08,9.6,False
8,2018-12-09,4.32,False
9,2018-12-10,25.919999999999998,False
10,2018-12-11,26.88,False
11,2018-12-12,26.4,False
12,2018-12-13,26.4,False
13,2018-12-14,27.84,False
14,2018-12-15,9.12,False
15,2018-12-16,2.88,False
16,2018-12-17,19.2,False
17,2018-12-18,24.48,False
18,2018-12-19,46.559999999999995,False
19,2018-12-20,48.0,False
20,2018-12-21,45.6,False
21,2018-12-22,15.84,False
22,2018-12-23,8.16,False
23,2018-12-24,30.72,False
24,2018-12-25,14.399999999999999,False
25,2018-12-26,36.96,False
26,2018-12-27,43.68,False
27,2018-12-28,29.279999999999998,False
28,2018-12-29,6.72,False
29,2018-12-30,5.279999999999999,False
30,2018-12-31,23.52,False
0,2019-01-01,4.68,False
1,2019-01-02,13.52,False
2,2019-01-03,17.68,False
3,2019-01-04,17.16,False
4,2019-01-05,4.16,False
5,2019-01-06,2.08,False
6,2019-01-07,13.0,False
7,2019-01-08,13.52,False
8,2019-01-09,15.600000000000001,False
9,2019-01-10,13.0,False
10,2019-01-11,12.48,False
11,2019-01-12,2.6,False
12,2019-01-13,1.56,False
13,2019-01-14,9.88,False
14,2019-01-15,13.52,False
15,2019-01-16,12.48,False
16,2019-01-17,13.0,False
17,2019-01-18,14.040000000000001,False
18,2019-01-19,4.16,False
19,2019-01-20,2.08,False
20,2019-01-21,4.16,False
21,2019-01-22,10.92,False
22,2019-01-23,10.92,False
23,2019-01-24,10.92,False
24,2019-01-25,11.96,False
25,2019-01-26,3.64,False
26,2019-01-27,2.6,False
27,2019-01-28,10.92,False
28,2019-01-29,12.48,False
29,2019-01-30,34.84,False
30,2019-01-31,52.0,False
0,2019-02-01,39.0,False
1,2019-02-02,7.0200000000000005,False
2,2019-02-03,2.73,False
3,2019-02-04,24.18,False
4,2019-02-05,27.3,False
5,2019-02-06,22.23,False
6,2019-02-07,20.28,False
7,2019-02-08,15.99,False
8,2019-02-09,5.07,False
9,2019-02-10,3.9000000000000004,False
10,2019-02-11,15.21,False
11,2019-02-12,16.38,False
12,2019-02-13,16.38,False
13,2019-02-14,17.94,False
14,2019-02-15,15.600000000000001,False
15,2019-02-16,6.24,False
16,2019-02-17,3.12,False
17,2019-02-18,5.8500000000000005,False
18,2019-02-19,17.16,False
19,2019-02-20,14.040000000000001,False
20,2019-02-21,14.43,False
21,2019-02-22,15.21,False
22,2019-02-23,3.5100000000000002,False
23,2019-02-24,1.9500000000000002,False
24,2019-02-25,14.040000000000001,False
25,2019-02-26,16.77,False
26,2019-02-27,14.040000000000001,False
27,2019-02-28,11.700000000000001,False
0,2019-03-01,19.200000000000003,False
1,2019-03-02,7.6000000000000005,False
2,2019-03-03,3.6,False
3,2019-03-04,23.6,False
4,2019-03-05,27.6,False
5,2019-03-06,29.200000000000003,False
6,2019-03-07,22.0,False
7,2019-03-08,26.400000000000002,False
8,2019-03-09,7.2,False
9,2019-03-10,3.2,False
10,2019-03-11,24.0,False
11,2019-03-12,24.8,False
12,2019-03-13,23.6,False
13,2019-03-14,40.0,False
14,2019-03-15,38.0,False
15,2019-03-16,7.6000000000000005,False
16,2019-03-17,4.800000000000001,False
