,date,GOOG stock,isPartial
0,2012-01-01,1.54,False
1,2012-01-02,0.0,False
2,2012-01-03,2.24,False
3,2012-01-04,2.5900000000000003,False
4,2012-01-05,2.24,False
5,2012-01-06,3.08,False
6,2012-01-07,0.9100000000000001,False
7,2012-01-08,1.2600000000000002,False
8,2012-01-09,3.6400000000000006,False
9,2012-01-10,3.5700000000000003,False
10,2012-01-11,4.2700000000000005,False
11,2012-01-12,2.1700000000000004,False
12,2012-01-13,3.0100000000000002,False
13,2012-01-14,1.7500000000000002,False
14,2012-01-15,2.1700000000000004,False
15,2012-01-16,2.8000000000000003,False
16,2012-01-17,3.5000000000000004,False
17,2012-01-18,3.1500000000000004,False
18,2012-01-19,5.670000000000001,False
19,2012-01-20,7.000000000000001,False
20,2012-01-21,2.5200000000000005,False
21,2012-01-22,2.5200000000000005,False
22,2012-01-23,5.6000000000000005,False
23,2012-01-24,3.5000000000000004,False
24,2012-01-25,4.62,False
25,2012-01-26,2.87,False
26,2012-01-27,4.41,False
27,2012-01-28,3.8500000000000005,False
28,2012-01-29,1.2600000000000002,False
29,2012-01-30,5.6000000000000005,False
30,2012-01-31,4.48,False
0,2012-02-01,4.83,False
1,2012-02-02,6.510000000000001,False
2,2012-02-03,5.53,False
3,2012-02-04,1.4700000000000002,False
4,2012-02-05,1.4700000000000002,False
5,2012-02-06,3.6400000000000006,False
6,2012-02-07,2.8000000000000003,False
7,2012-02-08,3.22,False
8,2012-02-09,5.32,False
9,2012-02-10,4.2,False
10,2012-02-11,1.9600000000000002,False
11,2012-02-12,0.0,False
12,2012-02-13,3.5700000000000003,False
13,2012-02-14,5.32,False
14,2012-02-15,7.000000000000001,False
15,2012-02-16,3.7100000000000004,False
16,2012-02-17,3.8500000000000005,False
17,2012-02-18,1.4700000000000002,False
18,2012-02-19,2.0300000000000002,False
19,2012-02-20,2.1,False
20,2012-02-21,5.040000000000001,False
21,2012-02-22,3.7100000000000004,False
22,2012-02-23,2.0300000000000002,False
23,2012-02-24,5.880000000000001,False
24,2012-02-25,1.4700000000000002,False
25,2012-02-26,0.9800000000000001,False
26,2012-02-27,2.8000000000000003,False
27,2012-02-28,2.3800000000000003,False
28,2012-02-29,3.5700000000000003,False
0,2012-03-01,2.6399999999999997,False
1,2012-03-02,2.6999999999999997,False
2,2012-03-03,0.78,False
3,2012-03-04,0.78,False
4,2012-03-05,2.28,False
5,2012-03-06,2.46,False
6,2012-03-07,3.42,False
7,2012-03-08,2.58,False
8,2012-03-09,1.98,False
9,2012-03-10,2.28,False
10,2012-03-11,1.14,False
11,2012-03-12,2.16,False
12,2012-03-13,2.46,False
13,2012-03-14,1.8599999999999999,False
14,2012-03-15,1.56,False
15,2012-03-16,2.94,False
16,2012-03-17,0.78,False
17,2012-03-18,1.5,False
18,2012-03-19,3.12,False
19,2012-03-20,3.7199999999999998,False
20,2012-03-21,1.8599999999999999,False
21,2012-03-22,2.88,False
22,2012-03-23,3.0,False
23,2012-03-24,1.92,False
24,2012-03-25,2.28,False
25,2012-03-26,3.7199999999999998,False
26,2012-03-27,0.96,False
27,2012-03-28,6.0,False
28,2012-03-29,2.52,False
29,2012-03-30,3.36,False
30,2012-03-31,1.5,False
0,2012-04-01,1.12,False
1,2012-04-02,2.24,False
2,2012-04-03,2.24,False
3,2012-04-04,1.36,False
4,2012-04-05,2.88,False
5,2012-04-06,1.52,False
6,2012-04-07,1.68,False
7,2012-04-08,0.56,False
8,2012-04-09,2.16,False
9,2012-04-10,1.84,False
10,2012-04-11,2.64,False
11,2012-04-12,3.12,False
12,2012-04-13,8.0,False
13,2012-04-14,2.64,False
14,2012-04-15,2.64,False
15,2012-04-16,3.92,False
16,2012-04-17,3.12,False
17,2012-04-18,3.52,False
18,2012-04-19,1.76,False
19,2012-04-20,2.8000000000000003,False
20,2012-04-21,2.16,False
21,2012-04-22,1.04,False
22,2012-04-23,2.56,False
23,2012-04-24,3.92,False
24,2012-04-25,4.0,False
25,2012-04-26,1.76,False
26,2012-04-27,2.32,False
27,2012-04-28,1.12,False
28,2012-04-29,0.56,False
29,2012-04-30,1.84,False
0,2012-05-01,3.68,False
1,2012-05-02,3.92,False
2,2012-05-03,1.2,False
3,2012-05-04,4.48,False
4,2012-05-05,0.72,False
5,2012-05-06,0.72,False
6,2012-05-07,2.96,False
7,2012-05-08,2.32,False
8,2012-05-09,2.4,False
9,2012-05-10,2.4,False
10,2012-05-11,3.44,False
11,2012-05-12,1.52,False
12,2012-05-13,1.12,False
13,2012-05-14,1.76,False
14,2012-05-15,2.4,False
15,2012-05-16,2.4,False
16,2012-05-17,4.08,False
17,2012-05-18,8.0,False
18,2012-05-19,3.04,False
19,2012-05-20,1.84,False
20,2012-05-21,5.6000000000000005,False
21,2012-05-22,5.04,False
22,2012-05-23,4.48,False
23,2012-05-24,5.12,False
24,2012-05-25,3.84,False
25,2012-05-26,1.52,False
26,2012-05-27,0.8,False
27,2012-05-28,0.64,False
28,2012-05-29,2.64,False
29,2012-05-30,5.92,False
30,2012-05-31,4.48,False
0,2012-06-01,5.0,False
1,2012-06-02,2.7,False
2,2012-06-03,0.55,False
3,2012-06-04,2.15,False
4,2012-06-05,3.85,False
5,2012-06-06,0.45,False
6,2012-06-07,0.9,False
7,2012-06-08,3.2,False
8,2012-06-09,2.7,False
9,2012-06-10,0.55,False
10,2012-06-11,1.25,False
11,2012-06-12,4.25,False
12,2012-06-13,3.0500000000000003,False
13,2012-06-14,1.75,False
14,2012-06-15,0.45,False
15,2012-06-16,1.1,False
16,2012-06-17,0.0,False
17,2012-06-18,1.7000000000000002,False
18,2012-06-19,1.7000000000000002,False
19,2012-06-20,2.15,False
20,2012-06-21,1.3,False
21,2012-06-22,1.85,False
22,2012-06-23,1.1,False
23,2012-06-24,0.0,False
24,2012-06-25,3.0,False
25,2012-06-26,0.8500000000000001,False
26,2012-06-27,1.75,False
27,2012-06-28,0.9,False
28,2012-06-29,1.4000000000000001,False
29,2012-06-30,0.55,False
0,2012-07-01,3.3,False
1,2012-07-02,5.3999999999999995,False
2,2012-07-03,3.12,False
3,2012-07-04,1.44,False
4,2012-07-05,3.7199999999999998,False
5,2012-07-06,3.84,False
6,2012-07-07,2.28,False
7,2012-07-08,1.14,False
8,2012-07-09,3.12,False
9,2012-07-10,4.38,False
10,2012-07-11,4.62,False
11,2012-07-12,2.76,False
12,2012-07-13,5.7,False
13,2012-07-14,2.82,False
14,2012-07-15,2.28,False
15,2012-07-16,3.1799999999999997,False
16,2012-07-17,5.3999999999999995,False
17,2012-07-18,1.38,False
18,2012-07-19,6.0,False
19,2012-07-20,5.76,False
20,2012-07-21,4.02,False
21,2012-07-22,2.28,False
22,2012-07-23,2.6999999999999997,False
23,2012-07-24,5.04,False
24,2012-07-25,3.1799999999999997,False
25,2012-07-26,5.58,False
26,2012-07-27,4.859999999999999,False
27,2012-07-28,1.68,False
28,2012-07-29,1.14,False
29,2012-07-30,4.5,False
30,2012-07-31,4.9799999999999995,False
0,2012-08-01,1.6500000000000001,False
1,2012-08-02,2.2,False
2,2012-08-03,1.75,False
3,2012-08-04,2.0500000000000003,False
4,2012-08-05,0.7000000000000001,False
5,2012-08-06,2.2,False
6,2012-08-07,3.3000000000000003,False
7,2012-08-08,2.25,False
8,2012-08-09,1.1,False
9,2012-08-10,4.05,False
10,2012-08-11,0.7000000000000001,False
11,2012-08-12,1.4000000000000001,False
12,2012-08-13,5.0,False
13,2012-08-14,2.75,False
14,2012-08-15,2.3000000000000003,False
15,2012-08-16,4.5,False
16,2012-08-17,0.6000000000000001,False
17,2012-08-18,0.7000000000000001,False
18,2012-08-19,1.4000000000000001,False
19,2012-08-20,4.55,False
20,2012-08-21,4.5,False
21,2012-08-22,2.75,False
22,2012-08-23,2.8000000000000003,False
23,2012-08-24,1.75,False
24,2012-08-25,1.35,False
25,2012-08-26,1.3,False
26,2012-08-27,1.6,False
27,2012-08-28,2.7,False
28,2012-08-29,2.15,False
29,2012-08-30,2.2,False
30,2012-08-31,1.1,False
0,2012-09-01,0.56,False
1,2012-09-02,0.56,False
2,2012-09-03,0.48,False
3,2012-09-04,2.8000000000000003,False
4,2012-09-05,1.44,False
5,2012-09-06,1.92,False
6,2012-09-07,4.08,False
7,2012-09-08,2.32,False
8,2012-09-09,1.12,False
9,2012-09-10,6.0,False
10,2012-09-11,1.44,False
11,2012-09-12,3.2800000000000002,False
12,2012-09-13,3.7600000000000002,False
13,2012-09-14,1.92,False
14,2012-09-15,2.88,False
15,2012-09-16,1.12,False
16,2012-09-17,2.32,False
17,2012-09-18,2.8000000000000003,False
18,2012-09-19,5.12,False
19,2012-09-20,2.4,False
20,2012-09-21,2.96,False
21,2012-09-22,1.68,False
22,2012-09-23,2.16,False
23,2012-09-24,2.8000000000000003,False
24,2012-09-25,4.16,False
25,2012-09-26,8.0,False
26,2012-09-27,3.2800000000000002,False
27,2012-09-28,4.4,False
28,2012-09-29,0.56,False
29,2012-09-30,1.68,False
0,2012-10-01,2.75,False
1,2012-10-02,2.64,False
2,2012-10-03,3.96,False
3,2012-10-04,1.87,False
4,2012-10-05,1.98,False
5,2012-10-06,2.31,False
6,2012-10-07,0.44,False
7,2012-10-08,2.64,False
8,2012-10-09,2.2,False
9,2012-10-10,3.41,False
10,2012-10-11,0.77,False
11,2012-10-12,2.42,False
12,2012-10-13,0.88,False
13,2012-10-14,0.0,False
14,2012-10-15,0.77,False
15,2012-10-16,2.97,False
16,2012-10-17,2.97,False
17,2012-10-18,9.35,False
18,2012-10-19,11.0,False
19,2012-10-20,2.75,False
20,2012-10-21,0.44,False
21,2012-10-22,4.07,False
22,2012-10-23,5.17,False
23,2012-10-24,3.41,False
24,2012-10-25,3.08,False
25,2012-10-26,3.96,False
26,2012-10-27,1.32,False
27,2012-10-28,0.44,False
28,2012-10-29,4.29,False
29,2012-10-30,2.53,False
30,2012-10-31,4.95,False
0,2012-11-01,5.670000000000001,False
1,2012-11-02,3.0100000000000002,False
2,2012-11-03,1.4700000000000002,False
3,2012-11-04,1.4700000000000002,False
4,2012-11-05,5.53,False
5,2012-11-06,3.6400000000000006,False
6,2012-11-07,5.74,False
7,2012-11-08,4.340000000000001,False
8,2012-11-09,4.2700000000000005,False
9,2012-11-10,1.12,False
10,2012-11-11,1.4700000000000002,False
11,2012-11-12,3.99,False
12,2012-11-13,3.43,False
13,2012-11-14,4.62,False
14,2012-11-15,4.760000000000001,False
15,2012-11-16,5.460000000000001,False
16,2012-11-17,2.1700000000000004,False
17,2012-11-18,1.4700000000000002,False
18,2012-11-19,7.000000000000001,False
19,2012-11-20,4.2700000000000005,False
20,2012-11-21,1.8900000000000001,False
21,2012-11-22,2.5900000000000003,False
22,2012-11-23,2.31,False
23,2012-11-24,0.7000000000000001,False
24,2012-11-25,0.7000000000000001,False
25,2012-11-26,2.1,False
26,2012-11-27,5.390000000000001,False
27,2012-11-28,5.74,False
28,2012-11-29,3.9200000000000004,False
29,2012-11-30,3.5000000000000004,False
0,2012-12-01,3.2,False
1,2012-12-02,1.76,False
2,2012-12-03,6.72,False
3,2012-12-04,3.36,False
4,2012-12-05,6.08,False
5,2012-12-06,2.72,False
6,2012-12-07,8.0,False
7,2012-12-08,3.68,False
8,2012-12-09,1.76,False
9,2012-12-10,1.84,False
10,2012-12-11,7.5200000000000005,False
11,2012-12-12,3.84,False
12,2012-12-13,6.16,False
13,2012-12-14,7.2,False
14,2012-12-15,2.72,False
15,2012-12-16,2.24,False
16,2012-12-17,6.48,False
17,2012-12-18,7.28,False
18,2012-12-19,5.44,False
19,2012-12-20,4.32,False
20,2012-12-21,2.48,False
21,2012-12-22,1.92,False
22,2012-12-23,1.92,False
23,2012-12-24,3.36,False
24,2012-12-25,2.08,False
25,2012-12-26,2.56,False
26,2012-12-27,3.2800000000000002,False
27,2012-12-28,3.7600000000000002,False
28,2012-12-29,1.36,False
29,2012-12-30,1.84,False
30,2012-12-31,3.7600000000000002,False
0,2013-01-01,1.44,False
1,2013-01-02,7.47,False
2,2013-01-03,3.33,False
3,2013-01-04,3.42,False
4,2013-01-05,0.63,False
5,2013-01-06,2.52,False
6,2013-01-07,4.95,False
7,2013-01-08,4.859999999999999,False
8,2013-01-09,5.3999999999999995,False
9,2013-01-10,2.6999999999999997,False
10,2013-01-11,3.33,False
11,2013-01-12,1.26,False
12,2013-01-13,1.26,False
13,2013-01-14,6.39,False
14,2013-01-15,5.76,False
15,2013-01-16,2.61,False
16,2013-01-17,2.61,False
17,2013-01-18,6.569999999999999,False
18,2013-01-19,1.26,False
19,2013-01-20,2.4299999999999997,False
20,2013-01-21,1.08,False
21,2013-01-22,8.28,False
22,2013-01-23,8.459999999999999,False
23,2013-01-24,9.0,False
24,2013-01-25,4.41,False
25,2013-01-26,1.26,False
26,2013-01-27,1.26,False
27,2013-01-28,3.5999999999999996,False
28,2013-01-29,3.5999999999999996,False
29,2013-01-30,6.75,False
30,2013-01-31,5.31,False
0,2013-02-01,8.700000000000001,False
1,2013-02-02,5.2,False
2,2013-02-03,2.1,False
3,2013-02-04,5.0,False
4,2013-02-05,3.9000000000000004,False
5,2013-02-06,5.800000000000001,False
6,2013-02-07,4.800000000000001,False
7,2013-02-08,9.1,False
8,2013-02-09,3.5,False
9,2013-02-10,3.0,False
10,2013-02-11,5.1000000000000005,False
11,2013-02-12,6.300000000000001,False
12,2013-02-13,6.2,False
13,2013-02-14,4.800000000000001,False
14,2013-02-15,5.7,False
15,2013-02-16,5.2,False
16,2013-02-17,1.7000000000000002,False
17,2013-02-18,2.2,False
18,2013-02-19,10.0,False
19,2013-02-20,7.9,False
20,2013-02-21,8.3,False
21,2013-02-22,6.0,False
22,2013-02-23,2.5,False
23,2013-02-24,0.0,False
24,2013-02-25,6.6000000000000005,False
25,2013-02-26,4.2,False
26,2013-02-27,4.6000000000000005,False
27,2013-02-28,7.6000000000000005,False
0,2013-03-01,3.8699999999999997,False
1,2013-03-02,1.98,False
2,2013-03-03,1.71,False
3,2013-03-04,8.19,False
4,2013-03-05,7.92,False
5,2013-03-06,9.0,False
6,2013-03-07,6.84,False
7,2013-03-08,5.9399999999999995,False
8,2013-03-09,1.6199999999999999,False
9,2013-03-10,0.63,False
10,2013-03-11,3.06,False
11,2013-03-12,4.14,False
12,2013-03-13,4.95,False
13,2013-03-14,6.75,False
14,2013-03-15,4.95,False
15,2013-03-16,2.61,False
16,2013-03-17,0.99,False
17,2013-03-18,4.68,False
18,2013-03-19,3.33,False
19,2013-03-20,3.96,False
20,2013-03-21,3.15,False
21,2013-03-22,4.32,False
22,2013-03-23,1.6199999999999999,False
23,2013-03-24,0.63,False
24,2013-03-25,2.25,False
25,2013-03-26,4.5,False
26,2013-03-27,4.59,False
27,2013-03-28,4.77,False
28,2013-03-29,2.88,False
29,2013-03-30,1.3499999999999999,False
30,2013-03-31,1.44,False
0,2013-04-01,5.1000000000000005,False
1,2013-04-02,5.2700000000000005,False
2,2013-04-03,5.95,False
3,2013-04-04,8.84,False
4,2013-04-05,7.3100000000000005,False
5,2013-04-06,4.42,False
6,2013-04-07,4.590000000000001,False
7,2013-04-08,5.2700000000000005,False
8,2013-04-09,6.970000000000001,False
9,2013-04-10,7.3100000000000005,False
10,2013-04-11,8.67,False
11,2013-04-12,7.65,False
12,2013-04-13,3.4000000000000004,False
13,2013-04-14,3.74,False
14,2013-04-15,8.84,False
15,2013-04-16,6.970000000000001,False
16,2013-04-17,9.01,False
17,2013-04-18,11.56,False
18,2013-04-19,17.0,False
19,2013-04-20,7.82,False
20,2013-04-21,5.1000000000000005,False
21,2013-04-22,8.33,False
22,2013-04-23,9.350000000000001,False
23,2013-04-24,8.84,False
24,2013-04-25,6.970000000000001,False
25,2013-04-26,7.65,False
26,2013-04-27,3.06,False
27,2013-04-28,2.3800000000000003,False
28,2013-04-29,9.520000000000001,False
29,2013-04-30,10.88,False
0,2013-05-01,6.65,False
1,2013-05-02,8.17,False
2,2013-05-03,7.6,False
3,2013-05-04,1.71,False
4,2013-05-05,0.95,False
5,2013-05-06,6.84,False
6,2013-05-07,7.22,False
7,2013-05-08,7.03,False
8,2013-05-09,7.6,False
9,2013-05-10,7.22,False
10,2013-05-11,1.1400000000000001,False
11,2013-05-12,0.95,False
12,2013-05-13,6.2700000000000005,False
13,2013-05-14,9.120000000000001,False
14,2013-05-15,19.0,False
15,2013-05-16,11.78,False
16,2013-05-17,7.98,False
17,2013-05-18,3.99,False
18,2013-05-19,1.52,False
19,2013-05-20,7.98,False
20,2013-05-21,5.89,False
21,2013-05-22,7.79,False
22,2013-05-23,9.120000000000001,False
23,2013-05-24,9.120000000000001,False
24,2013-05-25,6.08,False
25,2013-05-26,2.66,False
26,2013-05-27,3.61,False
27,2013-05-28,11.21,False
28,2013-05-29,9.31,False
29,2013-05-30,8.74,False
30,2013-05-31,6.65,False
0,2013-06-01,4.6499999999999995,False
1,2013-06-02,5.3999999999999995,False
2,2013-06-03,8.85,False
3,2013-06-04,10.799999999999999,False
4,2013-06-05,9.0,False
5,2013-06-06,7.8,False
6,2013-06-07,4.6499999999999995,False
7,2013-06-08,7.05,False
8,2013-06-09,1.5,False
9,2013-06-10,9.45,False
10,2013-06-11,13.65,False
11,2013-06-12,11.4,False
12,2013-06-13,9.0,False
13,2013-06-14,7.5,False
14,2013-06-15,1.65,False
15,2013-06-16,4.6499999999999995,False
16,2013-06-17,7.6499999999999995,False
17,2013-06-18,10.2,False
18,2013-06-19,14.85,False
19,2013-06-20,15.0,False
20,2013-06-21,6.8999999999999995,False
21,2013-06-22,7.199999999999999,False
22,2013-06-23,1.5,False
23,2013-06-24,3.15,False
24,2013-06-25,6.45,False
25,2013-06-26,3.3,False
26,2013-06-27,7.8,False
27,2013-06-28,6.1499999999999995,False
28,2013-06-29,4.05,False
29,2013-06-30,1.65,False
0,2013-07-01,7.6,False
1,2013-07-02,2.85,False
2,2013-07-03,6.08,False
3,2013-07-04,4.37,False
4,2013-07-05,2.66,False
5,2013-07-06,3.04,False
6,2013-07-07,2.47,False
7,2013-07-08,5.32,False
8,2013-07-09,6.84,False
9,2013-07-10,4.5600000000000005,False
10,2013-07-11,7.41,False
11,2013-07-12,6.46,False
12,2013-07-13,3.61,False
13,2013-07-14,2.47,False
14,2013-07-15,6.08,False
15,2013-07-16,4.5600000000000005,False
16,2013-07-17,6.2700000000000005,False
17,2013-07-18,12.92,False
18,2013-07-19,19.0,False
19,2013-07-20,2.47,False
20,2013-07-21,2.47,False
21,2013-07-22,5.7,False
22,2013-07-23,6.84,False
23,2013-07-24,7.79,False
24,2013-07-25,10.45,False
25,2013-07-26,12.92,False
26,2013-07-27,4.5600000000000005,False
27,2013-07-28,2.47,False
28,2013-07-29,5.13,False
29,2013-07-30,4.37,False
30,2013-07-31,4.37,False
0,2013-08-01,15.0,False
1,2013-08-02,11.25,False
2,2013-08-03,6.6,False
3,2013-08-04,4.5,False
4,2013-08-05,6.8999999999999995,False
5,2013-08-06,10.35,False
6,2013-08-07,10.35,False
7,2013-08-08,11.4,False
8,2013-08-09,11.7,False
9,2013-08-10,4.05,False
10,2013-08-11,4.5,False
11,2013-08-12,10.2,False
12,2013-08-13,9.75,False
13,2013-08-14,14.1,False
14,2013-08-15,12.9,False
15,2013-08-16,10.799999999999999,False
16,2013-08-17,12.0,False
17,2013-08-18,7.8,False
18,2013-08-19,12.15,False
19,2013-08-20,13.2,False
20,2013-08-21,8.4,False
21,2013-08-22,12.75,False
22,2013-08-23,13.049999999999999,False
23,2013-08-24,4.8,False
24,2013-08-25,6.1499999999999995,False
25,2013-08-26,13.35,False
26,2013-08-27,7.8,False
27,2013-08-28,7.5,False
28,2013-08-29,11.549999999999999,False
29,2013-08-30,9.6,False
30,2013-08-31,4.8,False
0,2013-09-01,0.9800000000000001,False
1,2013-09-02,1.54,False
2,2013-09-03,9.940000000000001,False
3,2013-09-04,9.24,False
4,2013-09-05,9.520000000000001,False
5,2013-09-06,7.280000000000001,False
6,2013-09-07,12.180000000000001,False
7,2013-09-08,5.32,False
8,2013-09-09,8.260000000000002,False
9,2013-09-10,10.500000000000002,False
10,2013-09-11,9.24,False
11,2013-09-12,9.940000000000001,False
12,2013-09-13,8.680000000000001,False
13,2013-09-14,7.280000000000001,False
14,2013-09-15,4.48,False
15,2013-09-16,6.86,False
16,2013-09-17,9.100000000000001,False
17,2013-09-18,7.5600000000000005,False
18,2013-09-19,14.000000000000002,False
19,2013-09-20,7.280000000000001,False
20,2013-09-21,5.460000000000001,False
21,2013-09-22,5.32,False
22,2013-09-23,9.8,False
23,2013-09-24,12.040000000000001,False
24,2013-09-25,9.940000000000001,False
25,2013-09-26,9.38,False
26,2013-09-27,10.500000000000002,False
27,2013-09-28,1.8200000000000003,False
28,2013-09-29,7.140000000000001,False
29,2013-09-30,8.260000000000002,False
0,2013-10-01,2.34,False
1,2013-10-02,2.8600000000000003,False
2,2013-10-03,2.08,False
3,2013-10-04,2.08,False
4,2013-10-05,0.52,False
5,2013-10-06,0.52,False
6,2013-10-07,3.64,False
7,2013-10-08,2.8600000000000003,False
8,2013-10-09,2.8600000000000003,False
9,2013-10-10,2.8600000000000003,False
10,2013-10-11,3.12,False
11,2013-10-12,2.08,False
12,2013-10-13,1.04,False
13,2013-10-14,2.6,False
14,2013-10-15,2.34,False
15,2013-10-16,2.34,False
16,2013-10-17,7.0200000000000005,False
17,2013-10-18,26.0,False
18,2013-10-19,10.4,False
19,2013-10-20,5.2,False
20,2013-10-21,7.0200000000000005,False
21,2013-10-22,6.5,False
22,2013-10-23,6.24,False
23,2013-10-24,6.5,False
24,2013-10-25,4.94,False
25,2013-10-26,1.82,False
26,2013-10-27,1.82,False
27,2013-10-28,4.16,False
28,2013-10-29,5.46,False
29,2013-10-30,5.46,False
30,2013-10-31,5.2,False
0,2013-11-01,15.299999999999999,False
1,2013-11-02,7.92,False
2,2013-11-03,8.28,False
3,2013-11-04,13.139999999999999,False
4,2013-11-05,10.26,False
5,2013-11-06,13.5,False
6,2013-11-07,17.099999999999998,False
7,2013-11-08,12.42,False
8,2013-11-09,7.38,False
9,2013-11-10,3.42,False
10,2013-11-11,10.62,False
11,2013-11-12,10.799999999999999,False
12,2013-11-13,15.66,False
13,2013-11-14,16.74,False
14,2013-11-15,14.219999999999999,False
15,2013-11-16,6.12,False
16,2013-11-17,7.38,False
17,2013-11-18,15.299999999999999,False
18,2013-11-19,14.76,False
19,2013-11-20,10.62,False
20,2013-11-21,10.26,False
21,2013-11-22,13.139999999999999,False
22,2013-11-23,4.68,False
23,2013-11-24,5.58,False
24,2013-11-25,16.02,False
25,2013-11-26,18.0,False
26,2013-11-27,16.02,False
27,2013-11-28,8.28,False
28,2013-11-29,10.08,False
29,2013-11-30,7.38,False
0,2013-12-01,4.37,False
1,2013-12-02,9.31,False
2,2013-12-03,12.16,False
3,2013-12-04,10.26,False
4,2013-12-05,14.82,False
5,2013-12-06,12.16,False
6,2013-12-07,6.84,False
7,2013-12-08,9.120000000000001,False
8,2013-12-09,19.0,False
9,2013-12-10,14.06,False
10,2013-12-11,8.93,False
11,2013-12-12,12.540000000000001,False
12,2013-12-13,13.11,False
13,2013-12-14,0.76,False
14,2013-12-15,3.04,False
15,2013-12-16,7.79,False
16,2013-12-17,9.88,False
17,2013-12-18,12.16,False
18,2013-12-19,11.59,False
19,2013-12-20,12.16,False
20,2013-12-21,11.21,False
21,2013-12-22,10.45,False
22,2013-12-23,13.68,False
23,2013-12-24,18.43,False
24,2013-12-25,10.64,False
25,2013-12-26,14.06,False
26,2013-12-27,9.31,False
27,2013-12-28,8.55,False
28,2013-12-29,5.51,False
29,2013-12-30,14.82,False
30,2013-12-31,10.26,False
0,2014-01-01,4.48,False
1,2014-01-02,8.120000000000001,False
2,2014-01-03,5.880000000000001,False
3,2014-01-04,3.6400000000000006,False
4,2014-01-05,3.3600000000000003,False
5,2014-01-06,5.6000000000000005,False
6,2014-01-07,8.120000000000001,False
7,2014-01-08,8.680000000000001,False
8,2014-01-09,7.840000000000001,False
9,2014-01-10,7.000000000000001,False
10,2014-01-11,2.5200000000000005,False
11,2014-01-12,1.9600000000000002,False
12,2014-01-13,5.32,False
13,2014-01-14,8.680000000000001,False
14,2014-01-15,8.680000000000001,False
15,2014-01-16,9.24,False
16,2014-01-17,8.680000000000001,False
17,2014-01-18,2.24,False
18,2014-01-19,4.48,False
19,2014-01-20,2.24,False
20,2014-01-21,9.24,False
21,2014-01-22,5.6000000000000005,False
22,2014-01-23,5.32,False
23,2014-01-24,10.64,False
24,2014-01-25,5.040000000000001,False
25,2014-01-26,6.16,False
26,2014-01-27,6.720000000000001,False
27,2014-01-28,14.560000000000002,False
28,2014-01-29,11.200000000000001,False
29,2014-01-30,17.360000000000003,False
30,2014-01-31,28.000000000000004,False
0,2014-02-01,24.49,False
1,2014-02-02,11.16,False
2,2014-02-03,31.0,False
3,2014-02-04,28.83,False
4,2014-02-05,17.05,False
5,2014-02-06,18.6,False
6,2014-02-07,21.08,False
7,2014-02-08,10.23,False
8,2014-02-09,8.99,False
9,2014-02-10,16.12,False
10,2014-02-11,22.63,False
11,2014-02-12,25.419999999999998,False
12,2014-02-13,20.46,False
13,2014-02-14,22.01,False
14,2014-02-15,12.09,False
15,2014-02-16,6.2,False
16,2014-02-17,10.85,False
17,2014-02-18,17.05,False
18,2014-02-19,22.63,False
19,2014-02-20,22.63,False
20,2014-02-21,19.84,False
21,2014-02-22,6.82,False
22,2014-02-23,6.2,False
23,2014-02-24,24.18,False
24,2014-02-25,18.91,False
25,2014-02-26,21.39,False
26,2014-02-27,19.22,False
27,2014-02-28,17.669999999999998,False
0,2014-03-01,6.3,False
1,2014-03-02,5.3999999999999995,False
2,2014-03-03,12.78,False
3,2014-03-04,18.0,False
4,2014-03-05,14.399999999999999,False
5,2014-03-06,13.68,False
6,2014-03-07,14.58,False
7,2014-03-08,6.3,False
8,2014-03-09,5.3999999999999995,False
9,2014-03-10,9.54,False
10,2014-03-11,11.879999999999999,False
11,2014-03-12,14.04,False
12,2014-03-13,15.479999999999999,False
13,2014-03-14,12.78,False
14,2014-03-15,4.5,False
15,2014-03-16,3.2399999999999998,False
16,2014-03-17,6.84,False
17,2014-03-18,8.64,False
18,2014-03-19,6.84,False
19,2014-03-20,7.92,False
20,2014-03-21,5.58,False
21,2014-03-22,2.16,False
22,2014-03-23,1.7999999999999998,False
23,2014-03-24,9.54,False
24,2014-03-25,11.7,False
25,2014-03-26,8.64,False
26,2014-03-27,10.08,False
27,2014-03-28,10.62,False
28,2014-03-29,2.6999999999999997,False
29,2014-03-30,2.6999999999999997,False
30,2014-03-31,9.9,False
0,2014-04-01,7.25,False
1,2014-04-02,6.0,False
2,2014-04-03,25.0,False
3,2014-04-04,17.25,False
4,2014-04-05,5.0,False
5,2014-04-06,2.5,False
6,2014-04-07,10.5,False
7,2014-04-08,5.25,False
8,2014-04-09,7.25,False
9,2014-04-10,4.25,False
10,2014-04-11,5.0,False
11,2014-04-12,4.25,False
12,2014-04-13,3.0,False
13,2014-04-14,4.75,False
14,2014-04-15,8.25,False
15,2014-04-16,14.25,False
16,2014-04-17,19.0,False
17,2014-04-18,3.25,False
18,2014-04-19,1.25,False
19,2014-04-20,3.75,False
20,2014-04-21,8.25,False
21,2014-04-22,9.75,False
22,2014-04-23,6.0,False
23,2014-04-24,6.5,False
24,2014-04-25,5.5,False
25,2014-04-26,3.5,False
26,2014-04-27,0.75,False
27,2014-04-28,5.75,False
28,2014-04-29,4.0,False
29,2014-04-30,7.75,False
0,2014-05-01,12.8,False
1,2014-05-02,10.8,False
2,2014-05-03,4.0,False
3,2014-05-04,3.2,False
4,2014-05-05,11.200000000000001,False
5,2014-05-06,13.200000000000001,False
6,2014-05-07,16.6,False
7,2014-05-08,20.0,False
8,2014-05-09,13.0,False
9,2014-05-10,6.800000000000001,False
10,2014-05-11,7.4,False
11,2014-05-12,15.600000000000001,False
12,2014-05-13,18.6,False
13,2014-05-14,14.600000000000001,False
14,2014-05-15,13.0,False
15,2014-05-16,12.200000000000001,False
16,2014-05-17,6.6000000000000005,False
17,2014-05-18,6.800000000000001,False
18,2014-05-19,14.200000000000001,False
19,2014-05-20,18.0,False
20,2014-05-21,12.0,False
21,2014-05-22,15.8,False
22,2014-05-23,11.4,False
23,2014-05-24,11.200000000000001,False
24,2014-05-25,5.0,False
25,2014-05-26,7.4,False
26,2014-05-27,13.600000000000001,False
27,2014-05-28,11.600000000000001,False
28,2014-05-29,14.200000000000001,False
29,2014-05-30,13.0,False
30,2014-05-31,5.800000000000001,False
0,2014-06-01,4.930000000000001,False
1,2014-06-02,9.520000000000001,False
2,2014-06-03,11.39,False
3,2014-06-04,16.32,False
4,2014-06-05,8.33,False
5,2014-06-06,13.940000000000001,False
6,2014-06-07,4.25,False
7,2014-06-08,5.95,False
8,2014-06-09,11.22,False
9,2014-06-10,17.0,False
10,2014-06-11,13.770000000000001,False
11,2014-06-12,7.65,False
12,2014-06-13,8.67,False
13,2014-06-14,4.25,False
14,2014-06-15,4.930000000000001,False
15,2014-06-16,4.08,False
16,2014-06-17,10.200000000000001,False
17,2014-06-18,8.33,False
18,2014-06-19,9.860000000000001,False
19,2014-06-20,10.370000000000001,False
20,2014-06-21,5.1000000000000005,False
21,2014-06-22,1.7000000000000002,False
22,2014-06-23,9.690000000000001,False
23,2014-06-24,11.73,False
24,2014-06-25,13.090000000000002,False
25,2014-06-26,11.9,False
26,2014-06-27,5.95,False
27,2014-06-28,4.25,False
28,2014-06-29,3.4000000000000004,False
29,2014-06-30,4.930000000000001,False
0,2014-07-01,15.0,False
1,2014-07-02,8.25,False
2,2014-07-03,10.65,False
3,2014-07-04,3.4499999999999997,False
4,2014-07-05,1.3499999999999999,False
5,2014-07-06,1.95,False
6,2014-07-07,4.8,False
7,2014-07-08,6.8999999999999995,False
8,2014-07-09,10.35,False
9,2014-07-10,8.7,False
10,2014-07-11,6.75,False
11,2014-07-12,4.5,False
12,2014-07-13,3.15,False
13,2014-07-14,8.549999999999999,False
14,2014-07-15,9.6,False
15,2014-07-16,6.0,False
16,2014-07-17,13.799999999999999,False
17,2014-07-18,12.45,False
18,2014-07-19,7.949999999999999,False
19,2014-07-20,5.25,False
20,2014-07-21,7.949999999999999,False
21,2014-07-22,7.35,False
22,2014-07-23,2.6999999999999997,False
23,2014-07-24,8.25,False
24,2014-07-25,8.549999999999999,False
25,2014-07-26,3.9,False
26,2014-07-27,3.3,False
27,2014-07-28,7.05,False
28,2014-07-29,6.45,False
29,2014-07-30,6.0,False
30,2014-07-31,3.9,False
0,2014-08-01,11.0,False
1,2014-08-02,1.87,False
2,2014-08-03,1.87,False
3,2014-08-04,5.17,False
4,2014-08-05,5.72,False
5,2014-08-06,3.74,False
6,2014-08-07,6.05,False
7,2014-08-08,6.6,False
8,2014-08-09,2.53,False
9,2014-08-10,1.87,False
10,2014-08-11,4.62,False
11,2014-08-12,6.6,False
12,2014-08-13,4.18,False
13,2014-08-14,2.64,False
14,2014-08-15,5.72,False
15,2014-08-16,0.66,False
16,2014-08-17,1.87,False
17,2014-08-18,3.08,False
18,2014-08-19,7.26,False
19,2014-08-20,5.17,False
20,2014-08-21,5.17,False
21,2014-08-22,7.04,False
22,2014-08-23,1.87,False
23,2014-08-24,3.08,False
24,2014-08-25,3.08,False
25,2014-08-26,5.5,False
26,2014-08-27,6.05,False
27,2014-08-28,5.17,False
28,2014-08-29,4.29,False
29,2014-08-30,1.87,False
30,2014-08-31,2.42,False
0,2014-09-01,2.6,False
1,2014-09-02,4.4,False
2,2014-09-03,5.9,False
3,2014-09-04,8.3,False
4,2014-09-05,8.3,False
5,2014-09-06,3.8000000000000003,False
6,2014-09-07,2.6,False
7,2014-09-08,6.9,False
8,2014-09-09,7.4,False
9,2014-09-10,6.2,False
10,2014-09-11,5.7,False
11,2014-09-12,6.2,False
12,2014-09-13,2.3000000000000003,False
13,2014-09-14,4.800000000000001,False
14,2014-09-15,10.0,False
15,2014-09-16,6.300000000000001,False
16,2014-09-17,5.9,False
17,2014-09-18,6.0,False
18,2014-09-19,8.5,False
19,2014-09-20,2.6,False
20,2014-09-21,2.2,False
21,2014-09-22,8.700000000000001,False
22,2014-09-23,6.9,False
23,2014-09-24,7.800000000000001,False
24,2014-09-25,6.0,False
25,2014-09-26,4.6000000000000005,False
26,2014-09-27,3.4000000000000004,False
27,2014-09-28,1.5,False
28,2014-09-29,3.7,False
29,2014-09-30,5.9,False
0,2014-10-01,7.15,False
1,2014-10-02,8.32,False
2,2014-10-03,10.27,False
3,2014-10-04,2.8600000000000003,False
4,2014-10-05,2.8600000000000003,False
5,2014-10-06,5.07,False
6,2014-10-07,6.76,False
7,2014-10-08,8.450000000000001,False
8,2014-10-09,7.800000000000001,False
9,2014-10-10,8.450000000000001,False
10,2014-10-11,1.17,False
11,2014-10-12,4.42,False
12,2014-10-13,4.68,False
13,2014-10-14,6.63,False
14,2014-10-15,13.0,False
15,2014-10-16,10.01,False
16,2014-10-17,13.0,False
17,2014-10-18,2.08,False
18,2014-10-19,3.64,False
19,2014-10-20,8.97,False
20,2014-10-21,10.27,False
21,2014-10-22,8.06,False
22,2014-10-23,9.88,False
23,2014-10-24,8.450000000000001,False
24,2014-10-25,3.25,False
25,2014-10-26,1.56,False
26,2014-10-27,7.15,False
27,2014-10-28,8.19,False
28,2014-10-29,7.67,False
29,2014-10-30,4.03,False
30,2014-10-31,10.92,False
0,2014-11-01,5.58,False
1,2014-11-02,4.05,False
2,2014-11-03,6.84,False
3,2014-11-04,9.0,False
4,2014-11-05,6.12,False
5,2014-11-06,6.21,False
6,2014-11-07,5.31,False
7,2014-11-08,3.33,False
8,2014-11-09,1.3499999999999999,False
9,2014-11-10,5.58,False
10,2014-11-11,7.92,False
11,2014-11-12,8.91,False
12,2014-11-13,3.96,False
13,2014-11-14,5.85,False
14,2014-11-15,3.96,False
15,2014-11-16,0.63,False
16,2014-11-17,3.33,False
17,2014-11-18,7.29,False
18,2014-11-19,5.22,False
19,2014-11-20,5.13,False
20,2014-11-21,8.28,False
21,2014-11-22,1.98,False
22,2014-11-23,2.61,False
23,2014-11-24,4.95,False
24,2014-11-25,3.33,False
25,2014-11-26,2.79,False
26,2014-11-27,0.54,False
27,2014-11-28,2.9699999999999998,False
28,2014-11-29,0.63,False
29,2014-11-30,1.26,False
0,2014-12-01,5.5,False
1,2014-12-02,4.6000000000000005,False
2,2014-12-03,5.0,False
3,2014-12-04,8.5,False
4,2014-12-05,8.200000000000001,False
5,2014-12-06,3.4000000000000004,False
6,2014-12-07,1.8,False
7,2014-12-08,6.4,False
8,2014-12-09,7.5,False
9,2014-12-10,5.7,False
10,2014-12-11,8.0,False
11,2014-12-12,3.0,False
12,2014-12-13,3.0,False
13,2014-12-14,2.6,False
14,2014-12-15,5.300000000000001,False
15,2014-12-16,8.9,False
16,2014-12-17,10.0,False
17,2014-12-18,7.0,False
18,2014-12-19,6.9,False
19,2014-12-20,3.9000000000000004,False
20,2014-12-21,3.9000000000000004,False
21,2014-12-22,5.4,False
22,2014-12-23,5.2,False
23,2014-12-24,5.1000000000000005,False
24,2014-12-25,4.2,False
25,2014-12-26,5.6000000000000005,False
26,2014-12-27,4.2,False
27,2014-12-28,1.1,False
28,2014-12-29,6.4,False
29,2014-12-30,7.2,False
30,2014-12-31,4.2,False
0,2015-01-01,2.4000000000000004,False
1,2015-01-02,2.1,False
2,2015-01-03,2.2,False
3,2015-01-04,1.7000000000000002,False
4,2015-01-05,4.800000000000001,False
5,2015-01-06,3.7,False
6,2015-01-07,2.9000000000000004,False
7,2015-01-08,4.7,False
8,2015-01-09,3.0,False
9,2015-01-10,2.9000000000000004,False
10,2015-01-11,2.5,False
11,2015-01-12,2.5,False
12,2015-01-13,3.2,False
13,2015-01-14,4.7,False
14,2015-01-15,2.9000000000000004,False
15,2015-01-16,3.3000000000000003,False
16,2015-01-17,2.1,False
17,2015-01-18,0.8,False
18,2015-01-19,0.4,False
19,2015-01-20,2.8000000000000003,False
20,2015-01-21,5.300000000000001,False
21,2015-01-22,5.7,False
22,2015-01-23,4.4,False
23,2015-01-24,1.7000000000000002,False
24,2015-01-25,1.3,False
25,2015-01-26,3.5,False
26,2015-01-27,6.300000000000001,False
27,2015-01-28,5.0,False
28,2015-01-29,10.0,False
29,2015-01-30,8.1,False
30,2015-01-31,2.9000000000000004,False
0,2015-02-01,2.8000000000000003,False
1,2015-02-02,6.2,False
2,2015-02-03,10.0,False
3,2015-02-04,6.2,False
4,2015-02-05,8.8,False
5,2015-02-06,8.8,False
6,2015-02-07,3.7,False
7,2015-02-08,1.6,False
8,2015-02-09,5.9,False
9,2015-02-10,8.200000000000001,False
10,2015-02-11,8.0,False
11,2015-02-12,7.800000000000001,False
12,2015-02-13,8.5,False
13,2015-02-14,3.8000000000000003,False
14,2015-02-15,5.800000000000001,False
15,2015-02-16,5.4,False
16,2015-02-17,8.3,False
17,2015-02-18,7.5,False
18,2015-02-19,6.1000000000000005,False
19,2015-02-20,8.4,False
20,2015-02-21,2.1,False
21,2015-02-22,2.4000000000000004,False
22,2015-02-23,5.5,False
23,2015-02-24,8.200000000000001,False
24,2015-02-25,7.6000000000000005,False
25,2015-02-26,7.300000000000001,False
26,2015-02-27,7.2,False
27,2015-02-28,4.0,False
0,2015-03-01,0.54,False
1,2015-03-02,5.13,False
2,2015-03-03,6.029999999999999,False
3,2015-03-04,8.01,False
4,2015-03-05,9.0,False
5,2015-03-06,5.9399999999999995,False
6,2015-03-07,2.25,False
7,2015-03-08,1.08,False
8,2015-03-09,5.67,False
9,2015-03-10,5.13,False
10,2015-03-11,6.12,False
11,2015-03-12,4.68,False
12,2015-03-13,4.859999999999999,False
13,2015-03-14,2.79,False
14,2015-03-15,2.16,False
15,2015-03-16,3.78,False
16,2015-03-17,6.12,False
17,2015-03-18,5.22,False
18,2015-03-19,7.02,False
19,2015-03-20,4.41,False
20,2015-03-21,1.08,False
21,2015-03-22,2.16,False
22,2015-03-23,5.13,False
23,2015-03-24,7.02,False
24,2015-03-25,4.859999999999999,False
25,2015-03-26,6.029999999999999,False
26,2015-03-27,3.42,False
27,2015-03-28,2.34,False
28,2015-03-29,0.0,False
29,2015-03-30,2.79,False
30,2015-03-31,4.2299999999999995,False
0,2015-04-01,3.3000000000000003,False
1,2015-04-02,4.1000000000000005,False
2,2015-04-03,4.2,False
3,2015-04-04,1.0,False
4,2015-04-05,1.0,False
5,2015-04-06,2.8000000000000003,False
6,2015-04-07,4.5,False
7,2015-04-08,2.4000000000000004,False
8,2015-04-09,4.1000000000000005,False
9,2015-04-10,2.1,False
10,2015-04-11,1.5,False
11,2015-04-12,1.5,False
12,2015-04-13,2.1,False
13,2015-04-14,3.2,False
14,2015-04-15,3.7,False
15,2015-04-16,3.4000000000000004,False
16,2015-04-17,3.4000000000000004,False
17,2015-04-18,1.7000000000000002,False
18,2015-04-19,1.1,False
19,2015-04-20,4.800000000000001,False
20,2015-04-21,2.8000000000000003,False
21,2015-04-22,3.9000000000000004,False
22,2015-04-23,8.700000000000001,False
23,2015-04-24,10.0,False
24,2015-04-25,3.4000000000000004,False
25,2015-04-26,1.7000000000000002,False
26,2015-04-27,5.6000000000000005,False
27,2015-04-28,3.6,False
28,2015-04-29,3.5,False
29,2015-04-30,4.1000000000000005,False
0,2015-05-01,2.8000000000000003,False
1,2015-05-02,0.6300000000000001,False
2,2015-05-03,3.5700000000000003,False
3,2015-05-04,3.0100000000000002,False
4,2015-05-05,5.53,False
5,2015-05-06,6.0200000000000005,False
6,2015-05-07,5.6000000000000005,False
7,2015-05-08,2.66,False
8,2015-05-09,2.45,False
9,2015-05-10,1.1900000000000002,False
10,2015-05-11,3.5000000000000004,False
11,2015-05-12,6.44,False
12,2015-05-13,4.0600000000000005,False
13,2015-05-14,2.0300000000000002,False
14,2015-05-15,5.250000000000001,False
15,2015-05-16,1.1900000000000002,False
16,2015-05-17,2.3800000000000003,False
17,2015-05-18,3.0100000000000002,False
18,2015-05-19,1.9600000000000002,False
19,2015-05-20,2.9400000000000004,False
20,2015-05-21,3.5700000000000003,False
21,2015-05-22,6.930000000000001,False
22,2015-05-23,1.1900000000000002,False
23,2015-05-24,0.6300000000000001,False
24,2015-05-25,3.1500000000000004,False
25,2015-05-26,3.9200000000000004,False
26,2015-05-27,3.9200000000000004,False
27,2015-05-28,7.000000000000001,False
28,2015-05-29,2.66,False
29,2015-05-30,1.8200000000000003,False
30,2015-05-31,1.7500000000000002,False
0,2015-06-01,2.45,False
1,2015-06-02,2.9400000000000004,False
2,2015-06-03,3.9200000000000004,False
3,2015-06-04,3.5700000000000003,False
4,2015-06-05,2.1,False
5,2015-06-06,1.1900000000000002,False
6,2015-06-07,0.6300000000000001,False
7,2015-06-08,3.9200000000000004,False
8,2015-06-09,3.43,False
9,2015-06-10,1.4700000000000002,False
10,2015-06-11,3.08,False
11,2015-06-12,4.2,False
12,2015-06-13,1.1900000000000002,False
13,2015-06-14,1.1900000000000002,False
14,2015-06-15,4.9,False
15,2015-06-16,3.9200000000000004,False
16,2015-06-17,1.9600000000000002,False
17,2015-06-18,1.54,False
18,2015-06-19,6.300000000000001,False
19,2015-06-20,2.3800000000000003,False
20,2015-06-21,1.8200000000000003,False
21,2015-06-22,7.000000000000001,False
22,2015-06-23,3.43,False
23,2015-06-24,7.000000000000001,False
24,2015-06-25,6.580000000000001,False
25,2015-06-26,4.2,False
26,2015-06-27,2.3800000000000003,False
27,2015-06-28,3.0100000000000002,False
28,2015-06-29,5.53,False
29,2015-06-30,3.0100000000000002,False
0,2015-07-01,0.75,False
1,2015-07-02,1.7999999999999998,False
2,2015-07-03,1.05,False
3,2015-07-04,0.6,False
4,2015-07-05,0.0,False
5,2015-07-06,1.3499999999999999,False
6,2015-07-07,1.2,False
7,2015-07-08,0.6,False
8,2015-07-09,1.5,False
9,2015-07-10,1.05,False
10,2015-07-11,1.2,False
11,2015-07-12,1.05,False
12,2015-07-13,1.05,False
13,2015-07-14,1.65,False
14,2015-07-15,1.95,False
15,2015-07-16,7.199999999999999,False
16,2015-07-17,15.0,False
17,2015-07-18,5.55,False
18,2015-07-19,1.65,False
19,2015-07-20,5.25,False
20,2015-07-21,3.4499999999999997,False
21,2015-07-22,3.5999999999999996,False
22,2015-07-23,3.75,False
23,2015-07-24,3.5999999999999996,False
24,2015-07-25,1.3499999999999999,False
25,2015-07-26,1.05,False
26,2015-07-27,1.7999999999999998,False
27,2015-07-28,1.7999999999999998,False
28,2015-07-29,1.3499999999999999,False
29,2015-07-30,2.1,False
30,2015-07-31,3.3,False
0,2015-08-01,2.24,False
1,2015-08-02,0.8,False
2,2015-08-03,2.56,False
3,2015-08-04,3.68,False
4,2015-08-05,3.84,False
5,2015-08-06,3.52,False
6,2015-08-07,2.88,False
7,2015-08-08,1.92,False
8,2015-08-09,0.8,False
9,2015-08-10,7.2,False
10,2015-08-11,16.0,False
11,2015-08-12,8.16,False
12,2015-08-13,4.32,False
13,2015-08-14,4.64,False
14,2015-08-15,2.24,False
15,2015-08-16,1.12,False
16,2015-08-17,2.72,False
17,2015-08-18,3.84,False
18,2015-08-19,4.16,False
19,2015-08-20,4.32,False
20,2015-08-21,7.04,False
21,2015-08-22,2.24,False
22,2015-08-23,1.12,False
23,2015-08-24,11.040000000000001,False
24,2015-08-25,12.64,False
25,2015-08-26,9.28,False
26,2015-08-27,7.5200000000000005,False
27,2015-08-28,5.44,False
28,2015-08-29,2.08,False
29,2015-08-30,0.8,False
30,2015-08-31,4.16,False
0,2015-09-01,9.0,False
1,2015-09-02,6.39,False
2,2015-09-03,6.4799999999999995,False
3,2015-09-04,5.58,False
4,2015-09-05,2.34,False
5,2015-09-06,0.72,False
6,2015-09-07,1.89,False
7,2015-09-08,6.4799999999999995,False
8,2015-09-09,4.5,False
9,2015-09-10,3.96,False
10,2015-09-11,4.05,False
11,2015-09-12,2.07,False
12,2015-09-13,1.3499999999999999,False
13,2015-09-14,3.06,False
14,2015-09-15,5.04,False
15,2015-09-16,3.8699999999999997,False
16,2015-09-17,3.51,False
17,2015-09-18,3.42,False
18,2015-09-19,1.7999999999999998,False
19,2015-09-20,1.7999999999999998,False
20,2015-09-21,3.2399999999999998,False
21,2015-09-22,3.69,False
22,2015-09-23,3.33,False
23,2015-09-24,3.42,False
24,2015-09-25,4.77,False
25,2015-09-26,1.17,False
26,2015-09-27,1.7999999999999998,False
27,2015-09-28,4.41,False
28,2015-09-29,5.76,False
29,2015-09-30,2.6999999999999997,False
0,2015-10-01,5.3999999999999995,False
1,2015-10-02,2.6999999999999997,False
2,2015-10-03,2.25,False
3,2015-10-04,1.7999999999999998,False
4,2015-10-05,3.75,False
5,2015-10-06,6.3,False
6,2015-10-07,4.2,False
7,2015-10-08,5.3999999999999995,False
8,2015-10-09,4.35,False
9,2015-10-10,2.25,False
10,2015-10-11,1.2,False
11,2015-10-12,3.0,False
12,2015-10-13,2.85,False
13,2015-10-14,4.35,False
14,2015-10-15,5.1,False
15,2015-10-16,5.25,False
16,2015-10-17,1.5,False
17,2015-10-18,0.75,False
18,2015-10-19,6.0,False
19,2015-10-20,6.1499999999999995,False
20,2015-10-21,4.35,False
21,2015-10-22,10.95,False
22,2015-10-23,15.0,False
23,2015-10-24,7.05,False
24,2015-10-25,2.1,False
25,2015-10-26,5.85,False
26,2015-10-27,3.75,False
27,2015-10-28,7.8,False
28,2015-10-29,4.6499999999999995,False
29,2015-10-30,5.3999999999999995,False
30,2015-10-31,1.2,False
0,2015-11-01,2.4000000000000004,False
1,2015-11-02,6.2,False
2,2015-11-03,9.0,False
3,2015-11-04,8.9,False
4,2015-11-05,5.9,False
5,2015-11-06,10.0,False
6,2015-11-07,2.1,False
7,2015-11-08,1.8,False
8,2015-11-09,6.1000000000000005,False
9,2015-11-10,7.0,False
10,2015-11-11,5.4,False
11,2015-11-12,7.5,False
12,2015-11-13,7.6000000000000005,False
13,2015-11-14,2.4000000000000004,False
14,2015-11-15,2.6,False
15,2015-11-16,5.2,False
16,2015-11-17,7.4,False
17,2015-11-18,5.800000000000001,False
18,2015-11-19,7.6000000000000005,False
19,2015-11-20,6.4,False
20,2015-11-21,3.2,False
21,2015-11-22,1.3,False
22,2015-11-23,6.300000000000001,False
23,2015-11-24,3.2,False
24,2015-11-25,5.2,False
25,2015-11-26,2.1,False
26,2015-11-27,4.6000000000000005,False
27,2015-11-28,1.3,False
28,2015-11-29,2.3000000000000003,False
29,2015-11-30,5.1000000000000005,False
0,2015-12-01,5.5,False
1,2015-12-02,6.4,False
2,2015-12-03,8.0,False
3,2015-12-04,6.800000000000001,False
4,2015-12-05,1.6,False
5,2015-12-06,2.5,False
6,2015-12-07,5.2,False
7,2015-12-08,5.800000000000001,False
8,2015-12-09,4.3,False
9,2015-12-10,4.4,False
10,2015-12-11,5.0,False
11,2015-12-12,1.0,False
12,2015-12-13,1.5,False
13,2015-12-14,3.9000000000000004,False
14,2015-12-15,5.4,False
15,2015-12-16,3.1,False
16,2015-12-17,2.3000000000000003,False
17,2015-12-18,8.3,False
18,2015-12-19,3.3000000000000003,False
19,2015-12-20,1.1,False
20,2015-12-21,3.7,False
21,2015-12-22,5.2,False
22,2015-12-23,6.0,False
23,2015-12-24,4.9,False
24,2015-12-25,1.8,False
25,2015-12-26,1.7000000000000002,False
26,2015-12-27,1.6,False
27,2015-12-28,6.1000000000000005,False
28,2015-12-29,10.0,False
29,2015-12-30,6.4,False
30,2015-12-31,6.9,False
0,2016-01-01,2.25,False
1,2016-01-02,1.5,False
2,2016-01-03,1.05,False
3,2016-01-04,7.5,False
4,2016-01-05,8.549999999999999,False
5,2016-01-06,5.3999999999999995,False
6,2016-01-07,12.299999999999999,False
7,2016-01-08,9.0,False
8,2016-01-09,1.95,False
9,2016-01-10,3.4499999999999997,False
10,2016-01-11,7.35,False
11,2016-01-12,8.549999999999999,False
12,2016-01-13,6.45,False
13,2016-01-14,8.25,False
14,2016-01-15,10.35,False
15,2016-01-16,1.05,False
16,2016-01-17,1.95,False
17,2016-01-18,0.44999999999999996,False
18,2016-01-19,7.6499999999999995,False
19,2016-01-20,12.15,False
20,2016-01-21,6.1499999999999995,False
21,2016-01-22,5.85,False
22,2016-01-23,1.95,False
23,2016-01-24,1.5,False
24,2016-01-25,5.7,False
25,2016-01-26,9.15,False
26,2016-01-27,9.9,False
27,2016-01-28,15.0,False
28,2016-01-29,8.7,False
29,2016-01-30,4.05,False
30,2016-01-31,3.0,False
0,2016-02-01,18.0,False
1,2016-02-02,24.0,False
2,2016-02-03,13.2,False
3,2016-02-04,10.559999999999999,False
4,2016-02-05,8.4,False
5,2016-02-06,5.52,False
6,2016-02-07,1.92,False
7,2016-02-08,7.68,False
8,2016-02-09,8.4,False
9,2016-02-10,8.16,False
10,2016-02-11,9.36,False
11,2016-02-12,7.199999999999999,False
12,2016-02-13,1.68,False
13,2016-02-14,0.24,False
14,2016-02-15,1.92,False
15,2016-02-16,3.5999999999999996,False
16,2016-02-17,5.04,False
17,2016-02-18,5.52,False
18,2016-02-19,4.8,False
19,2016-02-20,0.96,False
20,2016-02-21,0.96,False
21,2016-02-22,9.12,False
22,2016-02-23,5.52,False
23,2016-02-24,6.4799999999999995,False
24,2016-02-25,5.279999999999999,False
25,2016-02-26,4.56,False
26,2016-02-27,1.2,False
27,2016-02-28,1.2,False
28,2016-02-29,5.279999999999999,False
0,2016-03-01,5.2,False
1,2016-03-02,9.1,False
2,2016-03-03,7.41,False
3,2016-03-04,11.05,False
4,2016-03-05,2.08,False
5,2016-03-06,0.52,False
6,2016-03-07,8.58,False
7,2016-03-08,7.800000000000001,False
8,2016-03-09,9.1,False
9,2016-03-10,6.890000000000001,False
10,2016-03-11,10.14,False
11,2016-03-12,4.16,False
12,2016-03-13,1.69,False
13,2016-03-14,6.11,False
14,2016-03-15,13.0,False
15,2016-03-16,6.890000000000001,False
16,2016-03-17,7.28,False
17,2016-03-18,8.58,False
18,2016-03-19,2.08,False
19,2016-03-20,2.6,False
20,2016-03-21,7.67,False
21,2016-03-22,8.84,False
22,2016-03-23,4.42,False
23,2016-03-24,7.28,False
24,2016-03-25,1.9500000000000002,False
25,2016-03-26,2.47,False
26,2016-03-27,1.3,False
27,2016-03-28,5.8500000000000005,False
28,2016-03-29,8.84,False
29,2016-03-30,6.63,False
30,2016-03-31,7.41,False
0,2016-04-01,5.76,False
1,2016-04-02,3.2399999999999998,False
2,2016-04-03,0.54,False
3,2016-04-04,4.32,False
4,2016-04-05,4.14,False
5,2016-04-06,5.58,False
6,2016-04-07,4.68,False
7,2016-04-08,5.76,False
8,2016-04-09,0.54,False
9,2016-04-10,0.54,False
10,2016-04-11,5.04,False
11,2016-04-12,4.14,False
12,2016-04-13,6.84,False
13,2016-04-14,4.32,False
14,2016-04-15,4.5,False
15,2016-04-16,1.08,False
16,2016-04-17,1.26,False
17,2016-04-18,5.58,False
18,2016-04-19,6.66,False
19,2016-04-20,6.84,False
20,2016-04-21,18.0,False
21,2016-04-22,17.46,False
22,2016-04-23,3.06,False
23,2016-04-24,2.88,False
24,2016-04-25,7.56,False
25,2016-04-26,5.9399999999999995,False
26,2016-04-27,11.34,False
27,2016-04-28,11.16,False
28,2016-04-29,8.28,False
29,2016-04-30,2.88,False
0,2016-05-01,4.32,False
1,2016-05-02,12.8,False
2,2016-05-03,12.32,False
3,2016-05-04,10.88,False
4,2016-05-05,14.88,False
5,2016-05-06,13.6,False
6,2016-05-07,5.92,False
7,2016-05-08,2.88,False
8,2016-05-09,10.72,False
9,2016-05-10,16.0,False
10,2016-05-11,10.56,False
11,2016-05-12,12.96,False
12,2016-05-13,13.120000000000001,False
13,2016-05-14,1.44,False
14,2016-05-15,1.76,False
15,2016-05-16,9.92,False
16,2016-05-17,12.8,False
17,2016-05-18,13.44,False
18,2016-05-19,7.04,False
19,2016-05-20,11.52,False
20,2016-05-21,3.68,False
21,2016-05-22,1.44,False
22,2016-05-23,9.28,False
23,2016-05-24,12.0,False
24,2016-05-25,11.84,False
25,2016-05-26,12.8,False
26,2016-05-27,13.92,False
27,2016-05-28,5.44,False
28,2016-05-29,2.24,False
29,2016-05-30,3.2,False
30,2016-05-31,9.92,False
0,2016-06-01,5.76,False
1,2016-06-02,3.52,False
2,2016-06-03,5.6000000000000005,False
3,2016-06-04,1.92,False
4,2016-06-05,1.28,False
5,2016-06-06,4.16,False
6,2016-06-07,4.8,False
7,2016-06-08,5.28,False
8,2016-06-09,4.64,False
9,2016-06-10,4.96,False
10,2016-06-11,1.6,False
11,2016-06-12,0.8,False
12,2016-06-13,4.96,False
13,2016-06-14,3.36,False
14,2016-06-15,4.32,False
15,2016-06-16,4.32,False
16,2016-06-17,5.12,False
17,2016-06-18,3.36,False
18,2016-06-19,1.44,False
19,2016-06-20,5.12,False
20,2016-06-21,4.8,False
21,2016-06-22,3.68,False
22,2016-06-23,5.76,False
23,2016-06-24,16.0,False
24,2016-06-25,3.36,False
25,2016-06-26,1.12,False
26,2016-06-27,7.2,False
27,2016-06-28,6.4,False
28,2016-06-29,5.6000000000000005,False
29,2016-06-30,5.44,False
0,2016-07-01,4.37,False
1,2016-07-02,2.09,False
2,2016-07-03,0.95,False
3,2016-07-04,1.1400000000000001,False
4,2016-07-05,5.7,False
5,2016-07-06,3.8,False
6,2016-07-07,4.94,False
7,2016-07-08,5.51,False
8,2016-07-09,0.5700000000000001,False
9,2016-07-10,1.1400000000000001,False
10,2016-07-11,5.89,False
11,2016-07-12,6.46,False
12,2016-07-13,4.94,False
13,2016-07-14,4.94,False
14,2016-07-15,2.47,False
15,2016-07-16,1.33,False
16,2016-07-17,2.2800000000000002,False
17,2016-07-18,4.5600000000000005,False
18,2016-07-19,6.46,False
19,2016-07-20,7.6,False
20,2016-07-21,5.13,False
21,2016-07-22,4.5600000000000005,False
22,2016-07-23,1.33,False
23,2016-07-24,0.95,False
24,2016-07-25,5.7,False
25,2016-07-26,5.13,False
26,2016-07-27,6.65,False
27,2016-07-28,15.39,False
28,2016-07-29,19.0,False
29,2016-07-30,4.37,False
30,2016-07-31,2.09,False
0,2016-08-01,10.92,False
1,2016-08-02,13.0,False
2,2016-08-03,11.05,False
3,2016-08-04,6.5,False
4,2016-08-05,8.19,False
5,2016-08-06,3.77,False
6,2016-08-07,1.9500000000000002,False
7,2016-08-08,6.76,False
8,2016-08-09,6.5,False
9,2016-08-10,6.76,False
10,2016-08-11,7.0200000000000005,False
11,2016-08-12,5.59,False
12,2016-08-13,2.6,False
13,2016-08-14,1.69,False
14,2016-08-15,3.64,False
15,2016-08-16,5.98,False
16,2016-08-17,4.29,False
17,2016-08-18,4.55,False
18,2016-08-19,3.12,False
19,2016-08-20,2.6,False
20,2016-08-21,1.17,False
21,2016-08-22,6.11,False
22,2016-08-23,4.94,False
23,2016-08-24,4.29,False
24,2016-08-25,4.68,False
25,2016-08-26,5.33,False
26,2016-08-27,1.9500000000000002,False
27,2016-08-28,0.78,False
28,2016-08-29,6.63,False
29,2016-08-30,5.2,False
30,2016-08-31,6.37,False
0,2016-09-01,3.9000000000000004,False
1,2016-09-02,4.5,False
2,2016-09-03,0.6000000000000001,False
3,2016-09-04,1.2000000000000002,False
4,2016-09-05,3.8000000000000003,False
5,2016-09-06,3.7,False
6,2016-09-07,4.4,False
7,2016-09-08,5.0,False
8,2016-09-09,9.1,False
9,2016-09-10,1.9000000000000001,False
10,2016-09-11,1.9000000000000001,False
11,2016-09-12,3.9000000000000004,False
12,2016-09-13,6.9,False
13,2016-09-14,7.6000000000000005,False
14,2016-09-15,6.6000000000000005,False
15,2016-09-16,8.9,False
16,2016-09-17,1.2000000000000002,False
17,2016-09-18,1.8,False
18,2016-09-19,4.2,False
19,2016-09-20,10.0,False
20,2016-09-21,8.5,False
21,2016-09-22,6.5,False
22,2016-09-23,6.7,False
23,2016-09-24,1.9000000000000001,False
24,2016-09-25,3.6,False
25,2016-09-26,6.300000000000001,False
26,2016-09-27,7.300000000000001,False
27,2016-09-28,4.2,False
28,2016-09-29,8.0,False
29,2016-09-30,7.7,False
0,2016-10-01,0.96,False
1,2016-10-02,1.12,False
2,2016-10-03,3.36,False
3,2016-10-04,6.5600000000000005,False
4,2016-10-05,5.12,False
5,2016-10-06,3.04,False
6,2016-10-07,5.28,False
7,2016-10-08,1.12,False
8,2016-10-09,0.64,False
9,2016-10-10,4.48,False
10,2016-10-11,4.48,False
11,2016-10-12,4.64,False
12,2016-10-13,5.12,False
13,2016-10-14,4.8,False
14,2016-10-15,1.44,False
15,2016-10-16,1.76,False
16,2016-10-17,3.2,False
17,2016-10-18,6.08,False
18,2016-10-19,6.5600000000000005,False
19,2016-10-20,4.16,False
20,2016-10-21,6.5600000000000005,False
21,2016-10-22,1.92,False
22,2016-10-23,1.6,False
23,2016-10-24,5.76,False
24,2016-10-25,6.88,False
25,2016-10-26,5.44,False
26,2016-10-27,16.0,False
27,2016-10-28,12.64,False
28,2016-10-29,4.48,False
29,2016-10-30,1.6,False
30,2016-10-31,6.5600000000000005,False
0,2016-11-01,8.459999999999999,False
1,2016-11-02,9.0,False
2,2016-11-03,8.64,False
3,2016-11-04,8.459999999999999,False
4,2016-11-05,1.98,False
5,2016-11-06,1.44,False
6,2016-11-07,7.02,False
7,2016-11-08,8.28,False
8,2016-11-09,18.0,False
9,2016-11-10,16.2,False
10,2016-11-11,12.42,False
11,2016-11-12,3.96,False
12,2016-11-13,3.2399999999999998,False
13,2016-11-14,10.08,False
14,2016-11-15,9.719999999999999,False
15,2016-11-16,11.52,False
16,2016-11-17,8.459999999999999,False
17,2016-11-18,11.34,False
18,2016-11-19,1.98,False
19,2016-11-20,2.16,False
20,2016-11-21,8.28,False
21,2016-11-22,7.739999999999999,False
22,2016-11-23,5.58,False
23,2016-11-24,4.14,False
24,2016-11-25,4.14,False
25,2016-11-26,1.44,False
26,2016-11-27,1.6199999999999999,False
27,2016-11-28,7.02,False
28,2016-11-29,6.12,False
29,2016-11-30,6.4799999999999995,False
0,2016-12-01,11.620000000000001,False
1,2016-12-02,11.48,False
2,2016-12-03,3.6400000000000006,False
3,2016-12-04,2.5200000000000005,False
4,2016-12-05,14.000000000000002,False
5,2016-12-06,10.920000000000002,False
6,2016-12-07,11.760000000000002,False
7,2016-12-08,13.580000000000002,False
8,2016-12-09,12.040000000000001,False
9,2016-12-10,4.760000000000001,False
10,2016-12-11,1.9600000000000002,False
11,2016-12-12,12.88,False
12,2016-12-13,14.000000000000002,False
13,2016-12-14,10.64,False
14,2016-12-15,11.200000000000001,False
15,2016-12-16,8.4,False
16,2016-12-17,4.0600000000000005,False
17,2016-12-18,6.16,False
18,2016-12-19,6.580000000000001,False
19,2016-12-20,9.38,False
20,2016-12-21,9.24,False
21,2016-12-22,7.840000000000001,False
22,2016-12-23,8.680000000000001,False
23,2016-12-24,2.9400000000000004,False
24,2016-12-25,2.66,False
25,2016-12-26,2.9400000000000004,False
26,2016-12-27,11.760000000000002,False
27,2016-12-28,8.120000000000001,False
28,2016-12-29,9.38,False
29,2016-12-30,10.360000000000001,False
30,2016-12-31,2.1,False
0,2017-01-01,1.33,False
1,2017-01-02,2.47,False
2,2017-01-03,4.94,False
3,2017-01-04,7.03,False
4,2017-01-05,4.18,False
5,2017-01-06,5.89,False
6,2017-01-07,1.9,False
7,2017-01-08,0.95,False
8,2017-01-09,5.13,False
9,2017-01-10,5.51,False
10,2017-01-11,6.46,False
11,2017-01-12,4.37,False
12,2017-01-13,4.37,False
13,2017-01-14,2.47,False
14,2017-01-15,1.1400000000000001,False
15,2017-01-16,1.71,False
16,2017-01-17,4.5600000000000005,False
17,2017-01-18,6.08,False
18,2017-01-19,5.89,False
19,2017-01-20,4.37,False
20,2017-01-21,2.2800000000000002,False
21,2017-01-22,2.47,False
22,2017-01-23,8.17,False
23,2017-01-24,5.13,False
24,2017-01-25,8.74,False
25,2017-01-26,19.0,False
26,2017-01-27,16.91,False
27,2017-01-28,5.13,False
28,2017-01-29,3.04,False
29,2017-01-30,10.26,False
30,2017-01-31,10.07,False
0,2017-02-01,18.0,False
1,2017-02-02,15.479999999999999,False
2,2017-02-03,13.139999999999999,False
3,2017-02-04,5.9399999999999995,False
4,2017-02-05,4.14,False
5,2017-02-06,9.54,False
6,2017-02-07,12.959999999999999,False
7,2017-02-08,10.26,False
8,2017-02-09,11.7,False
9,2017-02-10,9.18,False
10,2017-02-11,5.58,False
11,2017-02-12,3.5999999999999996,False
12,2017-02-13,8.459999999999999,False
13,2017-02-14,12.059999999999999,False
14,2017-02-15,12.959999999999999,False
15,2017-02-16,13.5,False
16,2017-02-17,12.059999999999999,False
17,2017-02-18,5.04,False
18,2017-02-19,1.98,False
19,2017-02-20,6.66,False
20,2017-02-21,7.38,False
21,2017-02-22,10.799999999999999,False
22,2017-02-23,10.26,False
23,2017-02-24,10.799999999999999,False
24,2017-02-25,3.42,False
25,2017-02-26,2.52,False
26,2017-02-27,9.54,False
27,2017-02-28,9.18,False
0,2017-03-01,16.91,False
1,2017-03-02,18.62,False
2,2017-03-03,14.06,False
3,2017-03-04,4.75,False
4,2017-03-05,3.61,False
5,2017-03-06,9.5,False
6,2017-03-07,10.64,False
7,2017-03-08,13.68,False
8,2017-03-09,11.02,False
9,2017-03-10,11.59,False
10,2017-03-11,3.61,False
11,2017-03-12,4.5600000000000005,False
12,2017-03-13,15.39,False
13,2017-03-14,14.44,False
14,2017-03-15,14.82,False
15,2017-03-16,14.82,False
16,2017-03-17,13.11,False
17,2017-03-18,7.03,False
18,2017-03-19,2.85,False
19,2017-03-20,9.5,False
20,2017-03-21,13.11,False
21,2017-03-22,17.29,False
22,2017-03-23,16.34,False
23,2017-03-24,19.0,False
24,2017-03-25,7.6,False
25,2017-03-26,7.79,False
26,2017-03-27,16.91,False
27,2017-03-28,16.53,False
28,2017-03-29,13.49,False
29,2017-03-30,17.1,False
30,2017-03-31,14.82,False
0,2017-04-01,1.8,False
1,2017-04-02,1.4000000000000001,False
2,2017-04-03,5.0,False
3,2017-04-04,4.2,False
4,2017-04-05,6.0,False
5,2017-04-06,6.4,False
6,2017-04-07,4.6000000000000005,False
7,2017-04-08,0.8,False
8,2017-04-09,2.2,False
9,2017-04-10,4.800000000000001,False
10,2017-04-11,3.6,False
11,2017-04-12,4.0,False
12,2017-04-13,4.2,False
13,2017-04-14,3.8000000000000003,False
14,2017-04-15,1.0,False
15,2017-04-16,1.0,False
16,2017-04-17,4.800000000000001,False
17,2017-04-18,4.6000000000000005,False
18,2017-04-19,3.8000000000000003,False
19,2017-04-20,3.4000000000000004,False
20,2017-04-21,3.0,False
21,2017-04-22,1.8,False
22,2017-04-23,1.0,False
23,2017-04-24,5.2,False
24,2017-04-25,7.800000000000001,False
25,2017-04-26,7.6000000000000005,False
26,2017-04-27,16.400000000000002,False
27,2017-04-28,20.0,False
28,2017-04-29,3.4000000000000004,False
29,2017-04-30,2.6,False
0,2017-05-01,18.5,False
1,2017-05-02,15.0,False
2,2017-05-03,16.25,False
3,2017-05-04,14.5,False
4,2017-05-05,17.25,False
5,2017-05-06,3.5,False
6,2017-05-07,6.25,False
7,2017-05-08,11.25,False
8,2017-05-09,13.5,False
9,2017-05-10,12.0,False
10,2017-05-11,8.5,False
11,2017-05-12,10.25,False
12,2017-05-13,4.0,False
13,2017-05-14,4.75,False
14,2017-05-15,9.75,False
15,2017-05-16,12.75,False
16,2017-05-17,16.75,False
17,2017-05-18,14.5,False
18,2017-05-19,12.75,False
19,2017-05-20,4.5,False
20,2017-05-21,1.75,False
21,2017-05-22,11.25,False
22,2017-05-23,10.25,False
23,2017-05-24,15.0,False
24,2017-05-25,25.0,False
25,2017-05-26,13.0,False
26,2017-05-27,4.75,False
27,2017-05-28,3.0,False
28,2017-05-29,3.5,False
29,2017-05-30,15.75,False
30,2017-05-31,16.75,False
0,2017-06-01,13.52,False
1,2017-06-02,12.22,False
2,2017-06-03,5.2,False
3,2017-06-04,3.12,False
4,2017-06-05,16.64,False
5,2017-06-06,14.82,False
6,2017-06-07,11.18,False
7,2017-06-08,11.96,False
8,2017-06-09,16.12,False
9,2017-06-10,7.800000000000001,False
10,2017-06-11,2.8600000000000003,False
11,2017-06-12,19.5,False
12,2017-06-13,16.12,False
13,2017-06-14,9.36,False
14,2017-06-15,14.040000000000001,False
15,2017-06-16,14.56,False
16,2017-06-17,3.9000000000000004,False
17,2017-06-18,3.38,False
18,2017-06-19,11.700000000000001,False
19,2017-06-20,9.88,False
20,2017-06-21,10.66,False
21,2017-06-22,7.54,False
22,2017-06-23,11.18,False
23,2017-06-24,3.12,False
24,2017-06-25,3.38,False
25,2017-06-26,9.620000000000001,False
26,2017-06-27,26.0,False
27,2017-06-28,15.08,False
28,2017-06-29,15.08,False
29,2017-06-30,15.600000000000001,False
0,2017-07-01,3.08,False
1,2017-07-02,2.8000000000000003,False
2,2017-07-03,14.280000000000001,False
3,2017-07-04,16.8,False
4,2017-07-05,14.000000000000002,False
5,2017-07-06,12.32,False
6,2017-07-07,10.080000000000002,False
7,2017-07-08,4.48,False
8,2017-07-09,2.8000000000000003,False
9,2017-07-10,6.44,False
10,2017-07-11,8.680000000000001,False
11,2017-07-12,10.64,False
12,2017-07-13,7.840000000000001,False
13,2017-07-14,8.96,False
14,2017-07-15,5.880000000000001,False
15,2017-07-16,2.5200000000000005,False
16,2017-07-17,9.8,False
17,2017-07-18,10.360000000000001,False
18,2017-07-19,9.8,False
19,2017-07-20,10.360000000000001,False
20,2017-07-21,12.88,False
21,2017-07-22,4.2,False
22,2017-07-23,3.3600000000000003,False
23,2017-07-24,25.480000000000004,False
24,2017-07-25,28.000000000000004,False
25,2017-07-26,21.28,False
26,2017-07-27,19.040000000000003,False
27,2017-07-28,14.560000000000002,False
28,2017-07-29,4.48,False
29,2017-07-30,2.24,False
30,2017-07-31,9.520000000000001,False
0,2017-08-01,22.0,False
1,2017-08-02,13.86,False
2,2017-08-03,9.02,False
3,2017-08-04,9.9,False
4,2017-08-05,9.46,False
5,2017-08-06,2.86,False
6,2017-08-07,15.62,False
7,2017-08-08,16.06,False
8,2017-08-09,14.08,False
9,2017-08-10,13.64,False
10,2017-08-11,17.82,False
11,2017-08-12,8.58,False
12,2017-08-13,3.52,False
13,2017-08-14,16.28,False
14,2017-08-15,16.5,False
15,2017-08-16,15.62,False
16,2017-08-17,9.02,False
17,2017-08-18,9.24,False
18,2017-08-19,6.82,False
19,2017-08-20,2.2,False
20,2017-08-21,15.84,False
21,2017-08-22,13.2,False
22,2017-08-23,7.48,False
23,2017-08-24,11.22,False
24,2017-08-25,12.76,False
25,2017-08-26,4.62,False
26,2017-08-27,3.52,False
27,2017-08-28,14.08,False
28,2017-08-29,13.2,False
29,2017-08-30,12.76,False
30,2017-08-31,15.62,False
0,2017-09-01,10.200000000000001,False
1,2017-09-02,5.44,False
2,2017-09-03,2.21,False
3,2017-09-04,4.42,False
4,2017-09-05,11.39,False
5,2017-09-06,8.16,False
6,2017-09-07,6.460000000000001,False
7,2017-09-08,8.67,False
8,2017-09-09,3.06,False
9,2017-09-10,1.87,False
10,2017-09-11,8.16,False
11,2017-09-12,13.430000000000001,False
12,2017-09-13,9.520000000000001,False
13,2017-09-14,10.71,False
14,2017-09-15,12.07,False
15,2017-09-16,4.08,False
16,2017-09-17,3.06,False
17,2017-09-18,10.88,False
18,2017-09-19,11.56,False
19,2017-09-20,12.41,False
20,2017-09-21,14.790000000000001,False
21,2017-09-22,9.180000000000001,False
22,2017-09-23,4.25,False
23,2017-09-24,3.91,False
24,2017-09-25,9.01,False
25,2017-09-26,14.450000000000001,False
26,2017-09-27,12.58,False
27,2017-09-28,11.9,False
28,2017-09-29,17.0,False
29,2017-09-30,4.930000000000001,False
0,2017-10-01,1.68,False
1,2017-10-02,4.08,False
2,2017-10-03,4.56,False
3,2017-10-04,5.04,False
4,2017-10-05,7.4399999999999995,False
5,2017-10-06,6.72,False
6,2017-10-07,2.16,False
7,2017-10-08,1.44,False
8,2017-10-09,4.8,False
9,2017-10-10,6.0,False
10,2017-10-11,6.24,False
11,2017-10-12,7.68,False
12,2017-10-13,6.96,False
13,2017-10-14,2.4,False
14,2017-10-15,2.6399999999999997,False
15,2017-10-16,5.52,False
16,2017-10-17,6.72,False
17,2017-10-18,5.76,False
18,2017-10-19,5.52,False
19,2017-10-20,5.04,False
20,2017-10-21,2.88,False
21,2017-10-22,0.72,False
22,2017-10-23,6.0,False
23,2017-10-24,5.04,False
24,2017-10-25,7.199999999999999,False
25,2017-10-26,17.52,False
26,2017-10-27,24.0,False
27,2017-10-28,4.56,False
28,2017-10-29,2.4,False
29,2017-10-30,8.64,False
30,2017-10-31,7.4399999999999995,False
0,2017-11-01,19.0,False
1,2017-11-02,16.72,False
2,2017-11-03,14.44,False
3,2017-11-04,3.23,False
4,2017-11-05,3.8,False
5,2017-11-06,13.49,False
6,2017-11-07,11.78,False
7,2017-11-08,16.53,False
8,2017-11-09,11.4,False
9,2017-11-10,12.73,False
10,2017-11-11,5.32,False
11,2017-11-12,2.66,False
12,2017-11-13,8.74,False
13,2017-11-14,10.64,False
14,2017-11-15,10.64,False
15,2017-11-16,8.93,False
16,2017-11-17,13.49,False
17,2017-11-18,2.2800000000000002,False
18,2017-11-19,4.37,False
19,2017-11-20,9.69,False
20,2017-11-21,13.49,False
21,2017-11-22,13.68,False
22,2017-11-23,5.51,False
23,2017-11-24,8.55,False
24,2017-11-25,4.94,False
25,2017-11-26,4.37,False
26,2017-11-27,14.06,False
27,2017-11-28,11.97,False
28,2017-11-29,16.72,False
29,2017-11-30,14.06,False
0,2017-12-01,14.58,False
1,2017-12-02,5.58,False
2,2017-12-03,2.52,False
3,2017-12-04,16.2,False
4,2017-12-05,14.58,False
5,2017-12-06,18.0,False
6,2017-12-07,13.5,False
7,2017-12-08,14.399999999999999,False
8,2017-12-09,6.66,False
9,2017-12-10,3.06,False
10,2017-12-11,12.42,False
11,2017-12-12,14.76,False
12,2017-12-13,11.34,False
13,2017-12-14,16.56,False
14,2017-12-15,12.42,False
15,2017-12-16,6.3,False
16,2017-12-17,4.14,False
17,2017-12-18,15.66,False
18,2017-12-19,13.32,False
19,2017-12-20,14.04,False
20,2017-12-21,13.86,False
21,2017-12-22,12.959999999999999,False
22,2017-12-23,3.96,False
23,2017-12-24,4.14,False
24,2017-12-25,3.5999999999999996,False
25,2017-12-26,7.38,False
26,2017-12-27,12.6,False
27,2017-12-28,9.719999999999999,False
28,2017-12-29,9.18,False
29,2017-12-30,6.12,False
30,2017-12-31,3.06,False
0,2018-01-01,4.4,False
1,2018-01-02,11.88,False
2,2018-01-03,12.1,False
3,2018-01-04,16.06,False
4,2018-01-05,14.96,False
5,2018-01-06,9.24,False
6,2018-01-07,3.74,False
7,2018-01-08,13.42,False
8,2018-01-09,12.32,False
9,2018-01-10,14.74,False
10,2018-01-11,14.96,False
11,2018-01-12,15.18,False
12,2018-01-13,7.04,False
13,2018-01-14,4.18,False
14,2018-01-15,9.9,False
15,2018-01-16,13.64,False
16,2018-01-17,12.32,False
17,2018-01-18,16.94,False
18,2018-01-19,13.42,False
19,2018-01-20,3.96,False
20,2018-01-21,5.5,False
21,2018-01-22,14.74,False
22,2018-01-23,18.26,False
23,2018-01-24,16.72,False
24,2018-01-25,12.540000000000001,False
25,2018-01-26,21.56,False
26,2018-01-27,7.26,False
27,2018-01-28,4.62,False
28,2018-01-29,19.36,False
29,2018-01-30,22.0,False
30,2018-01-31,20.24,False
0,2018-02-01,35.0,False
1,2018-02-02,35.0,False
2,2018-02-03,7.35,False
3,2018-02-04,4.199999999999999,False
4,2018-02-05,20.65,False
5,2018-02-06,25.9,False
6,2018-02-07,18.9,False
7,2018-02-08,24.15,False
8,2018-02-09,23.45,False
9,2018-02-10,6.3,False
10,2018-02-11,4.55,False
11,2018-02-12,12.25,False
12,2018-02-13,11.899999999999999,False
13,2018-02-14,16.45,False
14,2018-02-15,13.299999999999999,False
15,2018-02-16,12.25,False
16,2018-02-17,3.5,False
17,2018-02-18,4.8999999999999995,False
18,2018-02-19,3.5,False
19,2018-02-20,11.2,False
20,2018-02-21,11.549999999999999,False
21,2018-02-22,13.649999999999999,False
22,2018-02-23,9.799999999999999,False
23,2018-02-24,4.55,False
24,2018-02-25,2.8,False
25,2018-02-26,10.5,False
26,2018-02-27,10.5,False
27,2018-02-28,12.95,False
0,2018-03-01,15.930000000000001,False
1,2018-03-02,14.850000000000001,False
2,2018-03-03,7.5600000000000005,False
3,2018-03-04,2.97,False
4,2018-03-05,13.5,False
5,2018-03-06,13.5,False
6,2018-03-07,17.82,False
7,2018-03-08,13.23,False
8,2018-03-09,14.31,False
9,2018-03-10,5.94,False
10,2018-03-11,2.43,False
11,2018-03-12,13.770000000000001,False
12,2018-03-13,14.31,False
13,2018-03-14,12.96,False
14,2018-03-15,12.15,False
15,2018-03-16,9.72,False
16,2018-03-17,4.59,False
17,2018-03-18,5.130000000000001,False
18,2018-03-19,14.040000000000001,False
19,2018-03-20,23.220000000000002,False
20,2018-03-21,20.520000000000003,False
21,2018-03-22,14.31,False
22,2018-03-23,21.060000000000002,False
23,2018-03-24,7.5600000000000005,False
24,2018-03-25,3.7800000000000002,False
25,2018-03-26,22.68,False
26,2018-03-27,20.790000000000003,False
27,2018-03-28,27.0,False
28,2018-03-29,27.0,False
29,2018-03-30,10.260000000000002,False
30,2018-03-31,5.4,False
0,2018-04-01,2.64,False
1,2018-04-02,16.17,False
2,2018-04-03,14.850000000000001,False
3,2018-04-04,14.520000000000001,False
4,2018-04-05,12.540000000000001,False
5,2018-04-06,9.24,False
6,2018-04-07,3.96,False
7,2018-04-08,2.31,False
8,2018-04-09,9.24,False
9,2018-04-10,11.88,False
10,2018-04-11,10.56,False
11,2018-04-12,9.24,False
12,2018-04-13,9.57,False
13,2018-04-14,3.6300000000000003,False
14,2018-04-15,0.99,False
15,2018-04-16,10.23,False
16,2018-04-17,11.22,False
17,2018-04-18,10.56,False
18,2018-04-19,10.23,False
19,2018-04-20,9.9,False
20,2018-04-21,3.96,False
21,2018-04-22,3.3000000000000003,False
22,2018-04-23,28.71,False
23,2018-04-24,33.0,False
24,2018-04-25,20.46,False
25,2018-04-26,20.46,False
26,2018-04-27,15.510000000000002,False
27,2018-04-28,3.96,False
28,2018-04-29,2.97,False
29,2018-04-30,8.58,False
0,2018-05-01,14.5,False
1,2018-05-02,16.75,False
2,2018-05-03,10.5,False
3,2018-05-04,18.25,False
4,2018-05-05,7.75,False
5,2018-05-06,4.5,False
6,2018-05-07,19.0,False
7,2018-05-08,16.5,False
8,2018-05-09,18.0,False
9,2018-05-10,25.0,False
10,2018-05-11,23.25,False
11,2018-05-12,6.75,False
12,2018-05-13,3.25,False
13,2018-05-14,16.5,False
14,2018-05-15,17.75,False
15,2018-05-16,13.75,False
16,2018-05-17,11.0,False
17,2018-05-18,15.0,False
18,2018-05-19,2.25,False
19,2018-05-20,4.0,False
20,2018-05-21,13.0,False
21,2018-05-22,10.25,False
22,2018-05-23,15.75,False
23,2018-05-24,20.5,False
24,2018-05-25,14.0,False
25,2018-05-26,6.75,False
26,2018-05-27,2.25,False
27,2018-05-28,5.75,False
28,2018-05-29,14.25,False
29,2018-05-30,18.5,False
30,2018-05-31,18.25,False
0,2018-06-01,18.86,False
1,2018-06-02,10.120000000000001,False
2,2018-06-03,6.21,False
3,2018-06-04,14.950000000000001,False
4,2018-06-05,15.41,False
5,2018-06-06,21.85,False
6,2018-06-07,19.78,False
7,2018-06-08,18.86,False
8,2018-06-09,6.9,False
9,2018-06-10,3.22,False
10,2018-06-11,14.950000000000001,False
11,2018-06-12,13.8,False
12,2018-06-13,15.64,False
13,2018-06-14,16.330000000000002,False
14,2018-06-15,16.79,False
15,2018-06-16,3.68,False
16,2018-06-17,1.1500000000000001,False
17,2018-06-18,17.25,False
18,2018-06-19,18.17,False
19,2018-06-20,17.25,False
20,2018-06-21,21.62,False
21,2018-06-22,14.26,False
22,2018-06-23,2.99,False
23,2018-06-24,3.68,False
24,2018-06-25,23.0,False
25,2018-06-26,14.030000000000001,False
26,2018-06-27,21.39,False
27,2018-06-28,11.73,False
28,2018-06-29,16.560000000000002,False
29,2018-06-30,0.6900000000000001,False
0,2018-07-01,0.96,False
1,2018-07-02,5.44,False
2,2018-07-03,5.44,False
3,2018-07-04,2.56,False
4,2018-07-05,4.48,False
5,2018-07-06,6.08,False
6,2018-07-07,2.24,False
7,2018-07-08,1.28,False
8,2018-07-09,4.48,False
9,2018-07-10,4.16,False
10,2018-07-11,6.4,False
11,2018-07-12,8.96,False
12,2018-07-13,7.04,False
13,2018-07-14,1.92,False
14,2018-07-15,0.64,False
15,2018-07-16,5.44,False
16,2018-07-17,8.0,False
17,2018-07-18,10.56,False
18,2018-07-19,7.04,False
19,2018-07-20,7.04,False
20,2018-07-21,2.24,False
21,2018-07-22,1.28,False
22,2018-07-23,22.72,False
23,2018-07-24,32.0,False
24,2018-07-25,16.0,False
25,2018-07-26,20.8,False
26,2018-07-27,18.56,False
27,2018-07-28,4.16,False
28,2018-07-29,3.52,False
29,2018-07-30,10.24,False
30,2018-07-31,12.16,False
0,2018-08-01,26.46,False
1,2018-08-02,24.03,False
2,2018-08-03,21.330000000000002,False
3,2018-08-04,4.050000000000001,False
4,2018-08-05,3.24,False
5,2018-08-06,13.770000000000001,False
6,2018-08-07,20.790000000000003,False
7,2018-08-08,18.36,False
8,2018-08-09,19.71,False
9,2018-08-10,15.930000000000001,False
10,2018-08-11,5.4,False
11,2018-08-12,2.43,False
12,2018-08-13,14.850000000000001,False
13,2018-08-14,18.630000000000003,False
14,2018-08-15,19.71,False
15,2018-08-16,21.060000000000002,False
16,2018-08-17,22.68,False
17,2018-08-18,4.32,False
18,2018-08-19,2.97,False
19,2018-08-20,18.36,False
20,2018-08-21,17.01,False
21,2018-08-22,17.55,False
22,2018-08-23,14.580000000000002,False
23,2018-08-24,14.580000000000002,False
24,2018-08-25,4.86,False
25,2018-08-26,2.97,False
26,2018-08-27,17.55,False
27,2018-08-28,27.0,False
28,2018-08-29,18.630000000000003,False
29,2018-08-30,19.98,False
30,2018-08-31,19.17,False
0,2018-09-01,3.9899999999999998,False
1,2018-09-02,3.57,False
2,2018-09-03,4.62,False
3,2018-09-04,19.11,False
4,2018-09-05,20.58,False
5,2018-09-06,21.0,False
6,2018-09-07,16.38,False
7,2018-09-08,6.09,False
8,2018-09-09,3.78,False
9,2018-09-10,16.38,False
10,2018-09-11,18.06,False
11,2018-09-12,17.43,False
12,2018-09-13,18.9,False
13,2018-09-14,15.75,False
14,2018-09-15,5.67,False
15,2018-09-16,2.73,False
16,2018-09-17,14.07,False
17,2018-09-18,13.65,False
18,2018-09-19,15.12,False
19,2018-09-20,20.58,False
20,2018-09-21,18.06,False
21,2018-09-22,6.72,False
22,2018-09-23,3.15,False
23,2018-09-24,15.12,False
24,2018-09-25,15.75,False
25,2018-09-26,20.37,False
26,2018-09-27,14.07,False
27,2018-09-28,12.809999999999999,False
28,2018-09-29,6.09,False
29,2018-09-30,3.57,False
0,2018-10-01,9.57,False
1,2018-10-02,6.6000000000000005,False
2,2018-10-03,8.25,False
3,2018-10-04,8.58,False
4,2018-10-05,8.25,False
5,2018-10-06,2.64,False
6,2018-10-07,1.32,False
7,2018-10-08,8.58,False
8,2018-10-09,10.23,False
9,2018-10-10,16.830000000000002,False
10,2018-10-11,14.850000000000001,False
11,2018-10-12,14.190000000000001,False
12,2018-10-13,2.31,False
13,2018-10-14,1.6500000000000001,False
14,2018-10-15,7.260000000000001,False
15,2018-10-16,8.91,False
16,2018-10-17,9.24,False
17,2018-10-18,8.25,False
18,2018-10-19,8.25,False
19,2018-10-20,2.31,False
20,2018-10-21,1.98,False
21,2018-10-22,6.6000000000000005,False
22,2018-10-23,9.9,False
23,2018-10-24,11.88,False
24,2018-10-25,33.0,False
25,2018-10-26,24.09,False
26,2018-10-27,4.29,False
27,2018-10-28,1.98,False
28,2018-10-29,14.520000000000001,False
29,2018-10-30,17.16,False
30,2018-10-31,13.860000000000001,False
0,2018-11-01,18.0,False
1,2018-11-02,20.4,False
2,2018-11-03,4.8,False
3,2018-11-04,3.36,False
4,2018-11-05,16.56,False
5,2018-11-06,14.399999999999999,False
6,2018-11-07,18.0,False
7,2018-11-08,17.04,False
8,2018-11-09,12.719999999999999,False
9,2018-11-10,4.08,False
10,2018-11-11,3.36,False
11,2018-11-12,12.48,False
12,2018-11-13,12.24,False
13,2018-11-14,13.44,False
14,2018-11-15,14.639999999999999,False
15,2018-11-16,12.0,False
16,2018-11-17,4.56,False
17,2018-11-18,3.36,False
18,2018-11-19,15.12,False
19,2018-11-20,24.0,False
20,2018-11-21,18.96,False
21,2018-11-22,5.76,False
22,2018-11-23,8.879999999999999,False
23,2018-11-24,5.279999999999999,False
24,2018-11-25,2.88,False
25,2018-11-26,12.48,False
26,2018-11-27,12.48,False
27,2018-11-28,17.52,False
28,2018-11-29,13.2,False
29,2018-11-30,15.12,False
0,2018-12-01,2.4,False
1,2018-12-02,3.36,False
2,2018-12-03,10.08,False
3,2018-12-04,12.48,False
4,2018-12-05,9.6,False
5,2018-12-06,20.64,False
6,2018-12-07,12.24,False
7,2018-12-08,6.0,False
8,2018-12-09,3.36,False
9,2018-12-10,13.2,False
10,2018-12-11,15.6,False
11,2018-12-12,11.52,False
12,2018-12-13,11.04,False
13,2018-12-14,10.559999999999999,False
14,2018-12-15,4.56,False
15,2018-12-16,2.4,False
16,2018-12-17,10.799999999999999,False
17,2018-12-18,12.48,False
18,2018-12-19,17.52,False
19,2018-12-20,19.439999999999998,False
20,2018-12-21,20.4,False
21,2018-12-22,10.08,False
22,2018-12-23,5.279999999999999,False
23,2018-12-24,16.08,False
24,2018-12-25,10.32,False
25,2018-12-26,24.0,False
26,2018-12-27,22.08,False
27,2018-12-28,13.68,False
28,2018-12-29,5.52,False
29,2018-12-30,1.92,False
30,2018-12-31,13.92,False
0,2019-01-01,3.6,False
1,2019-01-02,11.600000000000001,False
2,2019-01-03,20.0,False
3,2019-01-04,18.400000000000002,False
4,2019-01-05,6.2,False
5,2019-01-06,2.6,False
6,2019-01-07,9.600000000000001,False
7,2019-01-08,9.200000000000001,False
8,2019-01-09,11.4,False
9,2019-01-10,12.600000000000001,False
10,2019-01-11,9.8,False
11,2019-01-12,2.8000000000000003,False
12,2019-01-13,1.6,False
13,2019-01-14,9.8,False
14,2019-01-15,12.0,False
15,2019-01-16,10.4,False
16,2019-01-17,11.0,False
17,2019-01-18,8.4,False
18,2019-01-19,3.2,False
19,2019-01-20,3.0,False
20,2019-01-21,2.6,False
21,2019-01-22,12.0,False
22,2019-01-23,10.8,False
23,2019-01-24,6.800000000000001,False
24,2019-01-25,9.4,False
25,2019-01-26,3.2,False
26,2019-01-27,1.6,False
27,2019-01-28,9.200000000000001,False
28,2019-01-29,9.8,False
29,2019-01-30,13.200000000000001,False
30,2019-01-31,18.8,False
0,2019-02-01,9.88,False
1,2019-02-02,1.04,False
2,2019-02-03,1.56,False
3,2019-02-04,24.18,False
4,2019-02-05,26.0,False
5,2019-02-06,14.56,False
6,2019-02-07,7.0200000000000005,False
7,2019-02-08,5.720000000000001,False
8,2019-02-09,2.8600000000000003,False
9,2019-02-10,1.04,False
10,2019-02-11,4.42,False
11,2019-02-12,7.0200000000000005,False
12,2019-02-13,5.98,False
13,2019-02-14,7.54,False
14,2019-02-15,6.76,False
15,2019-02-16,2.6,False
16,2019-02-17,1.04,False
17,2019-02-18,2.6,False
18,2019-02-19,4.94,False
19,2019-02-20,7.54,False
20,2019-02-21,5.46,False
21,2019-02-22,7.0200000000000005,False
22,2019-02-23,2.6,False
23,2019-02-24,1.04,False
24,2019-02-25,5.98,False
25,2019-02-26,4.42,False
26,2019-02-27,6.24,False
27,2019-02-28,4.68,False
0,2019-03-01,11.56,False
1,2019-03-02,9.860000000000001,False
2,2019-03-03,4.930000000000001,False
3,2019-03-04,11.73,False
4,2019-03-05,11.56,False
5,2019-03-06,17.0,False
6,2019-03-07,10.200000000000001,False
7,2019-03-08,12.07,False
8,2019-03-09,4.42,False
9,2019-03-10,2.72,False
10,2019-03-11,12.07,False
11,2019-03-12,10.88,False
12,2019-03-13,12.58,False
13,2019-03-14,13.260000000000002,False
14,2019-03-15,8.84,False
15,2019-03-16,3.2300000000000004,False
16,2019-03-17,2.72,False
