,date,GRMN stock,isPartial
0,2012-01-01,0.0,False
1,2012-01-02,8.0,False
2,2012-01-03,0.0,False
3,2012-01-04,0.0,False
4,2012-01-05,0.0,False
5,2012-01-06,0.0,False
6,2012-01-07,0.0,False
7,2012-01-08,0.0,False
8,2012-01-09,0.0,False
9,2012-01-10,7.04,False
10,2012-01-11,0.0,False
11,2012-01-12,7.12,False
12,2012-01-13,0.0,False
13,2012-01-14,0.0,False
14,2012-01-15,0.0,False
15,2012-01-16,0.0,False
16,2012-01-17,0.0,False
17,2012-01-18,0.0,False
18,2012-01-19,0.0,False
19,2012-01-20,0.0,False
20,2012-01-21,0.0,False
21,2012-01-22,0.0,False
22,2012-01-23,0.0,False
23,2012-01-24,0.0,False
24,2012-01-25,0.0,False
25,2012-01-26,0.0,False
26,2012-01-27,0.0,False
27,2012-01-28,0.0,False
28,2012-01-29,0.0,False
29,2012-01-30,0.0,False
30,2012-01-31,0.0,False
0,2012-02-01,0.0,False
1,2012-02-02,0.0,False
2,2012-02-03,2.9699999999999998,False
3,2012-02-04,0.0,False
4,2012-02-05,0.0,False
5,2012-02-06,0.0,False
6,2012-02-07,0.0,False
7,2012-02-08,0.0,False
8,2012-02-09,0.0,False
9,2012-02-10,0.0,False
10,2012-02-11,0.0,False
11,2012-02-12,0.0,False
12,2012-02-13,0.0,False
13,2012-02-14,0.0,False
14,2012-02-15,0.0,False
15,2012-02-16,0.0,False
16,2012-02-17,0.0,False
17,2012-02-18,0.0,False
18,2012-02-19,0.0,False
19,2012-02-20,0.0,False
20,2012-02-21,0.0,False
21,2012-02-22,0.0,False
22,2012-02-23,0.0,False
23,2012-02-24,9.0,False
24,2012-02-25,3.42,False
25,2012-02-26,0.0,False
26,2012-02-27,0.0,False
27,2012-02-28,0.0,False
28,2012-02-29,2.88,False
0,2012-03-01,0.0,False
1,2012-03-02,6.370000000000001,False
2,2012-03-03,0.0,False
3,2012-03-04,0.0,False
4,2012-03-05,6.0200000000000005,False
5,2012-03-06,0.0,False
6,2012-03-07,5.8100000000000005,False
7,2012-03-08,0.0,False
8,2012-03-09,6.16,False
9,2012-03-10,0.0,False
10,2012-03-11,0.0,False
11,2012-03-12,5.8100000000000005,False
12,2012-03-13,0.0,False
13,2012-03-14,0.0,False
14,2012-03-15,0.0,False
15,2012-03-16,6.16,False
16,2012-03-17,0.0,False
17,2012-03-18,7.000000000000001,False
18,2012-03-19,0.0,False
19,2012-03-20,0.0,False
20,2012-03-21,0.0,False
21,2012-03-22,0.0,False
22,2012-03-23,0.0,False
23,2012-03-24,0.0,False
24,2012-03-25,0.0,False
25,2012-03-26,0.0,False
26,2012-03-27,5.8100000000000005,False
27,2012-03-28,0.0,False
28,2012-03-29,5.95,False
29,2012-03-30,0.0,False
30,2012-03-31,0.0,False
0,2012-04-01,0.0,False
1,2012-04-02,0.0,False
2,2012-04-03,0.0,False
3,2012-04-04,0.0,False
4,2012-04-05,0.0,False
5,2012-04-06,0.0,False
6,2012-04-07,0.0,False
7,2012-04-08,0.0,False
8,2012-04-09,0.0,False
9,2012-04-10,0.0,False
10,2012-04-11,3.0,False
11,2012-04-12,0.0,False
12,2012-04-13,0.0,False
13,2012-04-14,0.0,False
14,2012-04-15,0.0,False
15,2012-04-16,1.47,False
16,2012-04-17,0.0,False
17,2012-04-18,1.47,False
18,2012-04-19,0.0,False
19,2012-04-20,1.5899999999999999,False
20,2012-04-21,0.0,False
21,2012-04-22,0.0,False
22,2012-04-23,0.0,False
23,2012-04-24,1.47,False
24,2012-04-25,0.0,False
25,2012-04-26,0.0,False
26,2012-04-27,1.5899999999999999,False
27,2012-04-28,0.0,False
28,2012-04-29,0.0,False
29,2012-04-30,0.0,False
0,2012-05-01,0.0,False
1,2012-05-02,0.0,False
2,2012-05-03,0.0,False
3,2012-05-04,6.0,False
4,2012-05-05,0.0,False
5,2012-05-06,0.0,False
6,2012-05-07,0.0,False
7,2012-05-08,5.64,False
8,2012-05-09,0.0,False
9,2012-05-10,5.819999999999999,False
10,2012-05-11,0.0,False
11,2012-05-12,0.0,False
12,2012-05-13,0.0,False
13,2012-05-14,0.0,False
14,2012-05-15,5.64,False
15,2012-05-16,0.0,False
16,2012-05-17,0.0,False
17,2012-05-18,0.0,False
18,2012-05-19,0.0,False
19,2012-05-20,0.0,False
20,2012-05-21,5.64,False
21,2012-05-22,0.0,False
22,2012-05-23,0.0,False
23,2012-05-24,5.76,False
24,2012-05-25,0.0,False
25,2012-05-26,0.0,False
26,2012-05-27,0.0,False
27,2012-05-28,0.0,False
28,2012-05-29,0.0,False
29,2012-05-30,0.0,False
30,2012-05-31,0.0,False
0,2012-06-01,0.0,False
1,2012-06-02,0.0,False
2,2012-06-03,0.0,False
3,2012-06-04,0.0,False
4,2012-06-05,0.0,False
5,2012-06-06,0.0,False
6,2012-06-07,0.0,False
7,2012-06-08,0.0,False
8,2012-06-09,0.0,False
9,2012-06-10,0.0,False
10,2012-06-11,0.0,False
11,2012-06-12,0.0,False
12,2012-06-13,18.0,False
13,2012-06-14,0.0,False
14,2012-06-15,0.0,False
15,2012-06-16,0.0,False
16,2012-06-17,0.0,False
17,2012-06-18,0.0,False
18,2012-06-19,0.0,False
19,2012-06-20,3.2399999999999998,False
20,2012-06-21,0.0,False
21,2012-06-22,0.0,False
22,2012-06-23,0.0,False
23,2012-06-24,0.0,False
24,2012-06-25,0.0,False
25,2012-06-26,0.0,False
26,2012-06-27,0.0,False
27,2012-06-28,0.0,False
28,2012-06-29,0.0,False
29,2012-06-30,0.0,False
0,2012-07-01,0.0,False
1,2012-07-02,0.0,False
2,2012-07-03,0.0,False
3,2012-07-04,0.0,False
4,2012-07-05,0.0,False
5,2012-07-06,0.0,False
6,2012-07-07,0.0,False
7,2012-07-08,0.0,False
8,2012-07-09,4.65,False
9,2012-07-10,0.0,False
10,2012-07-11,0.0,False
11,2012-07-12,0.0,False
12,2012-07-13,0.0,False
13,2012-07-14,0.0,False
14,2012-07-15,0.0,False
15,2012-07-16,0.0,False
16,2012-07-17,4.65,False
17,2012-07-18,0.0,False
18,2012-07-19,0.0,False
19,2012-07-20,5.0,False
20,2012-07-21,0.0,False
21,2012-07-22,0.0,False
22,2012-07-23,0.0,False
23,2012-07-24,4.75,False
24,2012-07-25,0.0,False
25,2012-07-26,0.0,False
26,2012-07-27,0.0,False
27,2012-07-28,0.0,False
28,2012-07-29,0.0,False
29,2012-07-30,4.65,False
30,2012-07-31,0.0,False
0,2012-08-01,8.459999999999999,False
1,2012-08-02,0.0,False
2,2012-08-03,0.0,False
3,2012-08-04,0.0,False
4,2012-08-05,0.0,False
5,2012-08-06,0.0,False
6,2012-08-07,8.37,False
7,2012-08-08,0.0,False
8,2012-08-09,0.0,False
9,2012-08-10,0.0,False
10,2012-08-11,0.0,False
11,2012-08-12,0.0,False
12,2012-08-13,0.0,False
13,2012-08-14,0.0,False
14,2012-08-15,0.0,False
15,2012-08-16,0.0,False
16,2012-08-17,9.0,False
17,2012-08-18,0.0,False
18,2012-08-19,0.0,False
19,2012-08-20,0.0,False
20,2012-08-21,0.0,False
21,2012-08-22,0.0,False
22,2012-08-23,8.549999999999999,False
23,2012-08-24,0.0,False
24,2012-08-25,0.0,False
25,2012-08-26,0.0,False
26,2012-08-27,0.0,False
27,2012-08-28,0.0,False
28,2012-08-29,0.0,False
29,2012-08-30,0.0,False
30,2012-08-31,0.0,False
0,2012-09-01,0.0,False
1,2012-09-02,0.0,False
2,2012-09-03,0.0,False
3,2012-09-04,0.0,False
4,2012-09-05,0.0,False
5,2012-09-06,0.0,False
6,2012-09-07,0.0,False
7,2012-09-08,0.0,False
8,2012-09-09,0.0,False
9,2012-09-10,4.1000000000000005,False
10,2012-09-11,0.0,False
11,2012-09-12,0.0,False
12,2012-09-13,0.0,False
13,2012-09-14,0.0,False
14,2012-09-15,0.0,False
15,2012-09-16,5.0,False
16,2012-09-17,4.05,False
17,2012-09-18,0.0,False
18,2012-09-19,0.0,False
19,2012-09-20,0.0,False
20,2012-09-21,0.0,False
21,2012-09-22,0.0,False
22,2012-09-23,0.0,False
23,2012-09-24,0.0,False
24,2012-09-25,0.0,False
25,2012-09-26,0.0,False
26,2012-09-27,4.15,False
27,2012-09-28,0.0,False
28,2012-09-29,0.0,False
29,2012-09-30,0.0,False
0,2012-10-01,0.0,False
1,2012-10-02,0.0,False
2,2012-10-03,0.0,False
3,2012-10-04,0.0,False
4,2012-10-05,0.0,False
5,2012-10-06,9.0,False
6,2012-10-07,0.0,False
7,2012-10-08,0.0,False
8,2012-10-09,0.0,False
9,2012-10-10,0.0,False
10,2012-10-11,0.0,False
11,2012-10-12,0.0,False
12,2012-10-13,0.0,False
13,2012-10-14,0.0,False
14,2012-10-15,0.0,False
15,2012-10-16,0.0,False
16,2012-10-17,7.199999999999999,False
17,2012-10-18,0.0,False
18,2012-10-19,0.0,False
19,2012-10-20,0.0,False
20,2012-10-21,0.0,False
21,2012-10-22,0.0,False
22,2012-10-23,0.0,False
23,2012-10-24,0.0,False
24,2012-10-25,0.0,False
25,2012-10-26,7.83,False
26,2012-10-27,0.0,False
27,2012-10-28,0.0,False
28,2012-10-29,0.0,False
29,2012-10-30,0.0,False
30,2012-10-31,0.0,False
0,2012-11-01,0.0,False
1,2012-11-02,0.0,False
2,2012-11-03,0.0,False
3,2012-11-04,0.0,False
4,2012-11-05,0.0,False
5,2012-11-06,0.0,False
6,2012-11-07,0.0,False
7,2012-11-08,0.0,False
8,2012-11-09,0.0,False
9,2012-11-10,0.0,False
10,2012-11-11,0.0,False
11,2012-11-12,0.0,False
12,2012-11-13,0.0,False
13,2012-11-14,0.0,False
14,2012-11-15,0.0,False
15,2012-11-16,0.0,False
16,2012-11-17,0.0,False
17,2012-11-18,0.0,False
18,2012-11-19,0.0,False
19,2012-11-20,0.0,False
20,2012-11-21,0.0,False
21,2012-11-22,0.0,False
22,2012-11-23,3.0,False
23,2012-11-24,0.0,False
24,2012-11-25,0.0,False
25,2012-11-26,0.0,False
26,2012-11-27,0.0,False
27,2012-11-28,0.0,False
28,2012-11-29,0.0,False
29,2012-11-30,0.0,False
0,2012-12-01,0.0,False
1,2012-12-02,0.0,False
2,2012-12-03,0.0,False
3,2012-12-04,4.8,False
4,2012-12-05,0.0,False
5,2012-12-06,4.9799999999999995,False
6,2012-12-07,0.0,False
7,2012-12-08,6.0,False
8,2012-12-09,5.76,False
9,2012-12-10,0.0,False
10,2012-12-11,0.0,False
11,2012-12-12,0.0,False
12,2012-12-13,0.0,False
13,2012-12-14,0.0,False
14,2012-12-15,0.0,False
15,2012-12-16,0.0,False
16,2012-12-17,0.0,False
17,2012-12-18,0.0,False
18,2012-12-19,0.0,False
19,2012-12-20,0.0,False
20,2012-12-21,5.3999999999999995,False
21,2012-12-22,0.0,False
22,2012-12-23,0.0,False
23,2012-12-24,0.0,False
24,2012-12-25,0.0,False
25,2012-12-26,5.64,False
26,2012-12-27,5.34,False
27,2012-12-28,0.0,False
28,2012-12-29,0.0,False
29,2012-12-30,0.0,False
30,2012-12-31,0.0,False
0,2013-01-01,0.0,False
1,2013-01-02,0.0,False
2,2013-01-03,0.0,False
3,2013-01-04,0.0,False
4,2013-01-05,3.0,False
5,2013-01-06,0.0,False
6,2013-01-07,0.0,False
7,2013-01-08,0.0,False
8,2013-01-09,0.0,False
9,2013-01-10,0.0,False
10,2013-01-11,0.0,False
11,2013-01-12,0.0,False
12,2013-01-13,0.0,False
13,2013-01-14,2.46,False
14,2013-01-15,0.0,False
15,2013-01-16,0.0,False
16,2013-01-17,0.0,False
17,2013-01-18,2.61,False
18,2013-01-19,0.0,False
19,2013-01-20,0.0,False
20,2013-01-21,0.0,False
21,2013-01-22,0.0,False
22,2013-01-23,0.0,False
23,2013-01-24,0.0,False
24,2013-01-25,0.0,False
25,2013-01-26,0.0,False
26,2013-01-27,0.0,False
27,2013-01-28,2.4299999999999997,False
28,2013-01-29,0.0,False
29,2013-01-30,2.46,False
30,2013-01-31,2.46,False
0,2013-02-01,0.0,False
1,2013-02-02,0.0,False
2,2013-02-03,0.0,False
3,2013-02-04,0.0,False
4,2013-02-05,0.0,False
5,2013-02-06,0.0,False
6,2013-02-07,0.0,False
7,2013-02-08,0.0,False
8,2013-02-09,5.0,False
9,2013-02-10,0.0,False
10,2013-02-11,0.0,False
11,2013-02-12,0.0,False
12,2013-02-13,0.0,False
13,2013-02-14,4.2,False
14,2013-02-15,0.0,False
15,2013-02-16,0.0,False
16,2013-02-17,4.800000000000001,False
17,2013-02-18,0.0,False
18,2013-02-19,0.0,False
19,2013-02-20,0.0,False
20,2013-02-21,4.1000000000000005,False
21,2013-02-22,4.25,False
22,2013-02-23,0.0,False
23,2013-02-24,0.0,False
24,2013-02-25,0.0,False
25,2013-02-26,3.95,False
26,2013-02-27,0.0,False
27,2013-02-28,0.0,False
0,2013-03-01,0.0,False
1,2013-03-02,0.0,False
2,2013-03-03,0.0,False
3,2013-03-04,0.0,False
4,2013-03-05,0.0,False
5,2013-03-06,0.0,False
6,2013-03-07,0.0,False
7,2013-03-08,0.0,False
8,2013-03-09,0.0,False
9,2013-03-10,0.0,False
10,2013-03-11,0.0,False
11,2013-03-12,0.0,False
12,2013-03-13,0.0,False
13,2013-03-14,0.0,False
14,2013-03-15,0.0,False
15,2013-03-16,0.0,False
16,2013-03-17,0.0,False
17,2013-03-18,0.0,False
18,2013-03-19,0.0,False
19,2013-03-20,0.0,False
20,2013-03-21,6.0,False
21,2013-03-22,0.0,False
22,2013-03-23,0.0,False
23,2013-03-24,0.0,False
24,2013-03-25,0.0,False
25,2013-03-26,3.0,False
26,2013-03-27,0.0,False
27,2013-03-28,0.0,False
28,2013-03-29,0.0,False
29,2013-03-30,0.0,False
30,2013-03-31,0.0,False
0,2013-04-01,0.0,False
1,2013-04-02,0.0,False
2,2013-04-03,0.0,False
3,2013-04-04,0.0,False
4,2013-04-05,0.0,False
5,2013-04-06,0.0,False
6,2013-04-07,0.0,False
7,2013-04-08,0.0,False
8,2013-04-09,2.94,False
9,2013-04-10,6.0,False
10,2013-04-11,0.0,False
11,2013-04-12,0.0,False
12,2013-04-13,0.0,False
13,2013-04-14,0.0,False
14,2013-04-15,0.0,False
15,2013-04-16,3.0,False
16,2013-04-17,3.0,False
17,2013-04-18,0.0,False
18,2013-04-19,3.1799999999999997,False
19,2013-04-20,0.0,False
20,2013-04-21,0.0,False
21,2013-04-22,0.0,False
22,2013-04-23,3.0,False
23,2013-04-24,0.0,False
24,2013-04-25,0.0,False
25,2013-04-26,3.1799999999999997,False
26,2013-04-27,0.0,False
27,2013-04-28,0.0,False
28,2013-04-29,0.0,False
29,2013-04-30,0.0,False
0,2013-05-01,0.0,False
1,2013-05-02,13.72,False
2,2013-05-03,0.0,False
3,2013-05-04,0.0,False
4,2013-05-05,0.0,False
5,2013-05-06,0.0,False
6,2013-05-07,0.0,False
7,2013-05-08,13.72,False
8,2013-05-09,14.000000000000002,False
9,2013-05-10,0.0,False
10,2013-05-11,0.0,False
11,2013-05-12,0.0,False
12,2013-05-13,0.0,False
13,2013-05-14,0.0,False
14,2013-05-15,13.3,False
15,2013-05-16,0.0,False
16,2013-05-17,0.0,False
17,2013-05-18,0.0,False
18,2013-05-19,0.0,False
19,2013-05-20,0.0,False
20,2013-05-21,0.0,False
21,2013-05-22,0.0,False
22,2013-05-23,0.0,False
23,2013-05-24,14.000000000000002,False
24,2013-05-25,0.0,False
25,2013-05-26,0.0,False
26,2013-05-27,0.0,False
27,2013-05-28,0.0,False
28,2013-05-29,13.160000000000002,False
29,2013-05-30,0.0,False
30,2013-05-31,0.0,False
0,2013-06-01,0.0,False
1,2013-06-02,0.0,False
2,2013-06-03,8.28,False
3,2013-06-04,0.0,False
4,2013-06-05,0.0,False
5,2013-06-06,8.37,False
6,2013-06-07,8.82,False
7,2013-06-08,0.0,False
8,2013-06-09,0.0,False
9,2013-06-10,0.0,False
10,2013-06-11,8.19,False
11,2013-06-12,0.0,False
12,2013-06-13,8.37,False
13,2013-06-14,0.0,False
14,2013-06-15,0.0,False
15,2013-06-16,0.0,False
16,2013-06-17,0.0,False
17,2013-06-18,8.37,False
18,2013-06-19,0.0,False
19,2013-06-20,8.459999999999999,False
20,2013-06-21,9.0,False
21,2013-06-22,0.0,False
22,2013-06-23,0.0,False
23,2013-06-24,0.0,False
24,2013-06-25,8.28,False
25,2013-06-26,0.0,False
26,2013-06-27,8.459999999999999,False
27,2013-06-28,8.73,False
28,2013-06-29,0.0,False
29,2013-06-30,0.0,False
0,2013-07-01,0.0,False
1,2013-07-02,0.0,False
2,2013-07-03,0.0,False
3,2013-07-04,0.0,False
4,2013-07-05,0.0,False
5,2013-07-06,0.0,False
6,2013-07-07,0.0,False
7,2013-07-08,0.0,False
8,2013-07-09,0.0,False
9,2013-07-10,0.0,False
10,2013-07-11,0.0,False
11,2013-07-12,0.0,False
12,2013-07-13,0.0,False
13,2013-07-14,0.0,False
14,2013-07-15,0.0,False
15,2013-07-16,10.530000000000001,False
16,2013-07-17,0.0,False
17,2013-07-18,0.0,False
18,2013-07-19,11.05,False
19,2013-07-20,13.0,False
20,2013-07-21,0.0,False
21,2013-07-22,0.0,False
22,2013-07-23,0.0,False
23,2013-07-24,0.0,False
24,2013-07-25,0.0,False
25,2013-07-26,0.0,False
26,2013-07-27,0.0,False
27,2013-07-28,0.0,False
28,2013-07-29,10.4,False
29,2013-07-30,0.0,False
30,2013-07-31,10.66,False
0,2013-08-01,9.959999999999999,False
1,2013-08-02,0.0,False
2,2013-08-03,12.0,False
3,2013-08-04,0.0,False
4,2013-08-05,9.84,False
5,2013-08-06,0.0,False
6,2013-08-07,0.0,False
7,2013-08-08,10.08,False
8,2013-08-09,10.32,False
9,2013-08-10,12.0,False
10,2013-08-11,0.0,False
11,2013-08-12,0.0,False
12,2013-08-13,0.0,False
13,2013-08-14,0.0,False
14,2013-08-15,0.0,False
15,2013-08-16,0.0,False
16,2013-08-17,0.0,False
17,2013-08-18,0.0,False
18,2013-08-19,0.0,False
19,2013-08-20,0.0,False
20,2013-08-21,9.6,False
21,2013-08-22,0.0,False
22,2013-08-23,0.0,False
23,2013-08-24,0.0,False
24,2013-08-25,0.0,False
25,2013-08-26,0.0,False
26,2013-08-27,0.0,False
27,2013-08-28,0.0,False
28,2013-08-29,0.0,False
29,2013-08-30,9.84,False
30,2013-08-31,0.0,False
0,2013-09-01,0.0,False
1,2013-09-02,0.0,False
2,2013-09-03,5.61,False
3,2013-09-04,5.61,False
4,2013-09-05,5.72,False
5,2013-09-06,5.94,False
6,2013-09-07,0.0,False
7,2013-09-08,0.0,False
8,2013-09-09,0.0,False
9,2013-09-10,0.0,False
10,2013-09-11,5.5,False
11,2013-09-12,0.0,False
12,2013-09-13,0.0,False
13,2013-09-14,0.0,False
14,2013-09-15,0.0,False
15,2013-09-16,11.0,False
16,2013-09-17,0.0,False
17,2013-09-18,5.61,False
18,2013-09-19,5.61,False
19,2013-09-20,0.0,False
20,2013-09-21,0.0,False
21,2013-09-22,0.0,False
22,2013-09-23,5.5,False
23,2013-09-24,5.5,False
24,2013-09-25,5.61,False
25,2013-09-26,0.0,False
26,2013-09-27,0.0,False
27,2013-09-28,0.0,False
28,2013-09-29,6.49,False
29,2013-09-30,0.0,False
0,2013-10-01,11.84,False
1,2013-10-02,0.0,False
2,2013-10-03,8.16,False
3,2013-10-04,8.32,False
4,2013-10-05,0.0,False
5,2013-10-06,9.28,False
6,2013-10-07,16.0,False
7,2013-10-08,13.280000000000001,False
8,2013-10-09,8.16,False
9,2013-10-10,8.16,False
10,2013-10-11,8.48,False
11,2013-10-12,0.0,False
12,2013-10-13,9.44,False
13,2013-10-14,0.0,False
14,2013-10-15,8.0,False
15,2013-10-16,8.16,False
16,2013-10-17,0.0,False
17,2013-10-18,0.0,False
18,2013-10-19,0.0,False
19,2013-10-20,0.0,False
20,2013-10-21,7.84,False
21,2013-10-22,8.0,False
22,2013-10-23,0.0,False
23,2013-10-24,8.0,False
24,2013-10-25,0.0,False
25,2013-10-26,0.0,False
26,2013-10-27,0.0,False
27,2013-10-28,7.84,False
28,2013-10-29,0.0,False
29,2013-10-30,0.0,False
30,2013-10-31,8.32,False
0,2013-11-01,9.4,False
1,2013-11-02,0.0,False
2,2013-11-03,0.0,False
3,2013-11-04,0.0,False
4,2013-11-05,0.0,False
5,2013-11-06,8.5,False
6,2013-11-07,0.0,False
7,2013-11-08,9.0,False
8,2013-11-09,0.0,False
9,2013-11-10,9.9,False
10,2013-11-11,0.0,False
11,2013-11-12,0.0,False
12,2013-11-13,0.0,False
13,2013-11-14,8.6,False
14,2013-11-15,9.0,False
15,2013-11-16,0.0,False
16,2013-11-17,0.0,False
17,2013-11-18,0.0,False
18,2013-11-19,8.3,False
19,2013-11-20,0.0,False
20,2013-11-21,0.0,False
21,2013-11-22,0.0,False
22,2013-11-23,0.0,False
23,2013-11-24,0.0,False
24,2013-11-25,0.0,False
25,2013-11-26,0.0,False
26,2013-11-27,0.0,False
27,2013-11-28,9.0,False
28,2013-11-29,9.1,False
29,2013-11-30,10.0,False
0,2013-12-01,0.0,False
1,2013-12-02,0.0,False
2,2013-12-03,0.0,False
3,2013-12-04,0.0,False
4,2013-12-05,0.0,False
5,2013-12-06,0.0,False
6,2013-12-07,0.0,False
7,2013-12-08,0.0,False
8,2013-12-09,0.0,False
9,2013-12-10,4.0,False
10,2013-12-11,4.1000000000000005,False
11,2013-12-12,4.2,False
12,2013-12-13,4.3500000000000005,False
13,2013-12-14,0.0,False
14,2013-12-15,0.0,False
15,2013-12-16,4.1000000000000005,False
16,2013-12-17,0.0,False
17,2013-12-18,0.0,False
18,2013-12-19,0.0,False
19,2013-12-20,4.6000000000000005,False
20,2013-12-21,0.0,False
21,2013-12-22,0.0,False
22,2013-12-23,0.0,False
23,2013-12-24,4.95,False
24,2013-12-25,0.0,False
25,2013-12-26,4.7,False
26,2013-12-27,0.0,False
27,2013-12-28,5.0,False
28,2013-12-29,0.0,False
29,2013-12-30,4.5,False
30,2013-12-31,0.0,False
0,2014-01-01,0.0,False
1,2014-01-02,0.0,False
2,2014-01-03,0.0,False
3,2014-01-04,0.0,False
4,2014-01-05,12.0,False
5,2014-01-06,10.44,False
6,2014-01-07,0.0,False
7,2014-01-08,0.0,False
8,2014-01-09,0.0,False
9,2014-01-10,10.559999999999999,False
10,2014-01-11,12.0,False
11,2014-01-12,0.0,False
12,2014-01-13,0.0,False
13,2014-01-14,9.959999999999999,False
14,2014-01-15,0.0,False
15,2014-01-16,10.2,False
16,2014-01-17,0.0,False
17,2014-01-18,0.0,False
18,2014-01-19,0.0,False
19,2014-01-20,9.959999999999999,False
20,2014-01-21,0.0,False
21,2014-01-22,0.0,False
22,2014-01-23,0.0,False
23,2014-01-24,0.0,False
24,2014-01-25,0.0,False
25,2014-01-26,0.0,False
26,2014-01-27,0.0,False
27,2014-01-28,0.0,False
28,2014-01-29,0.0,False
29,2014-01-30,10.08,False
30,2014-01-31,0.0,False
0,2014-02-01,0.0,False
1,2014-02-02,0.0,False
2,2014-02-03,6.6,False
3,2014-02-04,0.0,False
4,2014-02-05,6.6,False
5,2014-02-06,0.0,False
6,2014-02-07,0.0,False
7,2014-02-08,0.0,False
8,2014-02-09,0.0,False
9,2014-02-10,0.0,False
10,2014-02-11,0.0,False
11,2014-02-12,0.0,False
12,2014-02-13,0.0,False
13,2014-02-14,0.0,False
14,2014-02-15,0.0,False
15,2014-02-16,0.0,False
16,2014-02-17,0.0,False
17,2014-02-18,0.0,False
18,2014-02-19,11.0,False
19,2014-02-20,6.6,False
20,2014-02-21,6.82,False
21,2014-02-22,0.0,False
22,2014-02-23,0.0,False
23,2014-02-24,6.38,False
24,2014-02-25,0.0,False
25,2014-02-26,0.0,False
26,2014-02-27,0.0,False
27,2014-02-28,6.82,False
0,2014-03-01,0.0,False
1,2014-03-02,0.0,False
2,2014-03-03,0.0,False
3,2014-03-04,0.0,False
4,2014-03-05,14.000000000000002,False
5,2014-03-06,13.860000000000001,False
6,2014-03-07,0.0,False
7,2014-03-08,0.0,False
8,2014-03-09,0.0,False
9,2014-03-10,0.0,False
10,2014-03-11,6.86,False
11,2014-03-12,0.0,False
12,2014-03-13,0.0,False
13,2014-03-14,7.280000000000001,False
14,2014-03-15,8.120000000000001,False
15,2014-03-16,0.0,False
16,2014-03-17,0.0,False
17,2014-03-18,6.86,False
18,2014-03-19,6.86,False
19,2014-03-20,0.0,False
20,2014-03-21,0.0,False
21,2014-03-22,0.0,False
22,2014-03-23,0.0,False
23,2014-03-24,0.0,False
24,2014-03-25,0.0,False
25,2014-03-26,6.86,False
26,2014-03-27,7.000000000000001,False
27,2014-03-28,0.0,False
28,2014-03-29,0.0,False
29,2014-03-30,0.0,False
30,2014-03-31,0.0,False
0,2014-04-01,9.700000000000001,False
1,2014-04-02,10.0,False
2,2014-04-03,0.0,False
3,2014-04-04,0.0,False
4,2014-04-05,0.0,False
5,2014-04-06,0.0,False
6,2014-04-07,0.0,False
7,2014-04-08,0.0,False
8,2014-04-09,4.9,False
9,2014-04-10,0.0,False
10,2014-04-11,0.0,False
11,2014-04-12,0.0,False
12,2014-04-13,0.0,False
13,2014-04-14,0.0,False
14,2014-04-15,0.0,False
15,2014-04-16,5.1000000000000005,False
16,2014-04-17,5.300000000000001,False
17,2014-04-18,8.700000000000001,False
18,2014-04-19,0.0,False
19,2014-04-20,6.4,False
20,2014-04-21,0.0,False
21,2014-04-22,0.0,False
22,2014-04-23,0.0,False
23,2014-04-24,5.0,False
24,2014-04-25,0.0,False
25,2014-04-26,0.0,False
26,2014-04-27,0.0,False
27,2014-04-28,4.9,False
28,2014-04-29,0.0,False
29,2014-04-30,7.5,False
0,2014-05-01,5.39,False
1,2014-05-02,0.0,False
2,2014-05-03,0.0,False
3,2014-05-04,0.0,False
4,2014-05-05,0.0,False
5,2014-05-06,0.0,False
6,2014-05-07,4.84,False
7,2014-05-08,4.95,False
8,2014-05-09,5.06,False
9,2014-05-10,0.0,False
10,2014-05-11,0.0,False
11,2014-05-12,4.84,False
12,2014-05-13,0.0,False
13,2014-05-14,0.0,False
14,2014-05-15,0.0,False
15,2014-05-16,0.0,False
16,2014-05-17,0.0,False
17,2014-05-18,5.83,False
18,2014-05-19,4.84,False
19,2014-05-20,4.84,False
20,2014-05-21,0.0,False
21,2014-05-22,0.0,False
22,2014-05-23,0.0,False
23,2014-05-24,0.0,False
24,2014-05-25,0.0,False
25,2014-05-26,5.39,False
26,2014-05-27,5.17,False
27,2014-05-28,0.0,False
28,2014-05-29,11.0,False
29,2014-05-30,0.0,False
30,2014-05-31,0.0,False
0,2014-06-01,0.0,False
1,2014-06-02,7.68,False
2,2014-06-03,7.68,False
3,2014-06-04,7.68,False
4,2014-06-05,0.0,False
5,2014-06-06,0.0,False
6,2014-06-07,0.0,False
7,2014-06-08,0.0,False
8,2014-06-09,7.92,False
9,2014-06-10,12.0,False
10,2014-06-11,7.8,False
11,2014-06-12,7.92,False
12,2014-06-13,0.0,False
13,2014-06-14,0.0,False
14,2014-06-15,0.0,False
15,2014-06-16,7.8,False
16,2014-06-17,7.8,False
17,2014-06-18,7.92,False
18,2014-06-19,0.0,False
19,2014-06-20,8.4,False
20,2014-06-21,0.0,False
21,2014-06-22,0.0,False
22,2014-06-23,7.92,False
23,2014-06-24,7.8,False
24,2014-06-25,7.92,False
25,2014-06-26,8.04,False
26,2014-06-27,0.0,False
27,2014-06-28,0.0,False
28,2014-06-29,0.0,False
29,2014-06-30,0.0,False
0,2014-07-01,7.35,False
1,2014-07-02,7.5,False
2,2014-07-03,0.0,False
3,2014-07-04,0.0,False
4,2014-07-05,0.0,False
5,2014-07-06,0.0,False
6,2014-07-07,7.5,False
7,2014-07-08,0.0,False
8,2014-07-09,0.0,False
9,2014-07-10,7.5,False
10,2014-07-11,7.8,False
11,2014-07-12,0.0,False
12,2014-07-13,0.0,False
13,2014-07-14,7.35,False
14,2014-07-15,7.35,False
15,2014-07-16,0.0,False
16,2014-07-17,7.5,False
17,2014-07-18,0.0,False
18,2014-07-19,9.15,False
19,2014-07-20,0.0,False
20,2014-07-21,7.5,False
21,2014-07-22,0.0,False
22,2014-07-23,0.0,False
23,2014-07-24,0.0,False
24,2014-07-25,7.949999999999999,False
25,2014-07-26,0.0,False
26,2014-07-27,9.0,False
27,2014-07-28,0.0,False
28,2014-07-29,0.0,False
29,2014-07-30,7.5,False
30,2014-07-31,15.0,False
0,2014-08-01,0.0,False
1,2014-08-02,0.0,False
2,2014-08-03,0.0,False
3,2014-08-04,0.0,False
4,2014-08-05,0.0,False
5,2014-08-06,7.84,False
6,2014-08-07,0.0,False
7,2014-08-08,0.0,False
8,2014-08-09,0.0,False
9,2014-08-10,0.0,False
10,2014-08-11,0.0,False
11,2014-08-12,0.0,False
12,2014-08-13,0.0,False
13,2014-08-14,0.0,False
14,2014-08-15,0.0,False
15,2014-08-16,0.0,False
16,2014-08-17,0.0,False
17,2014-08-18,7.76,False
18,2014-08-19,0.0,False
19,2014-08-20,0.0,False
20,2014-08-21,7.68,False
21,2014-08-22,7.92,False
22,2014-08-23,0.0,False
23,2014-08-24,0.0,False
24,2014-08-25,0.0,False
25,2014-08-26,7.44,False
26,2014-08-27,7.44,False
27,2014-08-28,0.0,False
28,2014-08-29,8.0,False
29,2014-08-30,0.0,False
30,2014-08-31,0.0,False
0,2014-09-01,0.0,False
1,2014-09-02,0.0,False
2,2014-09-03,0.0,False
3,2014-09-04,0.0,False
4,2014-09-05,6.63,False
5,2014-09-06,0.0,False
6,2014-09-07,0.0,False
7,2014-09-08,0.0,False
8,2014-09-09,6.11,False
9,2014-09-10,0.0,False
10,2014-09-11,6.24,False
11,2014-09-12,13.0,False
12,2014-09-13,0.0,False
13,2014-09-14,0.0,False
14,2014-09-15,0.0,False
15,2014-09-16,0.0,False
16,2014-09-17,0.0,False
17,2014-09-18,0.0,False
18,2014-09-19,6.5,False
19,2014-09-20,0.0,False
20,2014-09-21,0.0,False
21,2014-09-22,6.11,False
22,2014-09-23,6.11,False
23,2014-09-24,6.24,False
24,2014-09-25,6.24,False
25,2014-09-26,0.0,False
26,2014-09-27,0.0,False
27,2014-09-28,0.0,False
28,2014-09-29,0.0,False
29,2014-09-30,0.0,False
0,2014-10-01,5.52,False
1,2014-10-02,0.0,False
2,2014-10-03,6.0,False
3,2014-10-04,0.0,False
4,2014-10-05,0.0,False
5,2014-10-06,0.0,False
6,2014-10-07,0.0,False
7,2014-10-08,5.58,False
8,2014-10-09,0.0,False
9,2014-10-10,5.76,False
10,2014-10-11,0.0,False
11,2014-10-12,0.0,False
12,2014-10-13,0.0,False
13,2014-10-14,5.3999999999999995,False
14,2014-10-15,0.0,False
15,2014-10-16,0.0,False
16,2014-10-17,0.0,False
17,2014-10-18,0.0,False
18,2014-10-19,0.0,False
19,2014-10-20,5.46,False
20,2014-10-21,5.3999999999999995,False
21,2014-10-22,0.0,False
22,2014-10-23,0.0,False
23,2014-10-24,0.0,False
24,2014-10-25,0.0,False
25,2014-10-26,0.0,False
26,2014-10-27,5.46,False
27,2014-10-28,0.0,False
28,2014-10-29,0.0,False
29,2014-10-30,0.0,False
30,2014-10-31,0.0,False
0,2014-11-01,0.0,False
1,2014-11-02,0.0,False
2,2014-11-03,0.0,False
3,2014-11-04,6.0,False
4,2014-11-05,0.0,False
5,2014-11-06,0.0,False
6,2014-11-07,0.0,False
7,2014-11-08,0.0,False
8,2014-11-09,0.0,False
9,2014-11-10,3.0,False
10,2014-11-11,0.0,False
11,2014-11-12,0.0,False
12,2014-11-13,0.0,False
13,2014-11-14,3.12,False
14,2014-11-15,0.0,False
15,2014-11-16,0.0,False
16,2014-11-17,0.0,False
17,2014-11-18,3.2399999999999998,False
18,2014-11-19,3.12,False
19,2014-11-20,3.06,False
20,2014-11-21,3.12,False
21,2014-11-22,0.0,False
22,2014-11-23,3.48,False
23,2014-11-24,2.94,False
24,2014-11-25,2.94,False
25,2014-11-26,3.0,False
26,2014-11-27,0.0,False
27,2014-11-28,3.1799999999999997,False
28,2014-11-29,0.0,False
29,2014-11-30,0.0,False
0,2014-12-01,0.0,False
1,2014-12-02,0.0,False
2,2014-12-03,0.0,False
3,2014-12-04,5.74,False
4,2014-12-05,6.0200000000000005,False
5,2014-12-06,6.790000000000001,False
6,2014-12-07,6.65,False
7,2014-12-08,0.0,False
8,2014-12-09,5.6000000000000005,False
9,2014-12-10,5.670000000000001,False
10,2014-12-11,0.0,False
11,2014-12-12,0.0,False
12,2014-12-13,0.0,False
13,2014-12-14,0.0,False
14,2014-12-15,0.0,False
15,2014-12-16,5.74,False
16,2014-12-17,0.0,False
17,2014-12-18,6.0200000000000005,False
18,2014-12-19,6.23,False
19,2014-12-20,7.000000000000001,False
20,2014-12-21,0.0,False
21,2014-12-22,0.0,False
22,2014-12-23,0.0,False
23,2014-12-24,0.0,False
24,2014-12-25,0.0,False
25,2014-12-26,6.720000000000001,False
26,2014-12-27,0.0,False
27,2014-12-28,0.0,False
28,2014-12-29,0.0,False
29,2014-12-30,0.0,False
30,2014-12-31,0.0,False
0,2015-01-01,0.0,False
1,2015-01-02,0.0,False
2,2015-01-03,0.0,False
3,2015-01-04,0.0,False
4,2015-01-05,0.0,False
5,2015-01-06,0.0,False
6,2015-01-07,0.0,False
7,2015-01-08,0.0,False
8,2015-01-09,0.0,False
9,2015-01-10,0.0,False
10,2015-01-11,7.84,False
11,2015-01-12,0.0,False
12,2015-01-13,0.0,False
13,2015-01-14,0.0,False
14,2015-01-15,0.0,False
15,2015-01-16,6.88,False
16,2015-01-17,8.0,False
17,2015-01-18,0.0,False
18,2015-01-19,0.0,False
19,2015-01-20,0.0,False
20,2015-01-21,0.0,False
21,2015-01-22,0.0,False
22,2015-01-23,0.0,False
23,2015-01-24,0.0,False
24,2015-01-25,0.0,False
25,2015-01-26,0.0,False
26,2015-01-27,0.0,False
27,2015-01-28,0.0,False
28,2015-01-29,0.0,False
29,2015-01-30,0.0,False
30,2015-01-31,0.0,False
0,2015-02-01,0.0,False
1,2015-02-02,0.0,False
2,2015-02-03,0.0,False
3,2015-02-04,4.2299999999999995,False
4,2015-02-05,0.0,False
5,2015-02-06,4.5,False
6,2015-02-07,0.0,False
7,2015-02-08,0.0,False
8,2015-02-09,4.2299999999999995,False
9,2015-02-10,0.0,False
10,2015-02-11,4.32,False
11,2015-02-12,4.32,False
12,2015-02-13,9.0,False
13,2015-02-14,0.0,False
14,2015-02-15,0.0,False
15,2015-02-16,0.0,False
16,2015-02-17,0.0,False
17,2015-02-18,5.76,False
18,2015-02-19,4.41,False
19,2015-02-20,4.5,False
20,2015-02-21,0.0,False
21,2015-02-22,4.95,False
22,2015-02-23,8.37,False
23,2015-02-24,4.2299999999999995,False
24,2015-02-25,0.0,False
25,2015-02-26,4.32,False
26,2015-02-27,4.41,False
27,2015-02-28,0.0,False
0,2015-03-01,0.0,False
1,2015-03-02,5.28,False
2,2015-03-03,0.0,False
3,2015-03-04,5.39,False
4,2015-03-05,10.89,False
5,2015-03-06,0.0,False
6,2015-03-07,0.0,False
7,2015-03-08,0.0,False
8,2015-03-09,5.39,False
9,2015-03-10,5.39,False
10,2015-03-11,0.0,False
11,2015-03-12,11.0,False
12,2015-03-13,0.0,False
13,2015-03-14,0.0,False
14,2015-03-15,0.0,False
15,2015-03-16,0.0,False
16,2015-03-17,0.0,False
17,2015-03-18,0.0,False
18,2015-03-19,0.0,False
19,2015-03-20,0.0,False
20,2015-03-21,0.0,False
21,2015-03-22,6.16,False
22,2015-03-23,0.0,False
23,2015-03-24,5.28,False
24,2015-03-25,0.0,False
25,2015-03-26,6.2700000000000005,False
26,2015-03-27,8.47,False
27,2015-03-28,0.0,False
28,2015-03-29,0.0,False
29,2015-03-30,0.0,False
30,2015-03-31,5.39,False
0,2015-04-01,0.0,False
1,2015-04-02,4.32,False
2,2015-04-03,0.0,False
3,2015-04-04,0.0,False
4,2015-04-05,0.0,False
5,2015-04-06,0.0,False
6,2015-04-07,5.92,False
7,2015-04-08,4.08,False
8,2015-04-09,0.0,False
9,2015-04-10,0.0,False
10,2015-04-11,0.0,False
11,2015-04-12,0.0,False
12,2015-04-13,0.0,False
13,2015-04-14,3.92,False
14,2015-04-15,0.0,False
15,2015-04-16,0.0,False
16,2015-04-17,0.0,False
17,2015-04-18,0.0,False
18,2015-04-19,0.0,False
19,2015-04-20,0.0,False
20,2015-04-21,4.0,False
21,2015-04-22,4.08,False
22,2015-04-23,4.08,False
23,2015-04-24,0.0,False
24,2015-04-25,0.0,False
25,2015-04-26,0.0,False
26,2015-04-27,0.0,False
27,2015-04-28,0.0,False
28,2015-04-29,8.0,False
29,2015-04-30,0.0,False
0,2015-05-01,0.0,False
1,2015-05-02,0.0,False
2,2015-05-03,0.0,False
3,2015-05-04,0.0,False
4,2015-05-05,0.0,False
5,2015-05-06,0.0,False
6,2015-05-07,0.0,False
7,2015-05-08,0.0,False
8,2015-05-09,0.0,False
9,2015-05-10,0.0,False
10,2015-05-11,5.76,False
11,2015-05-12,0.0,False
12,2015-05-13,0.0,False
13,2015-05-14,5.88,False
14,2015-05-15,6.0,False
15,2015-05-16,0.0,False
16,2015-05-17,0.0,False
17,2015-05-18,0.0,False
18,2015-05-19,5.64,False
19,2015-05-20,0.0,False
20,2015-05-21,0.0,False
21,2015-05-22,0.0,False
22,2015-05-23,0.0,False
23,2015-05-24,0.0,False
24,2015-05-25,0.0,False
25,2015-05-26,0.0,False
26,2015-05-27,0.0,False
27,2015-05-28,0.0,False
28,2015-05-29,0.0,False
29,2015-05-30,0.0,False
30,2015-05-31,0.0,False
0,2015-06-01,0.0,False
1,2015-06-02,0.0,False
2,2015-06-03,0.0,False
3,2015-06-04,2.94,False
4,2015-06-05,0.0,False
5,2015-06-06,0.0,False
6,2015-06-07,3.42,False
7,2015-06-08,0.0,False
8,2015-06-09,2.76,False
9,2015-06-10,0.0,False
10,2015-06-11,4.32,False
11,2015-06-12,6.0,False
12,2015-06-13,0.0,False
13,2015-06-14,0.0,False
14,2015-06-15,0.0,False
15,2015-06-16,2.76,False
16,2015-06-17,4.2,False
17,2015-06-18,0.0,False
18,2015-06-19,2.94,False
19,2015-06-20,0.0,False
20,2015-06-21,0.0,False
21,2015-06-22,0.0,False
22,2015-06-23,0.0,False
23,2015-06-24,0.0,False
24,2015-06-25,0.0,False
25,2015-06-26,0.0,False
26,2015-06-27,0.0,False
27,2015-06-28,0.0,False
28,2015-06-29,2.82,False
29,2015-06-30,0.0,False
0,2015-07-01,0.0,False
1,2015-07-02,6.11,False
2,2015-07-03,0.0,False
3,2015-07-04,0.0,False
4,2015-07-05,7.41,False
5,2015-07-06,5.98,False
6,2015-07-07,0.0,False
7,2015-07-08,0.0,False
8,2015-07-09,0.0,False
9,2015-07-10,6.37,False
10,2015-07-11,0.0,False
11,2015-07-12,0.0,False
12,2015-07-13,0.0,False
13,2015-07-14,12.22,False
14,2015-07-15,0.0,False
15,2015-07-16,9.23,False
16,2015-07-17,13.0,False
17,2015-07-18,0.0,False
18,2015-07-19,0.0,False
19,2015-07-20,0.0,False
20,2015-07-21,6.11,False
21,2015-07-22,0.0,False
22,2015-07-23,0.0,False
23,2015-07-24,0.0,False
24,2015-07-25,7.28,False
25,2015-07-26,0.0,False
26,2015-07-27,0.0,False
27,2015-07-28,5.98,False
28,2015-07-29,11.96,False
29,2015-07-30,0.0,False
30,2015-07-31,6.37,False
0,2015-08-01,0.0,False
1,2015-08-02,0.0,False
2,2015-08-03,0.0,False
3,2015-08-04,0.0,False
4,2015-08-05,4.75,False
5,2015-08-06,0.0,False
6,2015-08-07,5.0,False
7,2015-08-08,0.0,False
8,2015-08-09,0.0,False
9,2015-08-10,4.7,False
10,2015-08-11,0.0,False
11,2015-08-12,0.0,False
12,2015-08-13,0.0,False
13,2015-08-14,4.95,False
14,2015-08-15,0.0,False
15,2015-08-16,0.0,False
16,2015-08-17,0.0,False
17,2015-08-18,0.0,False
18,2015-08-19,0.0,False
19,2015-08-20,0.0,False
20,2015-08-21,4.800000000000001,False
21,2015-08-22,0.0,False
22,2015-08-23,0.0,False
23,2015-08-24,4.55,False
24,2015-08-25,0.0,False
25,2015-08-26,0.0,False
26,2015-08-27,4.65,False
27,2015-08-28,0.0,False
28,2015-08-29,0.0,False
29,2015-08-30,0.0,False
30,2015-08-31,4.5,False
0,2015-09-01,0.0,False
1,2015-09-02,0.0,False
2,2015-09-03,1.47,False
3,2015-09-04,0.0,False
4,2015-09-05,0.0,False
5,2015-09-06,0.0,False
6,2015-09-07,0.0,False
7,2015-09-08,0.0,False
8,2015-09-09,0.0,False
9,2015-09-10,0.0,False
10,2015-09-11,0.0,False
11,2015-09-12,0.0,False
12,2015-09-13,0.0,False
13,2015-09-14,1.41,False
14,2015-09-15,0.0,False
15,2015-09-16,0.0,False
16,2015-09-17,0.0,False
17,2015-09-18,0.0,False
18,2015-09-19,0.0,False
19,2015-09-20,0.0,False
20,2015-09-21,0.0,False
21,2015-09-22,1.41,False
22,2015-09-23,0.0,False
23,2015-09-24,0.0,False
24,2015-09-25,3.0,False
25,2015-09-26,0.0,False
26,2015-09-27,0.0,False
27,2015-09-28,0.0,False
28,2015-09-29,0.0,False
29,2015-09-30,1.41,False
0,2015-10-01,0.0,False
1,2015-10-02,0.0,False
2,2015-10-03,4.29,False
3,2015-10-04,0.0,False
4,2015-10-05,0.0,False
5,2015-10-06,3.63,False
6,2015-10-07,0.0,False
7,2015-10-08,0.0,False
8,2015-10-09,0.0,False
9,2015-10-10,4.29,False
10,2015-10-11,0.0,False
11,2015-10-12,0.0,False
12,2015-10-13,3.52,False
13,2015-10-14,3.63,False
14,2015-10-15,11.0,False
15,2015-10-16,0.0,False
16,2015-10-17,0.0,False
17,2015-10-18,0.0,False
18,2015-10-19,3.52,False
19,2015-10-20,3.52,False
20,2015-10-21,0.0,False
21,2015-10-22,3.63,False
22,2015-10-23,0.0,False
23,2015-10-24,4.29,False
24,2015-10-25,0.0,False
25,2015-10-26,5.28,False
26,2015-10-27,3.63,False
27,2015-10-28,0.0,False
28,2015-10-29,0.0,False
29,2015-10-30,3.85,False
30,2015-10-31,0.0,False
0,2015-11-01,0.0,False
1,2015-11-02,0.0,False
2,2015-11-03,0.0,False
3,2015-11-04,0.0,False
4,2015-11-05,0.0,False
5,2015-11-06,5.0,False
6,2015-11-07,0.0,False
7,2015-11-08,0.0,False
8,2015-11-09,0.0,False
9,2015-11-10,4.75,False
10,2015-11-11,4.95,False
11,2015-11-12,0.0,False
12,2015-11-13,0.0,False
13,2015-11-14,0.0,False
14,2015-11-15,0.0,False
15,2015-11-16,0.0,False
16,2015-11-17,4.75,False
17,2015-11-18,0.0,False
18,2015-11-19,0.0,False
19,2015-11-20,0.0,False
20,2015-11-21,0.0,False
21,2015-11-22,0.0,False
22,2015-11-23,4.75,False
23,2015-11-24,0.0,False
24,2015-11-25,0.0,False
25,2015-11-26,0.0,False
26,2015-11-27,0.0,False
27,2015-11-28,0.0,False
28,2015-11-29,0.0,False
29,2015-11-30,4.65,False
0,2015-12-01,0.0,False
1,2015-12-02,0.0,False
2,2015-12-03,0.0,False
3,2015-12-04,3.36,False
4,2015-12-05,0.0,False
5,2015-12-06,0.0,False
6,2015-12-07,0.0,False
7,2015-12-08,0.0,False
8,2015-12-09,0.0,False
9,2015-12-10,3.2800000000000002,False
10,2015-12-11,0.0,False
11,2015-12-12,0.0,False
12,2015-12-13,0.0,False
13,2015-12-14,3.2,False
14,2015-12-15,3.36,False
15,2015-12-16,3.36,False
16,2015-12-17,3.36,False
17,2015-12-18,3.6,False
18,2015-12-19,4.0,False
19,2015-12-20,0.0,False
20,2015-12-21,0.0,False
21,2015-12-22,3.52,False
22,2015-12-23,0.0,False
23,2015-12-24,0.0,False
24,2015-12-25,0.0,False
25,2015-12-26,0.0,False
26,2015-12-27,0.0,False
27,2015-12-28,3.52,False
28,2015-12-29,3.6,False
29,2015-12-30,0.0,False
30,2015-12-31,8.0,False
0,2016-01-01,0.0,False
1,2016-01-02,0.0,False
2,2016-01-03,0.0,False
3,2016-01-04,2.8000000000000003,False
4,2016-01-05,2.8000000000000003,False
5,2016-01-06,0.0,False
6,2016-01-07,0.0,False
7,2016-01-08,0.0,False
8,2016-01-09,3.12,False
9,2016-01-10,0.0,False
10,2016-01-11,8.0,False
11,2016-01-12,2.72,False
12,2016-01-13,2.72,False
13,2016-01-14,2.72,False
14,2016-01-15,2.88,False
15,2016-01-16,0.0,False
16,2016-01-17,0.0,False
17,2016-01-18,0.0,False
18,2016-01-19,2.72,False
19,2016-01-20,2.72,False
20,2016-01-21,2.8000000000000003,False
21,2016-01-22,0.0,False
22,2016-01-23,0.0,False
23,2016-01-24,0.0,False
24,2016-01-25,0.0,False
25,2016-01-26,2.72,False
26,2016-01-27,2.72,False
27,2016-01-28,5.5200000000000005,False
28,2016-01-29,0.0,False
29,2016-01-30,0.0,False
30,2016-01-31,3.04,False
0,2016-02-01,5.28,False
1,2016-02-02,0.0,False
2,2016-02-03,0.0,False
3,2016-02-04,0.0,False
4,2016-02-05,0.0,False
5,2016-02-06,6.4,False
6,2016-02-07,0.0,False
7,2016-02-08,5.44,False
8,2016-02-09,5.44,False
9,2016-02-10,5.44,False
10,2016-02-11,0.0,False
11,2016-02-12,5.6000000000000005,False
12,2016-02-13,0.0,False
13,2016-02-14,12.0,False
14,2016-02-15,0.0,False
15,2016-02-16,0.0,False
16,2016-02-17,16.0,False
17,2016-02-18,5.28,False
18,2016-02-19,0.0,False
19,2016-02-20,6.08,False
20,2016-02-21,0.0,False
21,2016-02-22,5.28,False
22,2016-02-23,0.0,False
23,2016-02-24,0.0,False
24,2016-02-25,5.28,False
25,2016-02-26,5.6000000000000005,False
26,2016-02-27,0.0,False
27,2016-02-28,0.0,False
28,2016-02-29,5.12,False
0,2016-03-01,6.4799999999999995,False
1,2016-03-02,4.32,False
2,2016-03-03,0.0,False
3,2016-03-04,9.0,False
4,2016-03-05,0.0,False
5,2016-03-06,0.0,False
6,2016-03-07,0.0,False
7,2016-03-08,0.0,False
8,2016-03-09,0.0,False
9,2016-03-10,4.5,False
10,2016-03-11,6.84,False
11,2016-03-12,0.0,False
12,2016-03-13,0.0,False
13,2016-03-14,4.32,False
14,2016-03-15,4.41,False
15,2016-03-16,0.0,False
16,2016-03-17,8.91,False
17,2016-03-18,4.68,False
18,2016-03-19,5.13,False
19,2016-03-20,0.0,False
20,2016-03-21,0.0,False
21,2016-03-22,4.41,False
22,2016-03-23,4.59,False
23,2016-03-24,0.0,False
24,2016-03-25,4.859999999999999,False
25,2016-03-26,0.0,False
26,2016-03-27,0.0,False
27,2016-03-28,0.0,False
28,2016-03-29,0.0,False
29,2016-03-30,4.41,False
30,2016-03-31,0.0,False
0,2016-04-01,0.0,False
1,2016-04-02,0.0,False
2,2016-04-03,0.0,False
3,2016-04-04,0.0,False
4,2016-04-05,0.0,False
5,2016-04-06,0.0,False
6,2016-04-07,0.0,False
7,2016-04-08,0.0,False
8,2016-04-09,0.0,False
9,2016-04-10,0.0,False
10,2016-04-11,0.0,False
11,2016-04-12,0.0,False
12,2016-04-13,0.0,False
13,2016-04-14,0.0,False
14,2016-04-15,0.0,False
15,2016-04-16,0.0,False
16,2016-04-17,0.0,False
17,2016-04-18,5.0,False
18,2016-04-19,0.0,False
19,2016-04-20,2.5,False
20,2016-04-21,0.0,False
21,2016-04-22,2.6500000000000004,False
22,2016-04-23,0.0,False
23,2016-04-24,0.0,False
24,2016-04-25,0.0,False
25,2016-04-26,0.0,False
26,2016-04-27,2.5500000000000003,False
27,2016-04-28,0.0,False
28,2016-04-29,2.6500000000000004,False
29,2016-04-30,0.0,False
0,2016-05-01,0.0,False
1,2016-05-02,6.23,False
2,2016-05-03,6.16,False
3,2016-05-04,6.16,False
4,2016-05-05,6.370000000000001,False
5,2016-05-06,6.580000000000001,False
6,2016-05-07,0.0,False
7,2016-05-08,0.0,False
8,2016-05-09,6.16,False
9,2016-05-10,6.0200000000000005,False
10,2016-05-11,0.0,False
11,2016-05-12,0.0,False
12,2016-05-13,0.0,False
13,2016-05-14,0.0,False
14,2016-05-15,7.000000000000001,False
15,2016-05-16,6.090000000000001,False
16,2016-05-17,0.0,False
17,2016-05-18,0.0,False
18,2016-05-19,0.0,False
19,2016-05-20,6.44,False
20,2016-05-21,0.0,False
21,2016-05-22,0.0,False
22,2016-05-23,6.0200000000000005,False
23,2016-05-24,0.0,False
24,2016-05-25,0.0,False
25,2016-05-26,6.44,False
26,2016-05-27,0.0,False
27,2016-05-28,0.0,False
28,2016-05-29,0.0,False
29,2016-05-30,0.0,False
30,2016-05-31,6.0200000000000005,False
0,2016-06-01,4.29,False
1,2016-06-02,4.42,False
2,2016-06-03,4.55,False
3,2016-06-04,0.0,False
4,2016-06-05,0.0,False
5,2016-06-06,0.0,False
6,2016-06-07,13.0,False
7,2016-06-08,4.29,False
8,2016-06-09,4.42,False
9,2016-06-10,4.55,False
10,2016-06-11,5.07,False
11,2016-06-12,0.0,False
12,2016-06-13,4.29,False
13,2016-06-14,4.16,False
14,2016-06-15,0.0,False
15,2016-06-16,4.29,False
16,2016-06-17,4.55,False
17,2016-06-18,0.0,False
18,2016-06-19,0.0,False
19,2016-06-20,4.29,False
20,2016-06-21,0.0,False
21,2016-06-22,0.0,False
22,2016-06-23,0.0,False
23,2016-06-24,4.55,False
24,2016-06-25,0.0,False
25,2016-06-26,0.0,False
26,2016-06-27,4.29,False
27,2016-06-28,4.29,False
28,2016-06-29,6.63,False
29,2016-06-30,4.42,False
0,2016-07-01,8.5,False
1,2016-07-02,0.0,False
2,2016-07-03,0.0,False
3,2016-07-04,0.0,False
4,2016-07-05,16.830000000000002,False
5,2016-07-06,8.67,False
6,2016-07-07,8.67,False
7,2016-07-08,0.0,False
8,2016-07-09,0.0,False
9,2016-07-10,0.0,False
10,2016-07-11,0.0,False
11,2016-07-12,8.33,False
12,2016-07-13,0.0,False
13,2016-07-14,8.16,False
14,2016-07-15,0.0,False
15,2016-07-16,0.0,False
16,2016-07-17,0.0,False
17,2016-07-18,8.5,False
18,2016-07-19,0.0,False
19,2016-07-20,0.0,False
20,2016-07-21,0.0,False
21,2016-07-22,0.0,False
22,2016-07-23,0.0,False
23,2016-07-24,0.0,False
24,2016-07-25,0.0,False
25,2016-07-26,0.0,False
26,2016-07-27,8.5,False
27,2016-07-28,17.0,False
28,2016-07-29,8.84,False
29,2016-07-30,9.860000000000001,False
30,2016-07-31,0.0,False
0,2016-08-01,9.03,False
1,2016-08-02,6.72,False
2,2016-08-03,6.93,False
3,2016-08-04,6.93,False
4,2016-08-05,7.35,False
5,2016-08-06,0.0,False
6,2016-08-07,0.0,False
7,2016-08-08,0.0,False
8,2016-08-09,0.0,False
9,2016-08-10,7.14,False
10,2016-08-11,0.0,False
11,2016-08-12,7.56,False
12,2016-08-13,0.0,False
13,2016-08-14,0.0,False
14,2016-08-15,0.0,False
15,2016-08-16,7.14,False
16,2016-08-17,0.0,False
17,2016-08-18,0.0,False
18,2016-08-19,0.0,False
19,2016-08-20,0.0,False
20,2016-08-21,0.0,False
21,2016-08-22,7.14,False
22,2016-08-23,7.14,False
23,2016-08-24,21.0,False
24,2016-08-25,6.72,False
25,2016-08-26,10.709999999999999,False
26,2016-08-27,0.0,False
27,2016-08-28,0.0,False
28,2016-08-29,13.229999999999999,False
29,2016-08-30,6.72,False
30,2016-08-31,6.51,False
0,2016-09-01,5.0,False
1,2016-09-02,5.2,False
2,2016-09-03,0.0,False
3,2016-09-04,0.0,False
4,2016-09-05,0.0,False
5,2016-09-06,4.9,False
6,2016-09-07,10.0,False
7,2016-09-08,0.0,False
8,2016-09-09,0.0,False
9,2016-09-10,0.0,False
10,2016-09-11,5.800000000000001,False
11,2016-09-12,5.0,False
12,2016-09-13,0.0,False
13,2016-09-14,4.9,False
14,2016-09-15,0.0,False
15,2016-09-16,5.1000000000000005,False
16,2016-09-17,0.0,False
17,2016-09-18,0.0,False
18,2016-09-19,0.0,False
19,2016-09-20,4.800000000000001,False
20,2016-09-21,0.0,False
21,2016-09-22,5.0,False
22,2016-09-23,0.0,False
23,2016-09-24,0.0,False
24,2016-09-25,0.0,False
25,2016-09-26,0.0,False
26,2016-09-27,0.0,False
27,2016-09-28,0.0,False
28,2016-09-29,4.9,False
29,2016-09-30,5.0,False
0,2016-10-01,0.0,False
1,2016-10-02,0.0,False
2,2016-10-03,0.0,False
3,2016-10-04,0.0,False
4,2016-10-05,0.0,False
5,2016-10-06,5.5,False
6,2016-10-07,5.61,False
7,2016-10-08,0.0,False
8,2016-10-09,0.0,False
9,2016-10-10,11.0,False
10,2016-10-11,5.5,False
11,2016-10-12,0.0,False
12,2016-10-13,0.0,False
13,2016-10-14,5.72,False
14,2016-10-15,0.0,False
15,2016-10-16,0.0,False
16,2016-10-17,0.0,False
17,2016-10-18,5.28,False
18,2016-10-19,0.0,False
19,2016-10-20,0.0,False
20,2016-10-21,5.61,False
21,2016-10-22,0.0,False
22,2016-10-23,0.0,False
23,2016-10-24,5.39,False
24,2016-10-25,0.0,False
25,2016-10-26,10.78,False
26,2016-10-27,5.5,False
27,2016-10-28,5.72,False
28,2016-10-29,0.0,False
29,2016-10-30,0.0,False
30,2016-10-31,5.5,False
0,2016-11-01,11.1,False
1,2016-11-02,10.799999999999999,False
2,2016-11-03,10.799999999999999,False
3,2016-11-04,11.25,False
4,2016-11-05,0.0,False
5,2016-11-06,12.0,False
6,2016-11-07,10.5,False
7,2016-11-08,10.5,False
8,2016-11-09,14.7,False
9,2016-11-10,10.799999999999999,False
10,2016-11-11,11.25,False
11,2016-11-12,0.0,False
12,2016-11-13,0.0,False
13,2016-11-14,10.65,False
14,2016-11-15,0.0,False
15,2016-11-16,0.0,False
16,2016-11-17,10.65,False
17,2016-11-18,0.0,False
18,2016-11-19,0.0,False
19,2016-11-20,0.0,False
20,2016-11-21,10.5,False
21,2016-11-22,10.5,False
22,2016-11-23,10.799999999999999,False
23,2016-11-24,10.95,False
24,2016-11-25,10.799999999999999,False
25,2016-11-26,0.0,False
26,2016-11-27,0.0,False
27,2016-11-28,15.0,False
28,2016-11-29,10.2,False
29,2016-11-30,10.2,False
0,2016-12-01,0.0,False
1,2016-12-02,5.12,False
2,2016-12-03,0.0,False
3,2016-12-04,0.0,False
4,2016-12-05,0.0,False
5,2016-12-06,0.0,False
6,2016-12-07,4.96,False
7,2016-12-08,4.96,False
8,2016-12-09,5.12,False
9,2016-12-10,0.0,False
10,2016-12-11,0.0,False
11,2016-12-12,4.8,False
12,2016-12-13,4.8,False
13,2016-12-14,0.0,False
14,2016-12-15,4.96,False
15,2016-12-16,5.28,False
16,2016-12-17,0.0,False
17,2016-12-18,0.0,False
18,2016-12-19,0.0,False
19,2016-12-20,0.0,False
20,2016-12-21,5.28,False
21,2016-12-22,10.56,False
22,2016-12-23,0.0,False
23,2016-12-24,6.24,False
24,2016-12-25,0.0,False
25,2016-12-26,5.6000000000000005,False
26,2016-12-27,0.0,False
27,2016-12-28,0.0,False
28,2016-12-29,16.0,False
29,2016-12-30,0.0,False
30,2016-12-31,0.0,False
0,2017-01-01,5.85,False
1,2017-01-02,4.859999999999999,False
2,2017-01-03,4.68,False
3,2017-01-04,4.68,False
4,2017-01-05,0.0,False
5,2017-01-06,0.0,False
6,2017-01-07,0.0,False
7,2017-01-08,0.0,False
8,2017-01-09,4.5,False
9,2017-01-10,9.0,False
10,2017-01-11,0.0,False
11,2017-01-12,4.59,False
12,2017-01-13,0.0,False
13,2017-01-14,0.0,False
14,2017-01-15,0.0,False
15,2017-01-16,0.0,False
16,2017-01-17,0.0,False
17,2017-01-18,4.41,False
18,2017-01-19,0.0,False
19,2017-01-20,0.0,False
20,2017-01-21,0.0,False
21,2017-01-22,0.0,False
22,2017-01-23,0.0,False
23,2017-01-24,4.5,False
24,2017-01-25,4.5,False
25,2017-01-26,0.0,False
26,2017-01-27,4.68,False
27,2017-01-28,0.0,False
28,2017-01-29,0.0,False
29,2017-01-30,6.66,False
30,2017-01-31,6.66,False
0,2017-02-01,6.6,False
1,2017-02-02,6.82,False
2,2017-02-03,0.0,False
3,2017-02-04,0.0,False
4,2017-02-05,0.0,False
5,2017-02-06,0.0,False
6,2017-02-07,6.6,False
7,2017-02-08,6.6,False
8,2017-02-09,13.42,False
9,2017-02-10,10.34,False
10,2017-02-11,0.0,False
11,2017-02-12,0.0,False
12,2017-02-13,6.38,False
13,2017-02-14,9.9,False
14,2017-02-15,6.82,False
15,2017-02-16,0.0,False
16,2017-02-17,0.0,False
17,2017-02-18,0.0,False
18,2017-02-19,0.0,False
19,2017-02-20,0.0,False
20,2017-02-21,0.0,False
21,2017-02-22,22.0,False
22,2017-02-23,6.6,False
23,2017-02-24,20.68,False
24,2017-02-25,7.7,False
25,2017-02-26,0.0,False
26,2017-02-27,6.38,False
27,2017-02-28,6.6,False
0,2017-03-01,10.23,False
1,2017-03-02,10.34,False
2,2017-03-03,11.0,False
3,2017-03-04,5.94,False
4,2017-03-05,0.0,False
5,2017-03-06,5.06,False
6,2017-03-07,5.06,False
7,2017-03-08,0.0,False
8,2017-03-09,0.0,False
9,2017-03-10,5.5,False
10,2017-03-11,0.0,False
11,2017-03-12,0.0,False
12,2017-03-13,4.95,False
13,2017-03-14,5.28,False
14,2017-03-15,0.0,False
15,2017-03-16,5.39,False
16,2017-03-17,0.0,False
17,2017-03-18,0.0,False
18,2017-03-19,6.16,False
19,2017-03-20,5.39,False
20,2017-03-21,0.0,False
21,2017-03-22,5.28,False
22,2017-03-23,0.0,False
23,2017-03-24,0.0,False
24,2017-03-25,0.0,False
25,2017-03-26,6.16,False
26,2017-03-27,0.0,False
27,2017-03-28,0.0,False
28,2017-03-29,0.0,False
29,2017-03-30,5.39,False
30,2017-03-31,5.61,False
0,2017-04-01,6.96,False
1,2017-04-02,0.0,False
2,2017-04-03,5.88,False
3,2017-04-04,0.0,False
4,2017-04-05,5.88,False
5,2017-04-06,0.0,False
6,2017-04-07,0.0,False
7,2017-04-08,0.0,False
8,2017-04-09,0.0,False
9,2017-04-10,12.0,False
10,2017-04-11,0.0,False
11,2017-04-12,0.0,False
12,2017-04-13,0.0,False
13,2017-04-14,0.0,False
14,2017-04-15,0.0,False
15,2017-04-16,0.0,False
16,2017-04-17,6.12,False
17,2017-04-18,0.0,False
18,2017-04-19,0.0,False
19,2017-04-20,0.0,False
20,2017-04-21,6.359999999999999,False
21,2017-04-22,6.84,False
22,2017-04-23,0.0,False
23,2017-04-24,0.0,False
24,2017-04-25,5.88,False
25,2017-04-26,0.0,False
26,2017-04-27,6.0,False
27,2017-04-28,6.24,False
28,2017-04-29,0.0,False
29,2017-04-30,0.0,False
0,2017-05-01,0.0,False
1,2017-05-02,5.9399999999999995,False
2,2017-05-03,5.9399999999999995,False
3,2017-05-04,6.12,False
4,2017-05-05,6.3,False
5,2017-05-06,14.219999999999999,False
6,2017-05-07,0.0,False
7,2017-05-08,0.0,False
8,2017-05-09,18.0,False
9,2017-05-10,0.0,False
10,2017-05-11,0.0,False
11,2017-05-12,6.3,False
12,2017-05-13,0.0,False
13,2017-05-14,0.0,False
14,2017-05-15,6.3,False
15,2017-05-16,0.0,False
16,2017-05-17,0.0,False
17,2017-05-18,0.0,False
18,2017-05-19,6.66,False
19,2017-05-20,0.0,False
20,2017-05-21,0.0,False
21,2017-05-22,0.0,False
22,2017-05-23,0.0,False
23,2017-05-24,0.0,False
24,2017-05-25,6.66,False
25,2017-05-26,0.0,False
26,2017-05-27,0.0,False
27,2017-05-28,0.0,False
28,2017-05-29,0.0,False
29,2017-05-30,0.0,False
30,2017-05-31,6.4799999999999995,False
0,2017-06-01,16.0,False
1,2017-06-02,8.32,False
2,2017-06-03,0.0,False
3,2017-06-04,0.0,False
4,2017-06-05,7.84,False
5,2017-06-06,7.68,False
6,2017-06-07,7.68,False
7,2017-06-08,0.0,False
8,2017-06-09,0.0,False
9,2017-06-10,0.0,False
10,2017-06-11,9.28,False
11,2017-06-12,7.5200000000000005,False
12,2017-06-13,7.5200000000000005,False
13,2017-06-14,7.68,False
14,2017-06-15,0.0,False
15,2017-06-16,0.0,False
16,2017-06-17,0.0,False
17,2017-06-18,0.0,False
18,2017-06-19,7.68,False
19,2017-06-20,0.0,False
20,2017-06-21,7.5200000000000005,False
21,2017-06-22,0.0,False
22,2017-06-23,0.0,False
23,2017-06-24,9.120000000000001,False
24,2017-06-25,0.0,False
25,2017-06-26,15.68,False
26,2017-06-27,16.0,False
27,2017-06-28,8.16,False
28,2017-06-29,0.0,False
29,2017-06-30,8.16,False
0,2017-07-01,8.120000000000001,False
1,2017-07-02,12.32,False
2,2017-07-03,0.0,False
3,2017-07-04,0.0,False
4,2017-07-05,7.280000000000001,False
5,2017-07-06,7.140000000000001,False
6,2017-07-07,0.0,False
7,2017-07-08,0.0,False
8,2017-07-09,0.0,False
9,2017-07-10,7.000000000000001,False
10,2017-07-11,0.0,False
11,2017-07-12,7.000000000000001,False
12,2017-07-13,0.0,False
13,2017-07-14,7.280000000000001,False
14,2017-07-15,0.0,False
15,2017-07-16,0.0,False
16,2017-07-17,7.000000000000001,False
17,2017-07-18,0.0,False
18,2017-07-19,14.000000000000002,False
19,2017-07-20,0.0,False
20,2017-07-21,7.420000000000001,False
21,2017-07-22,0.0,False
22,2017-07-23,0.0,False
23,2017-07-24,0.0,False
24,2017-07-25,0.0,False
25,2017-07-26,6.86,False
26,2017-07-27,0.0,False
27,2017-07-28,7.280000000000001,False
28,2017-07-29,8.120000000000001,False
29,2017-07-30,0.0,False
30,2017-07-31,0.0,False
0,2017-08-01,0.0,False
1,2017-08-02,24.0,False
2,2017-08-03,15.12,False
3,2017-08-04,10.559999999999999,False
4,2017-08-05,12.0,False
5,2017-08-06,0.0,False
6,2017-08-07,9.84,False
7,2017-08-08,9.84,False
8,2017-08-09,0.0,False
9,2017-08-10,10.32,False
10,2017-08-11,10.799999999999999,False
11,2017-08-12,11.76,False
12,2017-08-13,0.0,False
13,2017-08-14,20.88,False
14,2017-08-15,0.0,False
15,2017-08-16,10.32,False
16,2017-08-17,10.08,False
17,2017-08-18,10.559999999999999,False
18,2017-08-19,0.0,False
19,2017-08-20,0.0,False
20,2017-08-21,10.08,False
21,2017-08-22,10.08,False
22,2017-08-23,0.0,False
23,2017-08-24,10.32,False
24,2017-08-25,0.0,False
25,2017-08-26,11.76,False
26,2017-08-27,0.0,False
27,2017-08-28,0.0,False
28,2017-08-29,10.08,False
29,2017-08-30,0.0,False
30,2017-08-31,0.0,False
0,2017-09-01,18.0,False
1,2017-09-02,0.0,False
2,2017-09-03,0.0,False
3,2017-09-04,0.0,False
4,2017-09-05,8.28,False
5,2017-09-06,8.28,False
6,2017-09-07,8.459999999999999,False
7,2017-09-08,8.64,False
8,2017-09-09,0.0,False
9,2017-09-10,0.0,False
10,2017-09-11,16.56,False
11,2017-09-12,12.42,False
12,2017-09-13,8.28,False
13,2017-09-14,11.16,False
14,2017-09-15,8.64,False
15,2017-09-16,0.0,False
16,2017-09-17,0.0,False
17,2017-09-18,8.28,False
18,2017-09-19,8.28,False
19,2017-09-20,8.28,False
20,2017-09-21,8.459999999999999,False
21,2017-09-22,8.64,False
22,2017-09-23,9.719999999999999,False
23,2017-09-24,0.0,False
24,2017-09-25,0.0,False
25,2017-09-26,8.1,False
26,2017-09-27,8.28,False
27,2017-09-28,8.28,False
28,2017-09-29,8.82,False
29,2017-09-30,0.0,False
0,2017-10-01,0.0,False
1,2017-10-02,8.67,False
2,2017-10-03,0.0,False
3,2017-10-04,8.67,False
4,2017-10-05,0.0,False
5,2017-10-06,13.430000000000001,False
6,2017-10-07,0.0,False
7,2017-10-08,0.0,False
8,2017-10-09,0.0,False
9,2017-10-10,0.0,False
10,2017-10-11,8.5,False
11,2017-10-12,8.67,False
12,2017-10-13,0.0,False
13,2017-10-14,0.0,False
14,2017-10-15,0.0,False
15,2017-10-16,8.5,False
16,2017-10-17,17.0,False
17,2017-10-18,0.0,False
18,2017-10-19,8.67,False
19,2017-10-20,8.84,False
20,2017-10-21,0.0,False
21,2017-10-22,0.0,False
22,2017-10-23,8.33,False
23,2017-10-24,0.0,False
24,2017-10-25,8.5,False
25,2017-10-26,12.920000000000002,False
26,2017-10-27,9.01,False
27,2017-10-28,0.0,False
28,2017-10-29,9.520000000000001,False
29,2017-10-30,0.0,False
30,2017-10-31,8.67,False
0,2017-11-01,16.74,False
1,2017-11-02,8.459999999999999,False
2,2017-11-03,16.74,False
3,2017-11-04,0.0,False
4,2017-11-05,18.0,False
5,2017-11-06,0.0,False
6,2017-11-07,0.0,False
7,2017-11-08,8.1,False
8,2017-11-09,7.92,False
9,2017-11-10,8.459999999999999,False
10,2017-11-11,0.0,False
11,2017-11-12,0.0,False
12,2017-11-13,11.879999999999999,False
13,2017-11-14,11.879999999999999,False
14,2017-11-15,0.0,False
15,2017-11-16,7.92,False
16,2017-11-17,16.74,False
17,2017-11-18,0.0,False
18,2017-11-19,0.0,False
19,2017-11-20,0.0,False
20,2017-11-21,16.02,False
21,2017-11-22,0.0,False
22,2017-11-23,0.0,False
23,2017-11-24,8.28,False
24,2017-11-25,0.0,False
25,2017-11-26,0.0,False
26,2017-11-27,0.0,False
27,2017-11-28,7.92,False
28,2017-11-29,0.0,False
29,2017-11-30,8.1,False
0,2017-12-01,11.44,False
1,2017-12-02,0.0,False
2,2017-12-03,0.0,False
3,2017-12-04,16.06,False
4,2017-12-05,16.06,False
5,2017-12-06,0.0,False
6,2017-12-07,16.5,False
7,2017-12-08,11.66,False
8,2017-12-09,0.0,False
9,2017-12-10,0.0,False
10,2017-12-11,0.0,False
11,2017-12-12,21.78,False
12,2017-12-13,0.0,False
13,2017-12-14,11.0,False
14,2017-12-15,0.0,False
15,2017-12-16,12.76,False
16,2017-12-17,12.540000000000001,False
17,2017-12-18,22.0,False
18,2017-12-19,16.94,False
19,2017-12-20,0.0,False
20,2017-12-21,0.0,False
21,2017-12-22,0.0,False
22,2017-12-23,0.0,False
23,2017-12-24,14.08,False
24,2017-12-25,0.0,False
25,2017-12-26,12.1,False
26,2017-12-27,11.66,False
27,2017-12-28,0.0,False
28,2017-12-29,12.1,False
29,2017-12-30,12.98,False
30,2017-12-31,0.0,False
0,2018-01-01,0.0,False
1,2018-01-02,10.4,False
2,2018-01-03,6.72,False
3,2018-01-04,8.96,False
4,2018-01-05,10.24,False
5,2018-01-06,0.0,False
6,2018-01-07,7.5200000000000005,False
7,2018-01-08,6.72,False
8,2018-01-09,0.0,False
9,2018-01-10,0.0,False
10,2018-01-11,6.5600000000000005,False
11,2018-01-12,16.0,False
12,2018-01-13,0.0,False
13,2018-01-14,0.0,False
14,2018-01-15,0.0,False
15,2018-01-16,6.5600000000000005,False
16,2018-01-17,9.76,False
17,2018-01-18,6.5600000000000005,False
18,2018-01-19,6.88,False
19,2018-01-20,0.0,False
20,2018-01-21,0.0,False
21,2018-01-22,12.8,False
22,2018-01-23,6.5600000000000005,False
23,2018-01-24,6.4,False
24,2018-01-25,6.5600000000000005,False
25,2018-01-26,6.72,False
26,2018-01-27,0.0,False
27,2018-01-28,0.0,False
28,2018-01-29,6.4,False
29,2018-01-30,9.76,False
30,2018-01-31,6.4,False
0,2018-02-01,6.800000000000001,False
1,2018-02-02,7.0,False
2,2018-02-03,7.6000000000000005,False
3,2018-02-04,7.6000000000000005,False
4,2018-02-05,13.600000000000001,False
5,2018-02-06,0.0,False
6,2018-02-07,0.0,False
7,2018-02-08,6.800000000000001,False
8,2018-02-09,14.0,False
9,2018-02-10,0.0,False
10,2018-02-11,7.800000000000001,False
11,2018-02-12,6.800000000000001,False
12,2018-02-13,10.200000000000001,False
13,2018-02-14,6.800000000000001,False
14,2018-02-15,0.0,False
15,2018-02-16,9.4,False
16,2018-02-17,0.0,False
17,2018-02-18,0.0,False
18,2018-02-19,6.800000000000001,False
19,2018-02-20,6.6000000000000005,False
20,2018-02-21,20.0,False
21,2018-02-22,13.4,False
22,2018-02-23,7.0,False
23,2018-02-24,0.0,False
24,2018-02-25,0.0,False
25,2018-02-26,6.6000000000000005,False
26,2018-02-27,6.6000000000000005,False
27,2018-02-28,0.0,False
0,2018-03-01,5.74,False
1,2018-03-02,6.16,False
2,2018-03-03,0.0,False
3,2018-03-04,0.0,False
4,2018-03-05,0.0,False
5,2018-03-06,11.620000000000001,False
6,2018-03-07,0.0,False
7,2018-03-08,6.0200000000000005,False
8,2018-03-09,6.16,False
9,2018-03-10,0.0,False
10,2018-03-11,6.720000000000001,False
11,2018-03-12,0.0,False
12,2018-03-13,0.0,False
13,2018-03-14,5.880000000000001,False
14,2018-03-15,0.0,False
15,2018-03-16,0.0,False
16,2018-03-17,0.0,False
17,2018-03-18,0.0,False
18,2018-03-19,11.9,False
19,2018-03-20,5.880000000000001,False
20,2018-03-21,5.880000000000001,False
21,2018-03-22,6.0200000000000005,False
22,2018-03-23,6.16,False
23,2018-03-24,0.0,False
24,2018-03-25,0.0,False
25,2018-03-26,5.880000000000001,False
26,2018-03-27,6.0200000000000005,False
27,2018-03-28,6.16,False
28,2018-03-29,0.0,False
29,2018-03-30,6.86,False
30,2018-03-31,14.000000000000002,False
0,2018-04-01,0.0,False
1,2018-04-02,5.040000000000001,False
2,2018-04-03,9.24,False
3,2018-04-04,7.140000000000001,False
4,2018-04-05,6.44,False
5,2018-04-06,5.040000000000001,False
6,2018-04-07,5.460000000000001,False
7,2018-04-08,0.0,False
8,2018-04-09,4.760000000000001,False
9,2018-04-10,0.0,False
10,2018-04-11,4.62,False
11,2018-04-12,4.760000000000001,False
12,2018-04-13,4.9,False
13,2018-04-14,0.0,False
14,2018-04-15,5.32,False
15,2018-04-16,4.62,False
16,2018-04-17,7.000000000000001,False
17,2018-04-18,4.760000000000001,False
18,2018-04-19,4.9,False
19,2018-04-20,9.940000000000001,False
20,2018-04-21,0.0,False
21,2018-04-22,0.0,False
22,2018-04-23,4.62,False
23,2018-04-24,4.62,False
24,2018-04-25,14.000000000000002,False
25,2018-04-26,4.760000000000001,False
26,2018-04-27,4.9,False
27,2018-04-28,5.6000000000000005,False
28,2018-04-29,0.0,False
29,2018-04-30,4.760000000000001,False
0,2018-05-01,11.200000000000001,False
1,2018-05-02,16.0,False
2,2018-05-03,10.72,False
3,2018-05-04,11.200000000000001,False
4,2018-05-05,0.0,False
5,2018-05-06,0.0,False
6,2018-05-07,8.0,False
7,2018-05-08,8.0,False
8,2018-05-09,5.28,False
9,2018-05-10,5.44,False
10,2018-05-11,5.6000000000000005,False
11,2018-05-12,0.0,False
12,2018-05-13,0.0,False
13,2018-05-14,5.44,False
14,2018-05-15,0.0,False
15,2018-05-16,5.28,False
16,2018-05-17,5.44,False
17,2018-05-18,0.0,False
18,2018-05-19,0.0,False
19,2018-05-20,0.0,False
20,2018-05-21,5.44,False
21,2018-05-22,5.28,False
22,2018-05-23,5.44,False
23,2018-05-24,5.44,False
24,2018-05-25,11.52,False
25,2018-05-26,6.24,False
26,2018-05-27,0.0,False
27,2018-05-28,5.44,False
28,2018-05-29,5.28,False
29,2018-05-30,5.28,False
30,2018-05-31,11.040000000000001,False
0,2018-06-01,6.72,False
1,2018-06-02,7.68,False
2,2018-06-03,0.0,False
3,2018-06-04,0.0,False
4,2018-06-05,0.0,False
5,2018-06-06,13.120000000000001,False
6,2018-06-07,0.0,False
7,2018-06-08,6.72,False
8,2018-06-09,0.0,False
9,2018-06-10,0.0,False
10,2018-06-11,6.24,False
11,2018-06-12,0.0,False
12,2018-06-13,6.08,False
13,2018-06-14,6.4,False
14,2018-06-15,0.0,False
15,2018-06-16,0.0,False
16,2018-06-17,0.0,False
17,2018-06-18,16.0,False
18,2018-06-19,6.24,False
19,2018-06-20,0.0,False
20,2018-06-21,6.4,False
21,2018-06-22,6.72,False
22,2018-06-23,0.0,False
23,2018-06-24,7.5200000000000005,False
24,2018-06-25,6.4,False
25,2018-06-26,12.64,False
26,2018-06-27,6.4,False
27,2018-06-28,6.5600000000000005,False
28,2018-06-29,6.72,False
29,2018-06-30,0.0,False
0,2018-07-01,0.0,False
1,2018-07-02,4.94,False
2,2018-07-03,4.94,False
3,2018-07-04,0.0,False
4,2018-07-05,0.0,False
5,2018-07-06,5.07,False
6,2018-07-07,0.0,False
7,2018-07-08,0.0,False
8,2018-07-09,4.94,False
9,2018-07-10,4.8100000000000005,False
10,2018-07-11,0.0,False
11,2018-07-12,0.0,False
12,2018-07-13,5.33,False
13,2018-07-14,0.0,False
14,2018-07-15,0.0,False
15,2018-07-16,5.07,False
16,2018-07-17,10.01,False
17,2018-07-18,10.14,False
18,2018-07-19,5.2,False
19,2018-07-20,10.530000000000001,False
20,2018-07-21,5.8500000000000005,False
21,2018-07-22,0.0,False
22,2018-07-23,5.07,False
23,2018-07-24,5.07,False
24,2018-07-25,5.07,False
25,2018-07-26,0.0,False
26,2018-07-27,13.0,False
27,2018-07-28,5.720000000000001,False
28,2018-07-29,0.0,False
29,2018-07-30,5.07,False
30,2018-07-31,4.94,False
0,2018-08-01,26.7,False
1,2018-08-02,0.0,False
2,2018-08-03,15.6,False
3,2018-08-04,0.0,False
4,2018-08-05,11.4,False
5,2018-08-06,9.9,False
6,2018-08-07,14.7,False
7,2018-08-08,9.9,False
8,2018-08-09,0.0,False
9,2018-08-10,15.6,False
10,2018-08-11,0.0,False
11,2018-08-12,0.0,False
12,2018-08-13,10.2,False
13,2018-08-14,10.2,False
14,2018-08-15,0.0,False
15,2018-08-16,10.2,False
16,2018-08-17,0.0,False
17,2018-08-18,0.0,False
18,2018-08-19,0.0,False
19,2018-08-20,20.4,False
20,2018-08-21,10.2,False
21,2018-08-22,15.6,False
22,2018-08-23,10.2,False
23,2018-08-24,15.899999999999999,False
24,2018-08-25,0.0,False
25,2018-08-26,0.0,False
26,2018-08-27,10.2,False
27,2018-08-28,9.9,False
28,2018-08-29,9.9,False
29,2018-08-30,30.0,False
30,2018-08-31,0.0,False
0,2018-09-01,8.93,False
1,2018-09-02,0.0,False
2,2018-09-03,0.0,False
3,2018-09-04,0.0,False
4,2018-09-05,11.4,False
5,2018-09-06,19.0,False
6,2018-09-07,7.98,False
7,2018-09-08,8.74,False
8,2018-09-09,0.0,False
9,2018-09-10,0.0,False
10,2018-09-11,10.07,False
11,2018-09-12,10.07,False
12,2018-09-13,7.79,False
13,2018-09-14,15.77,False
14,2018-09-15,0.0,False
15,2018-09-16,0.0,False
16,2018-09-17,7.79,False
17,2018-09-18,0.0,False
18,2018-09-19,7.6,False
19,2018-09-20,15.2,False
20,2018-09-21,7.79,False
21,2018-09-22,0.0,False
22,2018-09-23,8.55,False
23,2018-09-24,7.6,False
24,2018-09-25,12.73,False
25,2018-09-26,7.6,False
26,2018-09-27,11.59,False
27,2018-09-28,7.98,False
28,2018-09-29,8.74,False
29,2018-09-30,8.55,False
0,2018-10-01,13.0,False
1,2018-10-02,9.600000000000001,False
2,2018-10-03,9.8,False
3,2018-10-04,20.0,False
4,2018-10-05,0.0,False
5,2018-10-06,11.4,False
6,2018-10-07,0.0,False
7,2018-10-08,19.6,False
8,2018-10-09,9.600000000000001,False
9,2018-10-10,10.0,False
10,2018-10-11,0.0,False
11,2018-10-12,10.600000000000001,False
12,2018-10-13,0.0,False
13,2018-10-14,0.0,False
14,2018-10-15,10.200000000000001,False
15,2018-10-16,19.8,False
16,2018-10-17,10.0,False
17,2018-10-18,10.200000000000001,False
18,2018-10-19,10.600000000000001,False
19,2018-10-20,0.0,False
20,2018-10-21,0.0,False
21,2018-10-22,10.0,False
22,2018-10-23,0.0,False
23,2018-10-24,0.0,False
24,2018-10-25,10.0,False
25,2018-10-26,10.4,False
26,2018-10-27,0.0,False
27,2018-10-28,0.0,False
28,2018-10-29,9.600000000000001,False
29,2018-10-30,9.8,False
30,2018-10-31,13.600000000000001,False
0,2018-11-01,9.48,False
1,2018-11-02,6.359999999999999,False
2,2018-11-03,6.96,False
3,2018-11-04,6.6,False
4,2018-11-05,8.64,False
5,2018-11-06,9.0,False
6,2018-11-07,5.88,False
7,2018-11-08,11.879999999999999,False
8,2018-11-09,0.0,False
9,2018-11-10,6.96,False
10,2018-11-11,0.0,False
11,2018-11-12,6.0,False
12,2018-11-13,12.0,False
13,2018-11-14,0.0,False
14,2018-11-15,0.0,False
15,2018-11-16,6.24,False
16,2018-11-17,6.96,False
17,2018-11-18,6.84,False
18,2018-11-19,0.0,False
19,2018-11-20,6.0,False
20,2018-11-21,6.12,False
21,2018-11-22,6.12,False
22,2018-11-23,6.24,False
23,2018-11-24,0.0,False
24,2018-11-25,0.0,False
25,2018-11-26,0.0,False
26,2018-11-27,5.88,False
27,2018-11-28,0.0,False
28,2018-11-29,0.0,False
29,2018-11-30,0.0,False
0,2018-12-01,0.0,False
1,2018-12-02,0.0,False
2,2018-12-03,9.790000000000001,False
3,2018-12-04,9.68,False
4,2018-12-05,9.9,False
5,2018-12-06,10.12,False
6,2018-12-07,10.34,False
7,2018-12-08,0.0,False
8,2018-12-09,0.0,False
9,2018-12-10,10.01,False
10,2018-12-11,0.0,False
11,2018-12-12,10.23,False
12,2018-12-13,10.34,False
13,2018-12-14,10.23,False
14,2018-12-15,0.0,False
15,2018-12-16,0.0,False
16,2018-12-17,0.0,False
17,2018-12-18,0.0,False
18,2018-12-19,10.56,False
19,2018-12-20,0.0,False
20,2018-12-21,0.0,False
21,2018-12-22,0.0,False
22,2018-12-23,0.0,False
23,2018-12-24,0.0,False
24,2018-12-25,0.0,False
25,2018-12-26,0.0,False
26,2018-12-27,10.89,False
27,2018-12-28,11.0,False
28,2018-12-29,0.0,False
29,2018-12-30,0.0,False
30,2018-12-31,0.0,False
0,2019-01-01,7.67,False
1,2019-01-02,9.88,False
2,2019-01-03,6.37,False
3,2019-01-04,13.0,False
4,2019-01-05,0.0,False
5,2019-01-06,0.0,False
6,2019-01-07,0.0,False
7,2019-01-08,6.24,False
8,2019-01-09,0.0,False
9,2019-01-10,6.24,False
10,2019-01-11,6.37,False
11,2019-01-12,0.0,False
12,2019-01-13,0.0,False
13,2019-01-14,0.0,False
14,2019-01-15,0.0,False
15,2019-01-16,6.11,False
16,2019-01-17,6.11,False
17,2019-01-18,6.37,False
18,2019-01-19,0.0,False
19,2019-01-20,0.0,False
20,2019-01-21,6.11,False
21,2019-01-22,0.0,False
22,2019-01-23,5.98,False
23,2019-01-24,5.98,False
24,2019-01-25,12.48,False
25,2019-01-26,0.0,False
26,2019-01-27,0.0,False
27,2019-01-28,5.98,False
28,2019-01-29,5.98,False
29,2019-01-30,0.0,False
30,2019-01-31,6.11,False
0,2019-02-01,0.0,False
1,2019-02-02,0.0,False
2,2019-02-03,6.3,False
3,2019-02-04,5.46,False
4,2019-02-05,5.46,False
5,2019-02-06,5.46,False
6,2019-02-07,5.46,False
7,2019-02-08,5.46,False
8,2019-02-09,6.3,False
9,2019-02-10,0.0,False
10,2019-02-11,7.9799999999999995,False
11,2019-02-12,10.92,False
12,2019-02-13,5.46,False
13,2019-02-14,5.46,False
14,2019-02-15,0.0,False
15,2019-02-16,0.0,False
16,2019-02-17,6.3,False
17,2019-02-18,0.0,False
18,2019-02-19,10.92,False
19,2019-02-20,42.0,False
20,2019-02-21,27.3,False
21,2019-02-22,31.08,False
22,2019-02-23,0.0,False
23,2019-02-24,6.3,False
24,2019-02-25,10.92,False
25,2019-02-26,13.86,False
26,2019-02-27,5.46,False
27,2019-02-28,5.46,False
0,2019-03-01,12.73,False
1,2019-03-02,7.03,False
2,2019-03-03,7.03,False
3,2019-03-04,6.2700000000000005,False
4,2019-03-05,6.2700000000000005,False
5,2019-03-06,10.07,False
6,2019-03-07,6.2700000000000005,False
7,2019-03-08,0.0,False
8,2019-03-09,7.22,False
9,2019-03-10,0.0,False
10,2019-03-11,12.540000000000001,False
11,2019-03-12,6.2700000000000005,False
12,2019-03-13,8.17,False
13,2019-03-14,0.0,False
14,2019-03-15,6.46,False
15,2019-03-16,0.0,False
16,2019-03-17,0.0,False
17,2019-03-18,6.2700000000000005,False
18,2019-03-19,6.08,False
19,2019-03-20,6.2700000000000005,False
20,2019-03-21,12.92,False
21,2019-03-22,0.0,False
22,2019-03-23,0.0,False
23,2019-03-24,6.46,False
24,2019-03-25,6.2700000000000005,False
25,2019-03-26,0.0,False
26,2019-03-27,9.5,False
27,2019-03-28,19.0,False
28,2019-03-29,6.65,False
29,2019-03-30,7.22,False
30,2019-03-31,14.25,False
