,date,HD stock,isPartial
0,2012-01-01,12.8,False
1,2012-01-02,22.080000000000002,False
2,2012-01-03,25.28,False
3,2012-01-04,32.0,False
4,2012-01-05,25.28,False
5,2012-01-06,19.2,False
6,2012-01-07,19.2,False
7,2012-01-08,15.68,False
8,2012-01-09,15.68,False
9,2012-01-10,31.04,False
10,2012-01-11,28.8,False
11,2012-01-12,20.16,False
12,2012-01-13,23.04,False
13,2012-01-14,24.0,False
14,2012-01-15,18.56,False
15,2012-01-16,26.240000000000002,False
16,2012-01-17,17.28,False
17,2012-01-18,21.76,False
18,2012-01-19,26.240000000000002,False
19,2012-01-20,29.76,False
20,2012-01-21,18.56,False
21,2012-01-22,26.240000000000002,False
22,2012-01-23,23.68,False
23,2012-01-24,21.76,False
24,2012-01-25,15.36,False
25,2012-01-26,13.44,False
26,2012-01-27,18.240000000000002,False
27,2012-01-28,10.56,False
28,2012-01-29,20.8,False
29,2012-01-30,10.88,False
30,2012-01-31,15.040000000000001,False
0,2012-02-01,19.98,False
1,2012-02-02,14.040000000000001,False
2,2012-02-03,22.950000000000003,False
3,2012-02-04,26.46,False
4,2012-02-05,9.450000000000001,False
5,2012-02-06,15.930000000000001,False
6,2012-02-07,19.98,False
7,2012-02-08,11.88,False
8,2012-02-09,19.98,False
9,2012-02-10,16.740000000000002,False
10,2012-02-11,19.17,False
11,2012-02-12,18.630000000000003,False
12,2012-02-13,25.380000000000003,False
13,2012-02-14,19.98,False
14,2012-02-15,24.3,False
15,2012-02-16,20.25,False
16,2012-02-17,16.740000000000002,False
17,2012-02-18,12.15,False
18,2012-02-19,12.15,False
19,2012-02-20,22.68,False
20,2012-02-21,20.790000000000003,False
21,2012-02-22,26.19,False
22,2012-02-23,26.19,False
23,2012-02-24,27.0,False
24,2012-02-25,7.290000000000001,False
25,2012-02-26,21.330000000000002,False
26,2012-02-27,17.55,False
27,2012-02-28,17.55,False
28,2012-02-29,25.650000000000002,False
0,2012-03-01,10.64,False
1,2012-03-02,8.120000000000001,False
2,2012-03-03,3.08,False
3,2012-03-04,6.16,False
4,2012-03-05,10.64,False
5,2012-03-06,7.5600000000000005,False
6,2012-03-07,12.600000000000001,False
7,2012-03-08,20.44,False
8,2012-03-09,8.120000000000001,False
9,2012-03-10,12.32,False
10,2012-03-11,18.200000000000003,False
11,2012-03-12,2.5200000000000005,False
12,2012-03-13,7.5600000000000005,False
13,2012-03-14,10.080000000000002,False
14,2012-03-15,7.840000000000001,False
15,2012-03-16,5.32,False
16,2012-03-17,12.32,False
17,2012-03-18,6.16,False
18,2012-03-19,28.000000000000004,False
19,2012-03-20,10.080000000000002,False
20,2012-03-21,10.080000000000002,False
21,2012-03-22,5.32,False
22,2012-03-23,5.32,False
23,2012-03-24,15.680000000000001,False
24,2012-03-25,3.08,False
25,2012-03-26,15.400000000000002,False
26,2012-03-27,17.64,False
27,2012-03-28,23.240000000000002,False
28,2012-03-29,12.88,False
29,2012-03-30,5.32,False
30,2012-03-31,15.400000000000002,False
0,2012-04-01,8.7,False
1,2012-04-02,14.7,False
2,2012-04-03,18.9,False
3,2012-04-04,21.0,False
4,2012-04-05,15.299999999999999,False
5,2012-04-06,15.299999999999999,False
6,2012-04-07,14.7,False
7,2012-04-08,24.3,False
8,2012-04-09,13.799999999999999,False
9,2012-04-10,19.5,False
10,2012-04-11,12.9,False
11,2012-04-12,11.7,False
12,2012-04-13,15.299999999999999,False
13,2012-04-14,13.799999999999999,False
14,2012-04-15,8.7,False
15,2012-04-16,24.3,False
16,2012-04-17,18.599999999999998,False
17,2012-04-18,14.1,False
18,2012-04-19,17.4,False
19,2012-04-20,13.799999999999999,False
20,2012-04-21,26.099999999999998,False
21,2012-04-22,17.099999999999998,False
22,2012-04-23,12.6,False
23,2012-04-24,9.9,False
24,2012-04-25,18.599999999999998,False
25,2012-04-26,14.399999999999999,False
26,2012-04-27,10.799999999999999,False
27,2012-04-28,10.5,False
28,2012-04-29,10.5,False
29,2012-04-30,30.0,False
0,2012-05-01,18.75,False
1,2012-05-02,14.25,False
2,2012-05-03,25.0,False
3,2012-05-04,12.5,False
4,2012-05-05,16.0,False
5,2012-05-06,15.5,False
6,2012-05-07,9.0,False
7,2012-05-08,11.5,False
8,2012-05-09,6.5,False
9,2012-05-10,10.5,False
10,2012-05-11,16.5,False
11,2012-05-12,9.5,False
12,2012-05-13,9.5,False
13,2012-05-14,19.25,False
14,2012-05-15,16.5,False
15,2012-05-16,9.0,False
16,2012-05-17,10.75,False
17,2012-05-18,20.75,False
18,2012-05-19,8.25,False
19,2012-05-20,4.75,False
20,2012-05-21,18.0,False
21,2012-05-22,12.75,False
22,2012-05-23,7.75,False
23,2012-05-24,14.5,False
24,2012-05-25,15.25,False
25,2012-05-26,13.25,False
26,2012-05-27,6.75,False
27,2012-05-28,12.25,False
28,2012-05-29,16.5,False
29,2012-05-30,15.5,False
30,2012-05-31,7.75,False
0,2012-06-01,15.68,False
1,2012-06-02,22.72,False
2,2012-06-03,12.16,False
3,2012-06-04,16.32,False
4,2012-06-05,11.52,False
5,2012-06-06,14.72,False
6,2012-06-07,32.0,False
7,2012-06-08,10.24,False
8,2012-06-09,16.32,False
9,2012-06-10,16.0,False
10,2012-06-11,22.72,False
11,2012-06-12,16.0,False
12,2012-06-13,13.120000000000001,False
13,2012-06-14,21.44,False
14,2012-06-15,19.2,False
15,2012-06-16,6.08,False
16,2012-06-17,20.48,False
17,2012-06-18,12.8,False
18,2012-06-19,19.52,False
19,2012-06-20,19.52,False
20,2012-06-21,9.92,False
21,2012-06-22,19.2,False
22,2012-06-23,16.64,False
23,2012-06-24,12.16,False
24,2012-06-25,16.32,False
25,2012-06-26,16.32,False
26,2012-06-27,19.84,False
27,2012-06-28,23.36,False
28,2012-06-29,16.0,False
29,2012-06-30,6.4,False
0,2012-07-01,19.53,False
1,2012-07-02,21.7,False
2,2012-07-03,21.7,False
3,2012-07-04,8.99,False
4,2012-07-05,20.77,False
5,2012-07-06,18.29,False
6,2012-07-07,31.0,False
7,2012-07-08,8.99,False
8,2012-07-09,9.92,False
9,2012-07-10,21.39,False
10,2012-07-11,14.879999999999999,False
11,2012-07-12,10.23,False
12,2012-07-13,13.64,False
13,2012-07-14,7.13,False
14,2012-07-15,12.709999999999999,False
15,2012-07-16,21.7,False
16,2012-07-17,18.6,False
17,2012-07-18,27.59,False
18,2012-07-19,10.23,False
19,2012-07-20,18.29,False
20,2012-07-21,23.87,False
21,2012-07-22,20.15,False
22,2012-07-23,16.12,False
23,2012-07-24,14.57,False
24,2012-07-25,10.23,False
25,2012-07-26,20.77,False
26,2012-07-27,12.4,False
27,2012-07-28,19.84,False
28,2012-07-29,7.13,False
29,2012-07-30,11.47,False
30,2012-07-31,8.68,False
0,2012-08-01,12.709999999999999,False
1,2012-08-02,31.0,False
2,2012-08-03,5.58,False
3,2012-08-04,0.0,False
4,2012-08-05,9.3,False
5,2012-08-06,10.23,False
6,2012-08-07,12.709999999999999,False
7,2012-08-08,22.63,False
8,2012-08-09,10.23,False
9,2012-08-10,2.79,False
10,2012-08-11,3.1,False
11,2012-08-12,16.12,False
12,2012-08-13,20.46,False
13,2012-08-14,12.709999999999999,False
14,2012-08-15,16.12,False
15,2012-08-16,13.02,False
16,2012-08-17,26.97,False
17,2012-08-18,6.51,False
18,2012-08-19,9.61,False
19,2012-08-20,7.75,False
20,2012-08-21,17.98,False
21,2012-08-22,17.669999999999998,False
22,2012-08-23,31.0,False
23,2012-08-24,16.12,False
24,2012-08-25,9.3,False
25,2012-08-26,17.98,False
26,2012-08-27,9.92,False
27,2012-08-28,7.4399999999999995,False
28,2012-08-29,12.4,False
29,2012-08-30,12.709999999999999,False
30,2012-08-31,5.27,False
0,2012-09-01,9.719999999999999,False
1,2012-09-02,11.879999999999999,False
2,2012-09-03,13.32,False
3,2012-09-04,11.16,False
4,2012-09-05,25.56,False
5,2012-09-06,24.119999999999997,False
6,2012-09-07,27.0,False
7,2012-09-08,13.68,False
8,2012-09-09,28.799999999999997,False
9,2012-09-10,23.4,False
10,2012-09-11,28.08,False
11,2012-09-12,20.16,False
12,2012-09-13,30.24,False
13,2012-09-14,36.0,False
14,2012-09-15,7.56,False
15,2012-09-16,9.36,False
16,2012-09-17,20.52,False
17,2012-09-18,32.4,False
18,2012-09-19,18.72,False
19,2012-09-20,34.92,False
20,2012-09-21,21.599999999999998,False
21,2012-09-22,34.199999999999996,False
22,2012-09-23,14.76,False
23,2012-09-24,23.4,False
24,2012-09-25,12.6,False
25,2012-09-26,29.52,False
26,2012-09-27,6.4799999999999995,False
27,2012-09-28,19.8,False
28,2012-09-29,15.12,False
29,2012-09-30,22.68,False
0,2012-10-01,13.32,False
1,2012-10-02,10.36,False
2,2012-10-03,18.5,False
3,2012-10-04,28.49,False
4,2012-10-05,18.5,False
5,2012-10-06,12.58,False
6,2012-10-07,12.209999999999999,False
7,2012-10-08,17.759999999999998,False
8,2012-10-09,9.99,False
9,2012-10-10,22.94,False
10,2012-10-11,28.49,False
11,2012-10-12,29.6,False
12,2012-10-13,12.209999999999999,False
13,2012-10-14,11.84,False
14,2012-10-15,4.81,False
15,2012-10-16,12.58,False
16,2012-10-17,17.759999999999998,False
17,2012-10-18,30.34,False
18,2012-10-19,13.32,False
19,2012-10-20,6.29,False
20,2012-10-21,24.419999999999998,False
21,2012-10-22,9.99,False
22,2012-10-23,14.8,False
23,2012-10-24,9.99,False
24,2012-10-25,15.17,False
25,2012-10-26,13.32,False
26,2012-10-27,37.0,False
27,2012-10-28,20.35,False
28,2012-10-29,19.24,False
29,2012-10-30,21.83,False
30,2012-10-31,31.08,False
0,2012-11-01,11.069999999999999,False
1,2012-11-02,25.419999999999998,False
2,2012-11-03,12.709999999999999,False
3,2012-11-04,3.28,False
4,2012-11-05,30.749999999999996,False
5,2012-11-06,10.25,False
6,2012-11-07,12.709999999999999,False
7,2012-11-08,29.52,False
8,2012-11-09,19.27,False
9,2012-11-10,21.73,False
10,2012-11-11,15.579999999999998,False
11,2012-11-12,20.91,False
12,2012-11-13,26.24,False
13,2012-11-14,26.24,False
14,2012-11-15,31.979999999999997,False
15,2012-11-16,16.4,False
16,2012-11-17,18.45,False
17,2012-11-18,9.02,False
18,2012-11-19,41.0,False
19,2012-11-20,20.5,False
20,2012-11-21,28.7,False
21,2012-11-22,13.53,False
22,2012-11-23,33.62,False
23,2012-11-24,15.579999999999998,False
24,2012-11-25,21.32,False
25,2012-11-26,20.5,False
26,2012-11-27,17.63,False
27,2012-11-28,25.419999999999998,False
28,2012-11-29,18.04,False
29,2012-11-30,26.65,False
0,2012-12-01,17.63,False
1,2012-12-02,20.09,False
2,2012-12-03,41.0,False
3,2012-12-04,16.81,False
4,2012-12-05,31.569999999999997,False
5,2012-12-06,17.22,False
6,2012-12-07,17.63,False
7,2012-12-08,11.889999999999999,False
8,2012-12-09,11.069999999999999,False
9,2012-12-10,14.35,False
10,2012-12-11,16.81,False
11,2012-12-12,24.599999999999998,False
12,2012-12-13,22.139999999999997,False
13,2012-12-14,10.25,False
14,2012-12-15,14.35,False
15,2012-12-16,22.959999999999997,False
16,2012-12-17,17.22,False
17,2012-12-18,26.65,False
18,2012-12-19,32.39,False
19,2012-12-20,7.38,False
20,2012-12-21,37.72,False
21,2012-12-22,20.91,False
22,2012-12-23,9.43,False
23,2012-12-24,27.88,False
24,2012-12-25,13.12,False
25,2012-12-26,19.27,False
26,2012-12-27,23.369999999999997,False
27,2012-12-28,29.52,False
28,2012-12-29,29.93,False
29,2012-12-30,9.02,False
30,2012-12-31,20.91,False
0,2013-01-01,18.62,False
1,2013-01-02,16.34,False
2,2013-01-03,31.92,False
3,2013-01-04,17.86,False
4,2013-01-05,20.14,False
5,2013-01-06,20.14,False
6,2013-01-07,34.58,False
7,2013-01-08,37.24,False
8,2013-01-09,30.78,False
9,2013-01-10,24.7,False
10,2013-01-11,25.84,False
11,2013-01-12,11.02,False
12,2013-01-13,14.44,False
13,2013-01-14,16.72,False
14,2013-01-15,17.86,False
15,2013-01-16,16.72,False
16,2013-01-17,30.78,False
17,2013-01-18,38.0,False
18,2013-01-19,25.080000000000002,False
19,2013-01-20,23.18,False
20,2013-01-21,13.3,False
21,2013-01-22,31.16,False
22,2013-01-23,28.88,False
23,2013-01-24,31.92,False
24,2013-01-25,28.5,False
25,2013-01-26,23.56,False
26,2013-01-27,19.38,False
27,2013-01-28,14.82,False
28,2013-01-29,22.42,False
29,2013-01-30,23.94,False
30,2013-01-31,36.480000000000004,False
0,2013-02-01,28.900000000000002,False
1,2013-02-02,26.520000000000003,False
2,2013-02-03,17.34,False
3,2013-02-04,7.48,False
4,2013-02-05,14.620000000000001,False
5,2013-02-06,29.580000000000002,False
6,2013-02-07,15.3,False
7,2013-02-08,28.560000000000002,False
8,2013-02-09,11.9,False
9,2013-02-10,23.8,False
10,2013-02-11,27.540000000000003,False
11,2013-02-12,25.500000000000004,False
12,2013-02-13,17.34,False
13,2013-02-14,17.68,False
14,2013-02-15,7.82,False
15,2013-02-16,26.520000000000003,False
16,2013-02-17,20.400000000000002,False
17,2013-02-18,32.300000000000004,False
18,2013-02-19,9.860000000000001,False
19,2013-02-20,17.0,False
20,2013-02-21,14.96,False
21,2013-02-22,20.400000000000002,False
22,2013-02-23,23.12,False
23,2013-02-24,14.280000000000001,False
24,2013-02-25,21.42,False
25,2013-02-26,24.14,False
26,2013-02-27,34.0,False
27,2013-02-28,24.48,False
0,2013-03-01,31.68,False
1,2013-03-02,25.96,False
2,2013-03-03,28.16,False
3,2013-03-04,23.76,False
4,2013-03-05,42.24,False
5,2013-03-06,35.2,False
6,2013-03-07,36.08,False
7,2013-03-08,44.0,False
8,2013-03-09,25.96,False
9,2013-03-10,15.84,False
10,2013-03-11,34.76,False
11,2013-03-12,37.84,False
12,2013-03-13,33.0,False
13,2013-03-14,28.6,False
14,2013-03-15,29.48,False
15,2013-03-16,23.76,False
16,2013-03-17,34.76,False
17,2013-03-18,31.24,False
18,2013-03-19,24.64,False
19,2013-03-20,28.6,False
20,2013-03-21,33.88,False
21,2013-03-22,36.52,False
22,2013-03-23,27.72,False
23,2013-03-24,21.56,False
24,2013-03-25,31.68,False
25,2013-03-26,26.84,False
26,2013-03-27,33.0,False
27,2013-03-28,21.56,False
28,2013-03-29,19.36,False
29,2013-03-30,12.32,False
30,2013-03-31,21.12,False
0,2013-04-01,22.94,False
1,2013-04-02,27.009999999999998,False
2,2013-04-03,21.83,False
3,2013-04-04,24.05,False
4,2013-04-05,17.39,False
5,2013-04-06,30.34,False
6,2013-04-07,19.98,False
7,2013-04-08,21.46,False
8,2013-04-09,26.64,False
9,2013-04-10,35.15,False
10,2013-04-11,30.34,False
11,2013-04-12,35.519999999999996,False
12,2013-04-13,37.0,False
13,2013-04-14,22.2,False
14,2013-04-15,11.84,False
15,2013-04-16,18.5,False
16,2013-04-17,25.53,False
17,2013-04-18,35.89,False
18,2013-04-19,21.09,False
19,2013-04-20,28.49,False
20,2013-04-21,18.13,False
21,2013-04-22,37.0,False
22,2013-04-23,33.67,False
23,2013-04-24,35.519999999999996,False
24,2013-04-25,33.3,False
25,2013-04-26,33.67,False
26,2013-04-27,32.56,False
27,2013-04-28,12.209999999999999,False
28,2013-04-29,35.519999999999996,False
29,2013-04-30,13.69,False
0,2013-05-01,28.470000000000002,False
1,2013-05-02,19.5,False
2,2013-05-03,30.810000000000002,False
3,2013-05-04,13.26,False
4,2013-05-05,10.14,False
5,2013-05-06,24.96,False
6,2013-05-07,21.84,False
7,2013-05-08,21.060000000000002,False
8,2013-05-09,22.62,False
9,2013-05-10,32.370000000000005,False
10,2013-05-11,16.77,False
11,2013-05-12,18.330000000000002,False
12,2013-05-13,24.57,False
13,2013-05-14,26.91,False
14,2013-05-15,28.470000000000002,False
15,2013-05-16,24.96,False
16,2013-05-17,39.0,False
17,2013-05-18,21.45,False
18,2013-05-19,24.57,False
19,2013-05-20,28.86,False
20,2013-05-21,36.27,False
21,2013-05-22,31.200000000000003,False
22,2013-05-23,34.32,False
23,2013-05-24,23.01,False
24,2013-05-25,18.330000000000002,False
25,2013-05-26,19.89,False
26,2013-05-27,23.79,False
27,2013-05-28,34.71,False
28,2013-05-29,26.91,False
29,2013-05-30,20.67,False
30,2013-05-31,37.44,False
0,2013-06-01,29.24,False
1,2013-06-02,22.36,False
2,2013-06-03,25.37,False
3,2013-06-04,27.09,False
4,2013-06-05,22.79,False
5,2013-06-06,24.509999999999998,False
6,2013-06-07,21.93,False
7,2013-06-08,17.2,False
8,2013-06-09,25.8,False
9,2013-06-10,27.95,False
10,2013-06-11,27.95,False
11,2013-06-12,35.69,False
12,2013-06-13,17.2,False
13,2013-06-14,28.81,False
14,2013-06-15,15.91,False
15,2013-06-16,12.04,False
16,2013-06-17,24.08,False
17,2013-06-18,19.78,False
18,2013-06-19,22.79,False
19,2013-06-20,24.509999999999998,False
20,2013-06-21,27.52,False
21,2013-06-22,22.79,False
22,2013-06-23,24.08,False
23,2013-06-24,15.48,False
24,2013-06-25,18.49,False
25,2013-06-26,43.0,False
26,2013-06-27,37.41,False
27,2013-06-28,21.5,False
28,2013-06-29,30.53,False
29,2013-06-30,19.35,False
0,2013-07-01,32.76,False
1,2013-07-02,24.84,False
2,2013-07-03,20.88,False
3,2013-07-04,13.32,False
4,2013-07-05,13.68,False
5,2013-07-06,28.08,False
6,2013-07-07,15.479999999999999,False
7,2013-07-08,15.12,False
8,2013-07-09,24.84,False
9,2013-07-10,22.32,False
10,2013-07-11,29.52,False
11,2013-07-12,29.52,False
12,2013-07-13,29.16,False
13,2013-07-14,18.72,False
14,2013-07-15,29.16,False
15,2013-07-16,33.12,False
16,2013-07-17,33.839999999999996,False
17,2013-07-18,25.2,False
18,2013-07-19,26.279999999999998,False
19,2013-07-20,24.119999999999997,False
20,2013-07-21,13.68,False
21,2013-07-22,20.88,False
22,2013-07-23,28.799999999999997,False
23,2013-07-24,26.64,False
24,2013-07-25,25.56,False
25,2013-07-26,27.72,False
26,2013-07-27,18.72,False
27,2013-07-28,30.599999999999998,False
28,2013-07-29,20.52,False
29,2013-07-30,28.439999999999998,False
30,2013-07-31,36.0,False
0,2013-08-01,19.78,False
1,2013-08-02,12.04,False
2,2013-08-03,9.89,False
3,2013-08-04,12.47,False
4,2013-08-05,15.049999999999999,False
5,2013-08-06,16.34,False
6,2013-08-07,16.34,False
7,2013-08-08,25.37,False
8,2013-08-09,17.2,False
9,2013-08-10,8.6,False
10,2013-08-11,14.62,False
11,2013-08-12,21.5,False
12,2013-08-13,16.34,False
13,2013-08-14,22.79,False
14,2013-08-15,20.21,False
15,2013-08-16,14.19,False
16,2013-08-17,11.18,False
17,2013-08-18,9.89,False
18,2013-08-19,33.11,False
19,2013-08-20,43.0,False
20,2013-08-21,24.08,False
21,2013-08-22,21.5,False
22,2013-08-23,22.36,False
23,2013-08-24,18.06,False
24,2013-08-25,6.02,False
25,2013-08-26,19.35,False
26,2013-08-27,22.36,False
27,2013-08-28,15.48,False
28,2013-08-29,18.06,False
29,2013-08-30,12.47,False
30,2013-08-31,15.48,False
0,2013-09-01,22.57,False
1,2013-09-02,26.64,False
2,2013-09-03,24.419999999999998,False
3,2013-09-04,28.86,False
4,2013-09-05,18.87,False
5,2013-09-06,31.82,False
6,2013-09-07,13.69,False
7,2013-09-08,23.68,False
8,2013-09-09,27.009999999999998,False
9,2013-09-10,16.65,False
10,2013-09-11,37.0,False
11,2013-09-12,35.519999999999996,False
12,2013-09-13,17.759999999999998,False
13,2013-09-14,20.35,False
14,2013-09-15,21.46,False
15,2013-09-16,32.56,False
16,2013-09-17,22.57,False
17,2013-09-18,24.05,False
18,2013-09-19,28.86,False
19,2013-09-20,13.69,False
20,2013-09-21,21.83,False
21,2013-09-22,11.47,False
22,2013-09-23,27.009999999999998,False
23,2013-09-24,23.68,False
24,2013-09-25,18.5,False
25,2013-09-26,31.82,False
26,2013-09-27,19.61,False
27,2013-09-28,20.35,False
28,2013-09-29,31.45,False
29,2013-09-30,26.64,False
0,2013-10-01,14.35,False
1,2013-10-02,23.45,False
2,2013-10-03,19.95,False
3,2013-10-04,23.099999999999998,False
4,2013-10-05,11.549999999999999,False
5,2013-10-06,22.75,False
6,2013-10-07,14.7,False
7,2013-10-08,35.0,False
8,2013-10-09,14.7,False
9,2013-10-10,32.55,False
10,2013-10-11,22.049999999999997,False
11,2013-10-12,9.1,False
12,2013-10-13,22.049999999999997,False
13,2013-10-14,23.799999999999997,False
14,2013-10-15,21.0,False
15,2013-10-16,22.049999999999997,False
16,2013-10-17,13.649999999999999,False
17,2013-10-18,22.049999999999997,False
18,2013-10-19,11.549999999999999,False
19,2013-10-20,25.549999999999997,False
20,2013-10-21,18.2,False
21,2013-10-22,25.2,False
22,2013-10-23,30.099999999999998,False
23,2013-10-24,22.049999999999997,False
24,2013-10-25,21.7,False
25,2013-10-26,23.45,False
26,2013-10-27,8.399999999999999,False
27,2013-10-28,24.849999999999998,False
28,2013-10-29,20.299999999999997,False
29,2013-10-30,18.2,False
30,2013-10-31,17.5,False
0,2013-11-01,19.27,False
1,2013-11-02,15.579999999999998,False
2,2013-11-03,12.709999999999999,False
3,2013-11-04,21.73,False
4,2013-11-05,15.17,False
5,2013-11-06,21.73,False
6,2013-11-07,9.02,False
7,2013-11-08,13.53,False
8,2013-11-09,13.12,False
9,2013-11-10,20.09,False
10,2013-11-11,17.22,False
11,2013-11-12,19.27,False
12,2013-11-13,25.83,False
13,2013-11-14,26.65,False
14,2013-11-15,9.02,False
15,2013-11-16,7.789999999999999,False
16,2013-11-17,22.959999999999997,False
17,2013-11-18,23.779999999999998,False
18,2013-11-19,41.0,False
19,2013-11-20,30.749999999999996,False
20,2013-11-21,17.63,False
21,2013-11-22,22.549999999999997,False
22,2013-11-23,20.5,False
23,2013-11-24,22.549999999999997,False
24,2013-11-25,23.369999999999997,False
25,2013-11-26,41.0,False
26,2013-11-27,17.22,False
27,2013-11-28,16.4,False
28,2013-11-29,25.419999999999998,False
29,2013-11-30,15.579999999999998,False
0,2013-12-01,20.5,False
1,2013-12-02,25.419999999999998,False
2,2013-12-03,20.09,False
3,2013-12-04,32.39,False
4,2013-12-05,26.65,False
5,2013-12-06,16.81,False
6,2013-12-07,16.81,False
7,2013-12-08,11.889999999999999,False
8,2013-12-09,18.45,False
9,2013-12-10,13.94,False
10,2013-12-11,20.5,False
11,2013-12-12,25.009999999999998,False
12,2013-12-13,21.73,False
13,2013-12-14,14.76,False
14,2013-12-15,21.73,False
15,2013-12-16,41.0,False
16,2013-12-17,12.299999999999999,False
17,2013-12-18,25.009999999999998,False
18,2013-12-19,23.369999999999997,False
19,2013-12-20,20.09,False
20,2013-12-21,17.63,False
21,2013-12-22,15.17,False
22,2013-12-23,6.97,False
23,2013-12-24,14.76,False
24,2013-12-25,24.599999999999998,False
25,2013-12-26,20.91,False
26,2013-12-27,20.09,False
27,2013-12-28,19.68,False
28,2013-12-29,19.68,False
29,2013-12-30,26.65,False
30,2013-12-31,39.769999999999996,False
0,2014-01-01,15.17,False
1,2014-01-02,19.98,False
2,2014-01-03,36.63,False
3,2014-01-04,32.56,False
4,2014-01-05,13.69,False
5,2014-01-06,35.15,False
6,2014-01-07,35.89,False
7,2014-01-08,29.97,False
8,2014-01-09,21.46,False
9,2014-01-10,22.57,False
10,2014-01-11,25.16,False
11,2014-01-12,26.64,False
12,2014-01-13,26.27,False
13,2014-01-14,28.49,False
14,2014-01-15,37.0,False
15,2014-01-16,24.419999999999998,False
16,2014-01-17,29.97,False
17,2014-01-18,21.83,False
18,2014-01-19,11.47,False
19,2014-01-20,25.53,False
20,2014-01-21,31.08,False
21,2014-01-22,25.16,False
22,2014-01-23,34.04,False
23,2014-01-24,24.79,False
24,2014-01-25,21.46,False
25,2014-01-26,26.27,False
26,2014-01-27,23.68,False
27,2014-01-28,29.23,False
28,2014-01-29,26.64,False
29,2014-01-30,25.53,False
30,2014-01-31,29.6,False
0,2014-02-01,23.779999999999998,False
1,2014-02-02,10.25,False
2,2014-02-03,20.09,False
3,2014-02-04,37.72,False
4,2014-02-05,9.84,False
5,2014-02-06,13.53,False
6,2014-02-07,19.68,False
7,2014-02-08,27.88,False
8,2014-02-09,15.989999999999998,False
9,2014-02-10,23.369999999999997,False
10,2014-02-11,19.68,False
11,2014-02-12,27.47,False
12,2014-02-13,26.24,False
13,2014-02-14,26.24,False
14,2014-02-15,23.779999999999998,False
15,2014-02-16,24.599999999999998,False
16,2014-02-17,18.86,False
17,2014-02-18,17.22,False
18,2014-02-19,30.34,False
19,2014-02-20,19.27,False
20,2014-02-21,27.47,False
21,2014-02-22,18.86,False
22,2014-02-23,21.73,False
23,2014-02-24,18.45,False
24,2014-02-25,27.06,False
25,2014-02-26,41.0,False
26,2014-02-27,30.34,False
27,2014-02-28,41.0,False
0,2014-03-01,29.200000000000003,False
1,2014-03-02,25.200000000000003,False
2,2014-03-03,27.6,False
3,2014-03-04,39.2,False
4,2014-03-05,30.8,False
5,2014-03-06,26.400000000000002,False
6,2014-03-07,27.6,False
7,2014-03-08,34.800000000000004,False
8,2014-03-09,29.200000000000003,False
9,2014-03-10,32.800000000000004,False
10,2014-03-11,40.0,False
11,2014-03-12,38.400000000000006,False
12,2014-03-13,17.2,False
13,2014-03-14,26.0,False
14,2014-03-15,20.0,False
15,2014-03-16,18.0,False
16,2014-03-17,35.6,False
17,2014-03-18,33.6,False
18,2014-03-19,28.0,False
19,2014-03-20,34.4,False
20,2014-03-21,26.0,False
21,2014-03-22,40.0,False
22,2014-03-23,33.6,False
23,2014-03-24,19.6,False
24,2014-03-25,37.6,False
25,2014-03-26,22.8,False
26,2014-03-27,32.800000000000004,False
27,2014-03-28,22.400000000000002,False
28,2014-03-29,27.200000000000003,False
29,2014-03-30,23.6,False
30,2014-03-31,33.6,False
0,2014-04-01,29.64,False
1,2014-04-02,17.48,False
2,2014-04-03,23.18,False
3,2014-04-04,28.12,False
4,2014-04-05,15.96,False
5,2014-04-06,15.58,False
6,2014-04-07,31.92,False
7,2014-04-08,26.98,False
8,2014-04-09,32.68,False
9,2014-04-10,17.86,False
10,2014-04-11,33.44,False
11,2014-04-12,8.36,False
12,2014-04-13,16.34,False
13,2014-04-14,30.02,False
14,2014-04-15,31.16,False
15,2014-04-16,30.78,False
16,2014-04-17,24.7,False
17,2014-04-18,20.52,False
18,2014-04-19,20.14,False
19,2014-04-20,38.0,False
20,2014-04-21,26.6,False
21,2014-04-22,34.96,False
22,2014-04-23,26.98,False
23,2014-04-24,32.68,False
24,2014-04-25,20.14,False
25,2014-04-26,19.38,False
26,2014-04-27,15.58,False
27,2014-04-28,25.46,False
28,2014-04-29,33.82,False
29,2014-04-30,28.88,False
0,2014-05-01,29.97,False
1,2014-05-02,17.759999999999998,False
2,2014-05-03,14.06,False
3,2014-05-04,15.54,False
4,2014-05-05,15.54,False
5,2014-05-06,24.79,False
6,2014-05-07,21.09,False
7,2014-05-08,22.94,False
8,2014-05-09,21.09,False
9,2014-05-10,21.09,False
10,2014-05-11,20.72,False
11,2014-05-12,31.45,False
12,2014-05-13,21.83,False
13,2014-05-14,18.87,False
14,2014-05-15,28.49,False
15,2014-05-16,30.71,False
16,2014-05-17,21.83,False
17,2014-05-18,37.0,False
18,2014-05-19,28.49,False
19,2014-05-20,28.49,False
20,2014-05-21,24.419999999999998,False
21,2014-05-22,11.84,False
22,2014-05-23,27.009999999999998,False
23,2014-05-24,23.68,False
24,2014-05-25,25.16,False
25,2014-05-26,17.02,False
26,2014-05-27,21.46,False
27,2014-05-28,29.6,False
28,2014-05-29,19.98,False
29,2014-05-30,27.38,False
30,2014-05-31,22.57,False
0,2014-06-01,30.400000000000002,False
1,2014-06-02,30.400000000000002,False
2,2014-06-03,35.6,False
3,2014-06-04,28.400000000000002,False
4,2014-06-05,23.6,False
5,2014-06-06,22.8,False
6,2014-06-07,16.0,False
7,2014-06-08,29.200000000000003,False
8,2014-06-09,36.800000000000004,False
9,2014-06-10,29.6,False
10,2014-06-11,21.6,False
11,2014-06-12,40.0,False
12,2014-06-13,24.400000000000002,False
13,2014-06-14,22.0,False
14,2014-06-15,24.0,False
15,2014-06-16,12.4,False
16,2014-06-17,36.0,False
17,2014-06-18,31.200000000000003,False
18,2014-06-19,33.6,False
19,2014-06-20,23.200000000000003,False
20,2014-06-21,36.4,False
21,2014-06-22,20.0,False
22,2014-06-23,34.4,False
23,2014-06-24,30.8,False
24,2014-06-25,23.6,False
25,2014-06-26,32.800000000000004,False
26,2014-06-27,30.8,False
27,2014-06-28,38.400000000000006,False
28,2014-06-29,24.400000000000002,False
29,2014-06-30,27.6,False
0,2014-07-01,38.54,False
1,2014-07-02,16.81,False
2,2014-07-03,25.83,False
3,2014-07-04,2.8699999999999997,False
4,2014-07-05,13.53,False
5,2014-07-06,13.53,False
6,2014-07-07,41.0,False
7,2014-07-08,24.599999999999998,False
8,2014-07-09,19.27,False
9,2014-07-10,30.34,False
10,2014-07-11,17.22,False
11,2014-07-12,23.369999999999997,False
12,2014-07-13,13.12,False
13,2014-07-14,11.069999999999999,False
14,2014-07-15,16.4,False
15,2014-07-16,14.35,False
16,2014-07-17,17.22,False
17,2014-07-18,26.24,False
18,2014-07-19,23.779999999999998,False
19,2014-07-20,10.25,False
20,2014-07-21,13.53,False
21,2014-07-22,30.34,False
22,2014-07-23,22.549999999999997,False
23,2014-07-24,25.419999999999998,False
24,2014-07-25,26.24,False
25,2014-07-26,27.47,False
26,2014-07-27,6.56,False
27,2014-07-28,16.81,False
28,2014-07-29,25.009999999999998,False
29,2014-07-30,16.81,False
30,2014-07-31,36.489999999999995,False
0,2014-08-01,17.2,False
1,2014-08-02,16.400000000000002,False
2,2014-08-03,24.8,False
3,2014-08-04,22.8,False
4,2014-08-05,22.8,False
5,2014-08-06,10.8,False
6,2014-08-07,23.6,False
7,2014-08-08,18.400000000000002,False
8,2014-08-09,14.8,False
9,2014-08-10,14.4,False
10,2014-08-11,24.0,False
11,2014-08-12,29.200000000000003,False
12,2014-08-13,16.400000000000002,False
13,2014-08-14,20.8,False
14,2014-08-15,35.2,False
15,2014-08-16,14.4,False
16,2014-08-17,20.8,False
17,2014-08-18,28.400000000000002,False
18,2014-08-19,37.6,False
19,2014-08-20,34.800000000000004,False
20,2014-08-21,40.0,False
21,2014-08-22,33.6,False
22,2014-08-23,28.8,False
23,2014-08-24,25.200000000000003,False
24,2014-08-25,23.6,False
25,2014-08-26,28.8,False
26,2014-08-27,23.6,False
27,2014-08-28,26.400000000000002,False
28,2014-08-29,23.6,False
29,2014-08-30,20.400000000000002,False
30,2014-08-31,18.8,False
0,2014-09-01,12.18,False
1,2014-09-02,18.06,False
2,2014-09-03,42.0,False
3,2014-09-04,36.96,False
4,2014-09-05,19.32,False
5,2014-09-06,12.18,False
6,2014-09-07,14.7,False
7,2014-09-08,14.28,False
8,2014-09-09,23.52,False
9,2014-09-10,23.939999999999998,False
10,2014-09-11,22.259999999999998,False
11,2014-09-12,18.9,False
12,2014-09-13,16.8,False
13,2014-09-14,14.28,False
14,2014-09-15,12.18,False
15,2014-09-16,28.14,False
16,2014-09-17,20.16,False
17,2014-09-18,26.04,False
18,2014-09-19,14.7,False
19,2014-09-20,9.66,False
20,2014-09-21,4.62,False
21,2014-09-22,23.52,False
22,2014-09-23,20.16,False
23,2014-09-24,20.16,False
24,2014-09-25,24.36,False
25,2014-09-26,12.6,False
26,2014-09-27,19.32,False
27,2014-09-28,14.28,False
28,2014-09-29,15.959999999999999,False
29,2014-09-30,13.86,False
0,2014-10-01,29.23,False
1,2014-10-02,27.38,False
2,2014-10-03,31.82,False
3,2014-10-04,24.05,False
4,2014-10-05,16.65,False
5,2014-10-06,16.65,False
6,2014-10-07,26.27,False
7,2014-10-08,22.2,False
8,2014-10-09,25.16,False
9,2014-10-10,26.27,False
10,2014-10-11,33.3,False
11,2014-10-12,21.46,False
12,2014-10-13,34.41,False
13,2014-10-14,34.04,False
14,2014-10-15,37.0,False
15,2014-10-16,33.3,False
16,2014-10-17,33.3,False
17,2014-10-18,21.83,False
18,2014-10-19,19.61,False
19,2014-10-20,30.34,False
20,2014-10-21,25.9,False
21,2014-10-22,12.209999999999999,False
22,2014-10-23,36.26,False
23,2014-10-24,18.87,False
24,2014-10-25,8.51,False
25,2014-10-26,25.53,False
26,2014-10-27,16.28,False
27,2014-10-28,28.49,False
28,2014-10-29,27.38,False
29,2014-10-30,32.19,False
30,2014-10-31,30.34,False
0,2014-11-01,10.530000000000001,False
1,2014-11-02,15.21,False
2,2014-11-03,17.16,False
3,2014-11-04,19.11,False
4,2014-11-05,12.870000000000001,False
5,2014-11-06,28.080000000000002,False
6,2014-11-07,26.91,False
7,2014-11-08,25.740000000000002,False
8,2014-11-09,22.62,False
9,2014-11-10,25.740000000000002,False
10,2014-11-11,25.740000000000002,False
11,2014-11-12,25.35,False
12,2014-11-13,17.16,False
13,2014-11-14,10.92,False
14,2014-11-15,15.21,False
15,2014-11-16,12.48,False
16,2014-11-17,29.25,False
17,2014-11-18,37.050000000000004,False
18,2014-11-19,28.86,False
19,2014-11-20,39.0,False
20,2014-11-21,24.57,False
21,2014-11-22,24.96,False
22,2014-11-23,19.5,False
23,2014-11-24,21.060000000000002,False
24,2014-11-25,31.59,False
25,2014-11-26,39.0,False
26,2014-11-27,8.97,False
27,2014-11-28,17.94,False
28,2014-11-29,22.23,False
29,2014-11-30,17.16,False
0,2014-12-01,21.73,False
1,2014-12-02,18.86,False
2,2014-12-03,37.309999999999995,False
3,2014-12-04,29.11,False
4,2014-12-05,20.5,False
5,2014-12-06,36.08,False
6,2014-12-07,32.8,False
7,2014-12-08,26.65,False
8,2014-12-09,15.17,False
9,2014-12-10,27.88,False
10,2014-12-11,30.749999999999996,False
11,2014-12-12,41.0,False
12,2014-12-13,23.369999999999997,False
13,2014-12-14,21.32,False
14,2014-12-15,29.11,False
15,2014-12-16,30.749999999999996,False
16,2014-12-17,32.8,False
17,2014-12-18,30.749999999999996,False
18,2014-12-19,33.62,False
19,2014-12-20,17.22,False
20,2014-12-21,29.52,False
21,2014-12-22,31.159999999999997,False
22,2014-12-23,29.11,False
23,2014-12-24,25.83,False
24,2014-12-25,24.189999999999998,False
25,2014-12-26,26.24,False
26,2014-12-27,26.65,False
27,2014-12-28,21.73,False
28,2014-12-29,28.29,False
29,2014-12-30,30.34,False
30,2014-12-31,27.06,False
0,2015-01-01,21.83,False
1,2015-01-02,25.16,False
2,2015-01-03,15.17,False
3,2015-01-04,21.83,False
4,2015-01-05,20.72,False
5,2015-01-06,26.64,False
6,2015-01-07,22.2,False
7,2015-01-08,18.5,False
8,2015-01-09,34.78,False
9,2015-01-10,10.73,False
10,2015-01-11,18.87,False
11,2015-01-12,14.8,False
12,2015-01-13,19.98,False
13,2015-01-14,23.68,False
14,2015-01-15,37.0,False
15,2015-01-16,17.02,False
16,2015-01-17,21.83,False
17,2015-01-18,25.53,False
18,2015-01-19,12.58,False
19,2015-01-20,23.68,False
20,2015-01-21,14.43,False
21,2015-01-22,16.28,False
22,2015-01-23,20.72,False
23,2015-01-24,17.02,False
24,2015-01-25,29.6,False
25,2015-01-26,25.16,False
26,2015-01-27,21.46,False
27,2015-01-28,23.68,False
28,2015-01-29,19.98,False
29,2015-01-30,24.05,False
30,2015-01-31,17.02,False
0,2015-02-01,8.55,False
1,2015-02-02,11.25,False
2,2015-02-03,24.3,False
3,2015-02-04,26.55,False
4,2015-02-05,13.5,False
5,2015-02-06,13.950000000000001,False
6,2015-02-07,15.75,False
7,2015-02-08,11.25,False
8,2015-02-09,24.75,False
9,2015-02-10,22.5,False
10,2015-02-11,34.2,False
11,2015-02-12,27.0,False
12,2015-02-13,36.45,False
13,2015-02-14,9.0,False
14,2015-02-15,11.700000000000001,False
15,2015-02-16,15.75,False
16,2015-02-17,19.8,False
17,2015-02-18,23.400000000000002,False
18,2015-02-19,19.8,False
19,2015-02-20,25.650000000000002,False
20,2015-02-21,22.5,False
21,2015-02-22,9.0,False
22,2015-02-23,43.65,False
23,2015-02-24,45.0,False
24,2015-02-25,29.7,False
25,2015-02-26,32.4,False
26,2015-02-27,27.45,False
27,2015-02-28,11.25,False
0,2015-03-01,24.189999999999998,False
1,2015-03-02,25.009999999999998,False
2,2015-03-03,37.309999999999995,False
3,2015-03-04,22.959999999999997,False
4,2015-03-05,17.22,False
5,2015-03-06,15.579999999999998,False
6,2015-03-07,17.22,False
7,2015-03-08,14.76,False
8,2015-03-09,16.81,False
9,2015-03-10,22.549999999999997,False
10,2015-03-11,22.959999999999997,False
11,2015-03-12,25.83,False
12,2015-03-13,32.39,False
13,2015-03-14,17.22,False
14,2015-03-15,24.189999999999998,False
15,2015-03-16,12.709999999999999,False
16,2015-03-17,20.91,False
17,2015-03-18,35.669999999999995,False
18,2015-03-19,20.91,False
19,2015-03-20,41.0,False
20,2015-03-21,22.549999999999997,False
21,2015-03-22,16.81,False
22,2015-03-23,22.959999999999997,False
23,2015-03-24,25.009999999999998,False
24,2015-03-25,18.45,False
25,2015-03-26,29.11,False
26,2015-03-27,26.65,False
27,2015-03-28,18.45,False
28,2015-03-29,20.5,False
29,2015-03-30,29.11,False
30,2015-03-31,12.709999999999999,False
0,2015-04-01,36.96,False
1,2015-04-02,39.059999999999995,False
2,2015-04-03,31.5,False
3,2015-04-04,41.16,False
4,2015-04-05,14.7,False
5,2015-04-06,21.0,False
6,2015-04-07,29.82,False
7,2015-04-08,34.019999999999996,False
8,2015-04-09,26.459999999999997,False
9,2015-04-10,41.58,False
10,2015-04-11,21.84,False
11,2015-04-12,20.16,False
12,2015-04-13,24.779999999999998,False
13,2015-04-14,37.379999999999995,False
14,2015-04-15,26.459999999999997,False
15,2015-04-16,42.0,False
16,2015-04-17,34.019999999999996,False
17,2015-04-18,20.16,False
18,2015-04-19,20.16,False
19,2015-04-20,31.08,False
20,2015-04-21,23.52,False
21,2015-04-22,22.259999999999998,False
22,2015-04-23,25.2,False
23,2015-04-24,20.58,False
24,2015-04-25,20.16,False
25,2015-04-26,26.04,False
26,2015-04-27,34.86,False
27,2015-04-28,30.66,False
28,2015-04-29,19.32,False
29,2015-04-30,37.8,False
0,2015-05-01,29.64,False
1,2015-05-02,23.94,False
2,2015-05-03,20.9,False
3,2015-05-04,33.06,False
4,2015-05-05,19.76,False
5,2015-05-06,22.04,False
6,2015-05-07,38.0,False
7,2015-05-08,19.0,False
8,2015-05-09,18.62,False
9,2015-05-10,23.94,False
10,2015-05-11,24.32,False
11,2015-05-12,26.22,False
12,2015-05-13,24.7,False
13,2015-05-14,25.080000000000002,False
14,2015-05-15,34.96,False
15,2015-05-16,15.96,False
16,2015-05-17,15.58,False
17,2015-05-18,30.78,False
18,2015-05-19,21.66,False
19,2015-05-20,26.22,False
20,2015-05-21,24.7,False
21,2015-05-22,18.62,False
22,2015-05-23,21.28,False
23,2015-05-24,13.3,False
24,2015-05-25,13.68,False
25,2015-05-26,15.2,False
26,2015-05-27,19.38,False
27,2015-05-28,17.48,False
28,2015-05-29,30.02,False
29,2015-05-30,21.28,False
30,2015-05-31,12.92,False
0,2015-06-01,18.240000000000002,False
1,2015-06-02,21.66,False
2,2015-06-03,18.240000000000002,False
3,2015-06-04,13.3,False
4,2015-06-05,17.48,False
5,2015-06-06,15.58,False
6,2015-06-07,19.76,False
7,2015-06-08,18.240000000000002,False
8,2015-06-09,17.86,False
9,2015-06-10,20.14,False
10,2015-06-11,16.72,False
11,2015-06-12,24.7,False
12,2015-06-13,11.02,False
13,2015-06-14,23.94,False
14,2015-06-15,17.86,False
15,2015-06-16,30.4,False
16,2015-06-17,18.240000000000002,False
17,2015-06-18,16.72,False
18,2015-06-19,17.1,False
19,2015-06-20,8.74,False
20,2015-06-21,8.74,False
21,2015-06-22,12.540000000000001,False
22,2015-06-23,38.0,False
23,2015-06-24,16.34,False
24,2015-06-25,24.32,False
25,2015-06-26,23.18,False
26,2015-06-27,11.02,False
27,2015-06-28,15.2,False
28,2015-06-29,25.84,False
29,2015-06-30,25.46,False
0,2015-07-01,21.599999999999998,False
1,2015-07-02,19.8,False
2,2015-07-03,18.72,False
3,2015-07-04,18.72,False
4,2015-07-05,18.72,False
5,2015-07-06,21.24,False
6,2015-07-07,25.56,False
7,2015-07-08,19.439999999999998,False
8,2015-07-09,33.12,False
9,2015-07-10,36.0,False
10,2015-07-11,15.84,False
11,2015-07-12,15.84,False
12,2015-07-13,25.919999999999998,False
13,2015-07-14,12.959999999999999,False
14,2015-07-15,15.479999999999999,False
15,2015-07-16,26.64,False
16,2015-07-17,9.36,False
17,2015-07-18,14.04,False
18,2015-07-19,25.2,False
19,2015-07-20,29.88,False
20,2015-07-21,15.12,False
21,2015-07-22,10.799999999999999,False
22,2015-07-23,30.599999999999998,False
23,2015-07-24,22.68,False
24,2015-07-25,28.439999999999998,False
25,2015-07-26,10.44,False
26,2015-07-27,25.919999999999998,False
27,2015-07-28,34.199999999999996,False
28,2015-07-29,8.64,False
29,2015-07-30,15.479999999999999,False
30,2015-07-31,15.84,False
0,2015-08-01,16.28,False
1,2015-08-02,7.92,False
2,2015-08-03,16.28,False
3,2015-08-04,6.6,False
4,2015-08-05,21.56,False
5,2015-08-06,14.96,False
6,2015-08-07,8.36,False
7,2015-08-08,11.44,False
8,2015-08-09,12.76,False
9,2015-08-10,17.6,False
10,2015-08-11,20.24,False
11,2015-08-12,19.36,False
12,2015-08-13,20.24,False
13,2015-08-14,11.0,False
14,2015-08-15,14.52,False
15,2015-08-16,6.16,False
16,2015-08-17,14.52,False
17,2015-08-18,38.72,False
18,2015-08-19,17.6,False
19,2015-08-20,20.24,False
20,2015-08-21,25.080000000000002,False
21,2015-08-22,20.68,False
22,2015-08-23,9.24,False
23,2015-08-24,44.0,False
24,2015-08-25,15.4,False
25,2015-08-26,35.64,False
26,2015-08-27,13.2,False
27,2015-08-28,16.72,False
28,2015-08-29,14.08,False
29,2015-08-30,9.24,False
30,2015-08-31,12.76,False
0,2015-09-01,15.959999999999999,False
1,2015-09-02,27.3,False
2,2015-09-03,16.38,False
3,2015-09-04,20.58,False
4,2015-09-05,15.12,False
5,2015-09-06,21.419999999999998,False
6,2015-09-07,11.34,False
7,2015-09-08,17.64,False
8,2015-09-09,24.779999999999998,False
9,2015-09-10,18.06,False
10,2015-09-11,27.72,False
11,2015-09-12,14.7,False
12,2015-09-13,14.28,False
13,2015-09-14,33.18,False
14,2015-09-15,21.419999999999998,False
15,2015-09-16,23.099999999999998,False
16,2015-09-17,28.14,False
17,2015-09-18,18.48,False
18,2015-09-19,21.0,False
19,2015-09-20,12.18,False
20,2015-09-21,19.32,False
21,2015-09-22,28.14,False
22,2015-09-23,14.28,False
23,2015-09-24,42.0,False
24,2015-09-25,15.12,False
25,2015-09-26,6.3,False
26,2015-09-27,14.7,False
27,2015-09-28,29.4,False
28,2015-09-29,13.86,False
29,2015-09-30,8.82,False
0,2015-10-01,26.130000000000003,False
1,2015-10-02,34.32,False
2,2015-10-03,13.26,False
3,2015-10-04,19.5,False
4,2015-10-05,25.740000000000002,False
5,2015-10-06,32.370000000000005,False
6,2015-10-07,17.94,False
7,2015-10-08,24.96,False
8,2015-10-09,26.91,False
9,2015-10-10,9.36,False
10,2015-10-11,19.89,False
11,2015-10-12,17.16,False
12,2015-10-13,18.72,False
13,2015-10-14,14.43,False
14,2015-10-15,31.59,False
15,2015-10-16,21.060000000000002,False
16,2015-10-17,22.23,False
17,2015-10-18,10.14,False
18,2015-10-19,23.400000000000002,False
19,2015-10-20,35.1,False
20,2015-10-21,29.25,False
21,2015-10-22,32.76,False
22,2015-10-23,39.0,False
23,2015-10-24,24.96,False
24,2015-10-25,16.77,False
25,2015-10-26,27.69,False
26,2015-10-27,37.83,False
27,2015-10-28,30.810000000000002,False
28,2015-10-29,19.11,False
29,2015-10-30,27.3,False
30,2015-10-31,21.45,False
0,2015-11-01,9.03,False
1,2015-11-02,33.54,False
2,2015-11-03,27.95,False
3,2015-11-04,35.69,False
4,2015-11-05,32.68,False
5,2015-11-06,26.66,False
6,2015-11-07,21.07,False
7,2015-11-08,20.64,False
8,2015-11-09,35.69,False
9,2015-11-10,43.0,False
10,2015-11-11,12.9,False
11,2015-11-12,23.65,False
12,2015-11-13,29.669999999999998,False
13,2015-11-14,33.11,False
14,2015-11-15,14.62,False
15,2015-11-16,37.839999999999996,False
16,2015-11-17,35.26,False
17,2015-11-18,40.42,False
18,2015-11-19,20.64,False
19,2015-11-20,36.98,False
20,2015-11-21,35.69,False
21,2015-11-22,23.22,False
22,2015-11-23,30.53,False
23,2015-11-24,42.57,False
24,2015-11-25,33.11,False
25,2015-11-26,29.24,False
26,2015-11-27,18.919999999999998,False
27,2015-11-28,14.62,False
28,2015-11-29,14.62,False
29,2015-11-30,42.14,False
0,2015-12-01,27.88,False
1,2015-12-02,26.24,False
2,2015-12-03,27.88,False
3,2015-12-04,25.419999999999998,False
4,2015-12-05,16.4,False
5,2015-12-06,12.709999999999999,False
6,2015-12-07,24.599999999999998,False
7,2015-12-08,24.599999999999998,False
8,2015-12-09,25.419999999999998,False
9,2015-12-10,21.73,False
10,2015-12-11,21.32,False
11,2015-12-12,13.94,False
12,2015-12-13,19.27,False
13,2015-12-14,29.11,False
14,2015-12-15,27.06,False
15,2015-12-16,27.47,False
16,2015-12-17,27.06,False
17,2015-12-18,27.47,False
18,2015-12-19,24.189999999999998,False
19,2015-12-20,14.35,False
20,2015-12-21,19.68,False
21,2015-12-22,23.369999999999997,False
22,2015-12-23,31.159999999999997,False
23,2015-12-24,41.0,False
24,2015-12-25,21.32,False
25,2015-12-26,15.989999999999998,False
26,2015-12-27,18.04,False
27,2015-12-28,24.599999999999998,False
28,2015-12-29,23.779999999999998,False
29,2015-12-30,34.03,False
30,2015-12-31,14.35,False
0,2016-01-01,24.439999999999998,False
1,2016-01-02,27.729999999999997,False
2,2016-01-03,30.549999999999997,False
3,2016-01-04,29.61,False
4,2016-01-05,43.239999999999995,False
5,2016-01-06,46.529999999999994,False
6,2016-01-07,41.36,False
7,2016-01-08,33.37,False
8,2016-01-09,28.669999999999998,False
9,2016-01-10,31.02,False
10,2016-01-11,18.799999999999997,False
11,2016-01-12,44.65,False
12,2016-01-13,44.65,False
13,2016-01-14,33.37,False
14,2016-01-15,47.0,False
15,2016-01-16,31.959999999999997,False
16,2016-01-17,23.029999999999998,False
17,2016-01-18,23.5,False
18,2016-01-19,41.83,False
19,2016-01-20,36.66,False
20,2016-01-21,42.769999999999996,False
21,2016-01-22,39.48,False
22,2016-01-23,31.49,False
23,2016-01-24,26.32,False
24,2016-01-25,26.32,False
25,2016-01-26,29.139999999999997,False
26,2016-01-27,30.549999999999997,False
27,2016-01-28,36.66,False
28,2016-01-29,44.18,False
29,2016-01-30,28.669999999999998,False
30,2016-01-31,26.32,False
0,2016-02-01,21.93,False
1,2016-02-02,29.07,False
2,2016-02-03,24.990000000000002,False
3,2016-02-04,37.230000000000004,False
4,2016-02-05,29.07,False
5,2016-02-06,19.38,False
6,2016-02-07,15.81,False
7,2016-02-08,28.560000000000002,False
8,2016-02-09,26.52,False
9,2016-02-10,27.54,False
10,2016-02-11,30.6,False
11,2016-02-12,34.68,False
12,2016-02-13,18.87,False
13,2016-02-14,12.24,False
14,2016-02-15,13.77,False
15,2016-02-16,22.95,False
16,2016-02-17,32.13,False
17,2016-02-18,26.52,False
18,2016-02-19,20.91,False
19,2016-02-20,16.830000000000002,False
20,2016-02-21,13.77,False
21,2016-02-22,21.93,False
22,2016-02-23,51.0,False
23,2016-02-24,29.07,False
24,2016-02-25,31.62,False
25,2016-02-26,37.230000000000004,False
26,2016-02-27,13.77,False
27,2016-02-28,13.26,False
28,2016-02-29,18.87,False
0,2016-03-01,40.480000000000004,False
1,2016-03-02,42.78,False
2,2016-03-03,36.800000000000004,False
3,2016-03-04,40.480000000000004,False
4,2016-03-05,17.48,False
5,2016-03-06,22.080000000000002,False
6,2016-03-07,25.76,False
7,2016-03-08,32.660000000000004,False
8,2016-03-09,37.260000000000005,False
9,2016-03-10,30.82,False
10,2016-03-11,40.940000000000005,False
11,2016-03-12,32.660000000000004,False
12,2016-03-13,17.02,False
13,2016-03-14,28.52,False
14,2016-03-15,39.1,False
15,2016-03-16,39.1,False
16,2016-03-17,37.72,False
17,2016-03-18,29.900000000000002,False
18,2016-03-19,29.900000000000002,False
19,2016-03-20,9.66,False
20,2016-03-21,40.02,False
21,2016-03-22,31.28,False
22,2016-03-23,31.28,False
23,2016-03-24,32.2,False
24,2016-03-25,24.84,False
25,2016-03-26,28.98,False
26,2016-03-27,26.220000000000002,False
27,2016-03-28,23.0,False
28,2016-03-29,23.92,False
29,2016-03-30,46.0,False
30,2016-03-31,28.52,False
0,2016-04-01,34.2,False
1,2016-04-02,27.900000000000002,False
2,2016-04-03,30.6,False
3,2016-04-04,35.1,False
4,2016-04-05,23.85,False
5,2016-04-06,43.65,False
6,2016-04-07,35.550000000000004,False
7,2016-04-08,42.300000000000004,False
8,2016-04-09,31.05,False
9,2016-04-10,19.35,False
10,2016-04-11,39.15,False
11,2016-04-12,26.55,False
12,2016-04-13,28.35,False
13,2016-04-14,31.95,False
14,2016-04-15,37.35,False
15,2016-04-16,14.4,False
16,2016-04-17,13.950000000000001,False
17,2016-04-18,30.150000000000002,False
18,2016-04-19,37.35,False
19,2016-04-20,45.0,False
20,2016-04-21,37.35,False
21,2016-04-22,33.300000000000004,False
22,2016-04-23,31.05,False
23,2016-04-24,19.35,False
24,2016-04-25,30.150000000000002,False
25,2016-04-26,33.75,False
26,2016-04-27,22.95,False
27,2016-04-28,31.05,False
28,2016-04-29,25.650000000000002,False
29,2016-04-30,21.6,False
0,2016-05-01,15.370000000000001,False
1,2016-05-02,22.26,False
2,2016-05-03,17.490000000000002,False
3,2016-05-04,23.85,False
4,2016-05-05,10.600000000000001,False
5,2016-05-06,24.91,False
6,2016-05-07,14.31,False
7,2016-05-08,12.190000000000001,False
8,2016-05-09,27.03,False
9,2016-05-10,26.5,False
10,2016-05-11,13.25,False
11,2016-05-12,28.09,False
12,2016-05-13,27.560000000000002,False
13,2016-05-14,12.190000000000001,False
14,2016-05-15,5.300000000000001,False
15,2016-05-16,26.5,False
16,2016-05-17,53.0,False
17,2016-05-18,30.740000000000002,False
18,2016-05-19,29.68,False
19,2016-05-20,21.73,False
20,2016-05-21,17.490000000000002,False
21,2016-05-22,13.780000000000001,False
22,2016-05-23,23.32,False
23,2016-05-24,17.490000000000002,False
24,2016-05-25,20.67,False
25,2016-05-26,20.14,False
26,2016-05-27,15.9,False
27,2016-05-28,6.890000000000001,False
28,2016-05-29,12.190000000000001,False
29,2016-05-30,7.42,False
30,2016-05-31,14.84,False
0,2016-06-01,22.5,False
1,2016-06-02,18.45,False
2,2016-06-03,36.45,False
3,2016-06-04,14.4,False
4,2016-06-05,15.3,False
5,2016-06-06,24.75,False
6,2016-06-07,25.650000000000002,False
7,2016-06-08,27.45,False
8,2016-06-09,18.45,False
9,2016-06-10,24.75,False
10,2016-06-11,12.15,False
11,2016-06-12,8.55,False
12,2016-06-13,16.650000000000002,False
13,2016-06-14,40.050000000000004,False
14,2016-06-15,24.3,False
15,2016-06-16,23.400000000000002,False
16,2016-06-17,19.8,False
17,2016-06-18,13.5,False
18,2016-06-19,16.650000000000002,False
19,2016-06-20,21.6,False
20,2016-06-21,22.5,False
21,2016-06-22,19.8,False
22,2016-06-23,21.6,False
23,2016-06-24,45.0,False
24,2016-06-25,12.15,False
25,2016-06-26,9.9,False
26,2016-06-27,29.25,False
27,2016-06-28,33.300000000000004,False
28,2016-06-29,27.0,False
29,2016-06-30,25.2,False
0,2016-07-01,38.25,False
1,2016-07-02,24.75,False
2,2016-07-03,22.05,False
3,2016-07-04,7.2,False
4,2016-07-05,26.1,False
5,2016-07-06,26.55,False
6,2016-07-07,22.05,False
7,2016-07-08,37.35,False
8,2016-07-09,8.55,False
9,2016-07-10,22.05,False
10,2016-07-11,21.150000000000002,False
11,2016-07-12,28.35,False
12,2016-07-13,38.25,False
13,2016-07-14,34.2,False
14,2016-07-15,36.9,False
15,2016-07-16,22.05,False
16,2016-07-17,22.5,False
17,2016-07-18,14.4,False
18,2016-07-19,33.300000000000004,False
19,2016-07-20,23.85,False
20,2016-07-21,33.75,False
21,2016-07-22,29.7,False
22,2016-07-23,19.35,False
23,2016-07-24,19.35,False
24,2016-07-25,9.450000000000001,False
25,2016-07-26,32.85,False
26,2016-07-27,45.0,False
27,2016-07-28,23.400000000000002,False
28,2016-07-29,45.0,False
29,2016-07-30,8.55,False
30,2016-07-31,27.45,False
0,2016-08-01,36.75,False
1,2016-08-02,23.03,False
2,2016-08-03,31.36,False
3,2016-08-04,32.83,False
4,2016-08-05,27.93,False
5,2016-08-06,19.6,False
6,2016-08-07,21.07,False
7,2016-08-08,33.32,False
8,2016-08-09,25.97,False
9,2016-08-10,30.87,False
10,2016-08-11,23.52,False
11,2016-08-12,34.3,False
12,2016-08-13,25.48,False
13,2016-08-14,19.6,False
14,2016-08-15,35.28,False
15,2016-08-16,49.0,False
16,2016-08-17,31.849999999999998,False
17,2016-08-18,24.99,False
18,2016-08-19,31.849999999999998,False
19,2016-08-20,5.39,False
20,2016-08-21,19.6,False
21,2016-08-22,33.81,False
22,2016-08-23,13.23,False
23,2016-08-24,25.97,False
24,2016-08-25,28.91,False
25,2016-08-26,28.91,False
26,2016-08-27,16.169999999999998,False
27,2016-08-28,22.54,False
28,2016-08-29,23.52,False
29,2016-08-30,21.56,False
30,2016-08-31,28.419999999999998,False
0,2016-09-01,27.95,False
1,2016-09-02,27.52,False
2,2016-09-03,19.35,False
3,2016-09-04,22.36,False
4,2016-09-05,21.07,False
5,2016-09-06,25.8,False
6,2016-09-07,37.839999999999996,False
7,2016-09-08,23.22,False
8,2016-09-09,25.37,False
9,2016-09-10,27.09,False
10,2016-09-11,20.21,False
11,2016-09-12,27.95,False
12,2016-09-13,31.39,False
13,2016-09-14,27.52,False
14,2016-09-15,23.22,False
15,2016-09-16,43.0,False
16,2016-09-17,17.2,False
17,2016-09-18,20.64,False
18,2016-09-19,28.81,False
19,2016-09-20,26.66,False
20,2016-09-21,20.64,False
21,2016-09-22,15.48,False
22,2016-09-23,22.79,False
23,2016-09-24,17.63,False
24,2016-09-25,14.62,False
25,2016-09-26,29.669999999999998,False
26,2016-09-27,15.91,False
27,2016-09-28,27.95,False
28,2016-09-29,24.08,False
29,2016-09-30,21.5,False
0,2016-10-01,23.94,False
1,2016-10-02,10.64,False
2,2016-10-03,24.7,False
3,2016-10-04,17.1,False
4,2016-10-05,28.88,False
5,2016-10-06,34.58,False
6,2016-10-07,38.0,False
7,2016-10-08,11.02,False
8,2016-10-09,4.18,False
9,2016-10-10,19.38,False
10,2016-10-11,25.080000000000002,False
11,2016-10-12,31.16,False
12,2016-10-13,15.2,False
13,2016-10-14,22.04,False
14,2016-10-15,20.14,False
15,2016-10-16,4.18,False
16,2016-10-17,30.4,False
17,2016-10-18,28.12,False
18,2016-10-19,22.42,False
19,2016-10-20,26.6,False
20,2016-10-21,17.86,False
21,2016-10-22,17.86,False
22,2016-10-23,8.74,False
23,2016-10-24,19.0,False
24,2016-10-25,22.42,False
25,2016-10-26,29.64,False
26,2016-10-27,31.16,False
27,2016-10-28,34.2,False
28,2016-10-29,11.02,False
29,2016-10-30,11.02,False
30,2016-10-31,23.56,False
0,2016-11-01,43.86,False
1,2016-11-02,18.36,False
2,2016-11-03,29.07,False
3,2016-11-04,23.46,False
4,2016-11-05,20.4,False
5,2016-11-06,15.3,False
6,2016-11-07,35.19,False
7,2016-11-08,19.89,False
8,2016-11-09,46.410000000000004,False
9,2016-11-10,32.13,False
10,2016-11-11,18.87,False
11,2016-11-12,25.5,False
12,2016-11-13,22.44,False
13,2016-11-14,33.15,False
14,2016-11-15,51.0,False
15,2016-11-16,37.230000000000004,False
16,2016-11-17,29.07,False
17,2016-11-18,32.13,False
18,2016-11-19,19.89,False
19,2016-11-20,19.89,False
20,2016-11-21,23.97,False
21,2016-11-22,45.9,False
22,2016-11-23,31.11,False
23,2016-11-24,9.18,False
24,2016-11-25,32.13,False
25,2016-11-26,14.790000000000001,False
26,2016-11-27,12.24,False
27,2016-11-28,35.7,False
28,2016-11-29,18.87,False
29,2016-11-30,32.13,False
0,2016-12-01,40.050000000000004,False
1,2016-12-02,33.75,False
2,2016-12-03,21.6,False
3,2016-12-04,15.75,False
4,2016-12-05,25.2,False
5,2016-12-06,27.0,False
6,2016-12-07,35.1,False
7,2016-12-08,35.1,False
8,2016-12-09,41.85,False
9,2016-12-10,25.650000000000002,False
10,2016-12-11,17.55,False
11,2016-12-12,40.95,False
12,2016-12-13,45.0,False
13,2016-12-14,28.8,False
14,2016-12-15,36.0,False
15,2016-12-16,33.300000000000004,False
16,2016-12-17,18.45,False
17,2016-12-18,14.4,False
18,2016-12-19,40.050000000000004,False
19,2016-12-20,30.150000000000002,False
20,2016-12-21,29.7,False
21,2016-12-22,35.1,False
22,2016-12-23,31.05,False
23,2016-12-24,19.8,False
24,2016-12-25,16.2,False
25,2016-12-26,22.5,False
26,2016-12-27,35.550000000000004,False
27,2016-12-28,29.7,False
28,2016-12-29,28.8,False
29,2016-12-30,35.1,False
30,2016-12-31,14.85,False
0,2017-01-01,37.24,False
1,2017-01-02,20.09,False
2,2017-01-03,34.79,False
3,2017-01-04,32.339999999999996,False
4,2017-01-05,25.97,False
5,2017-01-06,6.859999999999999,False
6,2017-01-07,16.66,False
7,2017-01-08,14.209999999999999,False
8,2017-01-09,41.16,False
9,2017-01-10,22.54,False
10,2017-01-11,26.95,False
11,2017-01-12,41.65,False
12,2017-01-13,25.48,False
13,2017-01-14,9.8,False
14,2017-01-15,23.52,False
15,2017-01-16,24.99,False
16,2017-01-17,26.46,False
17,2017-01-18,43.61,False
18,2017-01-19,32.83,False
19,2017-01-20,21.07,False
20,2017-01-21,11.76,False
21,2017-01-22,16.169999999999998,False
22,2017-01-23,49.0,False
23,2017-01-24,26.46,False
24,2017-01-25,43.61,False
25,2017-01-26,49.0,False
26,2017-01-27,38.22,False
27,2017-01-28,31.36,False
28,2017-01-29,18.62,False
29,2017-01-30,33.81,False
30,2017-01-31,39.2,False
0,2017-02-01,27.03,False
1,2017-02-02,19.89,False
2,2017-02-03,21.93,False
3,2017-02-04,13.26,False
4,2017-02-05,19.38,False
5,2017-02-06,20.91,False
6,2017-02-07,37.74,False
7,2017-02-08,29.580000000000002,False
8,2017-02-09,21.93,False
9,2017-02-10,31.62,False
10,2017-02-11,10.71,False
11,2017-02-12,24.990000000000002,False
12,2017-02-13,30.6,False
13,2017-02-14,36.72,False
14,2017-02-15,34.68,False
15,2017-02-16,39.27,False
16,2017-02-17,30.09,False
17,2017-02-18,17.34,False
18,2017-02-19,14.280000000000001,False
19,2017-02-20,28.560000000000002,False
20,2017-02-21,51.0,False
21,2017-02-22,45.39,False
22,2017-02-23,34.68,False
23,2017-02-24,32.64,False
24,2017-02-25,29.580000000000002,False
25,2017-02-26,22.44,False
26,2017-02-27,34.17,False
27,2017-02-28,31.62,False
0,2017-03-01,56.00000000000001,False
1,2017-03-02,47.040000000000006,False
2,2017-03-03,42.00000000000001,False
3,2017-03-04,20.160000000000004,False
4,2017-03-05,16.240000000000002,False
5,2017-03-06,34.720000000000006,False
6,2017-03-07,38.64,False
7,2017-03-08,30.800000000000004,False
8,2017-03-09,37.52,False
9,2017-03-10,40.88,False
10,2017-03-11,26.880000000000003,False
11,2017-03-12,20.160000000000004,False
12,2017-03-13,26.320000000000004,False
13,2017-03-14,31.360000000000003,False
14,2017-03-15,30.800000000000004,False
15,2017-03-16,34.720000000000006,False
16,2017-03-17,37.52,False
17,2017-03-18,15.680000000000001,False
18,2017-03-19,16.8,False
19,2017-03-20,30.800000000000004,False
20,2017-03-21,31.360000000000003,False
21,2017-03-22,38.080000000000005,False
22,2017-03-23,38.64,False
23,2017-03-24,28.560000000000002,False
24,2017-03-25,12.88,False
25,2017-03-26,26.880000000000003,False
26,2017-03-27,36.400000000000006,False
27,2017-03-28,41.440000000000005,False
28,2017-03-29,32.480000000000004,False
29,2017-03-30,28.000000000000004,False
30,2017-03-31,25.76,False
0,2017-04-01,25.849999999999998,False
1,2017-04-02,17.86,False
2,2017-04-03,26.32,False
3,2017-04-04,32.43,False
4,2017-04-05,36.19,False
5,2017-04-06,36.19,False
6,2017-04-07,21.15,False
7,2017-04-08,13.16,False
8,2017-04-09,20.209999999999997,False
9,2017-04-10,47.0,False
10,2017-04-11,34.309999999999995,False
11,2017-04-12,31.49,False
12,2017-04-13,30.549999999999997,False
13,2017-04-14,18.799999999999997,False
14,2017-04-15,13.16,False
15,2017-04-16,26.79,False
16,2017-04-17,27.729999999999997,False
17,2017-04-18,26.32,False
18,2017-04-19,30.08,False
19,2017-04-20,33.839999999999996,False
20,2017-04-21,42.769999999999996,False
21,2017-04-22,11.75,False
22,2017-04-23,19.27,False
23,2017-04-24,36.66,False
24,2017-04-25,45.589999999999996,False
25,2017-04-26,43.239999999999995,False
26,2017-04-27,37.599999999999994,False
27,2017-04-28,40.419999999999995,False
28,2017-04-29,27.729999999999997,False
29,2017-04-30,19.27,False
0,2017-05-01,28.799999999999997,False
1,2017-05-02,29.4,False
2,2017-05-03,27.599999999999998,False
3,2017-05-04,18.599999999999998,False
4,2017-05-05,22.8,False
5,2017-05-06,14.399999999999999,False
6,2017-05-07,10.799999999999999,False
7,2017-05-08,33.0,False
8,2017-05-09,36.0,False
9,2017-05-10,32.4,False
10,2017-05-11,22.2,False
11,2017-05-12,33.0,False
12,2017-05-13,10.2,False
13,2017-05-14,13.799999999999999,False
14,2017-05-15,31.799999999999997,False
15,2017-05-16,60.0,False
16,2017-05-17,45.0,False
17,2017-05-18,19.2,False
18,2017-05-19,32.4,False
19,2017-05-20,17.4,False
20,2017-05-21,13.799999999999999,False
21,2017-05-22,22.2,False
22,2017-05-23,22.2,False
23,2017-05-24,33.0,False
24,2017-05-25,27.599999999999998,False
25,2017-05-26,24.599999999999998,False
26,2017-05-27,9.6,False
27,2017-05-28,13.799999999999999,False
28,2017-05-29,12.0,False
29,2017-05-30,25.2,False
30,2017-05-31,24.599999999999998,False
0,2017-06-01,20.900000000000002,False
1,2017-06-02,30.800000000000004,False
2,2017-06-03,21.450000000000003,False
3,2017-06-04,42.35,False
4,2017-06-05,31.900000000000002,False
5,2017-06-06,46.75000000000001,False
6,2017-06-07,44.550000000000004,False
7,2017-06-08,38.5,False
8,2017-06-09,28.6,False
9,2017-06-10,46.2,False
10,2017-06-11,18.700000000000003,False
11,2017-06-12,46.75000000000001,False
12,2017-06-13,42.35,False
13,2017-06-14,47.300000000000004,False
14,2017-06-15,48.400000000000006,False
15,2017-06-16,50.050000000000004,False
16,2017-06-17,16.5,False
17,2017-06-18,37.95,False
18,2017-06-19,34.1,False
19,2017-06-20,30.800000000000004,False
20,2017-06-21,47.85,False
21,2017-06-22,51.150000000000006,False
22,2017-06-23,55.00000000000001,False
23,2017-06-24,42.35,False
24,2017-06-25,15.950000000000001,False
25,2017-06-26,37.400000000000006,False
26,2017-06-27,42.35,False
27,2017-06-28,20.900000000000002,False
28,2017-06-29,25.85,False
29,2017-06-30,29.150000000000002,False
0,2017-07-01,20.06,False
1,2017-07-02,11.209999999999999,False
2,2017-07-03,21.83,False
3,2017-07-04,15.34,False
4,2017-07-05,22.419999999999998,False
5,2017-07-06,30.68,False
6,2017-07-07,23.599999999999998,False
7,2017-07-08,14.16,False
8,2017-07-09,9.44,False
9,2017-07-10,27.139999999999997,False
10,2017-07-11,23.009999999999998,False
11,2017-07-12,34.809999999999995,False
12,2017-07-13,29.5,False
13,2017-07-14,25.369999999999997,False
14,2017-07-15,15.93,False
15,2017-07-16,12.979999999999999,False
16,2017-07-17,33.629999999999995,False
17,2017-07-18,17.7,False
18,2017-07-19,30.09,False
19,2017-07-20,54.279999999999994,False
20,2017-07-21,59.0,False
21,2017-07-22,18.88,False
22,2017-07-23,15.93,False
23,2017-07-24,35.989999999999995,False
24,2017-07-25,48.97,False
25,2017-07-26,25.369999999999997,False
26,2017-07-27,28.32,False
27,2017-07-28,35.989999999999995,False
28,2017-07-29,12.389999999999999,False
29,2017-07-30,14.16,False
30,2017-07-31,29.5,False
0,2017-08-01,31.28,False
1,2017-08-02,26.520000000000003,False
2,2017-08-03,22.44,False
3,2017-08-04,27.200000000000003,False
4,2017-08-05,14.280000000000001,False
5,2017-08-06,8.16,False
6,2017-08-07,22.44,False
7,2017-08-08,16.32,False
8,2017-08-09,25.840000000000003,False
9,2017-08-10,17.68,False
10,2017-08-11,12.24,False
11,2017-08-12,10.88,False
12,2017-08-13,12.24,False
13,2017-08-14,35.36,False
14,2017-08-15,68.0,False
15,2017-08-16,34.68,False
16,2017-08-17,31.96,False
17,2017-08-18,30.6,False
18,2017-08-19,14.96,False
19,2017-08-20,10.88,False
20,2017-08-21,19.720000000000002,False
21,2017-08-22,23.8,False
22,2017-08-23,23.8,False
23,2017-08-24,27.200000000000003,False
24,2017-08-25,18.360000000000003,False
25,2017-08-26,6.12,False
26,2017-08-27,10.88,False
27,2017-08-28,27.880000000000003,False
28,2017-08-29,27.200000000000003,False
29,2017-08-30,38.080000000000005,False
30,2017-08-31,27.880000000000003,False
0,2017-09-01,41.8,False
1,2017-09-02,28.12,False
2,2017-09-03,19.76,False
3,2017-09-04,12.92,False
4,2017-09-05,38.0,False
5,2017-09-06,44.84,False
6,2017-09-07,57.0,False
7,2017-09-08,76.0,False
8,2017-09-09,32.68,False
9,2017-09-10,23.56,False
10,2017-09-11,73.72,False
11,2017-09-12,54.72,False
12,2017-09-13,54.72,False
13,2017-09-14,58.52,False
14,2017-09-15,50.92,False
15,2017-09-16,22.8,False
16,2017-09-17,16.72,False
17,2017-09-18,46.36,False
18,2017-09-19,46.36,False
19,2017-09-20,41.8,False
20,2017-09-21,44.84,False
21,2017-09-22,38.76,False
22,2017-09-23,15.2,False
23,2017-09-24,14.44,False
24,2017-09-25,31.16,False
25,2017-09-26,40.28,False
26,2017-09-27,40.28,False
27,2017-09-28,35.72,False
28,2017-09-29,42.56,False
29,2017-09-30,22.04,False
0,2017-10-01,17.28,False
1,2017-10-02,44.160000000000004,False
2,2017-10-03,43.52,False
3,2017-10-04,64.0,False
4,2017-10-05,49.92,False
5,2017-10-06,44.800000000000004,False
6,2017-10-07,25.6,False
7,2017-10-08,18.56,False
8,2017-10-09,33.28,False
9,2017-10-10,52.480000000000004,False
10,2017-10-11,44.800000000000004,False
11,2017-10-12,48.0,False
12,2017-10-13,42.88,False
13,2017-10-14,21.12,False
14,2017-10-15,27.52,False
15,2017-10-16,36.480000000000004,False
16,2017-10-17,47.36,False
17,2017-10-18,30.080000000000002,False
18,2017-10-19,37.76,False
19,2017-10-20,47.36,False
20,2017-10-21,23.04,False
21,2017-10-22,16.64,False
22,2017-10-23,47.36,False
23,2017-10-24,48.64,False
24,2017-10-25,48.0,False
25,2017-10-26,55.68,False
26,2017-10-27,39.68,False
27,2017-10-28,18.56,False
28,2017-10-29,10.88,False
29,2017-10-30,33.28,False
30,2017-10-31,45.44,False
0,2017-11-01,41.18,False
1,2017-11-02,40.47,False
2,2017-11-03,36.21,False
3,2017-11-04,21.299999999999997,False
4,2017-11-05,20.59,False
5,2017-11-06,33.37,False
6,2017-11-07,26.979999999999997,False
7,2017-11-08,25.56,False
8,2017-11-09,29.82,False
9,2017-11-10,26.979999999999997,False
10,2017-11-11,17.75,False
11,2017-11-12,15.62,False
12,2017-11-13,34.08,False
13,2017-11-14,71.0,False
14,2017-11-15,40.47,False
15,2017-11-16,40.47,False
16,2017-11-17,33.37,False
17,2017-11-18,12.78,False
18,2017-11-19,18.46,False
19,2017-11-20,39.76,False
20,2017-11-21,45.44,False
21,2017-11-22,42.599999999999994,False
22,2017-11-23,20.59,False
23,2017-11-24,25.56,False
24,2017-11-25,22.009999999999998,False
25,2017-11-26,19.169999999999998,False
26,2017-11-27,34.08,False
27,2017-11-28,39.05,False
28,2017-11-29,31.95,False
29,2017-11-30,51.83,False
0,2017-12-01,54.78,False
1,2017-12-02,26.400000000000002,False
2,2017-12-03,19.8,False
3,2017-12-04,39.6,False
4,2017-12-05,66.0,False
5,2017-12-06,59.400000000000006,False
6,2017-12-07,46.86,False
7,2017-12-08,44.88,False
8,2017-12-09,27.060000000000002,False
9,2017-12-10,27.720000000000002,False
10,2017-12-11,38.28,False
11,2017-12-12,39.6,False
12,2017-12-13,26.400000000000002,False
13,2017-12-14,42.9,False
14,2017-12-15,34.32,False
15,2017-12-16,31.68,False
16,2017-12-17,28.380000000000003,False
17,2017-12-18,48.18,False
18,2017-12-19,31.68,False
19,2017-12-20,58.74,False
20,2017-12-21,64.68,False
21,2017-12-22,58.74,False
22,2017-12-23,25.740000000000002,False
23,2017-12-24,22.44,False
24,2017-12-25,19.8,False
25,2017-12-26,36.96,False
26,2017-12-27,52.14,False
27,2017-12-28,56.760000000000005,False
28,2017-12-29,45.54,False
29,2017-12-30,25.080000000000002,False
30,2017-12-31,14.520000000000001,False
0,2018-01-01,29.4,False
1,2018-01-02,45.36,False
2,2018-01-03,77.28,False
3,2018-01-04,43.68,False
4,2018-01-05,73.92,False
5,2018-01-06,33.6,False
6,2018-01-07,19.32,False
7,2018-01-08,47.04,False
8,2018-01-09,65.52,False
9,2018-01-10,40.32,False
10,2018-01-11,57.12,False
11,2018-01-12,52.919999999999995,False
12,2018-01-13,21.84,False
13,2018-01-14,21.84,False
14,2018-01-15,29.4,False
15,2018-01-16,84.0,False
16,2018-01-17,51.239999999999995,False
17,2018-01-18,70.56,False
18,2018-01-19,76.44,False
19,2018-01-20,21.84,False
20,2018-01-21,21.84,False
21,2018-01-22,76.44,False
22,2018-01-23,47.04,False
23,2018-01-24,58.8,False
24,2018-01-25,77.28,False
25,2018-01-26,78.96,False
26,2018-01-27,31.08,False
27,2018-01-28,19.32,False
28,2018-01-29,34.44,False
29,2018-01-30,63.0,False
30,2018-01-31,51.239999999999995,False
0,2018-02-01,66.0,False
1,2018-02-02,64.0,False
2,2018-02-03,41.0,False
3,2018-02-04,20.0,False
4,2018-02-05,91.0,False
5,2018-02-06,98.0,False
6,2018-02-07,89.0,False
7,2018-02-08,85.0,False
8,2018-02-09,100.0,False
9,2018-02-10,36.0,False
10,2018-02-11,34.0,False
11,2018-02-12,70.0,False
12,2018-02-13,70.0,False
13,2018-02-14,63.0,False
14,2018-02-15,57.0,False
15,2018-02-16,73.0,False
16,2018-02-17,48.0,False
17,2018-02-18,31.0,False
18,2018-02-19,49.0,False
19,2018-02-20,97.0,False
20,2018-02-21,62.0,False
21,2018-02-22,75.0,False
22,2018-02-23,57.0,False
23,2018-02-24,36.0,False
24,2018-02-25,24.0,False
25,2018-02-26,55.0,False
26,2018-02-27,46.0,False
27,2018-02-28,70.0,False
0,2018-03-01,63.959999999999994,False
1,2018-03-02,72.16,False
2,2018-03-03,43.46,False
3,2018-03-04,27.88,False
4,2018-03-05,56.58,False
5,2018-03-06,57.4,False
6,2018-03-07,57.4,False
7,2018-03-08,56.58,False
8,2018-03-09,70.52,False
9,2018-03-10,48.379999999999995,False
10,2018-03-11,18.04,False
11,2018-03-12,68.06,False
12,2018-03-13,82.0,False
13,2018-03-14,68.88,False
14,2018-03-15,64.78,False
15,2018-03-16,58.22,False
16,2018-03-17,31.159999999999997,False
17,2018-03-18,25.419999999999998,False
18,2018-03-19,51.66,False
19,2018-03-20,69.7,False
20,2018-03-21,53.3,False
21,2018-03-22,68.06,False
22,2018-03-23,65.6,False
23,2018-03-24,26.24,False
24,2018-03-25,26.24,False
25,2018-03-26,77.89999999999999,False
26,2018-03-27,63.13999999999999,False
27,2018-03-28,58.22,False
28,2018-03-29,64.78,False
29,2018-03-30,54.12,False
30,2018-03-31,42.64,False
0,2018-04-01,21.0,False
1,2018-04-02,57.0,False
2,2018-04-03,51.75,False
3,2018-04-04,53.25,False
4,2018-04-05,57.75,False
5,2018-04-06,50.25,False
6,2018-04-07,20.25,False
7,2018-04-08,20.25,False
8,2018-04-09,51.0,False
9,2018-04-10,43.5,False
10,2018-04-11,63.0,False
11,2018-04-12,32.25,False
12,2018-04-13,54.0,False
13,2018-04-14,12.75,False
14,2018-04-15,6.0,False
15,2018-04-16,31.5,False
16,2018-04-17,48.0,False
17,2018-04-18,64.5,False
18,2018-04-19,56.25,False
19,2018-04-20,42.75,False
20,2018-04-21,16.5,False
21,2018-04-22,18.75,False
22,2018-04-23,39.0,False
23,2018-04-24,38.25,False
24,2018-04-25,33.0,False
25,2018-04-26,75.0,False
26,2018-04-27,47.25,False
27,2018-04-28,18.75,False
28,2018-04-29,22.5,False
29,2018-04-30,45.75,False
0,2018-05-01,23.56,False
1,2018-05-02,35.72,False
2,2018-05-03,26.6,False
3,2018-05-04,15.2,False
4,2018-05-05,28.12,False
5,2018-05-06,15.2,False
6,2018-05-07,26.6,False
7,2018-05-08,23.56,False
8,2018-05-09,41.8,False
9,2018-05-10,28.12,False
10,2018-05-11,28.12,False
11,2018-05-12,12.92,False
12,2018-05-13,8.36,False
13,2018-05-14,44.84,False
14,2018-05-15,76.0,False
15,2018-05-16,44.84,False
16,2018-05-17,27.36,False
17,2018-05-18,28.88,False
18,2018-05-19,11.4,False
19,2018-05-20,9.88,False
20,2018-05-21,26.6,False
21,2018-05-22,21.28,False
22,2018-05-23,32.68,False
23,2018-05-24,18.240000000000002,False
24,2018-05-25,22.8,False
25,2018-05-26,7.6,False
26,2018-05-27,9.120000000000001,False
27,2018-05-28,12.92,False
28,2018-05-29,17.48,False
29,2018-05-30,24.32,False
30,2018-05-31,25.84,False
0,2018-06-01,22.72,False
1,2018-06-02,22.009999999999998,False
2,2018-06-03,11.36,False
3,2018-06-04,31.24,False
4,2018-06-05,46.86,False
5,2018-06-06,41.18,False
6,2018-06-07,42.599999999999994,False
7,2018-06-08,52.54,False
8,2018-06-09,31.24,False
9,2018-06-10,7.1,False
10,2018-06-11,40.47,False
11,2018-06-12,71.0,False
12,2018-06-13,58.93,False
13,2018-06-14,60.349999999999994,False
14,2018-06-15,46.15,False
15,2018-06-16,29.11,False
16,2018-06-17,21.299999999999997,False
17,2018-06-18,29.11,False
18,2018-06-19,39.76,False
19,2018-06-20,44.73,False
20,2018-06-21,46.86,False
21,2018-06-22,48.28,False
22,2018-06-23,10.649999999999999,False
23,2018-06-24,17.75,False
24,2018-06-25,33.37,False
25,2018-06-26,25.56,False
26,2018-06-27,36.92,False
27,2018-06-28,35.5,False
28,2018-06-29,31.24,False
29,2018-06-30,24.849999999999998,False
0,2018-07-01,17.69,False
1,2018-07-02,43.92,False
2,2018-07-03,50.629999999999995,False
3,2018-07-04,29.89,False
4,2018-07-05,35.99,False
5,2018-07-06,51.24,False
6,2018-07-07,27.45,False
7,2018-07-08,15.25,False
8,2018-07-09,52.46,False
9,2018-07-10,50.629999999999995,False
10,2018-07-11,50.629999999999995,False
11,2018-07-12,52.46,False
12,2018-07-13,61.0,False
13,2018-07-14,28.669999999999998,False
14,2018-07-15,12.81,False
15,2018-07-16,35.99,False
16,2018-07-17,56.12,False
17,2018-07-18,45.75,False
18,2018-07-19,45.75,False
19,2018-07-20,53.68,False
20,2018-07-21,34.16,False
21,2018-07-22,26.23,False
22,2018-07-23,35.38,False
23,2018-07-24,51.24,False
24,2018-07-25,56.12,False
25,2018-07-26,35.99,False
26,2018-07-27,41.48,False
27,2018-07-28,37.82,False
28,2018-07-29,33.55,False
29,2018-07-30,48.8,False
30,2018-07-31,39.65,False
0,2018-08-01,18.7,False
1,2018-08-02,28.05,False
2,2018-08-03,31.45,False
3,2018-08-04,7.6499999999999995,False
4,2018-08-05,3.4,False
5,2018-08-06,18.7,False
6,2018-08-07,23.8,False
7,2018-08-08,20.4,False
8,2018-08-09,25.5,False
9,2018-08-10,24.65,False
10,2018-08-11,8.5,False
11,2018-08-12,10.2,False
12,2018-08-13,31.45,False
13,2018-08-14,85.0,False
14,2018-08-15,49.3,False
15,2018-08-16,30.599999999999998,False
16,2018-08-17,33.15,False
17,2018-08-18,17.849999999999998,False
18,2018-08-19,10.2,False
19,2018-08-20,28.9,False
20,2018-08-21,29.75,False
21,2018-08-22,40.8,False
22,2018-08-23,27.2,False
23,2018-08-24,38.25,False
24,2018-08-25,13.6,False
25,2018-08-26,7.6499999999999995,False
26,2018-08-27,31.45,False
27,2018-08-28,34.0,False
28,2018-08-29,24.65,False
29,2018-08-30,28.05,False
30,2018-08-31,30.599999999999998,False
0,2018-09-01,31.5,False
1,2018-09-02,27.0,False
2,2018-09-03,21.0,False
3,2018-09-04,65.25,False
4,2018-09-05,40.5,False
5,2018-09-06,40.5,False
6,2018-09-07,47.25,False
7,2018-09-08,27.0,False
8,2018-09-09,22.5,False
9,2018-09-10,43.5,False
10,2018-09-11,75.0,False
11,2018-09-12,73.5,False
12,2018-09-13,54.75,False
13,2018-09-14,53.25,False
14,2018-09-15,25.5,False
15,2018-09-16,27.0,False
16,2018-09-17,45.75,False
17,2018-09-18,33.0,False
18,2018-09-19,48.75,False
19,2018-09-20,61.5,False
20,2018-09-21,47.25,False
21,2018-09-22,27.0,False
22,2018-09-23,18.75,False
23,2018-09-24,48.75,False
24,2018-09-25,24.75,False
25,2018-09-26,49.5,False
26,2018-09-27,60.75,False
27,2018-09-28,26.25,False
28,2018-09-29,23.25,False
29,2018-09-30,13.5,False
0,2018-10-01,38.25,False
1,2018-10-02,36.0,False
2,2018-10-03,27.0,False
3,2018-10-04,30.0,False
4,2018-10-05,42.0,False
5,2018-10-06,30.75,False
6,2018-10-07,5.25,False
7,2018-10-08,45.0,False
8,2018-10-09,39.0,False
9,2018-10-10,42.0,False
10,2018-10-11,63.0,False
11,2018-10-12,38.25,False
12,2018-10-13,36.0,False
13,2018-10-14,13.5,False
14,2018-10-15,41.25,False
15,2018-10-16,45.0,False
16,2018-10-17,55.5,False
17,2018-10-18,75.0,False
18,2018-10-19,41.25,False
19,2018-10-20,18.0,False
20,2018-10-21,23.25,False
21,2018-10-22,52.5,False
22,2018-10-23,51.75,False
23,2018-10-24,51.75,False
24,2018-10-25,42.75,False
25,2018-10-26,49.5,False
26,2018-10-27,15.0,False
27,2018-10-28,22.5,False
28,2018-10-29,32.25,False
29,2018-10-30,71.25,False
30,2018-10-31,41.25,False
0,2018-11-01,36.34,False
1,2018-11-02,22.91,False
2,2018-11-03,13.43,False
3,2018-11-04,15.8,False
4,2018-11-05,25.28,False
5,2018-11-06,26.86,False
6,2018-11-07,40.29,False
7,2018-11-08,22.12,False
8,2018-11-09,31.6,False
9,2018-11-10,19.75,False
10,2018-11-11,12.64,False
11,2018-11-12,28.44,False
12,2018-11-13,79.0,False
13,2018-11-14,48.190000000000005,False
14,2018-11-15,42.660000000000004,False
15,2018-11-16,41.08,False
16,2018-11-17,18.17,False
17,2018-11-18,8.690000000000001,False
18,2018-11-19,32.39,False
19,2018-11-20,43.45,False
20,2018-11-21,35.550000000000004,False
21,2018-11-22,13.43,False
22,2018-11-23,35.550000000000004,False
23,2018-11-24,18.17,False
24,2018-11-25,12.64,False
25,2018-11-26,34.760000000000005,False
26,2018-11-27,36.34,False
27,2018-11-28,35.550000000000004,False
28,2018-11-29,33.18,False
29,2018-11-30,27.650000000000002,False
0,2018-12-01,19.5,False
1,2018-12-02,16.900000000000002,False
2,2018-12-03,55.25,False
3,2018-12-04,54.6,False
4,2018-12-05,42.25,False
5,2018-12-06,60.45,False
6,2018-12-07,48.75,False
7,2018-12-08,33.15,False
8,2018-12-09,24.05,False
9,2018-12-10,50.7,False
10,2018-12-11,53.300000000000004,False
11,2018-12-12,50.7,False
12,2018-12-13,47.45,False
13,2018-12-14,48.1,False
14,2018-12-15,37.7,False
15,2018-12-16,21.45,False
16,2018-12-17,50.7,False
17,2018-12-18,45.5,False
18,2018-12-19,42.9,False
19,2018-12-20,52.65,False
20,2018-12-21,42.9,False
21,2018-12-22,20.8,False
22,2018-12-23,20.150000000000002,False
23,2018-12-24,48.1,False
24,2018-12-25,29.900000000000002,False
25,2018-12-26,64.35000000000001,False
26,2018-12-27,65.0,False
27,2018-12-28,61.1,False
28,2018-12-29,17.55,False
29,2018-12-30,22.1,False
30,2018-12-31,45.5,False
0,2019-01-01,17.64,False
1,2019-01-02,46.62,False
2,2019-01-03,59.22,False
3,2019-01-04,58.59,False
4,2019-01-05,25.830000000000002,False
5,2019-01-06,13.86,False
6,2019-01-07,35.28,False
7,2019-01-08,63.0,False
8,2019-01-09,39.06,False
9,2019-01-10,41.58,False
10,2019-01-11,45.99,False
11,2019-01-12,25.830000000000002,False
12,2019-01-13,17.64,False
13,2019-01-14,37.8,False
14,2019-01-15,40.95,False
15,2019-01-16,38.43,False
16,2019-01-17,46.62,False
17,2019-01-18,39.06,False
18,2019-01-19,19.53,False
19,2019-01-20,18.9,False
20,2019-01-21,27.72,False
21,2019-01-22,28.98,False
22,2019-01-23,42.21,False
23,2019-01-24,32.13,False
24,2019-01-25,42.84,False
25,2019-01-26,18.27,False
26,2019-01-27,21.42,False
27,2019-01-28,18.9,False
28,2019-01-29,37.17,False
29,2019-01-30,45.99,False
30,2019-01-31,30.87,False
0,2019-02-01,26.8,False
1,2019-02-02,12.73,False
2,2019-02-03,12.06,False
3,2019-02-04,22.78,False
4,2019-02-05,30.82,False
5,2019-02-06,20.77,False
6,2019-02-07,17.42,False
7,2019-02-08,20.1,False
8,2019-02-09,8.040000000000001,False
9,2019-02-10,7.37,False
10,2019-02-11,19.43,False
11,2019-02-12,20.77,False
12,2019-02-13,21.44,False
13,2019-02-14,28.810000000000002,False
14,2019-02-15,25.46,False
15,2019-02-16,16.080000000000002,False
16,2019-02-17,8.040000000000001,False
17,2019-02-18,12.73,False
18,2019-02-19,28.810000000000002,False
19,2019-02-20,26.8,False
20,2019-02-21,30.150000000000002,False
21,2019-02-22,30.150000000000002,False
22,2019-02-23,11.39,False
23,2019-02-24,8.040000000000001,False
24,2019-02-25,26.130000000000003,False
25,2019-02-26,67.0,False
26,2019-02-27,42.88,False
27,2019-02-28,32.830000000000005,False
0,2019-03-01,61.0,False
1,2019-03-02,25.62,False
2,2019-03-03,19.52,False
3,2019-03-04,42.089999999999996,False
4,2019-03-05,34.16,False
5,2019-03-06,40.87,False
6,2019-03-07,29.89,False
7,2019-03-08,26.84,False
8,2019-03-09,15.86,False
9,2019-03-10,13.42,False
10,2019-03-11,39.65,False
11,2019-03-12,44.53,False
12,2019-03-13,37.21,False
13,2019-03-14,39.04,False
14,2019-03-15,49.41,False
15,2019-03-16,27.45,False
16,2019-03-17,27.45,False
