,date,IBM stock,isPartial
0,2012-01-01,3.0,False
1,2012-01-02,9.6,False
2,2012-01-03,11.7,False
3,2012-01-04,11.7,False
4,2012-01-05,14.1,False
5,2012-01-06,18.599999999999998,False
6,2012-01-07,10.5,False
7,2012-01-08,3.9,False
8,2012-01-09,12.299999999999999,False
9,2012-01-10,17.099999999999998,False
10,2012-01-11,12.299999999999999,False
11,2012-01-12,12.9,False
12,2012-01-13,23.099999999999998,False
13,2012-01-14,5.1,False
14,2012-01-15,9.6,False
15,2012-01-16,6.8999999999999995,False
16,2012-01-17,13.799999999999999,False
17,2012-01-18,16.2,False
18,2012-01-19,19.2,False
19,2012-01-20,30.0,False
20,2012-01-21,15.299999999999999,False
21,2012-01-22,8.1,False
22,2012-01-23,21.0,False
23,2012-01-24,18.9,False
24,2012-01-25,21.9,False
25,2012-01-26,24.3,False
26,2012-01-27,17.7,False
27,2012-01-28,5.1,False
28,2012-01-29,6.8999999999999995,False
29,2012-01-30,17.099999999999998,False
30,2012-01-31,18.599999999999998,False
0,2012-02-01,18.29,False
1,2012-02-02,20.15,False
2,2012-02-03,21.7,False
3,2012-02-04,9.92,False
4,2012-02-05,9.92,False
5,2012-02-06,18.29,False
6,2012-02-07,17.98,False
7,2012-02-08,15.5,False
8,2012-02-09,14.879999999999999,False
9,2012-02-10,17.36,False
10,2012-02-11,7.13,False
11,2012-02-12,7.75,False
12,2012-02-13,20.15,False
13,2012-02-14,11.47,False
14,2012-02-15,22.63,False
15,2012-02-16,17.05,False
16,2012-02-17,21.08,False
17,2012-02-18,4.96,False
18,2012-02-19,7.13,False
19,2012-02-20,9.61,False
20,2012-02-21,14.26,False
21,2012-02-22,14.26,False
22,2012-02-23,20.77,False
23,2012-02-24,24.18,False
24,2012-02-25,7.13,False
25,2012-02-26,12.709999999999999,False
26,2012-02-27,24.8,False
27,2012-02-28,31.0,False
28,2012-02-29,22.32,False
0,2012-03-01,24.119999999999997,False
1,2012-03-02,21.96,False
2,2012-03-03,9.0,False
3,2012-03-04,3.5999999999999996,False
4,2012-03-05,27.0,False
5,2012-03-06,36.0,False
6,2012-03-07,29.88,False
7,2012-03-08,25.919999999999998,False
8,2012-03-09,21.24,False
9,2012-03-10,8.64,False
10,2012-03-11,15.479999999999999,False
11,2012-03-12,27.0,False
12,2012-03-13,28.08,False
13,2012-03-14,30.959999999999997,False
14,2012-03-15,30.599999999999998,False
15,2012-03-16,25.56,False
16,2012-03-17,14.76,False
17,2012-03-18,4.68,False
18,2012-03-19,32.04,False
19,2012-03-20,30.24,False
20,2012-03-21,35.28,False
21,2012-03-22,30.599999999999998,False
22,2012-03-23,19.439999999999998,False
23,2012-03-24,12.6,False
24,2012-03-25,15.84,False
25,2012-03-26,28.799999999999997,False
26,2012-03-27,29.88,False
27,2012-03-28,21.24,False
28,2012-03-29,22.32,False
29,2012-03-30,22.68,False
30,2012-03-31,14.399999999999999,False
0,2012-04-01,10.85,False
1,2012-04-02,17.849999999999998,False
2,2012-04-03,32.199999999999996,False
3,2012-04-04,33.949999999999996,False
4,2012-04-05,16.099999999999998,False
5,2012-04-06,18.549999999999997,False
6,2012-04-07,10.149999999999999,False
7,2012-04-08,5.6,False
8,2012-04-09,22.4,False
9,2012-04-10,24.849999999999998,False
10,2012-04-11,21.0,False
11,2012-04-12,23.099999999999998,False
12,2012-04-13,14.0,False
13,2012-04-14,14.0,False
14,2012-04-15,8.399999999999999,False
15,2012-04-16,24.5,False
16,2012-04-17,28.0,False
17,2012-04-18,35.0,False
18,2012-04-19,20.299999999999997,False
19,2012-04-20,25.2,False
20,2012-04-21,7.35,False
21,2012-04-22,7.35,False
22,2012-04-23,22.4,False
23,2012-04-24,23.45,False
24,2012-04-25,23.799999999999997,False
25,2012-04-26,23.099999999999998,False
26,2012-04-27,19.599999999999998,False
27,2012-04-28,11.899999999999999,False
28,2012-04-29,3.15,False
29,2012-04-30,20.299999999999997,False
0,2012-05-01,17.68,False
1,2012-05-02,16.64,False
2,2012-05-03,10.92,False
3,2012-05-04,15.34,False
4,2012-05-05,7.28,False
5,2012-05-06,2.8600000000000003,False
6,2012-05-07,20.28,False
7,2012-05-08,17.16,False
8,2012-05-09,11.96,False
9,2012-05-10,10.92,False
10,2012-05-11,10.4,False
11,2012-05-12,5.720000000000001,False
12,2012-05-13,4.68,False
13,2012-05-14,9.1,False
14,2012-05-15,16.38,False
15,2012-05-16,15.860000000000001,False
16,2012-05-17,18.98,False
17,2012-05-18,26.0,False
18,2012-05-19,10.66,False
19,2012-05-20,7.54,False
20,2012-05-21,13.52,False
21,2012-05-22,12.74,False
22,2012-05-23,17.42,False
23,2012-05-24,13.0,False
24,2012-05-25,15.600000000000001,False
25,2012-05-26,8.84,False
26,2012-05-27,6.76,False
27,2012-05-28,3.12,False
28,2012-05-29,10.4,False
29,2012-05-30,17.16,False
30,2012-05-31,11.96,False
0,2012-06-01,23.75,False
1,2012-06-02,10.25,False
2,2012-06-03,8.25,False
3,2012-06-04,24.5,False
4,2012-06-05,21.5,False
5,2012-06-06,24.75,False
6,2012-06-07,18.5,False
7,2012-06-08,21.5,False
8,2012-06-09,13.0,False
9,2012-06-10,7.25,False
10,2012-06-11,14.0,False
11,2012-06-12,18.5,False
12,2012-06-13,21.75,False
13,2012-06-14,18.25,False
14,2012-06-15,20.5,False
15,2012-06-16,18.75,False
16,2012-06-17,5.75,False
17,2012-06-18,24.5,False
18,2012-06-19,14.75,False
19,2012-06-20,21.25,False
20,2012-06-21,22.75,False
21,2012-06-22,24.0,False
22,2012-06-23,6.75,False
23,2012-06-24,7.0,False
24,2012-06-25,19.25,False
25,2012-06-26,24.75,False
26,2012-06-27,22.75,False
27,2012-06-28,24.5,False
28,2012-06-29,25.0,False
29,2012-06-30,10.5,False
0,2012-07-01,2.43,False
1,2012-07-02,10.530000000000001,False
2,2012-07-03,11.88,False
3,2012-07-04,8.370000000000001,False
4,2012-07-05,10.260000000000002,False
5,2012-07-06,11.07,False
6,2012-07-07,8.64,False
7,2012-07-08,6.210000000000001,False
8,2012-07-09,12.96,False
9,2012-07-10,17.28,False
10,2012-07-11,17.01,False
11,2012-07-12,14.580000000000002,False
12,2012-07-13,10.530000000000001,False
13,2012-07-14,6.210000000000001,False
14,2012-07-15,8.100000000000001,False
15,2012-07-16,11.34,False
16,2012-07-17,11.34,False
17,2012-07-18,24.03,False
18,2012-07-19,27.0,False
19,2012-07-20,14.850000000000001,False
20,2012-07-21,8.91,False
21,2012-07-22,4.32,False
22,2012-07-23,14.580000000000002,False
23,2012-07-24,14.31,False
24,2012-07-25,17.82,False
25,2012-07-26,13.23,False
26,2012-07-27,17.55,False
27,2012-07-28,9.450000000000001,False
28,2012-07-29,6.75,False
29,2012-07-30,14.31,False
30,2012-07-31,9.99,False
0,2012-08-01,17.48,False
1,2012-08-02,18.400000000000002,False
2,2012-08-03,22.77,False
3,2012-08-04,13.34,False
4,2012-08-05,7.36,False
5,2012-08-06,17.94,False
6,2012-08-07,18.17,False
7,2012-08-08,23.0,False
8,2012-08-09,11.040000000000001,False
9,2012-08-10,18.400000000000002,False
10,2012-08-11,10.120000000000001,False
11,2012-08-12,4.140000000000001,False
12,2012-08-13,15.64,False
13,2012-08-14,10.81,False
14,2012-08-15,20.240000000000002,False
15,2012-08-16,11.73,False
16,2012-08-17,20.93,False
17,2012-08-18,8.51,False
18,2012-08-19,5.98,False
19,2012-08-20,15.870000000000001,False
20,2012-08-21,23.0,False
21,2012-08-22,18.86,False
22,2012-08-23,12.88,False
23,2012-08-24,9.89,False
24,2012-08-25,6.44,False
25,2012-08-26,5.98,False
26,2012-08-27,14.26,False
27,2012-08-28,22.540000000000003,False
28,2012-08-29,18.400000000000002,False
29,2012-08-30,19.32,False
30,2012-08-31,10.35,False
0,2012-09-01,9.36,False
1,2012-09-02,4.68,False
2,2012-09-03,3.9000000000000004,False
3,2012-09-04,9.620000000000001,False
4,2012-09-05,13.780000000000001,False
5,2012-09-06,18.98,False
6,2012-09-07,21.84,False
7,2012-09-08,9.88,False
8,2012-09-09,4.68,False
9,2012-09-10,18.46,False
10,2012-09-11,15.860000000000001,False
11,2012-09-12,25.220000000000002,False
12,2012-09-13,23.400000000000002,False
13,2012-09-14,26.0,False
14,2012-09-15,11.700000000000001,False
15,2012-09-16,7.54,False
16,2012-09-17,16.900000000000002,False
17,2012-09-18,21.32,False
18,2012-09-19,19.76,False
19,2012-09-20,16.38,False
20,2012-09-21,21.060000000000002,False
21,2012-09-22,7.800000000000001,False
22,2012-09-23,8.06,False
23,2012-09-24,15.08,False
24,2012-09-25,15.08,False
25,2012-09-26,16.12,False
26,2012-09-27,18.98,False
27,2012-09-28,15.600000000000001,False
28,2012-09-29,5.2,False
29,2012-09-30,8.06,False
0,2012-10-01,17.5,False
1,2012-10-02,16.099999999999998,False
2,2012-10-03,16.45,False
3,2012-10-04,26.25,False
4,2012-10-05,18.549999999999997,False
5,2012-10-06,8.399999999999999,False
6,2012-10-07,5.6,False
7,2012-10-08,15.749999999999998,False
8,2012-10-09,13.649999999999999,False
9,2012-10-10,15.399999999999999,False
10,2012-10-11,14.35,False
11,2012-10-12,17.5,False
12,2012-10-13,4.55,False
13,2012-10-14,2.8,False
14,2012-10-15,15.399999999999999,False
15,2012-10-16,30.099999999999998,False
16,2012-10-17,35.0,False
17,2012-10-18,34.65,False
18,2012-10-19,32.199999999999996,False
19,2012-10-20,12.25,False
20,2012-10-21,4.199999999999999,False
21,2012-10-22,18.2,False
22,2012-10-23,17.849999999999998,False
23,2012-10-24,17.15,False
24,2012-10-25,23.799999999999997,False
25,2012-10-26,18.549999999999997,False
26,2012-10-27,10.5,False
27,2012-10-28,7.0,False
28,2012-10-29,9.45,False
29,2012-10-30,10.149999999999999,False
30,2012-10-31,14.35,False
0,2012-11-01,20.009999999999998,False
1,2012-11-02,18.56,False
2,2012-11-03,10.44,False
3,2012-11-04,4.64,False
4,2012-11-05,10.729999999999999,False
5,2012-11-06,28.999999999999996,False
6,2012-11-07,28.13,False
7,2012-11-08,24.65,False
8,2012-11-09,17.98,False
9,2012-11-10,8.12,False
10,2012-11-11,4.64,False
11,2012-11-12,14.209999999999999,False
12,2012-11-13,21.75,False
13,2012-11-14,21.169999999999998,False
14,2012-11-15,24.939999999999998,False
15,2012-11-16,20.88,False
16,2012-11-17,8.12,False
17,2012-11-18,6.959999999999999,False
18,2012-11-19,17.98,False
19,2012-11-20,25.229999999999997,False
20,2012-11-21,22.619999999999997,False
21,2012-11-22,5.8,False
22,2012-11-23,16.24,False
23,2012-11-24,9.569999999999999,False
24,2012-11-25,4.64,False
25,2012-11-26,15.95,False
26,2012-11-27,20.299999999999997,False
27,2012-11-28,22.04,False
28,2012-11-29,18.27,False
29,2012-11-30,20.009999999999998,False
0,2012-12-01,10.14,False
1,2012-12-02,8.32,False
2,2012-12-03,14.82,False
3,2012-12-04,20.54,False
4,2012-12-05,21.32,False
5,2012-12-06,18.2,False
6,2012-12-07,22.1,False
7,2012-12-08,12.48,False
8,2012-12-09,6.24,False
9,2012-12-10,24.7,False
10,2012-12-11,24.96,False
11,2012-12-12,19.240000000000002,False
12,2012-12-13,17.42,False
13,2012-12-14,17.42,False
14,2012-12-15,5.720000000000001,False
15,2012-12-16,8.84,False
16,2012-12-17,16.12,False
17,2012-12-18,26.0,False
18,2012-12-19,21.580000000000002,False
19,2012-12-20,12.74,False
20,2012-12-21,11.700000000000001,False
21,2012-12-22,10.14,False
22,2012-12-23,6.24,False
23,2012-12-24,9.36,False
24,2012-12-25,8.58,False
25,2012-12-26,9.88,False
26,2012-12-27,25.48,False
27,2012-12-28,18.2,False
28,2012-12-29,7.800000000000001,False
29,2012-12-30,5.98,False
30,2012-12-31,15.860000000000001,False
0,2013-01-01,5.3999999999999995,False
1,2013-01-02,14.399999999999999,False
2,2013-01-03,11.16,False
3,2013-01-04,12.24,False
4,2013-01-05,5.76,False
5,2013-01-06,2.88,False
6,2013-01-07,9.36,False
7,2013-01-08,13.32,False
8,2013-01-09,9.719999999999999,False
9,2013-01-10,16.2,False
10,2013-01-11,10.44,False
11,2013-01-12,4.32,False
12,2013-01-13,3.96,False
13,2013-01-14,6.84,False
14,2013-01-15,10.44,False
15,2013-01-16,5.3999999999999995,False
16,2013-01-17,10.44,False
17,2013-01-18,10.08,False
18,2013-01-19,5.04,False
19,2013-01-20,3.2399999999999998,False
20,2013-01-21,8.64,False
21,2013-01-22,15.84,False
22,2013-01-23,36.0,False
23,2013-01-24,24.48,False
24,2013-01-25,23.4,False
25,2013-01-26,11.16,False
26,2013-01-27,5.04,False
27,2013-01-28,11.16,False
28,2013-01-29,14.399999999999999,False
29,2013-01-30,20.16,False
30,2013-01-31,10.44,False
0,2013-02-01,28.000000000000004,False
1,2013-02-02,10.64,False
2,2013-02-03,8.4,False
3,2013-02-04,16.240000000000002,False
4,2013-02-05,16.8,False
5,2013-02-06,16.8,False
6,2013-02-07,20.44,False
7,2013-02-08,21.840000000000003,False
8,2013-02-09,8.680000000000001,False
9,2013-02-10,10.080000000000002,False
10,2013-02-11,15.120000000000001,False
11,2013-02-12,20.160000000000004,False
12,2013-02-13,20.160000000000004,False
13,2013-02-14,14.560000000000002,False
14,2013-02-15,17.080000000000002,False
15,2013-02-16,9.24,False
16,2013-02-17,6.720000000000001,False
17,2013-02-18,10.360000000000001,False
18,2013-02-19,12.88,False
19,2013-02-20,14.280000000000001,False
20,2013-02-21,14.280000000000001,False
21,2013-02-22,13.440000000000001,False
22,2013-02-23,5.32,False
23,2013-02-24,9.8,False
24,2013-02-25,9.24,False
25,2013-02-26,15.120000000000001,False
26,2013-02-27,19.040000000000003,False
27,2013-02-28,20.720000000000002,False
0,2013-03-01,21.24,False
1,2013-03-02,8.28,False
2,2013-03-03,6.12,False
3,2013-03-04,14.399999999999999,False
4,2013-03-05,26.64,False
5,2013-03-06,36.0,False
6,2013-03-07,28.439999999999998,False
7,2013-03-08,30.24,False
8,2013-03-09,11.16,False
9,2013-03-10,7.92,False
10,2013-03-11,20.52,False
11,2013-03-12,29.52,False
12,2013-03-13,18.36,False
13,2013-03-14,31.32,False
14,2013-03-15,28.08,False
15,2013-03-16,11.879999999999999,False
16,2013-03-17,7.199999999999999,False
17,2013-03-18,21.599999999999998,False
18,2013-03-19,22.32,False
19,2013-03-20,19.439999999999998,False
20,2013-03-21,19.439999999999998,False
21,2013-03-22,19.439999999999998,False
22,2013-03-23,11.16,False
23,2013-03-24,6.4799999999999995,False
24,2013-03-25,22.32,False
25,2013-03-26,17.64,False
26,2013-03-27,14.04,False
27,2013-03-28,27.72,False
28,2013-03-29,12.959999999999999,False
29,2013-03-30,6.84,False
30,2013-03-31,4.68,False
0,2013-04-01,10.12,False
1,2013-04-02,13.2,False
2,2013-04-03,12.76,False
3,2013-04-04,14.96,False
4,2013-04-05,15.84,False
5,2013-04-06,6.6,False
6,2013-04-07,3.52,False
7,2013-04-08,12.32,False
8,2013-04-09,18.04,False
9,2013-04-10,16.72,False
10,2013-04-11,20.24,False
11,2013-04-12,14.96,False
12,2013-04-13,6.6,False
13,2013-04-14,5.28,False
14,2013-04-15,13.2,False
15,2013-04-16,11.88,False
16,2013-04-17,13.64,False
17,2013-04-18,24.64,False
18,2013-04-19,44.0,False
19,2013-04-20,20.24,False
20,2013-04-21,11.44,False
21,2013-04-22,28.6,False
22,2013-04-23,24.64,False
23,2013-04-24,18.92,False
24,2013-04-25,23.76,False
25,2013-04-26,23.32,False
26,2013-04-27,7.04,False
27,2013-04-28,4.4,False
28,2013-04-29,22.44,False
29,2013-04-30,23.76,False
0,2013-05-01,38.0,False
1,2013-05-02,27.740000000000002,False
2,2013-05-03,30.02,False
3,2013-05-04,13.68,False
4,2013-05-05,11.4,False
5,2013-05-06,24.32,False
6,2013-05-07,28.88,False
7,2013-05-08,30.4,False
8,2013-05-09,38.0,False
9,2013-05-10,19.38,False
10,2013-05-11,9.5,False
11,2013-05-12,3.8,False
12,2013-05-13,23.18,False
13,2013-05-14,31.92,False
14,2013-05-15,24.7,False
15,2013-05-16,22.04,False
16,2013-05-17,21.66,False
17,2013-05-18,7.98,False
18,2013-05-19,7.98,False
19,2013-05-20,19.76,False
20,2013-05-21,25.84,False
21,2013-05-22,19.38,False
22,2013-05-23,26.6,False
23,2013-05-24,19.0,False
24,2013-05-25,9.5,False
25,2013-05-26,7.98,False
26,2013-05-27,7.22,False
27,2013-05-28,22.42,False
28,2013-05-29,18.62,False
29,2013-05-30,24.7,False
30,2013-05-31,22.8,False
0,2013-06-01,9.24,False
1,2013-06-02,8.58,False
2,2013-06-03,14.520000000000001,False
3,2013-06-04,28.380000000000003,False
4,2013-06-05,33.0,False
5,2013-06-06,19.470000000000002,False
6,2013-06-07,26.73,False
7,2013-06-08,6.930000000000001,False
8,2013-06-09,8.25,False
9,2013-06-10,19.8,False
10,2013-06-11,19.8,False
11,2013-06-12,24.09,False
12,2013-06-13,28.05,False
13,2013-06-14,24.75,False
14,2013-06-15,7.590000000000001,False
15,2013-06-16,9.9,False
16,2013-06-17,20.790000000000003,False
17,2013-06-18,19.8,False
18,2013-06-19,17.82,False
19,2013-06-20,27.720000000000002,False
20,2013-06-21,26.07,False
21,2013-06-22,10.89,False
22,2013-06-23,4.95,False
23,2013-06-24,23.76,False
24,2013-06-25,22.44,False
25,2013-06-26,25.740000000000002,False
26,2013-06-27,18.150000000000002,False
27,2013-06-28,30.360000000000003,False
28,2013-06-29,15.84,False
29,2013-06-30,8.91,False
0,2013-07-01,22.2,False
1,2013-07-02,17.759999999999998,False
2,2013-07-03,19.98,False
3,2013-07-04,3.33,False
4,2013-07-05,15.17,False
5,2013-07-06,8.14,False
6,2013-07-07,6.66,False
7,2013-07-08,19.98,False
8,2013-07-09,28.49,False
9,2013-07-10,22.57,False
10,2013-07-11,32.19,False
11,2013-07-12,23.31,False
12,2013-07-13,12.95,False
13,2013-07-14,7.4,False
14,2013-07-15,27.75,False
15,2013-07-16,19.98,False
16,2013-07-17,31.45,False
17,2013-07-18,29.97,False
18,2013-07-19,37.0,False
19,2013-07-20,17.759999999999998,False
20,2013-07-21,6.66,False
21,2013-07-22,15.91,False
22,2013-07-23,23.31,False
23,2013-07-24,20.72,False
24,2013-07-25,18.5,False
25,2013-07-26,18.13,False
26,2013-07-27,6.66,False
27,2013-07-28,6.29,False
28,2013-07-29,20.72,False
29,2013-07-30,18.87,False
30,2013-07-31,14.8,False
0,2013-08-01,23.01,False
1,2013-08-02,24.96,False
2,2013-08-03,12.09,False
3,2013-08-04,5.07,False
4,2013-08-05,23.79,False
5,2013-08-06,28.86,False
6,2013-08-07,39.0,False
7,2013-08-08,35.49,False
8,2013-08-09,25.35,False
9,2013-08-10,16.77,False
10,2013-08-11,7.41,False
11,2013-08-12,23.79,False
12,2013-08-13,30.03,False
13,2013-08-14,22.62,False
14,2013-08-15,25.740000000000002,False
15,2013-08-16,29.25,False
16,2013-08-17,9.75,False
17,2013-08-18,6.63,False
18,2013-08-19,26.52,False
19,2013-08-20,25.740000000000002,False
20,2013-08-21,23.400000000000002,False
21,2013-08-22,26.130000000000003,False
22,2013-08-23,25.740000000000002,False
23,2013-08-24,12.09,False
24,2013-08-25,7.0200000000000005,False
25,2013-08-26,19.89,False
26,2013-08-27,19.11,False
27,2013-08-28,30.810000000000002,False
28,2013-08-29,24.18,False
29,2013-08-30,21.060000000000002,False
30,2013-08-31,10.530000000000001,False
0,2013-09-01,8.51,False
1,2013-09-02,9.25,False
2,2013-09-03,27.75,False
3,2013-09-04,28.86,False
4,2013-09-05,21.09,False
5,2013-09-06,25.16,False
6,2013-09-07,11.84,False
7,2013-09-08,7.77,False
8,2013-09-09,22.57,False
9,2013-09-10,32.56,False
10,2013-09-11,37.0,False
11,2013-09-12,29.23,False
12,2013-09-13,21.46,False
13,2013-09-14,11.47,False
14,2013-09-15,4.07,False
15,2013-09-16,26.27,False
16,2013-09-17,35.519999999999996,False
17,2013-09-18,30.71,False
18,2013-09-19,31.45,False
19,2013-09-20,26.27,False
20,2013-09-21,9.25,False
21,2013-09-22,6.29,False
22,2013-09-23,23.31,False
23,2013-09-24,19.98,False
24,2013-09-25,23.68,False
25,2013-09-26,20.35,False
26,2013-09-27,21.46,False
27,2013-09-28,10.73,False
28,2013-09-29,9.62,False
29,2013-09-30,27.009999999999998,False
0,2013-10-01,12.72,False
1,2013-10-02,12.190000000000001,False
2,2013-10-03,11.13,False
3,2013-10-04,10.07,False
4,2013-10-05,5.83,False
5,2013-10-06,3.18,False
6,2013-10-07,9.01,False
7,2013-10-08,13.780000000000001,False
8,2013-10-09,14.84,False
9,2013-10-10,14.31,False
10,2013-10-11,13.780000000000001,False
11,2013-10-12,3.18,False
12,2013-10-13,3.18,False
13,2013-10-14,11.13,False
14,2013-10-15,11.13,False
15,2013-10-16,25.970000000000002,False
16,2013-10-17,53.0,False
17,2013-10-18,42.400000000000006,False
18,2013-10-19,12.190000000000001,False
19,2013-10-20,7.42,False
20,2013-10-21,18.55,False
21,2013-10-22,18.02,False
22,2013-10-23,20.67,False
23,2013-10-24,19.61,False
24,2013-10-25,21.73,False
25,2013-10-26,7.42,False
26,2013-10-27,2.6500000000000004,False
27,2013-10-28,14.31,False
28,2013-10-29,23.32,False
29,2013-10-30,21.200000000000003,False
30,2013-10-31,15.9,False
0,2013-11-01,35.669999999999995,False
1,2013-11-02,14.35,False
2,2013-11-03,12.709999999999999,False
3,2013-11-04,31.979999999999997,False
4,2013-11-05,31.569999999999997,False
5,2013-11-06,31.569999999999997,False
6,2013-11-07,36.489999999999995,False
7,2013-11-08,41.0,False
8,2013-11-09,14.76,False
9,2013-11-10,10.66,False
10,2013-11-11,26.24,False
11,2013-11-12,32.39,False
12,2013-11-13,27.47,False
13,2013-11-14,36.9,False
14,2013-11-15,33.21,False
15,2013-11-16,18.04,False
16,2013-11-17,9.43,False
17,2013-11-18,38.129999999999995,False
18,2013-11-19,35.669999999999995,False
19,2013-11-20,28.29,False
20,2013-11-21,34.44,False
21,2013-11-22,36.9,False
22,2013-11-23,11.479999999999999,False
23,2013-11-24,8.61,False
24,2013-11-25,23.369999999999997,False
25,2013-11-26,32.8,False
26,2013-11-27,29.93,False
27,2013-11-28,14.76,False
28,2013-11-29,20.5,False
29,2013-11-30,8.61,False
0,2013-12-01,11.47,False
1,2013-12-02,22.57,False
2,2013-12-03,27.75,False
3,2013-12-04,22.57,False
4,2013-12-05,19.61,False
5,2013-12-06,16.28,False
6,2013-12-07,10.36,False
7,2013-12-08,7.4,False
8,2013-12-09,22.2,False
9,2013-12-10,20.35,False
10,2013-12-11,22.2,False
11,2013-12-12,16.28,False
12,2013-12-13,18.87,False
13,2013-12-14,11.84,False
14,2013-12-15,4.81,False
15,2013-12-16,31.08,False
16,2013-12-17,18.13,False
17,2013-12-18,27.38,False
18,2013-12-19,25.53,False
19,2013-12-20,20.35,False
20,2013-12-21,7.77,False
21,2013-12-22,3.7,False
22,2013-12-23,21.09,False
23,2013-12-24,22.94,False
24,2013-12-25,7.03,False
25,2013-12-26,23.68,False
26,2013-12-27,22.94,False
27,2013-12-28,9.62,False
28,2013-12-29,7.03,False
29,2013-12-30,20.35,False
30,2013-12-31,37.0,False
0,2014-01-01,15.08,False
1,2014-01-02,18.2,False
2,2014-01-03,23.92,False
3,2014-01-04,14.040000000000001,False
4,2014-01-05,8.32,False
5,2014-01-06,17.68,False
6,2014-01-07,24.44,False
7,2014-01-08,22.36,False
8,2014-01-09,28.6,False
9,2014-01-10,26.0,False
10,2014-01-11,10.4,False
11,2014-01-12,8.32,False
12,2014-01-13,17.68,False
13,2014-01-14,21.32,False
14,2014-01-15,22.36,False
15,2014-01-16,20.8,False
16,2014-01-17,19.240000000000002,False
17,2014-01-18,10.4,False
18,2014-01-19,9.36,False
19,2014-01-20,12.48,False
20,2014-01-21,43.160000000000004,False
21,2014-01-22,52.0,False
22,2014-01-23,43.68,False
23,2014-01-24,32.24,False
24,2014-01-25,14.56,False
25,2014-01-26,11.96,False
26,2014-01-27,23.400000000000002,False
27,2014-01-28,26.0,False
28,2014-01-29,21.84,False
29,2014-01-30,24.44,False
30,2014-01-31,20.8,False
0,2014-02-01,15.12,False
1,2014-02-02,12.6,False
2,2014-02-03,35.699999999999996,False
3,2014-02-04,40.32,False
4,2014-02-05,41.58,False
5,2014-02-06,23.52,False
6,2014-02-07,42.0,False
7,2014-02-08,14.28,False
8,2014-02-09,12.6,False
9,2014-02-10,28.14,False
10,2014-02-11,38.22,False
11,2014-02-12,40.74,False
12,2014-02-13,30.66,False
13,2014-02-14,27.3,False
14,2014-02-15,20.16,False
15,2014-02-16,13.44,False
16,2014-02-17,18.48,False
17,2014-02-18,27.72,False
18,2014-02-19,29.4,False
19,2014-02-20,28.56,False
20,2014-02-21,31.5,False
21,2014-02-22,14.28,False
22,2014-02-23,7.14,False
23,2014-02-24,32.339999999999996,False
24,2014-02-25,30.24,False
25,2014-02-26,24.779999999999998,False
26,2014-02-27,38.22,False
27,2014-02-28,32.76,False
0,2014-03-01,14.040000000000001,False
1,2014-03-02,10.92,False
2,2014-03-03,23.400000000000002,False
3,2014-03-04,30.810000000000002,False
4,2014-03-05,33.93,False
5,2014-03-06,31.98,False
6,2014-03-07,35.1,False
7,2014-03-08,13.26,False
8,2014-03-09,10.92,False
9,2014-03-10,26.52,False
10,2014-03-11,23.400000000000002,False
11,2014-03-12,19.11,False
12,2014-03-13,25.740000000000002,False
13,2014-03-14,18.72,False
14,2014-03-15,8.58,False
15,2014-03-16,11.31,False
16,2014-03-17,19.89,False
17,2014-03-18,29.25,False
18,2014-03-19,30.42,False
19,2014-03-20,27.69,False
20,2014-03-21,25.35,False
21,2014-03-22,11.31,False
22,2014-03-23,9.36,False
23,2014-03-24,24.57,False
24,2014-03-25,39.0,False
25,2014-03-26,35.1,False
26,2014-03-27,26.130000000000003,False
27,2014-03-28,27.3,False
28,2014-03-29,12.48,False
29,2014-03-30,11.31,False
30,2014-03-31,20.28,False
0,2014-04-01,20.7,False
1,2014-04-02,21.6,False
2,2014-04-03,19.8,False
3,2014-04-04,17.55,False
4,2014-04-05,8.1,False
5,2014-04-06,6.75,False
6,2014-04-07,23.400000000000002,False
7,2014-04-08,16.650000000000002,False
8,2014-04-09,14.85,False
9,2014-04-10,25.2,False
10,2014-04-11,21.6,False
11,2014-04-12,8.1,False
12,2014-04-13,8.1,False
13,2014-04-14,18.900000000000002,False
14,2014-04-15,23.400000000000002,False
15,2014-04-16,31.5,False
16,2014-04-17,45.0,False
17,2014-04-18,18.45,False
18,2014-04-19,6.75,False
19,2014-04-20,4.5,False
20,2014-04-21,20.7,False
21,2014-04-22,22.95,False
22,2014-04-23,17.55,False
23,2014-04-24,17.1,False
24,2014-04-25,13.5,False
25,2014-04-26,6.3,False
26,2014-04-27,4.5,False
27,2014-04-28,16.2,False
28,2014-04-29,20.7,False
29,2014-04-30,21.6,False
0,2014-05-01,28.05,False
1,2014-05-02,24.42,False
2,2014-05-03,9.9,False
3,2014-05-04,8.25,False
4,2014-05-05,26.73,False
5,2014-05-06,24.75,False
6,2014-05-07,24.42,False
7,2014-05-08,22.11,False
8,2014-05-09,24.09,False
9,2014-05-10,10.56,False
10,2014-05-11,8.25,False
11,2014-05-12,33.0,False
12,2014-05-13,27.39,False
13,2014-05-14,22.44,False
14,2014-05-15,23.1,False
15,2014-05-16,27.060000000000002,False
16,2014-05-17,7.92,False
17,2014-05-18,7.92,False
18,2014-05-19,19.8,False
19,2014-05-20,18.48,False
20,2014-05-21,18.810000000000002,False
21,2014-05-22,17.490000000000002,False
22,2014-05-23,23.76,False
23,2014-05-24,11.88,False
24,2014-05-25,4.29,False
25,2014-05-26,6.930000000000001,False
26,2014-05-27,24.09,False
27,2014-05-28,23.76,False
28,2014-05-29,28.380000000000003,False
29,2014-05-30,22.77,False
30,2014-05-31,8.91,False
0,2014-06-01,12.24,False
1,2014-06-02,21.080000000000002,False
2,2014-06-03,24.82,False
3,2014-06-04,18.02,False
4,2014-06-05,27.880000000000003,False
5,2014-06-06,22.1,False
6,2014-06-07,14.280000000000001,False
7,2014-06-08,7.82,False
8,2014-06-09,16.32,False
9,2014-06-10,34.0,False
10,2014-06-11,25.500000000000004,False
11,2014-06-12,29.240000000000002,False
12,2014-06-13,16.66,False
13,2014-06-14,7.48,False
14,2014-06-15,5.44,False
15,2014-06-16,13.600000000000001,False
16,2014-06-17,20.060000000000002,False
17,2014-06-18,24.82,False
18,2014-06-19,24.48,False
19,2014-06-20,17.34,False
20,2014-06-21,9.520000000000001,False
21,2014-06-22,8.5,False
22,2014-06-23,21.76,False
23,2014-06-24,21.42,False
24,2014-06-25,31.62,False
25,2014-06-26,23.46,False
26,2014-06-27,23.12,False
27,2014-06-28,19.040000000000003,False
28,2014-06-29,9.520000000000001,False
29,2014-06-30,17.68,False
0,2014-07-01,16.28,False
1,2014-07-02,22.88,False
2,2014-07-03,23.32,False
3,2014-07-04,8.36,False
4,2014-07-05,3.96,False
5,2014-07-06,7.48,False
6,2014-07-07,14.08,False
7,2014-07-08,14.52,False
8,2014-07-09,15.4,False
9,2014-07-10,14.52,False
10,2014-07-11,17.16,False
11,2014-07-12,5.28,False
12,2014-07-13,4.84,False
13,2014-07-14,17.6,False
14,2014-07-15,28.6,False
15,2014-07-16,39.6,False
16,2014-07-17,44.0,False
17,2014-07-18,37.84,False
18,2014-07-19,14.52,False
19,2014-07-20,11.0,False
20,2014-07-21,19.8,False
21,2014-07-22,18.04,False
22,2014-07-23,22.0,False
23,2014-07-24,24.64,False
24,2014-07-25,20.24,False
25,2014-07-26,13.2,False
26,2014-07-27,5.28,False
27,2014-07-28,17.6,False
28,2014-07-29,15.84,False
29,2014-07-30,18.92,False
30,2014-07-31,17.16,False
0,2014-08-01,30.03,False
1,2014-08-02,12.540000000000001,False
2,2014-08-03,7.92,False
3,2014-08-04,32.34,False
4,2014-08-05,23.1,False
5,2014-08-06,23.43,False
6,2014-08-07,20.790000000000003,False
7,2014-08-08,24.75,False
8,2014-08-09,15.510000000000002,False
9,2014-08-10,4.95,False
10,2014-08-11,20.130000000000003,False
11,2014-08-12,28.380000000000003,False
12,2014-08-13,23.1,False
13,2014-08-14,23.43,False
14,2014-08-15,22.44,False
15,2014-08-16,7.590000000000001,False
16,2014-08-17,3.96,False
17,2014-08-18,24.75,False
18,2014-08-19,24.75,False
19,2014-08-20,21.45,False
20,2014-08-21,24.75,False
21,2014-08-22,33.0,False
22,2014-08-23,9.57,False
23,2014-08-24,9.24,False
24,2014-08-25,21.78,False
25,2014-08-26,20.790000000000003,False
26,2014-08-27,30.03,False
27,2014-08-28,23.43,False
28,2014-08-29,32.34,False
29,2014-08-30,9.57,False
30,2014-08-31,10.89,False
0,2014-09-01,7.8,False
1,2014-09-02,16.5,False
2,2014-09-03,26.4,False
3,2014-09-04,28.2,False
4,2014-09-05,16.8,False
5,2014-09-06,11.1,False
6,2014-09-07,9.0,False
7,2014-09-08,30.0,False
8,2014-09-09,24.9,False
9,2014-09-10,24.599999999999998,False
10,2014-09-11,23.4,False
11,2014-09-12,22.8,False
12,2014-09-13,14.399999999999999,False
13,2014-09-14,3.5999999999999996,False
14,2014-09-15,28.5,False
15,2014-09-16,21.0,False
16,2014-09-17,21.9,False
17,2014-09-18,26.7,False
18,2014-09-19,25.8,False
19,2014-09-20,12.6,False
20,2014-09-21,12.299999999999999,False
21,2014-09-22,15.6,False
22,2014-09-23,25.2,False
23,2014-09-24,20.099999999999998,False
24,2014-09-25,18.0,False
25,2014-09-26,22.8,False
26,2014-09-27,13.5,False
27,2014-09-28,8.1,False
28,2014-09-29,19.2,False
29,2014-09-30,24.3,False
0,2014-10-01,10.72,False
1,2014-10-02,10.72,False
2,2014-10-03,10.72,False
3,2014-10-04,2.68,False
4,2014-10-05,2.68,False
5,2014-10-06,8.040000000000001,False
6,2014-10-07,11.39,False
7,2014-10-08,11.39,False
8,2014-10-09,8.71,False
9,2014-10-10,8.71,False
10,2014-10-11,6.7,False
11,2014-10-12,2.68,False
12,2014-10-13,7.37,False
13,2014-10-14,10.72,False
14,2014-10-15,15.41,False
15,2014-10-16,10.72,False
16,2014-10-17,12.73,False
17,2014-10-18,5.36,False
18,2014-10-19,2.68,False
19,2014-10-20,67.0,False
20,2014-10-21,65.66000000000001,False
21,2014-10-22,39.53,False
22,2014-10-23,32.160000000000004,False
23,2014-10-24,26.130000000000003,False
24,2014-10-25,6.03,False
25,2014-10-26,8.71,False
26,2014-10-27,20.77,False
27,2014-10-28,18.76,False
28,2014-10-29,20.77,False
29,2014-10-30,16.75,False
30,2014-10-31,20.1,False
0,2014-11-01,24.64,False
1,2014-11-02,10.12,False
2,2014-11-03,32.56,False
3,2014-11-04,44.0,False
4,2014-11-05,42.24,False
5,2014-11-06,38.28,False
6,2014-11-07,36.08,False
7,2014-11-08,13.2,False
8,2014-11-09,12.32,False
9,2014-11-10,41.8,False
10,2014-11-11,30.8,False
11,2014-11-12,35.64,False
12,2014-11-13,33.44,False
13,2014-11-14,41.36,False
14,2014-11-15,13.64,False
15,2014-11-16,8.8,False
16,2014-11-17,25.96,False
17,2014-11-18,38.72,False
18,2014-11-19,36.08,False
19,2014-11-20,33.0,False
20,2014-11-21,32.12,False
21,2014-11-22,13.64,False
22,2014-11-23,7.04,False
23,2014-11-24,30.36,False
24,2014-11-25,27.72,False
25,2014-11-26,32.56,False
26,2014-11-27,11.88,False
27,2014-11-28,21.12,False
28,2014-11-29,14.96,False
29,2014-11-30,11.0,False
0,2014-12-01,27.45,False
1,2014-12-02,35.550000000000004,False
2,2014-12-03,34.65,False
3,2014-12-04,32.4,False
4,2014-12-05,31.95,False
5,2014-12-06,13.950000000000001,False
6,2014-12-07,9.450000000000001,False
7,2014-12-08,26.55,False
8,2014-12-09,29.7,False
9,2014-12-10,26.55,False
10,2014-12-11,31.05,False
11,2014-12-12,40.050000000000004,False
12,2014-12-13,23.400000000000002,False
13,2014-12-14,16.2,False
14,2014-12-15,43.2,False
15,2014-12-16,45.0,False
16,2014-12-17,34.2,False
17,2014-12-18,38.7,False
18,2014-12-19,45.0,False
19,2014-12-20,13.05,False
20,2014-12-21,9.0,False
21,2014-12-22,31.05,False
22,2014-12-23,39.15,False
23,2014-12-24,32.4,False
24,2014-12-25,25.2,False
25,2014-12-26,31.5,False
26,2014-12-27,17.55,False
27,2014-12-28,9.450000000000001,False
28,2014-12-29,27.0,False
29,2014-12-30,33.300000000000004,False
30,2014-12-31,36.45,False
0,2015-01-01,14.3,False
1,2015-01-02,16.5,False
2,2015-01-03,13.750000000000002,False
3,2015-01-04,11.55,False
4,2015-01-05,26.950000000000003,False
5,2015-01-06,25.3,False
6,2015-01-07,23.1,False
7,2015-01-08,30.250000000000004,False
8,2015-01-09,23.650000000000002,False
9,2015-01-10,9.350000000000001,False
10,2015-01-11,12.100000000000001,False
11,2015-01-12,14.850000000000001,False
12,2015-01-13,23.1,False
13,2015-01-14,24.200000000000003,False
14,2015-01-15,24.750000000000004,False
15,2015-01-16,23.650000000000002,False
16,2015-01-17,10.450000000000001,False
17,2015-01-18,7.15,False
18,2015-01-19,15.950000000000001,False
19,2015-01-20,45.1,False
20,2015-01-21,55.00000000000001,False
21,2015-01-22,41.800000000000004,False
22,2015-01-23,32.45,False
23,2015-01-24,13.750000000000002,False
24,2015-01-25,9.350000000000001,False
25,2015-01-26,43.45,False
26,2015-01-27,33.550000000000004,False
27,2015-01-28,31.900000000000002,False
28,2015-01-29,26.400000000000002,False
29,2015-01-30,36.300000000000004,False
30,2015-01-31,11.55,False
0,2015-02-01,10.120000000000001,False
1,2015-02-02,30.360000000000003,False
2,2015-02-03,37.260000000000005,False
3,2015-02-04,40.02,False
4,2015-02-05,33.120000000000005,False
5,2015-02-06,41.4,False
6,2015-02-07,12.88,False
7,2015-02-08,14.26,False
8,2015-02-09,31.740000000000002,False
9,2015-02-10,26.68,False
10,2015-02-11,35.88,False
11,2015-02-12,33.58,False
12,2015-02-13,40.480000000000004,False
13,2015-02-14,13.34,False
14,2015-02-15,14.26,False
15,2015-02-16,18.400000000000002,False
16,2015-02-17,31.740000000000002,False
17,2015-02-18,46.0,False
18,2015-02-19,41.86,False
19,2015-02-20,41.4,False
20,2015-02-21,20.240000000000002,False
21,2015-02-22,11.96,False
22,2015-02-23,31.28,False
23,2015-02-24,34.96,False
24,2015-02-25,32.2,False
25,2015-02-26,32.660000000000004,False
26,2015-02-27,39.1,False
27,2015-02-28,10.58,False
0,2015-03-01,12.8,False
1,2015-03-02,34.4,False
2,2015-03-03,40.0,False
3,2015-03-04,25.200000000000003,False
4,2015-03-05,26.400000000000002,False
5,2015-03-06,20.0,False
6,2015-03-07,9.200000000000001,False
7,2015-03-08,7.2,False
8,2015-03-09,30.0,False
9,2015-03-10,32.0,False
10,2015-03-11,23.6,False
11,2015-03-12,28.0,False
12,2015-03-13,24.8,False
13,2015-03-14,17.6,False
14,2015-03-15,11.600000000000001,False
15,2015-03-16,20.0,False
16,2015-03-17,25.200000000000003,False
17,2015-03-18,22.400000000000002,False
18,2015-03-19,24.0,False
19,2015-03-20,19.6,False
20,2015-03-21,20.400000000000002,False
21,2015-03-22,9.600000000000001,False
22,2015-03-23,18.8,False
23,2015-03-24,31.200000000000003,False
24,2015-03-25,28.0,False
25,2015-03-26,24.400000000000002,False
26,2015-03-27,26.0,False
27,2015-03-28,12.0,False
28,2015-03-29,4.0,False
29,2015-03-30,15.200000000000001,False
30,2015-03-31,26.0,False
0,2015-04-01,19.74,False
1,2015-04-02,23.5,False
2,2015-04-03,14.1,False
3,2015-04-04,7.989999999999999,False
4,2015-04-05,9.87,False
5,2015-04-06,23.029999999999998,False
6,2015-04-07,20.68,False
7,2015-04-08,19.27,False
8,2015-04-09,22.56,False
9,2015-04-10,19.27,False
10,2015-04-11,7.989999999999999,False
11,2015-04-12,7.05,False
12,2015-04-13,18.799999999999997,False
13,2015-04-14,19.27,False
14,2015-04-15,25.38,False
15,2015-04-16,20.68,False
16,2015-04-17,23.97,False
17,2015-04-18,11.75,False
18,2015-04-19,10.34,False
19,2015-04-20,46.529999999999994,False
20,2015-04-21,47.0,False
21,2015-04-22,23.97,False
22,2015-04-23,35.25,False
23,2015-04-24,29.139999999999997,False
24,2015-04-25,12.69,False
25,2015-04-26,9.87,False
26,2015-04-27,24.91,False
27,2015-04-28,31.49,False
28,2015-04-29,30.549999999999997,False
29,2015-04-30,28.669999999999998,False
0,2015-05-01,34.58,False
1,2015-05-02,23.56,False
2,2015-05-03,10.64,False
3,2015-05-04,38.0,False
4,2015-05-05,36.86,False
5,2015-05-06,32.68,False
6,2015-05-07,23.18,False
7,2015-05-08,31.16,False
8,2015-05-09,19.38,False
9,2015-05-10,9.120000000000001,False
10,2015-05-11,24.32,False
11,2015-05-12,34.58,False
12,2015-05-13,33.06,False
13,2015-05-14,31.92,False
14,2015-05-15,31.16,False
15,2015-05-16,10.64,False
16,2015-05-17,7.98,False
17,2015-05-18,26.22,False
18,2015-05-19,32.68,False
19,2015-05-20,21.66,False
20,2015-05-21,25.84,False
21,2015-05-22,23.18,False
22,2015-05-23,9.5,False
23,2015-05-24,4.94,False
24,2015-05-25,6.84,False
25,2015-05-26,26.98,False
26,2015-05-27,28.5,False
27,2015-05-28,28.5,False
28,2015-05-29,22.04,False
29,2015-05-30,14.44,False
30,2015-05-31,10.64,False
0,2015-06-01,27.060000000000002,False
1,2015-06-02,22.11,False
2,2015-06-03,27.720000000000002,False
3,2015-06-04,20.790000000000003,False
4,2015-06-05,20.790000000000003,False
5,2015-06-06,14.190000000000001,False
6,2015-06-07,8.91,False
7,2015-06-08,21.45,False
8,2015-06-09,33.0,False
9,2015-06-10,26.400000000000002,False
10,2015-06-11,26.07,False
11,2015-06-12,26.07,False
12,2015-06-13,10.56,False
13,2015-06-14,10.89,False
14,2015-06-15,21.12,False
15,2015-06-16,27.060000000000002,False
16,2015-06-17,20.790000000000003,False
17,2015-06-18,25.740000000000002,False
18,2015-06-19,24.09,False
19,2015-06-20,15.180000000000001,False
20,2015-06-21,8.25,False
21,2015-06-22,21.45,False
22,2015-06-23,22.11,False
23,2015-06-24,23.76,False
24,2015-06-25,24.75,False
25,2015-06-26,12.870000000000001,False
26,2015-06-27,11.22,False
27,2015-06-28,9.9,False
28,2015-06-29,25.41,False
29,2015-06-30,30.69,False
0,2015-07-01,14.5,False
1,2015-07-02,14.0,False
2,2015-07-03,5.0,False
3,2015-07-04,3.5,False
4,2015-07-05,4.0,False
5,2015-07-06,12.5,False
6,2015-07-07,14.5,False
7,2015-07-08,13.5,False
8,2015-07-09,22.0,False
9,2015-07-10,17.5,False
10,2015-07-11,6.0,False
11,2015-07-12,6.5,False
12,2015-07-13,12.5,False
13,2015-07-14,22.0,False
14,2015-07-15,12.5,False
15,2015-07-16,11.0,False
16,2015-07-17,14.5,False
17,2015-07-18,8.5,False
18,2015-07-19,9.5,False
19,2015-07-20,24.5,False
20,2015-07-21,50.0,False
21,2015-07-22,32.5,False
22,2015-07-23,22.0,False
23,2015-07-24,18.0,False
24,2015-07-25,10.5,False
25,2015-07-26,5.0,False
26,2015-07-27,17.0,False
27,2015-07-28,19.5,False
28,2015-07-29,20.0,False
29,2015-07-30,13.5,False
30,2015-07-31,15.5,False
0,2015-08-01,9.18,False
1,2015-08-02,4.59,False
2,2015-08-03,19.38,False
3,2015-08-04,19.38,False
4,2015-08-05,16.830000000000002,False
5,2015-08-06,22.44,False
6,2015-08-07,12.75,False
7,2015-08-08,7.140000000000001,False
8,2015-08-09,7.140000000000001,False
9,2015-08-10,18.87,False
10,2015-08-11,21.42,False
11,2015-08-12,21.42,False
12,2015-08-13,15.81,False
13,2015-08-14,17.34,False
14,2015-08-15,5.61,False
15,2015-08-16,5.1,False
16,2015-08-17,15.3,False
17,2015-08-18,17.34,False
18,2015-08-19,18.87,False
19,2015-08-20,18.36,False
20,2015-08-21,25.5,False
21,2015-08-22,15.81,False
22,2015-08-23,8.16,False
23,2015-08-24,51.0,False
24,2015-08-25,49.980000000000004,False
25,2015-08-26,34.68,False
26,2015-08-27,27.54,False
27,2015-08-28,24.990000000000002,False
28,2015-08-29,9.69,False
29,2015-08-30,7.65,False
30,2015-08-31,15.81,False
0,2015-09-01,29.52,False
1,2015-09-02,31.569999999999997,False
2,2015-09-03,33.21,False
3,2015-09-04,27.47,False
4,2015-09-05,7.38,False
5,2015-09-06,6.56,False
6,2015-09-07,9.43,False
7,2015-09-08,34.85,False
8,2015-09-09,41.0,False
9,2015-09-10,30.749999999999996,False
10,2015-09-11,25.009999999999998,False
11,2015-09-12,11.069999999999999,False
12,2015-09-13,8.2,False
13,2015-09-14,27.88,False
14,2015-09-15,22.959999999999997,False
15,2015-09-16,33.62,False
16,2015-09-17,37.309999999999995,False
17,2015-09-18,31.159999999999997,False
18,2015-09-19,9.02,False
19,2015-09-20,11.479999999999999,False
20,2015-09-21,28.7,False
21,2015-09-22,25.419999999999998,False
22,2015-09-23,29.93,False
23,2015-09-24,20.91,False
24,2015-09-25,26.24,False
25,2015-09-26,9.02,False
26,2015-09-27,9.84,False
27,2015-09-28,21.32,False
28,2015-09-29,27.06,False
29,2015-09-30,28.29,False
0,2015-10-01,14.000000000000002,False
1,2015-10-02,17.92,False
2,2015-10-03,7.840000000000001,False
3,2015-10-04,1.6800000000000002,False
4,2015-10-05,14.560000000000002,False
5,2015-10-06,19.040000000000003,False
6,2015-10-07,15.120000000000001,False
7,2015-10-08,18.48,False
8,2015-10-09,16.240000000000002,False
9,2015-10-10,6.16,False
10,2015-10-11,4.48,False
11,2015-10-12,19.040000000000003,False
12,2015-10-13,19.6,False
13,2015-10-14,14.560000000000002,False
14,2015-10-15,20.160000000000004,False
15,2015-10-16,16.240000000000002,False
16,2015-10-17,7.840000000000001,False
17,2015-10-18,4.48,False
18,2015-10-19,30.240000000000002,False
19,2015-10-20,56.00000000000001,False
20,2015-10-21,34.160000000000004,False
21,2015-10-22,24.64,False
22,2015-10-23,22.400000000000002,False
23,2015-10-24,11.200000000000001,False
24,2015-10-25,8.4,False
25,2015-10-26,21.28,False
26,2015-10-27,25.76,False
27,2015-10-28,29.680000000000003,False
28,2015-10-29,21.28,False
29,2015-10-30,15.680000000000001,False
30,2015-10-31,9.520000000000001,False
0,2015-11-01,12.959999999999999,False
1,2015-11-02,35.519999999999996,False
2,2015-11-03,35.04,False
3,2015-11-04,36.0,False
4,2015-11-05,36.0,False
5,2015-11-06,35.04,False
6,2015-11-07,22.08,False
7,2015-11-08,14.399999999999999,False
8,2015-11-09,47.519999999999996,False
9,2015-11-10,47.04,False
10,2015-11-11,48.0,False
11,2015-11-12,41.76,False
12,2015-11-13,42.72,False
13,2015-11-14,12.48,False
14,2015-11-15,13.44,False
15,2015-11-16,30.72,False
16,2015-11-17,46.08,False
17,2015-11-18,45.6,False
18,2015-11-19,37.92,False
19,2015-11-20,39.839999999999996,False
20,2015-11-21,13.92,False
21,2015-11-22,12.48,False
22,2015-11-23,29.279999999999998,False
23,2015-11-24,35.519999999999996,False
24,2015-11-25,34.08,False
25,2015-11-26,12.959999999999999,False
26,2015-11-27,21.599999999999998,False
27,2015-11-28,14.879999999999999,False
28,2015-11-29,12.959999999999999,False
29,2015-11-30,38.4,False
0,2015-12-01,34.2,False
1,2015-12-02,26.1,False
2,2015-12-03,28.8,False
3,2015-12-04,41.85,False
4,2015-12-05,18.45,False
5,2015-12-06,10.8,False
6,2015-12-07,31.5,False
7,2015-12-08,37.35,False
8,2015-12-09,33.300000000000004,False
9,2015-12-10,45.0,False
10,2015-12-11,43.65,False
11,2015-12-12,20.25,False
12,2015-12-13,9.9,False
13,2015-12-14,33.300000000000004,False
14,2015-12-15,44.1,False
15,2015-12-16,37.35,False
16,2015-12-17,30.150000000000002,False
17,2015-12-18,34.65,False
18,2015-12-19,15.3,False
19,2015-12-20,8.1,False
20,2015-12-21,26.1,False
21,2015-12-22,36.9,False
22,2015-12-23,27.0,False
23,2015-12-24,25.2,False
24,2015-12-25,9.9,False
25,2015-12-26,5.4,False
26,2015-12-27,6.75,False
27,2015-12-28,22.05,False
28,2015-12-29,31.05,False
29,2015-12-30,29.25,False
30,2015-12-31,27.900000000000002,False
0,2016-01-01,9.92,False
1,2016-01-02,4.34,False
2,2016-01-03,3.1,False
3,2016-01-04,19.22,False
4,2016-01-05,20.46,False
5,2016-01-06,21.08,False
6,2016-01-07,27.9,False
7,2016-01-08,23.56,False
8,2016-01-09,9.3,False
9,2016-01-10,6.2,False
10,2016-01-11,19.84,False
11,2016-01-12,19.84,False
12,2016-01-13,24.18,False
13,2016-01-14,21.7,False
14,2016-01-15,22.94,False
15,2016-01-16,15.5,False
16,2016-01-17,5.58,False
17,2016-01-18,12.4,False
18,2016-01-19,38.44,False
19,2016-01-20,62.0,False
20,2016-01-21,35.96,False
21,2016-01-22,27.9,False
22,2016-01-23,11.78,False
23,2016-01-24,10.54,False
24,2016-01-25,21.7,False
25,2016-01-26,26.66,False
26,2016-01-27,22.32,False
27,2016-01-28,23.56,False
28,2016-01-29,22.94,False
29,2016-01-30,11.16,False
30,2016-01-31,7.4399999999999995,False
0,2016-02-01,44.4,False
1,2016-02-02,35.4,False
2,2016-02-03,37.8,False
3,2016-02-04,42.0,False
4,2016-02-05,46.8,False
5,2016-02-06,23.4,False
6,2016-02-07,7.199999999999999,False
7,2016-02-08,40.8,False
8,2016-02-09,46.8,False
9,2016-02-10,41.4,False
10,2016-02-11,59.4,False
11,2016-02-12,42.0,False
12,2016-02-13,21.0,False
13,2016-02-14,10.799999999999999,False
14,2016-02-15,19.2,False
15,2016-02-16,36.6,False
16,2016-02-17,48.0,False
17,2016-02-18,60.0,False
18,2016-02-19,58.199999999999996,False
19,2016-02-20,18.599999999999998,False
20,2016-02-21,14.399999999999999,False
21,2016-02-22,45.0,False
22,2016-02-23,43.8,False
23,2016-02-24,39.0,False
24,2016-02-25,39.6,False
25,2016-02-26,40.8,False
26,2016-02-27,18.0,False
27,2016-02-28,12.6,False
28,2016-02-29,34.8,False
0,2016-03-01,47.74,False
1,2016-03-02,52.7,False
2,2016-03-03,58.9,False
3,2016-03-04,55.18,False
4,2016-03-05,17.36,False
5,2016-03-06,13.02,False
6,2016-03-07,44.64,False
7,2016-03-08,57.04,False
8,2016-03-09,47.12,False
9,2016-03-10,53.94,False
10,2016-03-11,58.28,False
11,2016-03-12,19.84,False
12,2016-03-13,15.5,False
13,2016-03-14,53.32,False
14,2016-03-15,48.36,False
15,2016-03-16,44.64,False
16,2016-03-17,61.38,False
17,2016-03-18,62.0,False
18,2016-03-19,23.56,False
19,2016-03-20,7.4399999999999995,False
20,2016-03-21,53.94,False
21,2016-03-22,55.18,False
22,2016-03-23,45.88,False
23,2016-03-24,54.56,False
24,2016-03-25,32.86,False
25,2016-03-26,17.36,False
26,2016-03-27,12.4,False
27,2016-03-28,45.88,False
28,2016-03-29,55.18,False
29,2016-03-30,57.04,False
30,2016-03-31,58.9,False
0,2016-04-01,28.8,False
1,2016-04-02,8.32,False
2,2016-04-03,5.76,False
3,2016-04-04,19.2,False
4,2016-04-05,19.84,False
5,2016-04-06,19.84,False
6,2016-04-07,20.48,False
7,2016-04-08,19.2,False
8,2016-04-09,7.68,False
9,2016-04-10,7.68,False
10,2016-04-11,21.12,False
11,2016-04-12,17.92,False
12,2016-04-13,19.2,False
13,2016-04-14,21.76,False
14,2016-04-15,19.2,False
15,2016-04-16,9.6,False
16,2016-04-17,5.76,False
17,2016-04-18,42.88,False
18,2016-04-19,64.0,False
19,2016-04-20,38.4,False
20,2016-04-21,25.6,False
21,2016-04-22,26.240000000000002,False
22,2016-04-23,10.88,False
23,2016-04-24,6.4,False
24,2016-04-25,19.84,False
25,2016-04-26,21.76,False
26,2016-04-27,21.76,False
27,2016-04-28,19.2,False
28,2016-04-29,20.48,False
29,2016-04-30,5.12,False
0,2016-05-01,10.120000000000001,False
1,2016-05-02,37.72,False
2,2016-05-03,32.2,False
3,2016-05-04,37.72,False
4,2016-05-05,35.42,False
5,2016-05-06,33.120000000000005,False
6,2016-05-07,10.120000000000001,False
7,2016-05-08,8.74,False
8,2016-05-09,25.3,False
9,2016-05-10,40.940000000000005,False
10,2016-05-11,26.220000000000002,False
11,2016-05-12,28.060000000000002,False
12,2016-05-13,31.740000000000002,False
13,2016-05-14,14.72,False
14,2016-05-15,6.44,False
15,2016-05-16,39.1,False
16,2016-05-17,43.7,False
17,2016-05-18,29.44,False
18,2016-05-19,32.2,False
19,2016-05-20,29.900000000000002,False
20,2016-05-21,14.26,False
21,2016-05-22,5.5200000000000005,False
22,2016-05-23,24.84,False
23,2016-05-24,27.6,False
24,2016-05-25,46.0,False
25,2016-05-26,37.72,False
26,2016-05-27,25.76,False
27,2016-05-28,9.66,False
28,2016-05-29,8.280000000000001,False
29,2016-05-30,7.82,False
30,2016-05-31,24.380000000000003,False
0,2016-06-01,17.64,False
1,2016-06-02,18.13,False
2,2016-06-03,19.11,False
3,2016-06-04,6.859999999999999,False
4,2016-06-05,3.4299999999999997,False
5,2016-06-06,20.58,False
6,2016-06-07,22.54,False
7,2016-06-08,17.15,False
8,2016-06-09,15.68,False
9,2016-06-10,16.169999999999998,False
10,2016-06-11,5.39,False
11,2016-06-12,3.92,False
12,2016-06-13,12.25,False
13,2016-06-14,17.64,False
14,2016-06-15,19.11,False
15,2016-06-16,20.09,False
16,2016-06-17,13.719999999999999,False
17,2016-06-18,6.37,False
18,2016-06-19,3.92,False
19,2016-06-20,11.76,False
20,2016-06-21,16.169999999999998,False
21,2016-06-22,16.169999999999998,False
22,2016-06-23,22.05,False
23,2016-06-24,49.0,False
24,2016-06-25,9.8,False
25,2016-06-26,8.33,False
26,2016-06-27,27.93,False
27,2016-06-28,25.97,False
28,2016-06-29,22.54,False
29,2016-06-30,26.95,False
0,2016-07-01,18.81,False
1,2016-07-02,7.9799999999999995,False
2,2016-07-03,5.699999999999999,False
3,2016-07-04,11.399999999999999,False
4,2016-07-05,17.669999999999998,False
5,2016-07-06,20.52,False
6,2016-07-07,17.669999999999998,False
7,2016-07-08,22.229999999999997,False
8,2016-07-09,9.12,False
9,2016-07-10,7.409999999999999,False
10,2016-07-11,23.369999999999997,False
11,2016-07-12,27.929999999999996,False
12,2016-07-13,31.349999999999998,False
13,2016-07-14,22.799999999999997,False
14,2016-07-15,25.65,False
15,2016-07-16,10.26,False
16,2016-07-17,7.409999999999999,False
17,2016-07-18,56.99999999999999,False
18,2016-07-19,56.42999999999999,False
19,2016-07-20,38.19,False
20,2016-07-21,25.65,False
21,2016-07-22,26.22,False
22,2016-07-23,9.69,False
23,2016-07-24,5.699999999999999,False
24,2016-07-25,18.24,False
25,2016-07-26,26.22,False
26,2016-07-27,27.36,False
27,2016-07-28,29.069999999999997,False
28,2016-07-29,26.22,False
29,2016-07-30,7.9799999999999995,False
30,2016-07-31,5.699999999999999,False
0,2016-08-01,33.6,False
1,2016-08-02,28.98,False
2,2016-08-03,34.019999999999996,False
3,2016-08-04,32.76,False
4,2016-08-05,35.699999999999996,False
5,2016-08-06,13.86,False
6,2016-08-07,9.66,False
7,2016-08-08,31.08,False
8,2016-08-09,34.86,False
9,2016-08-10,32.76,False
10,2016-08-11,42.0,False
11,2016-08-12,26.88,False
12,2016-08-13,16.38,False
13,2016-08-14,8.82,False
14,2016-08-15,36.96,False
15,2016-08-16,39.48,False
16,2016-08-17,29.4,False
17,2016-08-18,28.98,False
18,2016-08-19,33.6,False
19,2016-08-20,11.34,False
20,2016-08-21,5.88,False
21,2016-08-22,26.88,False
22,2016-08-23,25.619999999999997,False
23,2016-08-24,29.4,False
24,2016-08-25,33.6,False
25,2016-08-26,36.96,False
26,2016-08-27,10.92,False
27,2016-08-28,6.72,False
28,2016-08-29,21.0,False
29,2016-08-30,32.76,False
30,2016-08-31,25.2,False
0,2016-09-01,19.76,False
1,2016-09-02,24.7,False
2,2016-09-03,10.26,False
3,2016-09-04,6.08,False
4,2016-09-05,8.74,False
5,2016-09-06,30.02,False
6,2016-09-07,38.0,False
7,2016-09-08,20.52,False
8,2016-09-09,33.06,False
9,2016-09-10,15.96,False
10,2016-09-11,6.84,False
11,2016-09-12,33.82,False
12,2016-09-13,30.78,False
13,2016-09-14,32.3,False
14,2016-09-15,25.080000000000002,False
15,2016-09-16,31.54,False
16,2016-09-17,9.88,False
17,2016-09-18,12.540000000000001,False
18,2016-09-19,17.86,False
19,2016-09-20,28.88,False
20,2016-09-21,31.92,False
21,2016-09-22,22.42,False
22,2016-09-23,36.480000000000004,False
23,2016-09-24,8.36,False
24,2016-09-25,7.6,False
25,2016-09-26,24.32,False
26,2016-09-27,37.24,False
27,2016-09-28,33.44,False
28,2016-09-29,31.92,False
29,2016-09-30,33.06,False
0,2016-10-01,9.24,False
1,2016-10-02,9.24,False
2,2016-10-03,15.4,False
3,2016-10-04,22.44,False
4,2016-10-05,16.72,False
5,2016-10-06,22.44,False
6,2016-10-07,20.24,False
7,2016-10-08,6.6,False
8,2016-10-09,7.92,False
9,2016-10-10,28.16,False
10,2016-10-11,22.0,False
11,2016-10-12,21.56,False
12,2016-10-13,19.8,False
13,2016-10-14,19.8,False
14,2016-10-15,6.6,False
15,2016-10-16,5.28,False
16,2016-10-17,41.8,False
17,2016-10-18,44.0,False
18,2016-10-19,30.8,False
19,2016-10-20,23.32,False
20,2016-10-21,21.56,False
21,2016-10-22,7.48,False
22,2016-10-23,5.72,False
23,2016-10-24,19.36,False
24,2016-10-25,19.36,False
25,2016-10-26,24.2,False
26,2016-10-27,29.92,False
27,2016-10-28,16.72,False
28,2016-10-29,8.8,False
29,2016-10-30,6.16,False
30,2016-10-31,14.08,False
0,2016-11-01,25.5,False
1,2016-11-02,21.0,False
2,2016-11-03,21.0,False
3,2016-11-04,24.0,False
4,2016-11-05,6.5,False
5,2016-11-06,4.5,False
6,2016-11-07,20.0,False
7,2016-11-08,20.0,False
8,2016-11-09,50.0,False
9,2016-11-10,37.5,False
10,2016-11-11,35.5,False
11,2016-11-12,14.0,False
12,2016-11-13,8.0,False
13,2016-11-14,24.5,False
14,2016-11-15,34.0,False
15,2016-11-16,27.0,False
16,2016-11-17,30.5,False
17,2016-11-18,30.5,False
18,2016-11-19,10.5,False
19,2016-11-20,7.5,False
20,2016-11-21,21.5,False
21,2016-11-22,30.0,False
22,2016-11-23,26.0,False
23,2016-11-24,9.0,False
24,2016-11-25,17.0,False
25,2016-11-26,11.0,False
26,2016-11-27,9.5,False
27,2016-11-28,20.0,False
28,2016-11-29,31.5,False
29,2016-11-30,27.0,False
0,2016-12-01,36.5,False
1,2016-12-02,30.5,False
2,2016-12-03,11.0,False
3,2016-12-04,8.0,False
4,2016-12-05,24.5,False
5,2016-12-06,24.0,False
6,2016-12-07,34.5,False
7,2016-12-08,36.0,False
8,2016-12-09,29.0,False
9,2016-12-10,11.5,False
10,2016-12-11,8.0,False
11,2016-12-12,32.5,False
12,2016-12-13,37.5,False
13,2016-12-14,50.0,False
14,2016-12-15,42.0,False
15,2016-12-16,31.5,False
16,2016-12-17,13.5,False
17,2016-12-18,6.0,False
18,2016-12-19,28.0,False
19,2016-12-20,29.0,False
20,2016-12-21,30.5,False
21,2016-12-22,33.5,False
22,2016-12-23,30.5,False
23,2016-12-24,13.0,False
24,2016-12-25,6.5,False
25,2016-12-26,11.0,False
26,2016-12-27,25.0,False
27,2016-12-28,23.5,False
28,2016-12-29,26.0,False
29,2016-12-30,27.5,False
30,2016-12-31,15.5,False
0,2017-01-01,5.3999999999999995,False
1,2017-01-02,12.0,False
2,2017-01-03,17.4,False
3,2017-01-04,25.8,False
4,2017-01-05,24.0,False
5,2017-01-06,21.0,False
6,2017-01-07,9.6,False
7,2017-01-08,5.3999999999999995,False
8,2017-01-09,18.599999999999998,False
9,2017-01-10,22.8,False
10,2017-01-11,22.8,False
11,2017-01-12,21.599999999999998,False
12,2017-01-13,23.4,False
13,2017-01-14,7.8,False
14,2017-01-15,9.0,False
15,2017-01-16,12.6,False
16,2017-01-17,24.0,False
17,2017-01-18,22.2,False
18,2017-01-19,42.0,False
19,2017-01-20,48.6,False
20,2017-01-21,11.4,False
21,2017-01-22,6.0,False
22,2017-01-23,30.599999999999998,False
23,2017-01-24,34.8,False
24,2017-01-25,60.0,False
25,2017-01-26,45.6,False
26,2017-01-27,43.199999999999996,False
27,2017-01-28,10.799999999999999,False
28,2017-01-29,9.6,False
29,2017-01-30,27.599999999999998,False
30,2017-01-31,19.2,False
0,2017-02-01,38.35,False
1,2017-02-02,34.22,False
2,2017-02-03,34.809999999999995,False
3,2017-02-04,20.65,False
4,2017-02-05,10.62,False
5,2017-02-06,33.629999999999995,False
6,2017-02-07,44.25,False
7,2017-02-08,46.019999999999996,False
8,2017-02-09,39.53,False
9,2017-02-10,46.61,False
10,2017-02-11,20.65,False
11,2017-02-12,11.799999999999999,False
12,2017-02-13,43.66,False
13,2017-02-14,43.66,False
14,2017-02-15,59.0,False
15,2017-02-16,49.559999999999995,False
16,2017-02-17,46.019999999999996,False
17,2017-02-18,17.11,False
18,2017-02-19,12.389999999999999,False
19,2017-02-20,18.88,False
20,2017-02-21,45.43,False
21,2017-02-22,38.35,False
22,2017-02-23,43.66,False
23,2017-02-24,41.3,False
24,2017-02-25,18.88,False
25,2017-02-26,11.209999999999999,False
26,2017-02-27,41.3,False
27,2017-02-28,38.94,False
0,2017-03-01,48.720000000000006,False
1,2017-03-02,56.00000000000001,False
2,2017-03-03,44.800000000000004,False
3,2017-03-04,21.840000000000003,False
4,2017-03-05,12.32,False
5,2017-03-06,36.400000000000006,False
6,2017-03-07,45.36000000000001,False
7,2017-03-08,40.88,False
8,2017-03-09,43.120000000000005,False
9,2017-03-10,39.760000000000005,False
10,2017-03-11,14.560000000000002,False
11,2017-03-12,10.64,False
12,2017-03-13,28.560000000000002,False
13,2017-03-14,38.080000000000005,False
14,2017-03-15,35.28,False
15,2017-03-16,35.84,False
16,2017-03-17,31.92,False
17,2017-03-18,14.000000000000002,False
18,2017-03-19,8.96,False
19,2017-03-20,32.480000000000004,False
20,2017-03-21,40.88,False
21,2017-03-22,38.080000000000005,False
22,2017-03-23,34.160000000000004,False
23,2017-03-24,31.92,False
24,2017-03-25,14.560000000000002,False
25,2017-03-26,10.64,False
26,2017-03-27,31.360000000000003,False
27,2017-03-28,34.160000000000004,False
28,2017-03-29,39.760000000000005,False
29,2017-03-30,34.160000000000004,False
30,2017-03-31,31.360000000000003,False
0,2017-04-01,6.6000000000000005,False
1,2017-04-02,5.28,False
2,2017-04-03,14.520000000000001,False
3,2017-04-04,13.860000000000001,False
4,2017-04-05,14.520000000000001,False
5,2017-04-06,17.82,False
6,2017-04-07,15.180000000000001,False
7,2017-04-08,7.260000000000001,False
8,2017-04-09,1.98,False
9,2017-04-10,12.540000000000001,False
10,2017-04-11,16.5,False
11,2017-04-12,16.5,False
12,2017-04-13,13.860000000000001,False
13,2017-04-14,9.9,False
14,2017-04-15,8.58,False
15,2017-04-16,3.3000000000000003,False
16,2017-04-17,15.180000000000001,False
17,2017-04-18,31.68,False
18,2017-04-19,66.0,False
19,2017-04-20,40.260000000000005,False
20,2017-04-21,27.060000000000002,False
21,2017-04-22,11.22,False
22,2017-04-23,6.6000000000000005,False
23,2017-04-24,21.12,False
24,2017-04-25,25.080000000000002,False
25,2017-04-26,17.82,False
26,2017-04-27,18.48,False
27,2017-04-28,15.84,False
28,2017-04-29,7.260000000000001,False
29,2017-04-30,7.260000000000001,False
0,2017-05-01,19.720000000000002,False
1,2017-05-02,19.040000000000003,False
2,2017-05-03,17.68,False
3,2017-05-04,20.400000000000002,False
4,2017-05-05,68.0,False
5,2017-05-06,23.12,False
6,2017-05-07,12.920000000000002,False
7,2017-05-08,36.04,False
8,2017-05-09,23.8,False
9,2017-05-10,23.12,False
10,2017-05-11,21.76,False
11,2017-05-12,23.12,False
12,2017-05-13,10.200000000000001,False
13,2017-05-14,8.16,False
14,2017-05-15,20.400000000000002,False
15,2017-05-16,24.48,False
16,2017-05-17,29.240000000000002,False
17,2017-05-18,23.12,False
18,2017-05-19,19.040000000000003,False
19,2017-05-20,7.48,False
20,2017-05-21,6.12,False
21,2017-05-22,16.32,False
22,2017-05-23,19.720000000000002,False
23,2017-05-24,19.040000000000003,False
24,2017-05-25,21.76,False
25,2017-05-26,17.68,False
26,2017-05-27,6.12,False
27,2017-05-28,4.08,False
28,2017-05-29,6.12,False
29,2017-05-30,15.64,False
30,2017-05-31,16.32,False
0,2017-06-01,32.24,False
1,2017-06-02,52.0,False
2,2017-06-03,22.36,False
3,2017-06-04,13.52,False
4,2017-06-05,44.2,False
5,2017-06-06,36.4,False
6,2017-06-07,42.64,False
7,2017-06-08,36.92,False
8,2017-06-09,42.64,False
9,2017-06-10,19.240000000000002,False
10,2017-06-11,9.88,False
11,2017-06-12,51.480000000000004,False
12,2017-06-13,44.72,False
13,2017-06-14,40.56,False
14,2017-06-15,37.96,False
15,2017-06-16,43.160000000000004,False
16,2017-06-17,15.08,False
17,2017-06-18,6.76,False
18,2017-06-19,45.760000000000005,False
19,2017-06-20,48.36,False
20,2017-06-21,40.56,False
21,2017-06-22,34.32,False
22,2017-06-23,44.72,False
23,2017-06-24,10.4,False
24,2017-06-25,20.8,False
25,2017-06-26,48.88,False
26,2017-06-27,36.92,False
27,2017-06-28,45.24,False
28,2017-06-29,52.0,False
29,2017-06-30,36.4,False
0,2017-07-01,7.08,False
1,2017-07-02,6.489999999999999,False
2,2017-07-03,11.209999999999999,False
3,2017-07-04,6.489999999999999,False
4,2017-07-05,12.389999999999999,False
5,2017-07-06,16.52,False
6,2017-07-07,17.11,False
7,2017-07-08,5.8999999999999995,False
8,2017-07-09,2.9499999999999997,False
9,2017-07-10,20.06,False
10,2017-07-11,15.34,False
11,2017-07-12,11.799999999999999,False
12,2017-07-13,16.52,False
13,2017-07-14,17.7,False
14,2017-07-15,5.8999999999999995,False
15,2017-07-16,5.8999999999999995,False
16,2017-07-17,20.65,False
17,2017-07-18,45.43,False
18,2017-07-19,59.0,False
19,2017-07-20,34.809999999999995,False
20,2017-07-21,23.009999999999998,False
21,2017-07-22,7.08,False
22,2017-07-23,7.08,False
23,2017-07-24,16.52,False
24,2017-07-25,19.47,False
25,2017-07-26,19.47,False
26,2017-07-27,20.06,False
27,2017-07-28,16.52,False
28,2017-07-29,6.489999999999999,False
29,2017-07-30,7.67,False
30,2017-07-31,20.65,False
0,2017-08-01,52.25000000000001,False
1,2017-08-02,55.00000000000001,False
2,2017-08-03,43.45,False
3,2017-08-04,42.900000000000006,False
4,2017-08-05,17.05,False
5,2017-08-06,10.450000000000001,False
6,2017-08-07,48.400000000000006,False
7,2017-08-08,52.800000000000004,False
8,2017-08-09,44.550000000000004,False
9,2017-08-10,43.45,False
10,2017-08-11,37.95,False
11,2017-08-12,18.700000000000003,False
12,2017-08-13,15.400000000000002,False
13,2017-08-14,41.25,False
14,2017-08-15,47.300000000000004,False
15,2017-08-16,42.35,False
16,2017-08-17,38.5,False
17,2017-08-18,38.5,False
18,2017-08-19,9.9,False
19,2017-08-20,11.55,False
20,2017-08-21,28.6,False
21,2017-08-22,49.50000000000001,False
22,2017-08-23,50.6,False
23,2017-08-24,42.35,False
24,2017-08-25,44.0,False
25,2017-08-26,13.200000000000001,False
26,2017-08-27,11.55,False
27,2017-08-28,41.800000000000004,False
28,2017-08-29,38.5,False
29,2017-08-30,38.5,False
30,2017-08-31,39.050000000000004,False
0,2017-09-01,41.85,False
1,2017-09-02,19.8,False
2,2017-09-03,9.0,False
3,2017-09-04,12.6,False
4,2017-09-05,31.05,False
5,2017-09-06,44.1,False
6,2017-09-07,37.800000000000004,False
7,2017-09-08,42.300000000000004,False
8,2017-09-09,16.650000000000002,False
9,2017-09-10,13.05,False
10,2017-09-11,44.1,False
11,2017-09-12,40.95,False
12,2017-09-13,45.0,False
13,2017-09-14,37.35,False
14,2017-09-15,39.6,False
15,2017-09-16,15.3,False
16,2017-09-17,16.650000000000002,False
17,2017-09-18,32.4,False
18,2017-09-19,40.050000000000004,False
19,2017-09-20,27.900000000000002,False
20,2017-09-21,33.75,False
21,2017-09-22,23.85,False
22,2017-09-23,18.45,False
23,2017-09-24,12.6,False
24,2017-09-25,30.150000000000002,False
25,2017-09-26,40.5,False
26,2017-09-27,39.15,False
27,2017-09-28,31.05,False
28,2017-09-29,40.5,False
29,2017-09-30,16.2,False
0,2017-10-01,2.25,False
1,2017-10-02,9.75,False
2,2017-10-03,12.75,False
3,2017-10-04,9.75,False
4,2017-10-05,11.25,False
5,2017-10-06,9.0,False
6,2017-10-07,6.0,False
7,2017-10-08,3.0,False
8,2017-10-09,9.75,False
9,2017-10-10,12.75,False
10,2017-10-11,11.25,False
11,2017-10-12,9.75,False
12,2017-10-13,9.0,False
13,2017-10-14,6.0,False
14,2017-10-15,2.25,False
15,2017-10-16,14.25,False
16,2017-10-17,28.5,False
17,2017-10-18,75.0,False
18,2017-10-19,45.75,False
19,2017-10-20,26.25,False
20,2017-10-21,9.75,False
21,2017-10-22,5.25,False
22,2017-10-23,18.75,False
23,2017-10-24,24.75,False
24,2017-10-25,21.75,False
25,2017-10-26,19.5,False
26,2017-10-27,17.25,False
27,2017-10-28,6.0,False
28,2017-10-29,6.75,False
29,2017-10-30,12.0,False
30,2017-10-31,15.0,False
0,2017-11-01,41.870000000000005,False
1,2017-11-02,53.0,False
2,2017-11-03,46.64,False
3,2017-11-04,12.190000000000001,False
4,2017-11-05,13.25,False
5,2017-11-06,30.740000000000002,False
6,2017-11-07,39.22,False
7,2017-11-08,35.510000000000005,False
8,2017-11-09,43.99,False
9,2017-11-10,33.39,False
10,2017-11-11,16.43,False
11,2017-11-12,12.190000000000001,False
12,2017-11-13,35.510000000000005,False
13,2017-11-14,32.86,False
14,2017-11-15,47.7,False
15,2017-11-16,33.92,False
16,2017-11-17,43.46,False
17,2017-11-18,15.9,False
18,2017-11-19,11.66,False
19,2017-11-20,38.160000000000004,False
20,2017-11-21,52.470000000000006,False
21,2017-11-22,33.92,False
22,2017-11-23,12.190000000000001,False
23,2017-11-24,27.560000000000002,False
24,2017-11-25,10.07,False
25,2017-11-26,19.080000000000002,False
26,2017-11-27,40.81,False
27,2017-11-28,44.52,False
28,2017-11-29,41.870000000000005,False
29,2017-11-30,51.940000000000005,False
0,2017-12-01,45.36,False
1,2017-12-02,24.3,False
2,2017-12-03,15.120000000000001,False
3,2017-12-04,50.760000000000005,False
4,2017-12-05,41.580000000000005,False
5,2017-12-06,36.72,False
6,2017-12-07,44.82,False
7,2017-12-08,47.52,False
8,2017-12-09,20.520000000000003,False
9,2017-12-10,11.88,False
10,2017-12-11,40.5,False
11,2017-12-12,48.06,False
12,2017-12-13,54.0,False
13,2017-12-14,41.040000000000006,False
14,2017-12-15,43.74,False
15,2017-12-16,19.98,False
16,2017-12-17,11.34,False
17,2017-12-18,35.64,False
18,2017-12-19,47.52,False
19,2017-12-20,48.6,False
20,2017-12-21,50.760000000000005,False
21,2017-12-22,42.120000000000005,False
22,2017-12-23,19.44,False
23,2017-12-24,14.040000000000001,False
24,2017-12-25,10.260000000000002,False
25,2017-12-26,38.88,False
26,2017-12-27,41.580000000000005,False
27,2017-12-28,46.440000000000005,False
28,2017-12-29,41.580000000000005,False
29,2017-12-30,24.840000000000003,False
30,2017-12-31,10.260000000000002,False
0,2018-01-01,7.6,False
1,2018-01-02,19.0,False
2,2018-01-03,31.349999999999998,False
3,2018-01-04,34.199999999999996,False
4,2018-01-05,38.949999999999996,False
5,2018-01-06,13.299999999999999,False
6,2018-01-07,8.549999999999999,False
7,2018-01-08,25.65,False
8,2018-01-09,23.75,False
9,2018-01-10,21.849999999999998,False
10,2018-01-11,27.549999999999997,False
11,2018-01-12,26.599999999999998,False
12,2018-01-13,10.45,False
13,2018-01-14,9.5,False
14,2018-01-15,14.25,False
15,2018-01-16,23.75,False
16,2018-01-17,45.599999999999994,False
17,2018-01-18,76.0,False
18,2018-01-19,95.0,False
19,2018-01-20,19.0,False
20,2018-01-21,12.35,False
21,2018-01-22,34.199999999999996,False
22,2018-01-23,36.1,False
23,2018-01-24,32.3,False
24,2018-01-25,30.4,False
25,2018-01-26,30.4,False
26,2018-01-27,14.25,False
27,2018-01-28,6.6499999999999995,False
28,2018-01-29,26.599999999999998,False
29,2018-01-30,29.45,False
30,2018-01-31,24.7,False
0,2018-02-01,43.68,False
1,2018-02-02,44.46,False
2,2018-02-03,20.28,False
3,2018-02-04,10.92,False
4,2018-02-05,60.06,False
5,2018-02-06,78.0,False
6,2018-02-07,62.400000000000006,False
7,2018-02-08,59.28,False
8,2018-02-09,56.160000000000004,False
9,2018-02-10,17.94,False
10,2018-02-11,10.14,False
11,2018-02-12,42.120000000000005,False
12,2018-02-13,45.24,False
13,2018-02-14,48.36,False
14,2018-02-15,65.52,False
15,2018-02-16,51.480000000000004,False
16,2018-02-17,13.26,False
17,2018-02-18,9.36,False
18,2018-02-19,14.82,False
19,2018-02-20,32.76,False
20,2018-02-21,31.98,False
21,2018-02-22,35.88,False
22,2018-02-23,34.32,False
23,2018-02-24,13.26,False
24,2018-02-25,10.92,False
25,2018-02-26,39.78,False
26,2018-02-27,34.32,False
27,2018-02-28,32.76,False
0,2018-03-01,43.07,False
1,2018-03-02,46.61,False
2,2018-03-03,12.389999999999999,False
3,2018-03-04,8.85,False
4,2018-03-05,34.809999999999995,False
5,2018-03-06,42.48,False
6,2018-03-07,46.61,False
7,2018-03-08,40.12,False
8,2018-03-09,39.53,False
9,2018-03-10,18.88,False
10,2018-03-11,14.16,False
11,2018-03-12,33.629999999999995,False
12,2018-03-13,47.199999999999996,False
13,2018-03-14,40.12,False
14,2018-03-15,43.07,False
15,2018-03-16,33.04,False
16,2018-03-17,16.52,False
17,2018-03-18,12.979999999999999,False
18,2018-03-19,42.48,False
19,2018-03-20,47.79,False
20,2018-03-21,40.12,False
21,2018-03-22,48.379999999999995,False
22,2018-03-23,45.43,False
23,2018-03-24,16.52,False
24,2018-03-25,10.03,False
25,2018-03-26,46.019999999999996,False
26,2018-03-27,59.0,False
27,2018-03-28,43.66,False
28,2018-03-29,41.89,False
29,2018-03-30,31.86,False
30,2018-03-31,11.209999999999999,False
0,2018-04-01,4.0,False
1,2018-04-02,25.6,False
2,2018-04-03,17.6,False
3,2018-04-04,19.200000000000003,False
4,2018-04-05,19.200000000000003,False
5,2018-04-06,18.400000000000002,False
6,2018-04-07,7.2,False
7,2018-04-08,6.4,False
8,2018-04-09,16.0,False
9,2018-04-10,20.0,False
10,2018-04-11,20.0,False
11,2018-04-12,17.6,False
12,2018-04-13,18.400000000000002,False
13,2018-04-14,4.800000000000001,False
14,2018-04-15,3.2,False
15,2018-04-16,16.0,False
16,2018-04-17,43.2,False
17,2018-04-18,80.0,False
18,2018-04-19,48.800000000000004,False
19,2018-04-20,28.8,False
20,2018-04-21,9.600000000000001,False
21,2018-04-22,4.800000000000001,False
22,2018-04-23,20.0,False
23,2018-04-24,26.400000000000002,False
24,2018-04-25,19.200000000000003,False
25,2018-04-26,20.8,False
26,2018-04-27,18.400000000000002,False
27,2018-04-28,7.2,False
28,2018-04-29,5.6000000000000005,False
29,2018-04-30,16.8,False
0,2018-05-01,29.700000000000003,False
1,2018-05-02,31.32,False
2,2018-05-03,30.240000000000002,False
3,2018-05-04,54.0,False
4,2018-05-05,18.36,False
5,2018-05-06,10.260000000000002,False
6,2018-05-07,37.800000000000004,False
7,2018-05-08,34.02,False
8,2018-05-09,32.940000000000005,False
9,2018-05-10,32.940000000000005,False
10,2018-05-11,31.32,False
11,2018-05-12,9.72,False
12,2018-05-13,7.0200000000000005,False
13,2018-05-14,27.0,False
14,2018-05-15,30.240000000000002,False
15,2018-05-16,32.400000000000006,False
16,2018-05-17,27.540000000000003,False
17,2018-05-18,23.76,False
18,2018-05-19,8.100000000000001,False
19,2018-05-20,7.5600000000000005,False
20,2018-05-21,29.160000000000004,False
21,2018-05-22,26.46,False
22,2018-05-23,29.700000000000003,False
23,2018-05-24,25.92,False
24,2018-05-25,27.540000000000003,False
25,2018-05-26,8.100000000000001,False
26,2018-05-27,8.100000000000001,False
27,2018-05-28,9.18,False
28,2018-05-29,23.76,False
29,2018-05-30,32.940000000000005,False
30,2018-05-31,25.380000000000003,False
0,2018-06-01,35.769999999999996,False
1,2018-06-02,17.64,False
2,2018-06-03,9.31,False
3,2018-06-04,38.71,False
4,2018-06-05,40.67,False
5,2018-06-06,40.18,False
6,2018-06-07,40.67,False
7,2018-06-08,46.06,False
8,2018-06-09,20.58,False
9,2018-06-10,15.19,False
10,2018-06-11,44.1,False
11,2018-06-12,39.2,False
12,2018-06-13,37.73,False
13,2018-06-14,41.65,False
14,2018-06-15,29.4,False
15,2018-06-16,14.209999999999999,False
16,2018-06-17,14.7,False
17,2018-06-18,31.849999999999998,False
18,2018-06-19,41.16,False
19,2018-06-20,44.1,False
20,2018-06-21,42.63,False
21,2018-06-22,32.339999999999996,False
22,2018-06-23,15.68,False
23,2018-06-24,11.27,False
24,2018-06-25,37.73,False
25,2018-06-26,46.06,False
26,2018-06-27,31.36,False
27,2018-06-28,43.61,False
28,2018-06-29,49.0,False
29,2018-06-30,18.13,False
0,2018-07-01,6.4,False
1,2018-07-02,17.28,False
2,2018-07-03,15.36,False
3,2018-07-04,6.4,False
4,2018-07-05,19.84,False
5,2018-07-06,20.48,False
6,2018-07-07,5.76,False
7,2018-07-08,5.76,False
8,2018-07-09,20.48,False
9,2018-07-10,20.48,False
10,2018-07-11,23.68,False
11,2018-07-12,23.68,False
12,2018-07-13,21.12,False
13,2018-07-14,7.04,False
14,2018-07-15,5.12,False
15,2018-07-16,17.92,False
16,2018-07-17,22.400000000000002,False
17,2018-07-18,59.52,False
18,2018-07-19,64.0,False
19,2018-07-20,33.28,False
20,2018-07-21,7.68,False
21,2018-07-22,6.4,False
22,2018-07-23,22.400000000000002,False
23,2018-07-24,23.04,False
24,2018-07-25,25.6,False
25,2018-07-26,25.6,False
26,2018-07-27,24.32,False
27,2018-07-28,6.4,False
28,2018-07-29,3.84,False
29,2018-07-30,18.56,False
30,2018-07-31,17.28,False
0,2018-08-01,34.45,False
1,2018-08-02,40.28,False
2,2018-08-03,53.0,False
3,2018-08-04,17.490000000000002,False
4,2018-08-05,13.780000000000001,False
5,2018-08-06,43.46,False
6,2018-08-07,43.99,False
7,2018-08-08,37.63,False
8,2018-08-09,37.63,False
9,2018-08-10,38.160000000000004,False
10,2018-08-11,15.9,False
11,2018-08-12,5.300000000000001,False
12,2018-08-13,28.09,False
13,2018-08-14,32.86,False
14,2018-08-15,40.28,False
15,2018-08-16,37.63,False
16,2018-08-17,37.63,False
17,2018-08-18,11.13,False
18,2018-08-19,10.07,False
19,2018-08-20,34.980000000000004,False
20,2018-08-21,36.04,False
21,2018-08-22,38.690000000000005,False
22,2018-08-23,27.03,False
23,2018-08-24,40.81,False
24,2018-08-25,13.25,False
25,2018-08-26,7.95,False
26,2018-08-27,40.81,False
27,2018-08-28,36.57,False
28,2018-08-29,28.62,False
29,2018-08-30,31.270000000000003,False
30,2018-08-31,29.150000000000002,False
0,2018-09-01,9.31,False
1,2018-09-02,6.859999999999999,False
2,2018-09-03,6.37,False
3,2018-09-04,29.4,False
4,2018-09-05,26.95,False
5,2018-09-06,33.32,False
6,2018-09-07,34.3,False
7,2018-09-08,8.33,False
8,2018-09-09,8.82,False
9,2018-09-10,26.46,False
10,2018-09-11,34.79,False
11,2018-09-12,31.849999999999998,False
12,2018-09-13,29.89,False
13,2018-09-14,30.38,False
14,2018-09-15,11.76,False
15,2018-09-16,9.8,False
16,2018-09-17,23.03,False
17,2018-09-18,28.419999999999998,False
18,2018-09-19,32.339999999999996,False
19,2018-09-20,38.22,False
20,2018-09-21,40.18,False
21,2018-09-22,13.23,False
22,2018-09-23,9.8,False
23,2018-09-24,36.75,False
24,2018-09-25,40.18,False
25,2018-09-26,49.0,False
26,2018-09-27,32.83,False
27,2018-09-28,33.32,False
28,2018-09-29,9.8,False
29,2018-09-30,7.35,False
0,2018-10-01,15.0,False
1,2018-10-02,17.0,False
2,2018-10-03,18.0,False
3,2018-10-04,17.0,False
4,2018-10-05,14.0,False
5,2018-10-06,6.0,False
6,2018-10-07,4.0,False
7,2018-10-08,13.0,False
8,2018-10-09,11.0,False
9,2018-10-10,16.0,False
10,2018-10-11,21.0,False
11,2018-10-12,16.0,False
12,2018-10-13,6.0,False
13,2018-10-14,5.0,False
14,2018-10-15,15.0,False
15,2018-10-16,37.0,False
16,2018-10-17,55.0,False
17,2018-10-18,31.0,False
18,2018-10-19,27.0,False
19,2018-10-20,8.0,False
20,2018-10-21,4.0,False
21,2018-10-22,21.0,False
22,2018-10-23,24.0,False
23,2018-10-24,22.0,False
24,2018-10-25,27.0,False
25,2018-10-26,24.0,False
26,2018-10-27,6.0,False
27,2018-10-28,24.0,False
28,2018-10-29,100.0,False
29,2018-10-30,52.0,False
30,2018-10-31,40.0,False
0,2018-11-01,78.0,False
1,2018-11-02,78.0,False
2,2018-11-03,20.28,False
3,2018-11-04,17.94,False
4,2018-11-05,74.10000000000001,False
5,2018-11-06,77.22,False
6,2018-11-07,64.74000000000001,False
7,2018-11-08,70.98,False
8,2018-11-09,49.14,False
9,2018-11-10,16.38,False
10,2018-11-11,14.040000000000001,False
11,2018-11-12,50.7,False
12,2018-11-13,46.02,False
13,2018-11-14,55.38,False
14,2018-11-15,46.02,False
15,2018-11-16,44.46,False
16,2018-11-17,14.82,False
17,2018-11-18,10.14,False
18,2018-11-19,41.34,False
19,2018-11-20,48.36,False
20,2018-11-21,52.260000000000005,False
21,2018-11-22,14.82,False
22,2018-11-23,28.080000000000002,False
23,2018-11-24,16.38,False
24,2018-11-25,7.800000000000001,False
25,2018-11-26,44.46,False
26,2018-11-27,40.56,False
27,2018-11-28,60.84,False
28,2018-11-29,53.04,False
29,2018-11-30,42.9,False
0,2018-12-01,19.84,False
1,2018-12-02,9.6,False
2,2018-12-03,49.92,False
3,2018-12-04,48.0,False
4,2018-12-05,29.44,False
5,2018-12-06,36.480000000000004,False
6,2018-12-07,60.160000000000004,False
7,2018-12-08,15.36,False
8,2018-12-09,9.6,False
9,2018-12-10,42.88,False
10,2018-12-11,44.160000000000004,False
11,2018-12-12,46.72,False
12,2018-12-13,30.72,False
13,2018-12-14,33.92,False
14,2018-12-15,14.08,False
15,2018-12-16,8.96,False
16,2018-12-17,37.76,False
17,2018-12-18,46.08,False
18,2018-12-19,46.08,False
19,2018-12-20,49.28,False
20,2018-12-21,62.08,False
21,2018-12-22,23.04,False
22,2018-12-23,12.8,False
23,2018-12-24,43.52,False
24,2018-12-25,26.88,False
25,2018-12-26,64.0,False
26,2018-12-27,64.0,False
27,2018-12-28,50.56,False
28,2018-12-29,16.64,False
29,2018-12-30,18.56,False
30,2018-12-31,46.08,False
0,2019-01-01,10.44,False
1,2019-01-02,25.23,False
2,2019-01-03,27.84,False
3,2019-01-04,25.23,False
4,2019-01-05,8.7,False
5,2019-01-06,7.83,False
6,2019-01-07,19.14,False
7,2019-01-08,26.97,False
8,2019-01-09,23.49,False
9,2019-01-10,23.49,False
10,2019-01-11,21.75,False
11,2019-01-12,9.57,False
12,2019-01-13,7.83,False
13,2019-01-14,21.75,False
14,2019-01-15,20.88,False
15,2019-01-16,26.97,False
16,2019-01-17,19.14,False
17,2019-01-18,26.1,False
18,2019-01-19,12.18,False
19,2019-01-20,6.96,False
20,2019-01-21,9.57,False
21,2019-01-22,50.46,False
22,2019-01-23,87.0,False
23,2019-01-24,51.33,False
24,2019-01-25,35.67,False
25,2019-01-26,11.31,False
26,2019-01-27,6.09,False
27,2019-01-28,23.49,False
28,2019-01-29,25.23,False
29,2019-01-30,26.97,False
30,2019-01-31,24.36,False
0,2019-02-01,55.9,False
1,2019-02-02,24.7,False
2,2019-02-03,13.65,False
3,2019-02-04,51.35,False
4,2019-02-05,63.050000000000004,False
5,2019-02-06,59.15,False
6,2019-02-07,58.5,False
7,2019-02-08,52.65,False
8,2019-02-09,25.35,False
9,2019-02-10,13.0,False
10,2019-02-11,47.45,False
11,2019-02-12,65.0,False
12,2019-02-13,59.800000000000004,False
13,2019-02-14,52.0,False
14,2019-02-15,57.2,False
15,2019-02-16,16.900000000000002,False
16,2019-02-17,10.4,False
17,2019-02-18,24.05,False
18,2019-02-19,46.800000000000004,False
19,2019-02-20,48.75,False
20,2019-02-21,48.1,False
21,2019-02-22,59.15,False
22,2019-02-23,26.0,False
23,2019-02-24,7.800000000000001,False
24,2019-02-25,59.800000000000004,False
25,2019-02-26,57.2,False
26,2019-02-27,49.4,False
27,2019-02-28,40.300000000000004,False
0,2019-03-01,51.7,False
1,2019-03-02,16.5,False
2,2019-03-03,15.400000000000002,False
3,2019-03-04,46.75000000000001,False
4,2019-03-05,39.050000000000004,False
5,2019-03-06,39.050000000000004,False
6,2019-03-07,44.0,False
7,2019-03-08,41.800000000000004,False
8,2019-03-09,14.3,False
9,2019-03-10,13.200000000000001,False
10,2019-03-11,34.1,False
11,2019-03-12,46.75000000000001,False
12,2019-03-13,54.45,False
13,2019-03-14,48.400000000000006,False
14,2019-03-15,55.00000000000001,False
15,2019-03-16,17.6,False
16,2019-03-17,6.050000000000001,False
17,2019-03-18,48.95,False
18,2019-03-19,50.050000000000004,False
19,2019-03-20,53.900000000000006,False
20,2019-03-21,52.800000000000004,False
21,2019-03-22,48.95,False
22,2019-03-23,15.950000000000001,False
23,2019-03-24,14.3,False
24,2019-03-25,36.300000000000004,False
25,2019-03-26,52.25000000000001,False
26,2019-03-27,44.0,False
27,2019-03-28,39.050000000000004,False
28,2019-03-29,53.900000000000006,False
29,2019-03-30,15.950000000000001,False
30,2019-03-31,12.65,False
