,date,INTC stock,isPartial
0,2012-01-01,3.63,False
1,2012-01-02,0.0,False
2,2012-01-03,2.64,False
3,2012-01-04,2.64,False
4,2012-01-05,7.81,False
5,2012-01-06,8.14,False
6,2012-01-07,0.0,False
7,2012-01-08,2.97,False
8,2012-01-09,2.53,False
9,2012-01-10,6.2700000000000005,False
10,2012-01-11,3.74,False
11,2012-01-12,6.38,False
12,2012-01-13,5.28,False
13,2012-01-14,9.02,False
14,2012-01-15,2.97,False
15,2012-01-16,2.53,False
16,2012-01-17,4.95,False
17,2012-01-18,4.95,False
18,2012-01-19,2.53,False
19,2012-01-20,9.02,False
20,2012-01-21,2.97,False
21,2012-01-22,2.97,False
22,2012-01-23,11.0,False
23,2012-01-24,6.16,False
24,2012-01-25,2.53,False
25,2012-01-26,2.53,False
26,2012-01-27,5.17,False
27,2012-01-28,4.51,False
28,2012-01-29,0.0,False
29,2012-01-30,3.63,False
30,2012-01-31,4.84,False
0,2012-02-01,4.5,False
1,2012-02-02,6.75,False
2,2012-02-03,5.85,False
3,2012-02-04,2.6999999999999997,False
4,2012-02-05,2.6999999999999997,False
5,2012-02-06,6.66,False
6,2012-02-07,5.58,False
7,2012-02-08,7.83,False
8,2012-02-09,4.5,False
9,2012-02-10,7.109999999999999,False
10,2012-02-11,4.05,False
11,2012-02-12,2.61,False
12,2012-02-13,3.33,False
13,2012-02-14,4.5,False
14,2012-02-15,4.59,False
15,2012-02-16,4.59,False
16,2012-02-17,3.51,False
17,2012-02-18,4.14,False
18,2012-02-19,0.0,False
19,2012-02-20,2.34,False
20,2012-02-21,0.0,False
21,2012-02-22,6.84,False
22,2012-02-23,9.0,False
23,2012-02-24,3.51,False
24,2012-02-25,0.0,False
25,2012-02-26,5.31,False
26,2012-02-27,6.66,False
27,2012-02-28,4.41,False
28,2012-02-29,4.41,False
0,2012-03-01,4.1000000000000005,False
1,2012-03-02,2.1,False
2,2012-03-03,2.4000000000000004,False
3,2012-03-04,2.4000000000000004,False
4,2012-03-05,2.0,False
5,2012-03-06,5.800000000000001,False
6,2012-03-07,1.9000000000000001,False
7,2012-03-08,2.0,False
8,2012-03-09,0.0,False
9,2012-03-10,0.0,False
10,2012-03-11,2.3000000000000003,False
11,2012-03-12,7.6000000000000005,False
12,2012-03-13,7.7,False
13,2012-03-14,6.7,False
14,2012-03-15,3.9000000000000004,False
15,2012-03-16,0.0,False
16,2012-03-17,2.4000000000000004,False
17,2012-03-18,2.3000000000000003,False
18,2012-03-19,3.9000000000000004,False
19,2012-03-20,4.800000000000001,False
20,2012-03-21,3.9000000000000004,False
21,2012-03-22,10.0,False
22,2012-03-23,4.1000000000000005,False
23,2012-03-24,4.800000000000001,False
24,2012-03-25,2.4000000000000004,False
25,2012-03-26,1.9000000000000001,False
26,2012-03-27,5.800000000000001,False
27,2012-03-28,4.9,False
28,2012-03-29,3.0,False
29,2012-03-30,3.1,False
30,2012-03-31,4.7,False
0,2012-04-01,0.0,False
1,2012-04-02,0.0,False
2,2012-04-03,6.6,False
3,2012-04-04,4.51,False
4,2012-04-05,9.02,False
5,2012-04-06,2.53,False
6,2012-04-07,11.0,False
7,2012-04-08,2.75,False
8,2012-04-09,5.17,False
9,2012-04-10,2.31,False
10,2012-04-11,4.29,False
11,2012-04-12,2.2,False
12,2012-04-13,0.0,False
13,2012-04-14,0.0,False
14,2012-04-15,0.0,False
15,2012-04-16,4.29,False
16,2012-04-17,6.38,False
17,2012-04-18,6.38,False
18,2012-04-19,4.29,False
19,2012-04-20,4.62,False
20,2012-04-21,2.64,False
21,2012-04-22,0.0,False
22,2012-04-23,2.09,False
23,2012-04-24,4.18,False
24,2012-04-25,4.29,False
25,2012-04-26,2.2,False
26,2012-04-27,2.31,False
27,2012-04-28,2.64,False
28,2012-04-29,0.0,False
29,2012-04-30,0.0,False
0,2012-05-01,5.6000000000000005,False
1,2012-05-02,8.1,False
2,2012-05-03,5.1000000000000005,False
3,2012-05-04,5.4,False
4,2012-05-05,7.4,False
5,2012-05-06,2.4000000000000004,False
6,2012-05-07,10.0,False
7,2012-05-08,4.0,False
8,2012-05-09,3.0,False
9,2012-05-10,5.1000000000000005,False
10,2012-05-11,4.3,False
11,2012-05-12,2.5,False
12,2012-05-13,2.5,False
13,2012-05-14,3.0,False
14,2012-05-15,2.0,False
15,2012-05-16,4.0,False
16,2012-05-17,5.300000000000001,False
17,2012-05-18,3.2,False
18,2012-05-19,2.5,False
19,2012-05-20,2.5,False
20,2012-05-21,3.0,False
21,2012-05-22,3.0,False
22,2012-05-23,6.0,False
23,2012-05-24,3.1,False
24,2012-05-25,2.2,False
25,2012-05-26,0.0,False
26,2012-05-27,7.800000000000001,False
27,2012-05-28,0.0,False
28,2012-05-29,2.9000000000000004,False
29,2012-05-30,6.0,False
30,2012-05-31,5.0,False
0,2012-06-01,5.390000000000001,False
1,2012-06-02,4.760000000000001,False
2,2012-06-03,3.08,False
3,2012-06-04,1.2600000000000002,False
4,2012-06-05,7.000000000000001,False
5,2012-06-06,2.5200000000000005,False
6,2012-06-07,1.9600000000000002,False
7,2012-06-08,0.0,False
8,2012-06-09,0.0,False
9,2012-06-10,0.0,False
10,2012-06-11,2.5200000000000005,False
11,2012-06-12,4.41,False
12,2012-06-13,1.8900000000000001,False
13,2012-06-14,2.5200000000000005,False
14,2012-06-15,4.0600000000000005,False
15,2012-06-16,1.61,False
16,2012-06-17,0.0,False
17,2012-06-18,3.1500000000000004,False
18,2012-06-19,3.7800000000000002,False
19,2012-06-20,1.2600000000000002,False
20,2012-06-21,0.0,False
21,2012-06-22,2.0300000000000002,False
22,2012-06-23,3.2900000000000005,False
23,2012-06-24,0.0,False
24,2012-06-25,1.2600000000000002,False
25,2012-06-26,2.5200000000000005,False
26,2012-06-27,2.5900000000000003,False
27,2012-06-28,1.33,False
28,2012-06-29,1.33,False
29,2012-06-30,0.0,False
0,2012-07-01,0.0,False
1,2012-07-02,3.5000000000000004,False
2,2012-07-03,1.6800000000000002,False
3,2012-07-04,0.0,False
4,2012-07-05,1.7500000000000002,False
5,2012-07-06,1.8200000000000003,False
6,2012-07-07,2.1700000000000004,False
7,2012-07-08,0.0,False
8,2012-07-09,6.86,False
9,2012-07-10,1.6800000000000002,False
10,2012-07-11,3.5000000000000004,False
11,2012-07-12,1.7500000000000002,False
12,2012-07-13,1.8200000000000003,False
13,2012-07-14,2.1700000000000004,False
14,2012-07-15,0.0,False
15,2012-07-16,3.43,False
16,2012-07-17,3.43,False
17,2012-07-18,3.43,False
18,2012-07-19,0.0,False
19,2012-07-20,5.460000000000001,False
20,2012-07-21,0.0,False
21,2012-07-22,0.0,False
22,2012-07-23,3.5000000000000004,False
23,2012-07-24,0.0,False
24,2012-07-25,7.000000000000001,False
25,2012-07-26,1.8200000000000003,False
26,2012-07-27,0.0,False
27,2012-07-28,0.0,False
28,2012-07-29,0.0,False
29,2012-07-30,1.6800000000000002,False
30,2012-07-31,1.7500000000000002,False
0,2012-08-01,3.36,False
1,2012-08-02,4.5600000000000005,False
2,2012-08-03,0.0,False
3,2012-08-04,2.8000000000000003,False
4,2012-08-05,0.0,False
5,2012-08-06,4.5600000000000005,False
6,2012-08-07,4.48,False
7,2012-08-08,0.0,False
8,2012-08-09,2.24,False
9,2012-08-10,3.52,False
10,2012-08-11,2.8000000000000003,False
11,2012-08-12,0.0,False
12,2012-08-13,4.5600000000000005,False
13,2012-08-14,7.84,False
14,2012-08-15,7.04,False
15,2012-08-16,8.0,False
16,2012-08-17,0.0,False
17,2012-08-18,2.88,False
18,2012-08-19,0.0,False
19,2012-08-20,5.76,False
20,2012-08-21,4.5600000000000005,False
21,2012-08-22,2.24,False
22,2012-08-23,6.8,False
23,2012-08-24,2.32,False
24,2012-08-25,4.08,False
25,2012-08-26,4.0,False
26,2012-08-27,3.2800000000000002,False
27,2012-08-28,3.2800000000000002,False
28,2012-08-29,4.32,False
29,2012-08-30,4.4,False
30,2012-08-31,8.0,False
0,2012-09-01,1.71,False
1,2012-09-02,1.6199999999999999,False
2,2012-09-03,0.0,False
3,2012-09-04,1.3499999999999999,False
4,2012-09-05,2.6999999999999997,False
5,2012-09-06,2.07,False
6,2012-09-07,4.32,False
7,2012-09-08,1.6199999999999999,False
8,2012-09-09,1.6199999999999999,False
9,2012-09-10,3.96,False
10,2012-09-11,6.66,False
11,2012-09-12,2.61,False
12,2012-09-13,4.05,False
13,2012-09-14,9.0,False
14,2012-09-15,1.6199999999999999,False
15,2012-09-16,1.6199999999999999,False
16,2012-09-17,2.6999999999999997,False
17,2012-09-18,2.61,False
18,2012-09-19,5.22,False
19,2012-09-20,2.6999999999999997,False
20,2012-09-21,2.79,False
21,2012-09-22,1.6199999999999999,False
22,2012-09-23,1.53,False
23,2012-09-24,3.33,False
24,2012-09-25,4.59,False
25,2012-09-26,2.6999999999999997,False
26,2012-09-27,1.98,False
27,2012-09-28,4.2299999999999995,False
28,2012-09-29,1.6199999999999999,False
29,2012-09-30,1.53,False
0,2012-10-01,1.21,False
1,2012-10-02,0.0,False
2,2012-10-03,2.31,False
3,2012-10-04,2.31,False
4,2012-10-05,2.31,False
5,2012-10-06,1.32,False
6,2012-10-07,0.0,False
7,2012-10-08,1.1,False
8,2012-10-09,1.1,False
9,2012-10-10,1.1,False
10,2012-10-11,3.41,False
11,2012-10-12,4.73,False
12,2012-10-13,2.75,False
13,2012-10-14,1.32,False
14,2012-10-15,1.1,False
15,2012-10-16,11.0,False
16,2012-10-17,6.71,False
17,2012-10-18,4.51,False
18,2012-10-19,2.31,False
19,2012-10-20,1.32,False
20,2012-10-21,2.64,False
21,2012-10-22,3.3,False
22,2012-10-23,3.3,False
23,2012-10-24,2.2,False
24,2012-10-25,1.1,False
25,2012-10-26,2.42,False
26,2012-10-27,2.75,False
27,2012-10-28,1.32,False
28,2012-10-29,0.0,False
29,2012-10-30,0.0,False
30,2012-10-31,1.1,False
0,2012-11-01,5.64,False
1,2012-11-02,4.56,False
2,2012-11-03,0.0,False
3,2012-11-04,0.0,False
4,2012-11-05,4.08,False
5,2012-11-06,8.28,False
6,2012-11-07,8.16,False
7,2012-11-08,7.4399999999999995,False
8,2012-11-09,3.36,False
9,2012-11-10,0.0,False
10,2012-11-11,2.4,False
11,2012-11-12,3.12,False
12,2012-11-13,3.12,False
13,2012-11-14,5.279999999999999,False
14,2012-11-15,2.16,False
15,2012-11-16,12.0,False
16,2012-11-17,2.52,False
17,2012-11-18,2.4,False
18,2012-11-19,9.24,False
19,2012-11-20,5.16,False
20,2012-11-21,5.279999999999999,False
21,2012-11-22,6.6,False
22,2012-11-23,4.4399999999999995,False
23,2012-11-24,2.52,False
24,2012-11-25,0.0,False
25,2012-11-26,6.12,False
26,2012-11-27,5.04,False
27,2012-11-28,6.12,False
28,2012-11-29,7.199999999999999,False
29,2012-11-30,7.56,False
0,2012-12-01,0.0,False
1,2012-12-02,0.0,False
2,2012-12-03,6.4,False
3,2012-12-04,1.3,False
4,2012-12-05,6.4,False
5,2012-12-06,5.300000000000001,False
6,2012-12-07,5.4,False
7,2012-12-08,0.0,False
8,2012-12-09,0.0,False
9,2012-12-10,0.0,False
10,2012-12-11,5.1000000000000005,False
11,2012-12-12,2.6,False
12,2012-12-13,0.0,False
13,2012-12-14,1.3,False
14,2012-12-15,1.5,False
15,2012-12-16,0.0,False
16,2012-12-17,3.9000000000000004,False
17,2012-12-18,5.2,False
18,2012-12-19,2.6,False
19,2012-12-20,8.0,False
20,2012-12-21,10.0,False
21,2012-12-22,4.800000000000001,False
22,2012-12-23,1.7000000000000002,False
23,2012-12-24,1.6,False
24,2012-12-25,1.7000000000000002,False
25,2012-12-26,4.4,False
26,2012-12-27,4.1000000000000005,False
27,2012-12-28,4.3,False
28,2012-12-29,0.0,False
29,2012-12-30,1.6,False
30,2012-12-31,4.800000000000001,False
0,2013-01-01,2.72,False
1,2013-01-02,13.260000000000002,False
2,2013-01-03,4.25,False
3,2013-01-04,4.42,False
4,2013-01-05,2.3800000000000003,False
5,2013-01-06,2.3800000000000003,False
6,2013-01-07,2.04,False
7,2013-01-08,6.29,False
8,2013-01-09,4.08,False
9,2013-01-10,6.29,False
10,2013-01-11,2.21,False
11,2013-01-12,0.0,False
12,2013-01-13,2.3800000000000003,False
13,2013-01-14,12.24,False
14,2013-01-15,5.95,False
15,2013-01-16,2.04,False
16,2013-01-17,8.16,False
17,2013-01-18,17.0,False
18,2013-01-19,9.520000000000001,False
19,2013-01-20,0.0,False
20,2013-01-21,3.91,False
21,2013-01-22,3.91,False
22,2013-01-23,10.200000000000001,False
23,2013-01-24,8.16,False
24,2013-01-25,10.540000000000001,False
25,2013-01-26,2.3800000000000003,False
26,2013-01-27,2.3800000000000003,False
27,2013-01-28,7.99,False
28,2013-01-29,13.940000000000001,False
29,2013-01-30,4.08,False
30,2013-01-31,8.16,False
0,2013-02-01,12.0,False
1,2013-02-02,5.3999999999999995,False
2,2013-02-03,0.0,False
3,2013-02-04,6.72,False
4,2013-02-05,11.16,False
5,2013-02-06,6.84,False
6,2013-02-07,11.639999999999999,False
7,2013-02-08,7.08,False
8,2013-02-09,0.0,False
9,2013-02-10,0.0,False
10,2013-02-11,4.56,False
11,2013-02-12,4.68,False
12,2013-02-13,9.12,False
13,2013-02-14,2.28,False
14,2013-02-15,0.0,False
15,2013-02-16,0.0,False
16,2013-02-17,0.0,False
17,2013-02-18,6.84,False
18,2013-02-19,4.4399999999999995,False
19,2013-02-20,11.28,False
20,2013-02-21,9.12,False
21,2013-02-22,4.68,False
22,2013-02-23,5.279999999999999,False
23,2013-02-24,0.0,False
24,2013-02-25,10.92,False
25,2013-02-26,2.16,False
26,2013-02-27,8.879999999999999,False
27,2013-02-28,6.72,False
0,2013-03-01,6.3,False
1,2013-03-02,0.0,False
2,2013-03-03,2.4,False
3,2013-03-04,9.9,False
4,2013-03-05,6.0,False
5,2013-03-06,10.799999999999999,False
6,2013-03-07,15.0,False
7,2013-03-08,9.299999999999999,False
8,2013-03-09,2.25,False
9,2013-03-10,2.25,False
10,2013-03-11,6.75,False
11,2013-03-12,10.65,False
12,2013-03-13,5.85,False
13,2013-03-14,3.0,False
14,2013-03-15,6.1499999999999995,False
15,2013-03-16,2.25,False
16,2013-03-17,11.4,False
17,2013-03-18,4.8,False
18,2013-03-19,8.7,False
19,2013-03-20,8.85,False
20,2013-03-21,3.9,False
21,2013-03-22,8.1,False
22,2013-03-23,4.6499999999999995,False
23,2013-03-24,4.6499999999999995,False
24,2013-03-25,3.0,False
25,2013-03-26,5.85,False
26,2013-03-27,12.15,False
27,2013-03-28,6.3,False
28,2013-03-29,5.7,False
29,2013-03-30,4.8,False
30,2013-03-31,3.75,False
0,2013-04-01,10.25,False
1,2013-04-02,7.5,False
2,2013-04-03,8.75,False
3,2013-04-04,6.5,False
4,2013-04-05,12.5,False
5,2013-04-06,5.25,False
6,2013-04-07,2.5,False
7,2013-04-08,8.5,False
8,2013-04-09,8.5,False
9,2013-04-10,16.25,False
10,2013-04-11,15.25,False
11,2013-04-12,13.75,False
12,2013-04-13,5.25,False
13,2013-04-14,6.5,False
14,2013-04-15,5.5,False
15,2013-04-16,15.25,False
16,2013-04-17,25.0,False
17,2013-04-18,18.75,False
18,2013-04-19,11.25,False
19,2013-04-20,10.5,False
20,2013-04-21,2.5,False
21,2013-04-22,7.5,False
22,2013-04-23,20.75,False
23,2013-04-24,14.25,False
24,2013-04-25,17.0,False
25,2013-04-26,6.75,False
26,2013-04-27,5.25,False
27,2013-04-28,7.75,False
28,2013-04-29,8.75,False
29,2013-04-30,21.0,False
0,2013-05-01,17.86,False
1,2013-05-02,14.06,False
2,2013-05-03,17.48,False
3,2013-05-04,7.6,False
4,2013-05-05,3.04,False
5,2013-05-06,15.39,False
6,2013-05-07,13.870000000000001,False
7,2013-05-08,14.06,False
8,2013-05-09,11.78,False
9,2013-05-10,6.65,False
10,2013-05-11,7.6,False
11,2013-05-12,0.0,False
12,2013-05-13,18.81,False
13,2013-05-14,6.08,False
14,2013-05-15,13.68,False
15,2013-05-16,19.0,False
16,2013-05-17,17.1,False
17,2013-05-18,15.2,False
18,2013-05-19,3.04,False
19,2013-05-20,8.74,False
20,2013-05-21,15.96,False
21,2013-05-22,8.74,False
22,2013-05-23,11.21,False
23,2013-05-24,6.46,False
24,2013-05-25,0.0,False
25,2013-05-26,7.6,False
26,2013-05-27,2.66,False
27,2013-05-28,11.02,False
28,2013-05-29,17.29,False
29,2013-05-30,11.4,False
30,2013-05-31,6.65,False
0,2013-06-01,5.04,False
1,2013-06-02,5.04,False
2,2013-06-03,16.56,False
3,2013-06-04,16.74,False
4,2013-06-05,11.52,False
5,2013-06-06,10.62,False
6,2013-06-07,17.28,False
7,2013-06-08,5.04,False
8,2013-06-09,2.52,False
9,2013-06-10,7.199999999999999,False
10,2013-06-11,14.399999999999999,False
11,2013-06-12,6.3,False
12,2013-06-13,13.68,False
13,2013-06-14,13.32,False
14,2013-06-15,5.22,False
15,2013-06-16,2.52,False
16,2013-06-17,5.22,False
17,2013-06-18,11.52,False
18,2013-06-19,16.919999999999998,False
19,2013-06-20,18.0,False
20,2013-06-21,12.24,False
21,2013-06-22,2.52,False
22,2013-06-23,2.52,False
23,2013-06-24,13.5,False
24,2013-06-25,10.44,False
25,2013-06-26,4.14,False
26,2013-06-27,8.459999999999999,False
27,2013-06-28,11.16,False
28,2013-06-29,2.52,False
29,2013-06-30,5.04,False
0,2013-07-01,7.6,False
1,2013-07-02,11.78,False
2,2013-07-03,6.84,False
3,2013-07-04,2.09,False
4,2013-07-05,10.64,False
5,2013-07-06,4.94,False
6,2013-07-07,2.47,False
7,2013-07-08,7.79,False
8,2013-07-09,8.74,False
9,2013-07-10,15.01,False
10,2013-07-11,10.07,False
11,2013-07-12,4.18,False
12,2013-07-13,2.47,False
13,2013-07-14,3.61,False
14,2013-07-15,5.89,False
15,2013-07-16,6.84,False
16,2013-07-17,9.88,False
17,2013-07-18,19.0,False
18,2013-07-19,8.36,False
19,2013-07-20,3.61,False
20,2013-07-21,4.94,False
21,2013-07-22,10.83,False
22,2013-07-23,9.69,False
23,2013-07-24,8.93,False
24,2013-07-25,7.98,False
25,2013-07-26,7.22,False
26,2013-07-27,0.0,False
27,2013-07-28,4.75,False
28,2013-07-29,10.64,False
29,2013-07-30,8.74,False
30,2013-07-31,9.88,False
0,2013-08-01,11.4,False
1,2013-08-02,11.97,False
2,2013-08-03,2.85,False
3,2013-08-04,5.51,False
4,2013-08-05,13.68,False
5,2013-08-06,18.43,False
6,2013-08-07,13.68,False
7,2013-08-08,4.75,False
8,2013-08-09,19.0,False
9,2013-08-10,2.85,False
10,2013-08-11,0.0,False
11,2013-08-12,6.84,False
12,2013-08-13,6.65,False
13,2013-08-14,11.4,False
14,2013-08-15,4.75,False
15,2013-08-16,9.5,False
16,2013-08-17,2.66,False
17,2013-08-18,0.0,False
18,2013-08-19,11.02,False
19,2013-08-20,11.21,False
20,2013-08-21,13.3,False
21,2013-08-22,13.68,False
22,2013-08-23,4.5600000000000005,False
23,2013-08-24,2.66,False
24,2013-08-25,7.98,False
25,2013-08-26,4.37,False
26,2013-08-27,17.1,False
27,2013-08-28,4.37,False
28,2013-08-29,13.3,False
29,2013-08-30,11.59,False
30,2013-08-31,0.0,False
0,2013-09-01,4.32,False
1,2013-09-02,1.76,False
2,2013-09-03,8.96,False
3,2013-09-04,7.2,False
4,2013-09-05,9.120000000000001,False
5,2013-09-06,7.5200000000000005,False
6,2013-09-07,2.24,False
7,2013-09-08,0.0,False
8,2013-09-09,1.76,False
9,2013-09-10,5.28,False
10,2013-09-11,3.52,False
11,2013-09-12,8.96,False
12,2013-09-13,14.88,False
13,2013-09-14,10.72,False
14,2013-09-15,4.16,False
15,2013-09-16,12.32,False
16,2013-09-17,10.56,False
17,2013-09-18,3.52,False
18,2013-09-19,16.0,False
19,2013-09-20,9.44,False
20,2013-09-21,4.16,False
21,2013-09-22,4.16,False
22,2013-09-23,8.96,False
23,2013-09-24,8.8,False
24,2013-09-25,3.52,False
25,2013-09-26,7.36,False
26,2013-09-27,3.84,False
27,2013-09-28,4.32,False
28,2013-09-29,2.08,False
29,2013-09-30,5.28,False
0,2013-10-01,11.9,False
1,2013-10-02,12.07,False
2,2013-10-03,11.05,False
3,2013-10-04,2.5500000000000003,False
4,2013-10-05,5.78,False
5,2013-10-06,0.0,False
6,2013-10-07,7.140000000000001,False
7,2013-10-08,7.140000000000001,False
8,2013-10-09,8.5,False
9,2013-10-10,12.24,False
10,2013-10-11,11.39,False
11,2013-10-12,0.0,False
12,2013-10-13,8.67,False
13,2013-10-14,13.430000000000001,False
14,2013-10-15,15.98,False
15,2013-10-16,17.0,False
16,2013-10-17,8.67,False
17,2013-10-18,15.3,False
18,2013-10-19,0.0,False
19,2013-10-20,0.0,False
20,2013-10-21,11.9,False
21,2013-10-22,12.920000000000002,False
22,2013-10-23,8.33,False
23,2013-10-24,12.07,False
24,2013-10-25,11.22,False
25,2013-10-26,2.89,False
26,2013-10-27,0.0,False
27,2013-10-28,13.940000000000001,False
28,2013-10-29,12.920000000000002,False
29,2013-10-30,15.64,False
30,2013-10-31,9.860000000000001,False
0,2013-11-01,7.2,False
1,2013-11-02,0.0,False
2,2013-11-03,0.0,False
3,2013-11-04,5.92,False
4,2013-11-05,8.8,False
5,2013-11-06,8.16,False
6,2013-11-07,7.5200000000000005,False
7,2013-11-08,3.84,False
8,2013-11-09,2.72,False
9,2013-11-10,1.76,False
10,2013-11-11,9.6,False
11,2013-11-12,4.32,False
12,2013-11-13,5.12,False
13,2013-11-14,6.72,False
14,2013-11-15,6.24,False
15,2013-11-16,1.76,False
16,2013-11-17,5.12,False
17,2013-11-18,2.24,False
18,2013-11-19,5.12,False
19,2013-11-20,2.24,False
20,2013-11-21,9.6,False
21,2013-11-22,16.0,False
22,2013-11-23,8.64,False
23,2013-11-24,1.76,False
24,2013-11-25,10.08,False
25,2013-11-26,5.76,False
26,2013-11-27,6.5600000000000005,False
27,2013-11-28,4.64,False
28,2013-11-29,5.44,False
29,2013-11-30,0.0,False
0,2013-12-01,2.3800000000000003,False
1,2013-12-02,7.140000000000001,False
2,2013-12-03,10.370000000000001,False
3,2013-12-04,12.58,False
4,2013-12-05,10.540000000000001,False
5,2013-12-06,7.65,False
6,2013-12-07,3.74,False
7,2013-12-08,4.930000000000001,False
8,2013-12-09,8.33,False
9,2013-12-10,9.520000000000001,False
10,2013-12-11,11.73,False
11,2013-12-12,9.690000000000001,False
12,2013-12-13,12.41,False
13,2013-12-14,0.0,False
14,2013-12-15,5.1000000000000005,False
15,2013-12-16,7.48,False
16,2013-12-17,5.44,False
17,2013-12-18,5.44,False
18,2013-12-19,10.030000000000001,False
19,2013-12-20,10.540000000000001,False
20,2013-12-21,5.2700000000000005,False
21,2013-12-22,0.0,False
22,2013-12-23,12.920000000000002,False
23,2013-12-24,17.0,False
24,2013-12-25,2.89,False
25,2013-12-26,11.05,False
26,2013-12-27,13.090000000000002,False
27,2013-12-28,3.91,False
28,2013-12-29,2.5500000000000003,False
29,2013-12-30,5.78,False
30,2013-12-31,11.73,False
0,2014-01-01,6.96,False
1,2014-01-02,6.96,False
2,2014-01-03,5.76,False
3,2014-01-04,4.8,False
4,2014-01-05,1.68,False
5,2014-01-06,1.44,False
6,2014-01-07,2.6399999999999997,False
7,2014-01-08,6.72,False
8,2014-01-09,6.72,False
9,2014-01-10,6.96,False
10,2014-01-11,4.56,False
11,2014-01-12,4.56,False
12,2014-01-13,5.04,False
13,2014-01-14,10.32,False
14,2014-01-15,10.559999999999999,False
15,2014-01-16,24.0,False
16,2014-01-17,12.24,False
17,2014-01-18,3.12,False
18,2014-01-19,4.56,False
19,2014-01-20,2.6399999999999997,False
20,2014-01-21,7.68,False
21,2014-01-22,6.4799999999999995,False
22,2014-01-23,1.2,False
23,2014-01-24,5.52,False
24,2014-01-25,0.0,False
25,2014-01-26,1.44,False
26,2014-01-27,10.32,False
27,2014-01-28,8.879999999999999,False
28,2014-01-29,5.279999999999999,False
29,2014-01-30,5.279999999999999,False
30,2014-01-31,4.08,False
0,2014-02-01,5.89,False
1,2014-02-02,5.7,False
2,2014-02-03,17.29,False
3,2014-02-04,17.29,False
4,2014-02-05,18.62,False
5,2014-02-06,3.42,False
6,2014-02-07,9.69,False
7,2014-02-08,8.55,False
8,2014-02-09,11.4,False
9,2014-02-10,9.69,False
10,2014-02-11,11.02,False
11,2014-02-12,12.35,False
12,2014-02-13,8.74,False
13,2014-02-14,6.46,False
14,2014-02-15,7.41,False
15,2014-02-16,4.37,False
16,2014-02-17,6.2700000000000005,False
17,2014-02-18,13.3,False
18,2014-02-19,13.68,False
19,2014-02-20,19.0,False
20,2014-02-21,11.59,False
21,2014-02-22,5.89,False
22,2014-02-23,4.37,False
23,2014-02-24,12.16,False
24,2014-02-25,13.49,False
25,2014-02-26,11.02,False
26,2014-02-27,16.15,False
27,2014-02-28,16.91,False
0,2014-03-01,4.340000000000001,False
1,2014-03-02,6.44,False
2,2014-03-03,8.4,False
3,2014-03-04,6.580000000000001,False
4,2014-03-05,14.000000000000002,False
5,2014-03-06,12.32,False
6,2014-03-07,8.82,False
7,2014-03-08,2.24,False
8,2014-03-09,0.0,False
9,2014-03-10,8.540000000000001,False
10,2014-03-11,4.62,False
11,2014-03-12,9.38,False
12,2014-03-13,8.4,False
13,2014-03-14,5.880000000000001,False
14,2014-03-15,4.48,False
15,2014-03-16,0.0,False
16,2014-03-17,7.420000000000001,False
17,2014-03-18,4.62,False
18,2014-03-19,9.38,False
19,2014-03-20,8.4,False
20,2014-03-21,5.880000000000001,False
21,2014-03-22,4.340000000000001,False
22,2014-03-23,2.1,False
23,2014-03-24,6.44,False
24,2014-03-25,6.44,False
25,2014-03-26,6.44,False
26,2014-03-27,8.4,False
27,2014-03-28,5.880000000000001,False
28,2014-03-29,2.24,False
29,2014-03-30,2.24,False
30,2014-03-31,7.420000000000001,False
0,2014-04-01,8.74,False
1,2014-04-02,2.2800000000000002,False
2,2014-04-03,13.49,False
3,2014-04-04,13.68,False
4,2014-04-05,2.66,False
5,2014-04-06,5.13,False
6,2014-04-07,6.46,False
7,2014-04-08,8.74,False
8,2014-04-09,11.02,False
9,2014-04-10,8.93,False
10,2014-04-11,14.06,False
11,2014-04-12,5.32,False
12,2014-04-13,5.32,False
13,2014-04-14,8.93,False
14,2014-04-15,17.67,False
15,2014-04-16,15.77,False
16,2014-04-17,19.0,False
17,2014-04-18,7.6,False
18,2014-04-19,2.85,False
19,2014-04-20,8.36,False
20,2014-04-21,11.97,False
21,2014-04-22,17.48,False
22,2014-04-23,2.2800000000000002,False
23,2014-04-24,4.37,False
24,2014-04-25,4.75,False
25,2014-04-26,2.66,False
26,2014-04-27,0.0,False
27,2014-04-28,2.2800000000000002,False
28,2014-04-29,4.37,False
29,2014-04-30,18.05,False
0,2014-05-01,9.350000000000001,False
1,2014-05-02,1.36,False
2,2014-05-03,1.53,False
3,2014-05-04,0.0,False
4,2014-05-05,5.95,False
5,2014-05-06,3.2300000000000004,False
6,2014-05-07,3.91,False
7,2014-05-08,9.350000000000001,False
8,2014-05-09,8.33,False
9,2014-05-10,3.91,False
10,2014-05-11,1.53,False
11,2014-05-12,9.01,False
12,2014-05-13,6.460000000000001,False
13,2014-05-14,1.36,False
14,2014-05-15,4.590000000000001,False
15,2014-05-16,8.16,False
16,2014-05-17,1.53,False
17,2014-05-18,2.3800000000000003,False
18,2014-05-19,7.140000000000001,False
19,2014-05-20,4.590000000000001,False
20,2014-05-21,2.89,False
21,2014-05-22,5.78,False
22,2014-05-23,3.74,False
23,2014-05-24,2.72,False
24,2014-05-25,1.7000000000000002,False
25,2014-05-26,2.89,False
26,2014-05-27,5.61,False
27,2014-05-28,12.07,False
28,2014-05-29,17.0,False
29,2014-05-30,6.12,False
30,2014-05-31,3.5700000000000003,False
0,2014-06-01,1.9600000000000002,False
1,2014-06-02,5.32,False
2,2014-06-03,8.4,False
3,2014-06-04,8.4,False
4,2014-06-05,7.280000000000001,False
5,2014-06-06,20.160000000000004,False
6,2014-06-07,1.9600000000000002,False
7,2014-06-08,3.9200000000000004,False
8,2014-06-09,7.280000000000001,False
9,2014-06-10,9.520000000000001,False
10,2014-06-11,10.080000000000002,False
11,2014-06-12,8.680000000000001,False
12,2014-06-13,28.000000000000004,False
13,2014-06-14,11.48,False
14,2014-06-15,9.520000000000001,False
15,2014-06-16,17.92,False
16,2014-06-17,17.080000000000002,False
17,2014-06-18,4.760000000000001,False
18,2014-06-19,12.040000000000001,False
19,2014-06-20,10.920000000000002,False
20,2014-06-21,5.040000000000001,False
21,2014-06-22,3.9200000000000004,False
22,2014-06-23,10.920000000000002,False
23,2014-06-24,10.920000000000002,False
24,2014-06-25,20.44,False
25,2014-06-26,13.440000000000001,False
26,2014-06-27,10.920000000000002,False
27,2014-06-28,4.760000000000001,False
28,2014-06-29,3.9200000000000004,False
29,2014-06-30,7.280000000000001,False
0,2014-07-01,9.6,False
1,2014-07-02,11.4,False
2,2014-07-03,15.299999999999999,False
3,2014-07-04,7.199999999999999,False
4,2014-07-05,2.1,False
5,2014-07-06,3.9,False
6,2014-07-07,6.6,False
7,2014-07-08,13.5,False
8,2014-07-09,7.199999999999999,False
9,2014-07-10,4.8,False
10,2014-07-11,8.4,False
11,2014-07-12,3.9,False
12,2014-07-13,3.9,False
13,2014-07-14,9.0,False
14,2014-07-15,23.4,False
15,2014-07-16,30.0,False
16,2014-07-17,24.3,False
17,2014-07-18,14.399999999999999,False
18,2014-07-19,3.9,False
19,2014-07-20,3.0,False
20,2014-07-21,10.5,False
21,2014-07-22,17.7,False
22,2014-07-23,11.7,False
23,2014-07-24,9.9,False
24,2014-07-25,12.0,False
25,2014-07-26,6.0,False
26,2014-07-27,3.0,False
27,2014-07-28,6.6,False
28,2014-07-29,11.4,False
29,2014-07-30,11.4,False
30,2014-07-31,15.0,False
0,2014-08-01,7.7,False
1,2014-08-02,11.88,False
2,2014-08-03,0.0,False
3,2014-08-04,12.1,False
4,2014-08-05,16.94,False
5,2014-08-06,22.0,False
6,2014-08-07,17.6,False
7,2014-08-08,12.76,False
8,2014-08-09,5.94,False
9,2014-08-10,0.0,False
10,2014-08-11,12.1,False
11,2014-08-12,4.84,False
12,2014-08-13,7.26,False
13,2014-08-14,14.96,False
14,2014-08-15,15.62,False
15,2014-08-16,8.8,False
16,2014-08-17,2.86,False
17,2014-08-18,16.94,False
18,2014-08-19,4.84,False
19,2014-08-20,12.1,False
20,2014-08-21,9.68,False
21,2014-08-22,9.9,False
22,2014-08-23,5.72,False
23,2014-08-24,0.0,False
24,2014-08-25,9.24,False
25,2014-08-26,16.5,False
26,2014-08-27,9.46,False
27,2014-08-28,4.62,False
28,2014-08-29,14.74,False
29,2014-08-30,8.58,False
30,2014-08-31,0.0,False
0,2014-09-01,1.7000000000000002,False
1,2014-09-02,3.4000000000000004,False
2,2014-09-03,1.7000000000000002,False
3,2014-09-04,6.970000000000001,False
4,2014-09-05,10.88,False
5,2014-09-06,4.25,False
6,2014-09-07,6.12,False
7,2014-09-08,8.5,False
8,2014-09-09,5.1000000000000005,False
9,2014-09-10,6.800000000000001,False
10,2014-09-11,8.5,False
11,2014-09-12,14.450000000000001,False
12,2014-09-13,0.0,False
13,2014-09-14,4.08,False
14,2014-09-15,8.5,False
15,2014-09-16,8.5,False
16,2014-09-17,17.0,False
17,2014-09-18,10.370000000000001,False
18,2014-09-19,7.140000000000001,False
19,2014-09-20,4.08,False
20,2014-09-21,2.04,False
21,2014-09-22,6.800000000000001,False
22,2014-09-23,10.200000000000001,False
23,2014-09-24,1.7000000000000002,False
24,2014-09-25,10.370000000000001,False
25,2014-09-26,1.87,False
26,2014-09-27,0.0,False
27,2014-09-28,0.0,False
28,2014-09-29,8.5,False
29,2014-09-30,8.5,False
0,2014-10-01,5.6000000000000005,False
1,2014-10-02,5.0,False
2,2014-10-03,2.6,False
3,2014-10-04,0.0,False
4,2014-10-05,2.0,False
5,2014-10-06,4.800000000000001,False
6,2014-10-07,8.0,False
7,2014-10-08,11.200000000000001,False
8,2014-10-09,6.6000000000000005,False
9,2014-10-10,15.200000000000001,False
10,2014-10-11,5.800000000000001,False
11,2014-10-12,3.8000000000000003,False
12,2014-10-13,4.800000000000001,False
13,2014-10-14,14.200000000000001,False
14,2014-10-15,20.0,False
15,2014-10-16,8.8,False
16,2014-10-17,8.4,False
17,2014-10-18,2.0,False
18,2014-10-19,3.8000000000000003,False
19,2014-10-20,8.8,False
20,2014-10-21,6.4,False
21,2014-10-22,5.6000000000000005,False
22,2014-10-23,12.200000000000001,False
23,2014-10-24,2.6,False
24,2014-10-25,2.0,False
25,2014-10-26,1.8,False
26,2014-10-27,9.4,False
27,2014-10-28,8.6,False
28,2014-10-29,10.4,False
29,2014-10-30,7.4,False
30,2014-10-31,11.8,False
0,2014-11-01,2.72,False
1,2014-11-02,3.91,False
2,2014-11-03,8.67,False
3,2014-11-04,9.690000000000001,False
4,2014-11-05,12.920000000000002,False
5,2014-11-06,13.090000000000002,False
6,2014-11-07,11.39,False
7,2014-11-08,6.460000000000001,False
8,2014-11-09,2.5500000000000003,False
9,2014-11-10,10.88,False
10,2014-11-11,10.88,False
11,2014-11-12,3.2300000000000004,False
12,2014-11-13,11.9,False
13,2014-11-14,11.22,False
14,2014-11-15,2.5500000000000003,False
15,2014-11-16,0.0,False
16,2014-11-17,8.5,False
17,2014-11-18,8.16,False
18,2014-11-19,10.030000000000001,False
19,2014-11-20,13.090000000000002,False
20,2014-11-21,17.0,False
21,2014-11-22,2.5500000000000003,False
22,2014-11-23,4.930000000000001,False
23,2014-11-24,14.790000000000001,False
24,2014-11-25,10.540000000000001,False
25,2014-11-26,11.9,False
26,2014-11-27,5.61,False
27,2014-11-28,9.01,False
28,2014-11-29,3.74,False
29,2014-11-30,3.74,False
0,2014-12-01,11.16,False
1,2014-12-02,12.959999999999999,False
2,2014-12-03,9.36,False
3,2014-12-04,13.32,False
4,2014-12-05,18.0,False
5,2014-12-06,6.84,False
6,2014-12-07,2.16,False
7,2014-12-08,9.719999999999999,False
8,2014-12-09,7.56,False
9,2014-12-10,11.52,False
10,2014-12-11,5.76,False
11,2014-12-12,6.12,False
12,2014-12-13,6.84,False
13,2014-12-14,2.34,False
14,2014-12-15,1.7999999999999998,False
15,2014-12-16,7.739999999999999,False
16,2014-12-17,11.7,False
17,2014-12-18,9.9,False
18,2014-12-19,12.42,False
19,2014-12-20,0.0,False
20,2014-12-21,0.0,False
21,2014-12-22,12.24,False
22,2014-12-23,8.459999999999999,False
23,2014-12-24,9.54,False
24,2014-12-25,2.52,False
25,2014-12-26,2.34,False
26,2014-12-27,9.18,False
27,2014-12-28,6.84,False
28,2014-12-29,12.24,False
29,2014-12-30,8.28,False
30,2014-12-31,9.18,False
0,2015-01-01,2.8000000000000003,False
1,2015-01-02,2.4000000000000004,False
2,2015-01-03,10.200000000000001,False
3,2015-01-04,7.6000000000000005,False
4,2015-01-05,4.4,False
5,2015-01-06,17.8,False
6,2015-01-07,8.6,False
7,2015-01-08,13.0,False
8,2015-01-09,15.8,False
9,2015-01-10,5.0,False
10,2015-01-11,2.4000000000000004,False
11,2015-01-12,6.4,False
12,2015-01-13,8.4,False
13,2015-01-14,10.600000000000001,False
14,2015-01-15,15.200000000000001,False
15,2015-01-16,20.0,False
16,2015-01-17,10.200000000000001,False
17,2015-01-18,5.0,False
18,2015-01-19,6.4,False
19,2015-01-20,8.4,False
20,2015-01-21,12.600000000000001,False
21,2015-01-22,12.8,False
22,2015-01-23,11.0,False
23,2015-01-24,7.4,False
24,2015-01-25,7.4,False
25,2015-01-26,8.4,False
26,2015-01-27,16.8,False
27,2015-01-28,12.600000000000001,False
28,2015-01-29,8.4,False
29,2015-01-30,4.4,False
30,2015-01-31,10.0,False
0,2015-02-01,5.040000000000001,False
1,2015-02-02,8.82,False
2,2015-02-03,11.620000000000001,False
3,2015-02-04,7.98,False
4,2015-02-05,14.000000000000002,False
5,2015-02-06,8.4,False
6,2015-02-07,1.6800000000000002,False
7,2015-02-08,6.86,False
8,2015-02-09,7.280000000000001,False
9,2015-02-10,4.340000000000001,False
10,2015-02-11,4.340000000000001,False
11,2015-02-12,8.96,False
12,2015-02-13,9.38,False
13,2015-02-14,1.8200000000000003,False
14,2015-02-15,1.8200000000000003,False
15,2015-02-16,4.62,False
16,2015-02-17,4.48,False
17,2015-02-18,8.96,False
18,2015-02-19,9.8,False
19,2015-02-20,5.460000000000001,False
20,2015-02-21,3.5000000000000004,False
21,2015-02-22,3.3600000000000003,False
22,2015-02-23,4.340000000000001,False
23,2015-02-24,4.340000000000001,False
24,2015-02-25,8.680000000000001,False
25,2015-02-26,11.760000000000002,False
26,2015-02-27,3.08,False
27,2015-02-28,5.040000000000001,False
0,2015-03-01,1.84,False
1,2015-03-02,8.05,False
2,2015-03-03,1.61,False
3,2015-03-04,3.22,False
4,2015-03-05,13.110000000000001,False
5,2015-03-06,10.35,False
6,2015-03-07,3.91,False
7,2015-03-08,1.84,False
8,2015-03-09,13.110000000000001,False
9,2015-03-10,11.270000000000001,False
10,2015-03-11,13.110000000000001,False
11,2015-03-12,17.94,False
12,2015-03-13,13.57,False
13,2015-03-14,1.84,False
14,2015-03-15,1.84,False
15,2015-03-16,16.330000000000002,False
16,2015-03-17,8.280000000000001,False
17,2015-03-18,9.89,False
18,2015-03-19,12.88,False
19,2015-03-20,15.180000000000001,False
20,2015-03-21,9.66,False
21,2015-03-22,0.0,False
22,2015-03-23,14.72,False
23,2015-03-24,4.83,False
24,2015-03-25,2.3000000000000003,False
25,2015-03-26,5.75,False
26,2015-03-27,10.120000000000001,False
27,2015-03-28,6.21,False
28,2015-03-29,0.0,False
29,2015-03-30,11.5,False
30,2015-03-31,23.0,False
0,2015-04-01,10.559999999999999,False
1,2015-04-02,10.08,False
2,2015-04-03,7.68,False
3,2015-04-04,8.16,False
4,2015-04-05,2.4,False
5,2015-04-06,10.08,False
6,2015-04-07,10.32,False
7,2015-04-08,5.76,False
8,2015-04-09,9.6,False
9,2015-04-10,10.08,False
10,2015-04-11,2.16,False
11,2015-04-12,2.16,False
12,2015-04-13,19.919999999999998,False
13,2015-04-14,17.04,False
14,2015-04-15,22.08,False
15,2015-04-16,20.16,False
16,2015-04-17,13.92,False
17,2015-04-18,3.36,False
18,2015-04-19,4.56,False
19,2015-04-20,8.4,False
20,2015-04-21,11.52,False
21,2015-04-22,14.399999999999999,False
22,2015-04-23,18.48,False
23,2015-04-24,24.0,False
24,2015-04-25,4.56,False
25,2015-04-26,6.72,False
26,2015-04-27,12.24,False
27,2015-04-28,19.68,False
28,2015-04-29,8.4,False
29,2015-04-30,11.76,False
0,2015-05-01,10.2,False
1,2015-05-02,7.199999999999999,False
2,2015-05-03,3.5999999999999996,False
3,2015-05-04,6.0,False
4,2015-05-05,13.049999999999999,False
5,2015-05-06,4.05,False
6,2015-05-07,12.15,False
7,2015-05-08,15.0,False
8,2015-05-09,4.8,False
9,2015-05-10,4.8,False
10,2015-05-11,10.049999999999999,False
11,2015-05-12,9.0,False
12,2015-05-13,7.199999999999999,False
13,2015-05-14,13.35,False
14,2015-05-15,14.85,False
15,2015-05-16,3.5999999999999996,False
16,2015-05-17,4.8,False
17,2015-05-18,7.949999999999999,False
18,2015-05-19,12.9,False
19,2015-05-20,11.85,False
20,2015-05-21,7.05,False
21,2015-05-22,8.549999999999999,False
22,2015-05-23,4.8,False
23,2015-05-24,2.4,False
24,2015-05-25,2.1,False
25,2015-05-26,6.8999999999999995,False
26,2015-05-27,6.8999999999999995,False
27,2015-05-28,10.95,False
28,2015-05-29,8.4,False
29,2015-05-30,6.0,False
30,2015-05-31,2.4,False
0,2015-06-01,12.8,False
1,2015-06-02,12.8,False
2,2015-06-03,12.8,False
3,2015-06-04,11.4,False
4,2015-06-05,11.8,False
5,2015-06-06,4.4,False
6,2015-06-07,6.6000000000000005,False
7,2015-06-08,12.600000000000001,False
8,2015-06-09,18.2,False
9,2015-06-10,20.0,False
10,2015-06-11,7.4,False
11,2015-06-12,11.600000000000001,False
12,2015-06-13,8.8,False
13,2015-06-14,0.0,False
14,2015-06-15,5.4,False
15,2015-06-16,3.6,False
16,2015-06-17,7.2,False
17,2015-06-18,5.6000000000000005,False
18,2015-06-19,11.600000000000001,False
19,2015-06-20,2.2,False
20,2015-06-21,0.0,False
21,2015-06-22,13.0,False
22,2015-06-23,9.0,False
23,2015-06-24,11.0,False
24,2015-06-25,1.8,False
25,2015-06-26,11.600000000000001,False
26,2015-06-27,4.4,False
27,2015-06-28,2.2,False
28,2015-06-29,14.8,False
29,2015-06-30,7.4,False
0,2015-07-01,13.0,False
1,2015-07-02,4.75,False
2,2015-07-03,6.0,False
3,2015-07-04,7.0,False
4,2015-07-05,0.0,False
5,2015-07-06,10.0,False
6,2015-07-07,17.25,False
7,2015-07-08,8.25,False
8,2015-07-09,12.25,False
9,2015-07-10,12.5,False
10,2015-07-11,4.5,False
11,2015-07-12,0.0,False
12,2015-07-13,12.0,False
13,2015-07-14,14.0,False
14,2015-07-15,23.5,False
15,2015-07-16,24.75,False
16,2015-07-17,25.0,False
17,2015-07-18,13.0,False
18,2015-07-19,2.5,False
19,2015-07-20,14.5,False
20,2015-07-21,12.0,False
21,2015-07-22,11.25,False
22,2015-07-23,15.0,False
23,2015-07-24,11.5,False
24,2015-07-25,3.25,False
25,2015-07-26,4.5,False
26,2015-07-27,9.25,False
27,2015-07-28,12.75,False
28,2015-07-29,13.0,False
29,2015-07-30,13.0,False
30,2015-07-31,8.75,False
0,2015-08-01,1.68,False
1,2015-08-02,1.68,False
2,2015-08-03,2.73,False
3,2015-08-04,6.93,False
4,2015-08-05,10.5,False
5,2015-08-06,10.709999999999999,False
6,2015-08-07,5.25,False
7,2015-08-08,1.68,False
8,2015-08-09,3.36,False
9,2015-08-10,11.129999999999999,False
10,2015-08-11,6.3,False
11,2015-08-12,8.4,False
12,2015-08-13,5.04,False
13,2015-08-14,9.45,False
14,2015-08-15,5.04,False
15,2015-08-16,1.68,False
16,2015-08-17,10.5,False
17,2015-08-18,6.3,False
18,2015-08-19,7.77,False
19,2015-08-20,9.87,False
20,2015-08-21,13.65,False
21,2015-08-22,5.88,False
22,2015-08-23,2.52,False
23,2015-08-24,20.79,False
24,2015-08-25,21.0,False
25,2015-08-26,16.38,False
26,2015-08-27,11.76,False
27,2015-08-28,10.709999999999999,False
28,2015-08-29,4.83,False
29,2015-08-30,3.9899999999999998,False
30,2015-08-31,4.62,False
0,2015-09-01,6.84,False
1,2015-09-02,10.45,False
2,2015-09-03,5.32,False
3,2015-09-04,5.51,False
4,2015-09-05,8.17,False
5,2015-09-06,0.0,False
6,2015-09-07,7.22,False
7,2015-09-08,6.84,False
8,2015-09-09,15.39,False
9,2015-09-10,19.0,False
10,2015-09-11,7.22,False
11,2015-09-12,0.0,False
12,2015-09-13,0.0,False
13,2015-09-14,10.26,False
14,2015-09-15,16.91,False
15,2015-09-16,10.26,False
16,2015-09-17,13.870000000000001,False
17,2015-09-18,8.93,False
18,2015-09-19,3.99,False
19,2015-09-20,1.9,False
20,2015-09-21,8.36,False
21,2015-09-22,3.42,False
22,2015-09-23,8.55,False
23,2015-09-24,14.06,False
24,2015-09-25,3.61,False
25,2015-09-26,8.17,False
26,2015-09-27,2.09,False
27,2015-09-28,3.42,False
28,2015-09-29,8.36,False
29,2015-09-30,6.65,False
0,2015-10-01,13.92,False
1,2015-10-02,13.68,False
2,2015-10-03,7.68,False
3,2015-10-04,0.0,False
4,2015-10-05,17.52,False
5,2015-10-06,12.0,False
6,2015-10-07,23.279999999999998,False
7,2015-10-08,17.759999999999998,False
8,2015-10-09,11.52,False
9,2015-10-10,2.16,False
10,2015-10-11,2.16,False
11,2015-10-12,19.2,False
12,2015-10-13,19.2,False
13,2015-10-14,24.0,False
14,2015-10-15,15.84,False
15,2015-10-16,15.36,False
16,2015-10-17,4.32,False
17,2015-10-18,4.32,False
18,2015-10-19,13.68,False
19,2015-10-20,15.36,False
20,2015-10-21,6.4799999999999995,False
21,2015-10-22,18.72,False
22,2015-10-23,16.56,False
23,2015-10-24,5.52,False
24,2015-10-25,7.4399999999999995,False
25,2015-10-26,21.84,False
26,2015-10-27,15.6,False
27,2015-10-28,13.68,False
28,2015-10-29,13.92,False
29,2015-10-30,11.76,False
30,2015-10-31,5.52,False
0,2015-11-01,1.7999999999999998,False
1,2015-11-02,8.4,False
2,2015-11-03,15.0,False
3,2015-11-04,9.75,False
4,2015-11-05,9.0,False
5,2015-11-06,3.9,False
6,2015-11-07,0.0,False
7,2015-11-08,1.7999999999999998,False
8,2015-11-09,11.25,False
9,2015-11-10,9.0,False
10,2015-11-11,8.549999999999999,False
11,2015-11-12,12.45,False
12,2015-11-13,6.3,False
13,2015-11-14,2.6999999999999997,False
14,2015-11-15,3.4499999999999997,False
15,2015-11-16,10.5,False
16,2015-11-17,8.25,False
17,2015-11-18,6.0,False
18,2015-11-19,13.049999999999999,False
19,2015-11-20,10.2,False
20,2015-11-21,7.949999999999999,False
21,2015-11-22,3.4499999999999997,False
22,2015-11-23,7.5,False
23,2015-11-24,7.5,False
24,2015-11-25,7.5,False
25,2015-11-26,3.9,False
26,2015-11-27,4.8,False
27,2015-11-28,1.7999999999999998,False
28,2015-11-29,1.65,False
29,2015-11-30,7.35,False
0,2015-12-01,8.96,False
1,2015-12-02,5.76,False
2,2015-12-03,6.88,False
3,2015-12-04,10.4,False
4,2015-12-05,8.0,False
5,2015-12-06,1.92,False
6,2015-12-07,12.64,False
7,2015-12-08,7.68,False
8,2015-12-09,6.72,False
9,2015-12-10,8.48,False
10,2015-12-11,7.84,False
11,2015-12-12,8.0,False
12,2015-12-13,1.92,False
13,2015-12-14,5.76,False
14,2015-12-15,8.64,False
15,2015-12-16,9.6,False
16,2015-12-17,10.72,False
17,2015-12-18,15.040000000000001,False
18,2015-12-19,4.16,False
19,2015-12-20,3.04,False
20,2015-12-21,8.0,False
21,2015-12-22,7.36,False
22,2015-12-23,10.56,False
23,2015-12-24,6.4,False
24,2015-12-25,2.24,False
25,2015-12-26,2.08,False
26,2015-12-27,2.08,False
27,2015-12-28,6.4,False
28,2015-12-29,12.8,False
29,2015-12-30,16.0,False
30,2015-12-31,11.36,False
0,2016-01-01,2.4,False
1,2016-01-02,4.32,False
2,2016-01-03,0.0,False
3,2016-01-04,11.28,False
4,2016-01-05,9.36,False
5,2016-01-06,9.6,False
6,2016-01-07,11.28,False
7,2016-01-08,8.64,False
8,2016-01-09,4.32,False
9,2016-01-10,4.08,False
10,2016-01-11,18.24,False
11,2016-01-12,8.16,False
12,2016-01-13,21.119999999999997,False
13,2016-01-14,22.8,False
14,2016-01-15,24.0,False
15,2016-01-16,3.12,False
16,2016-01-17,4.08,False
17,2016-01-18,6.4799999999999995,False
18,2016-01-19,12.719999999999999,False
19,2016-01-20,13.92,False
20,2016-01-21,14.16,False
21,2016-01-22,10.559999999999999,False
22,2016-01-23,5.279999999999999,False
23,2016-01-24,2.16,False
24,2016-01-25,10.08,False
25,2016-01-26,17.52,False
26,2016-01-27,13.92,False
27,2016-01-28,14.879999999999999,False
28,2016-01-29,13.44,False
29,2016-01-30,3.12,False
30,2016-01-31,4.08,False
0,2016-02-01,15.299999999999999,False
1,2016-02-02,16.74,False
2,2016-02-03,10.799999999999999,False
3,2016-02-04,15.66,False
4,2016-02-05,18.0,False
5,2016-02-06,5.3999999999999995,False
6,2016-02-07,0.0,False
7,2016-02-08,9.36,False
8,2016-02-09,12.42,False
9,2016-02-10,15.299999999999999,False
10,2016-02-11,9.36,False
11,2016-02-12,6.4799999999999995,False
12,2016-02-13,3.42,False
13,2016-02-14,0.0,False
14,2016-02-15,1.6199999999999999,False
15,2016-02-16,0.0,False
16,2016-02-17,7.56,False
17,2016-02-18,9.18,False
18,2016-02-19,9.36,False
19,2016-02-20,1.7999999999999998,False
20,2016-02-21,1.7999999999999998,False
21,2016-02-22,7.56,False
22,2016-02-23,7.38,False
23,2016-02-24,12.24,False
24,2016-02-25,9.18,False
25,2016-02-26,9.54,False
26,2016-02-27,1.7999999999999998,False
27,2016-02-28,0.0,False
28,2016-02-29,9.0,False
0,2016-03-01,8.93,False
1,2016-03-02,10.83,False
2,2016-03-03,5.89,False
3,2016-03-04,19.0,False
4,2016-03-05,2.85,False
5,2016-03-06,3.8,False
6,2016-03-07,6.65,False
7,2016-03-08,9.120000000000001,False
8,2016-03-09,13.3,False
9,2016-03-10,12.73,False
10,2016-03-11,11.4,False
11,2016-03-12,1.9,False
12,2016-03-13,0.0,False
13,2016-03-14,10.07,False
14,2016-03-15,11.78,False
15,2016-03-16,11.59,False
16,2016-03-17,11.02,False
17,2016-03-18,15.96,False
18,2016-03-19,7.6,False
19,2016-03-20,0.0,False
20,2016-03-21,8.36,False
21,2016-03-22,11.02,False
22,2016-03-23,14.63,False
23,2016-03-24,9.88,False
24,2016-03-25,3.8,False
25,2016-03-26,3.04,False
26,2016-03-27,3.04,False
27,2016-03-28,8.74,False
28,2016-03-29,2.47,False
29,2016-03-30,11.02,False
30,2016-03-31,9.31,False
0,2016-04-01,3.52,False
1,2016-04-02,1.32,False
2,2016-04-03,0.0,False
3,2016-04-04,5.5,False
4,2016-04-05,2.2,False
5,2016-04-06,6.6,False
6,2016-04-07,4.4,False
7,2016-04-08,6.82,False
8,2016-04-09,2.64,False
9,2016-04-10,0.0,False
10,2016-04-11,3.3,False
11,2016-04-12,2.2,False
12,2016-04-13,11.0,False
13,2016-04-14,4.4,False
14,2016-04-15,4.62,False
15,2016-04-16,2.64,False
16,2016-04-17,1.32,False
17,2016-04-18,6.6,False
18,2016-04-19,22.0,False
19,2016-04-20,12.1,False
20,2016-04-21,14.52,False
21,2016-04-22,8.14,False
22,2016-04-23,1.32,False
23,2016-04-24,2.42,False
24,2016-04-25,3.3,False
25,2016-04-26,7.48,False
26,2016-04-27,8.8,False
27,2016-04-28,9.9,False
28,2016-04-29,8.14,False
29,2016-04-30,1.32,False
0,2016-05-01,5.78,False
1,2016-05-02,12.24,False
2,2016-05-03,6.970000000000001,False
3,2016-05-04,14.280000000000001,False
4,2016-05-05,12.750000000000002,False
5,2016-05-06,11.9,False
6,2016-05-07,2.3800000000000003,False
7,2016-05-08,2.3800000000000003,False
8,2016-05-09,10.200000000000001,False
9,2016-05-10,9.01,False
10,2016-05-11,11.05,False
11,2016-05-12,11.22,False
12,2016-05-13,8.33,False
13,2016-05-14,3.5700000000000003,False
14,2016-05-15,2.3800000000000003,False
15,2016-05-16,10.030000000000001,False
16,2016-05-17,5.95,False
17,2016-05-18,10.030000000000001,False
18,2016-05-19,9.01,False
19,2016-05-20,11.73,False
20,2016-05-21,3.5700000000000003,False
21,2016-05-22,2.3800000000000003,False
22,2016-05-23,11.05,False
23,2016-05-24,13.090000000000002,False
24,2016-05-25,10.200000000000001,False
25,2016-05-26,17.0,False
26,2016-05-27,10.88,False
27,2016-05-28,2.3800000000000003,False
28,2016-05-29,2.3800000000000003,False
29,2016-05-30,3.2300000000000004,False
30,2016-05-31,7.140000000000001,False
0,2016-06-01,6.2,False
1,2016-06-02,3.8000000000000003,False
2,2016-06-03,9.200000000000001,False
3,2016-06-04,1.4000000000000001,False
4,2016-06-05,1.4000000000000001,False
5,2016-06-06,7.6000000000000005,False
6,2016-06-07,6.2,False
7,2016-06-08,3.8000000000000003,False
8,2016-06-09,3.8000000000000003,False
9,2016-06-10,5.2,False
10,2016-06-11,4.4,False
11,2016-06-12,4.2,False
12,2016-06-13,12.4,False
13,2016-06-14,6.2,False
14,2016-06-15,8.8,False
15,2016-06-16,2.6,False
16,2016-06-17,5.2,False
17,2016-06-18,1.4000000000000001,False
18,2016-06-19,1.4000000000000001,False
19,2016-06-20,10.0,False
20,2016-06-21,5.0,False
21,2016-06-22,8.8,False
22,2016-06-23,6.6000000000000005,False
23,2016-06-24,20.0,False
24,2016-06-25,6.0,False
25,2016-06-26,1.4000000000000001,False
26,2016-06-27,10.0,False
27,2016-06-28,7.6000000000000005,False
28,2016-06-29,12.8,False
29,2016-06-30,10.4,False
0,2016-07-01,3.4799999999999995,False
1,2016-07-02,4.93,False
2,2016-07-03,0.0,False
3,2016-07-04,2.32,False
4,2016-07-05,5.51,False
5,2016-07-06,5.8,False
6,2016-07-07,8.99,False
7,2016-07-08,17.689999999999998,False
8,2016-07-09,2.61,False
9,2016-07-10,0.0,False
10,2016-07-11,14.499999999999998,False
11,2016-07-12,7.829999999999999,False
12,2016-07-13,14.499999999999998,False
13,2016-07-14,18.27,False
14,2016-07-15,12.76,False
15,2016-07-16,1.16,False
16,2016-07-17,5.22,False
17,2016-07-18,5.51,False
18,2016-07-19,7.829999999999999,False
19,2016-07-20,28.999999999999996,False
20,2016-07-21,23.779999999999998,False
21,2016-07-22,17.4,False
22,2016-07-23,6.67,False
23,2016-07-24,1.16,False
24,2016-07-25,6.67,False
25,2016-07-26,8.7,False
26,2016-07-27,12.18,False
27,2016-07-28,9.86,False
28,2016-07-29,8.12,False
29,2016-07-30,3.7699999999999996,False
30,2016-07-31,0.0,False
0,2016-08-01,11.21,False
1,2016-08-02,13.11,False
2,2016-08-03,7.22,False
3,2016-08-04,9.31,False
4,2016-08-05,12.16,False
5,2016-08-06,0.0,False
6,2016-08-07,3.8,False
7,2016-08-08,9.5,False
8,2016-08-09,11.4,False
9,2016-08-10,8.55,False
10,2016-08-11,7.6,False
11,2016-08-12,4.5600000000000005,False
12,2016-08-13,2.47,False
13,2016-08-14,2.47,False
14,2016-08-15,14.44,False
15,2016-08-16,7.6,False
16,2016-08-17,10.83,False
17,2016-08-18,7.6,False
18,2016-08-19,19.0,False
19,2016-08-20,3.8,False
20,2016-08-21,2.47,False
21,2016-08-22,7.41,False
22,2016-08-23,9.69,False
23,2016-08-24,8.36,False
24,2016-08-25,8.17,False
25,2016-08-26,11.59,False
26,2016-08-27,4.75,False
27,2016-08-28,2.2800000000000002,False
28,2016-08-29,4.94,False
29,2016-08-30,15.96,False
30,2016-08-31,7.98,False
0,2016-09-01,16.64,False
1,2016-09-02,14.3,False
2,2016-09-03,5.720000000000001,False
3,2016-09-04,4.42,False
4,2016-09-05,2.8600000000000003,False
5,2016-09-06,17.16,False
6,2016-09-07,15.860000000000001,False
7,2016-09-08,19.76,False
8,2016-09-09,12.22,False
9,2016-09-10,5.720000000000001,False
10,2016-09-11,4.42,False
11,2016-09-12,10.92,False
12,2016-09-13,9.620000000000001,False
13,2016-09-14,9.620000000000001,False
14,2016-09-15,11.700000000000001,False
15,2016-09-16,26.0,False
16,2016-09-17,8.84,False
17,2016-09-18,4.16,False
18,2016-09-19,15.08,False
19,2016-09-20,17.94,False
20,2016-09-21,18.98,False
21,2016-09-22,18.46,False
22,2016-09-23,15.08,False
23,2016-09-24,2.34,False
24,2016-09-25,2.08,False
25,2016-09-26,7.54,False
26,2016-09-27,13.26,False
27,2016-09-28,8.58,False
28,2016-09-29,14.3,False
29,2016-09-30,14.82,False
0,2016-10-01,3.24,False
1,2016-10-02,3.24,False
2,2016-10-03,9.72,False
3,2016-10-04,5.67,False
4,2016-10-05,7.83,False
5,2016-10-06,8.370000000000001,False
6,2016-10-07,6.48,False
7,2016-10-08,4.86,False
8,2016-10-09,3.24,False
9,2016-10-10,7.83,False
10,2016-10-11,11.88,False
11,2016-10-12,11.34,False
12,2016-10-13,6.48,False
13,2016-10-14,11.07,False
14,2016-10-15,4.050000000000001,False
15,2016-10-16,3.24,False
16,2016-10-17,13.23,False
17,2016-10-18,25.650000000000002,False
18,2016-10-19,27.0,False
19,2016-10-20,15.39,False
20,2016-10-21,14.580000000000002,False
21,2016-10-22,4.050000000000001,False
22,2016-10-23,1.62,False
23,2016-10-24,14.580000000000002,False
24,2016-10-25,7.5600000000000005,False
25,2016-10-26,11.88,False
26,2016-10-27,10.8,False
27,2016-10-28,13.23,False
28,2016-10-29,2.43,False
29,2016-10-30,3.24,False
30,2016-10-31,6.48,False
0,2016-11-01,10.08,False
1,2016-11-02,9.24,False
2,2016-11-03,6.3,False
3,2016-11-04,9.45,False
4,2016-11-05,1.68,False
5,2016-11-06,3.15,False
6,2016-11-07,13.02,False
7,2016-11-08,9.66,False
8,2016-11-09,21.0,False
9,2016-11-10,15.75,False
10,2016-11-11,4.41,False
11,2016-11-12,2.52,False
12,2016-11-13,1.47,False
13,2016-11-14,8.4,False
14,2016-11-15,4.83,False
15,2016-11-16,12.6,False
16,2016-11-17,10.5,False
17,2016-11-18,5.04,False
18,2016-11-19,4.83,False
19,2016-11-20,1.47,False
20,2016-11-21,6.09,False
21,2016-11-22,10.29,False
22,2016-11-23,9.66,False
23,2016-11-24,2.1,False
24,2016-11-25,5.88,False
25,2016-11-26,3.9899999999999998,False
26,2016-11-27,2.94,False
27,2016-11-28,5.25,False
28,2016-11-29,9.24,False
29,2016-11-30,8.61,False
0,2016-12-01,9.6,False
1,2016-12-02,11.76,False
2,2016-12-03,1.92,False
3,2016-12-04,3.36,False
4,2016-12-05,6.0,False
5,2016-12-06,7.92,False
6,2016-12-07,14.639999999999999,False
7,2016-12-08,18.0,False
8,2016-12-09,20.16,False
9,2016-12-10,1.92,False
10,2016-12-11,3.5999999999999996,False
11,2016-12-12,11.04,False
12,2016-12-13,20.4,False
13,2016-12-14,24.0,False
14,2016-12-15,13.2,False
15,2016-12-16,1.68,False
16,2016-12-17,5.76,False
17,2016-12-18,3.84,False
18,2016-12-19,20.16,False
19,2016-12-20,18.72,False
20,2016-12-21,12.0,False
21,2016-12-22,12.24,False
22,2016-12-23,9.12,False
23,2016-12-24,2.16,False
24,2016-12-25,2.16,False
25,2016-12-26,5.52,False
26,2016-12-27,10.32,False
27,2016-12-28,12.0,False
28,2016-12-29,13.92,False
29,2016-12-30,12.719999999999999,False
30,2016-12-31,1.92,False
0,2017-01-01,1.45,False
1,2017-01-02,3.19,False
2,2017-01-03,13.049999999999999,False
3,2017-01-04,8.7,False
4,2017-01-05,12.469999999999999,False
5,2017-01-06,6.959999999999999,False
6,2017-01-07,4.06,False
7,2017-01-08,2.61,False
8,2017-01-09,7.539999999999999,False
9,2017-01-10,10.149999999999999,False
10,2017-01-11,15.37,False
11,2017-01-12,10.729999999999999,False
12,2017-01-13,7.829999999999999,False
13,2017-01-14,2.61,False
14,2017-01-15,1.45,False
15,2017-01-16,2.9,False
16,2017-01-17,8.7,False
17,2017-01-18,13.34,False
18,2017-01-19,11.889999999999999,False
19,2017-01-20,9.86,False
20,2017-01-21,3.4799999999999995,False
21,2017-01-22,1.45,False
22,2017-01-23,8.12,False
23,2017-01-24,14.499999999999998,False
24,2017-01-25,13.049999999999999,False
25,2017-01-26,28.999999999999996,False
26,2017-01-27,27.549999999999997,False
27,2017-01-28,7.539999999999999,False
28,2017-01-29,4.06,False
29,2017-01-30,8.7,False
30,2017-01-31,12.18,False
0,2017-02-01,12.9,False
1,2017-02-02,13.5,False
2,2017-02-03,9.299999999999999,False
3,2017-02-04,3.3,False
4,2017-02-05,0.0,False
5,2017-02-06,12.9,False
6,2017-02-07,23.4,False
7,2017-02-08,7.199999999999999,False
8,2017-02-09,25.2,False
9,2017-02-10,15.299999999999999,False
10,2017-02-11,6.8999999999999995,False
11,2017-02-12,1.7999999999999998,False
12,2017-02-13,17.4,False
13,2017-02-14,17.4,False
14,2017-02-15,18.0,False
15,2017-02-16,23.7,False
16,2017-02-17,10.2,False
17,2017-02-18,3.3,False
18,2017-02-19,3.3,False
19,2017-02-20,1.5,False
20,2017-02-21,10.2,False
21,2017-02-22,21.9,False
22,2017-02-23,30.0,False
23,2017-02-24,19.8,False
24,2017-02-25,8.4,False
25,2017-02-26,0.0,False
26,2017-02-27,15.899999999999999,False
27,2017-02-28,12.9,False
0,2017-03-01,24.8,False
1,2017-03-02,25.11,False
2,2017-03-03,17.05,False
3,2017-03-04,8.68,False
4,2017-03-05,3.41,False
5,2017-03-06,7.13,False
6,2017-03-07,13.02,False
7,2017-03-08,13.33,False
8,2017-03-09,11.78,False
9,2017-03-10,15.81,False
10,2017-03-11,5.27,False
11,2017-03-12,4.96,False
12,2017-03-13,31.0,False
13,2017-03-14,24.18,False
14,2017-03-15,30.38,False
15,2017-03-16,18.6,False
16,2017-03-17,19.22,False
17,2017-03-18,5.27,False
18,2017-03-19,4.96,False
19,2017-03-20,13.64,False
20,2017-03-21,12.09,False
21,2017-03-22,7.4399999999999995,False
22,2017-03-23,18.29,False
23,2017-03-24,9.61,False
24,2017-03-25,5.27,False
25,2017-03-26,0.0,False
26,2017-03-27,12.09,False
27,2017-03-28,10.54,False
28,2017-03-29,9.3,False
29,2017-03-30,12.4,False
30,2017-03-31,17.669999999999998,False
0,2017-04-01,3.74,False
1,2017-04-02,1.7000000000000002,False
2,2017-04-03,9.180000000000001,False
3,2017-04-04,8.16,False
4,2017-04-05,10.88,False
5,2017-04-06,14.280000000000001,False
6,2017-04-07,8.5,False
7,2017-04-08,3.06,False
8,2017-04-09,1.36,False
9,2017-04-10,6.12,False
10,2017-04-11,11.22,False
11,2017-04-12,12.24,False
12,2017-04-13,10.540000000000001,False
13,2017-04-14,4.08,False
14,2017-04-15,1.36,False
15,2017-04-16,2.3800000000000003,False
16,2017-04-17,8.16,False
17,2017-04-18,8.16,False
18,2017-04-19,9.860000000000001,False
19,2017-04-20,10.88,False
20,2017-04-21,9.860000000000001,False
21,2017-04-22,1.7000000000000002,False
22,2017-04-23,2.3800000000000003,False
23,2017-04-24,11.22,False
24,2017-04-25,13.940000000000001,False
25,2017-04-26,11.56,False
26,2017-04-27,28.560000000000002,False
27,2017-04-28,34.0,False
28,2017-04-29,6.800000000000001,False
29,2017-04-30,5.44,False
0,2017-05-01,28.71,False
1,2017-05-02,33.0,False
2,2017-05-03,29.700000000000003,False
3,2017-05-04,30.03,False
4,2017-05-05,24.42,False
5,2017-05-06,8.58,False
6,2017-05-07,2.31,False
7,2017-05-08,18.150000000000002,False
8,2017-05-09,26.400000000000002,False
9,2017-05-10,27.720000000000002,False
10,2017-05-11,21.78,False
11,2017-05-12,25.740000000000002,False
12,2017-05-13,7.590000000000001,False
13,2017-05-14,7.590000000000001,False
14,2017-05-15,22.44,False
15,2017-05-16,27.720000000000002,False
16,2017-05-17,17.16,False
17,2017-05-18,24.09,False
18,2017-05-19,13.200000000000001,False
19,2017-05-20,10.89,False
20,2017-05-21,5.28,False
21,2017-05-22,27.720000000000002,False
22,2017-05-23,17.82,False
23,2017-05-24,17.490000000000002,False
24,2017-05-25,21.12,False
25,2017-05-26,15.84,False
26,2017-05-27,5.61,False
27,2017-05-28,8.25,False
28,2017-05-29,7.260000000000001,False
29,2017-05-30,16.830000000000002,False
30,2017-05-31,17.82,False
0,2017-06-01,16.64,False
1,2017-06-02,18.240000000000002,False
2,2017-06-03,12.48,False
3,2017-06-04,5.12,False
4,2017-06-05,16.32,False
5,2017-06-06,21.12,False
6,2017-06-07,11.52,False
7,2017-06-08,16.96,False
8,2017-06-09,23.36,False
9,2017-06-10,5.12,False
10,2017-06-11,11.52,False
11,2017-06-12,22.080000000000002,False
12,2017-06-13,18.88,False
13,2017-06-14,19.2,False
14,2017-06-15,22.080000000000002,False
15,2017-06-16,19.2,False
16,2017-06-17,10.24,False
17,2017-06-18,3.84,False
18,2017-06-19,23.68,False
19,2017-06-20,21.76,False
20,2017-06-21,32.0,False
21,2017-06-22,24.0,False
22,2017-06-23,28.16,False
23,2017-06-24,7.68,False
24,2017-06-25,5.12,False
25,2017-06-26,14.4,False
26,2017-06-27,17.6,False
27,2017-06-28,24.32,False
28,2017-06-29,8.96,False
29,2017-06-30,20.8,False
0,2017-07-01,0.0,False
1,2017-07-02,1.7999999999999998,False
2,2017-07-03,5.76,False
3,2017-07-04,5.76,False
4,2017-07-05,9.0,False
5,2017-07-06,12.24,False
6,2017-07-07,7.56,False
7,2017-07-08,1.7999999999999998,False
8,2017-07-09,1.7999999999999998,False
9,2017-07-10,7.199999999999999,False
10,2017-07-11,5.3999999999999995,False
11,2017-07-12,9.36,False
12,2017-07-13,9.719999999999999,False
13,2017-07-14,8.28,False
14,2017-07-15,3.5999999999999996,False
15,2017-07-16,1.7999999999999998,False
16,2017-07-17,8.64,False
17,2017-07-18,5.3999999999999995,False
18,2017-07-19,10.44,False
19,2017-07-20,5.76,False
20,2017-07-21,10.08,False
21,2017-07-22,1.08,False
22,2017-07-23,1.7999999999999998,False
23,2017-07-24,10.44,False
24,2017-07-25,5.3999999999999995,False
25,2017-07-26,7.92,False
26,2017-07-27,21.24,False
27,2017-07-28,36.0,False
28,2017-07-29,2.88,False
29,2017-07-30,1.7999999999999998,False
30,2017-07-31,5.3999999999999995,False
0,2017-08-01,34.0,False
1,2017-08-02,21.76,False
2,2017-08-03,26.520000000000003,False
3,2017-08-04,27.540000000000003,False
4,2017-08-05,0.0,False
5,2017-08-06,12.24,False
6,2017-08-07,22.1,False
7,2017-08-08,25.16,False
8,2017-08-09,20.060000000000002,False
9,2017-08-10,33.32,False
10,2017-08-11,4.42,False
11,2017-08-12,4.760000000000001,False
12,2017-08-13,0.0,False
13,2017-08-14,31.28,False
14,2017-08-15,25.500000000000004,False
15,2017-08-16,18.700000000000003,False
16,2017-08-17,28.900000000000002,False
17,2017-08-18,25.500000000000004,False
18,2017-08-19,7.140000000000001,False
19,2017-08-20,2.3800000000000003,False
20,2017-08-21,16.32,False
21,2017-08-22,24.14,False
22,2017-08-23,24.48,False
23,2017-08-24,20.740000000000002,False
24,2017-08-25,14.96,False
25,2017-08-26,0.0,False
26,2017-08-27,4.760000000000001,False
27,2017-08-28,8.16,False
28,2017-08-29,15.98,False
29,2017-08-30,4.08,False
30,2017-08-31,24.82,False
0,2017-09-01,24.75,False
1,2017-09-02,2.31,False
2,2017-09-03,4.62,False
3,2017-09-04,5.94,False
4,2017-09-05,9.57,False
5,2017-09-06,28.71,False
6,2017-09-07,15.84,False
7,2017-09-08,8.25,False
8,2017-09-09,0.0,False
9,2017-09-10,0.0,False
10,2017-09-11,27.060000000000002,False
11,2017-09-12,19.14,False
12,2017-09-13,19.470000000000002,False
13,2017-09-14,19.8,False
14,2017-09-15,28.05,False
15,2017-09-16,6.930000000000001,False
16,2017-09-17,2.31,False
17,2017-09-18,27.060000000000002,False
18,2017-09-19,28.71,False
19,2017-09-20,33.0,False
20,2017-09-21,19.470000000000002,False
21,2017-09-22,26.400000000000002,False
22,2017-09-23,6.6000000000000005,False
23,2017-09-24,2.31,False
24,2017-09-25,32.67,False
25,2017-09-26,19.14,False
26,2017-09-27,25.080000000000002,False
27,2017-09-28,31.68,False
28,2017-09-29,18.48,False
29,2017-09-30,13.530000000000001,False
0,2017-10-01,1.34,False
1,2017-10-02,18.09,False
2,2017-10-03,29.48,False
3,2017-10-04,27.470000000000002,False
4,2017-10-05,13.4,False
5,2017-10-06,16.75,False
6,2017-10-07,4.69,False
7,2017-10-08,6.03,False
8,2017-10-09,20.1,False
9,2017-10-10,13.4,False
10,2017-10-11,16.75,False
11,2017-10-12,18.09,False
12,2017-10-13,18.09,False
13,2017-10-14,7.37,False
14,2017-10-15,4.0200000000000005,False
15,2017-10-16,18.09,False
16,2017-10-17,19.43,False
17,2017-10-18,17.42,False
18,2017-10-19,21.44,False
19,2017-10-20,16.080000000000002,False
20,2017-10-21,4.0200000000000005,False
21,2017-10-22,4.0200000000000005,False
22,2017-10-23,25.46,False
23,2017-10-24,26.8,False
24,2017-10-25,16.75,False
25,2017-10-26,47.57,False
26,2017-10-27,67.0,False
27,2017-10-28,14.74,False
28,2017-10-29,4.69,False
29,2017-10-30,38.190000000000005,False
30,2017-10-31,46.900000000000006,False
0,2017-11-01,47.12,False
1,2017-11-02,62.0,False
2,2017-11-03,54.56,False
3,2017-11-04,14.26,False
4,2017-11-05,11.16,False
5,2017-11-06,53.94,False
6,2017-11-07,48.36,False
7,2017-11-08,35.339999999999996,False
8,2017-11-09,42.78,False
9,2017-11-10,46.5,False
10,2017-11-11,14.26,False
11,2017-11-12,7.4399999999999995,False
12,2017-11-13,27.9,False
13,2017-11-14,36.58,False
14,2017-11-15,27.28,False
15,2017-11-16,39.06,False
16,2017-11-17,31.0,False
17,2017-11-18,13.02,False
18,2017-11-19,3.7199999999999998,False
19,2017-11-20,34.72,False
20,2017-11-21,29.14,False
21,2017-11-22,34.1,False
22,2017-11-23,9.3,False
23,2017-11-24,11.16,False
24,2017-11-25,7.4399999999999995,False
25,2017-11-26,6.82,False
26,2017-11-27,29.14,False
27,2017-11-28,26.04,False
28,2017-11-29,27.28,False
29,2017-11-30,26.66,False
0,2017-12-01,21.0,False
1,2017-12-02,6.72,False
2,2017-12-03,3.36,False
3,2017-12-04,21.0,False
4,2017-12-05,18.06,False
5,2017-12-06,29.82,False
6,2017-12-07,26.04,False
7,2017-12-08,18.06,False
8,2017-12-09,6.72,False
9,2017-12-10,1.68,False
10,2017-12-11,18.48,False
11,2017-12-12,14.28,False
12,2017-12-13,11.34,False
13,2017-12-14,18.9,False
14,2017-12-15,28.56,False
15,2017-12-16,8.4,False
16,2017-12-17,3.36,False
17,2017-12-18,27.3,False
18,2017-12-19,17.64,False
19,2017-12-20,23.939999999999998,False
20,2017-12-21,42.0,False
21,2017-12-22,34.019999999999996,False
22,2017-12-23,12.18,False
23,2017-12-24,7.56,False
24,2017-12-25,3.78,False
25,2017-12-26,19.32,False
26,2017-12-27,35.699999999999996,False
27,2017-12-28,24.779999999999998,False
28,2017-12-29,28.98,False
29,2017-12-30,8.4,False
30,2017-12-31,1.68,False
0,2018-01-01,4.0,False
1,2018-01-02,22.0,False
2,2018-01-03,69.0,False
3,2018-01-04,86.0,False
4,2018-01-05,71.0,False
5,2018-01-06,15.0,False
6,2018-01-07,12.0,False
7,2018-01-08,35.0,False
8,2018-01-09,36.0,False
9,2018-01-10,39.0,False
10,2018-01-11,33.0,False
11,2018-01-12,36.0,False
12,2018-01-13,16.0,False
13,2018-01-14,4.0,False
14,2018-01-15,8.0,False
15,2018-01-16,28.0,False
16,2018-01-17,34.0,False
17,2018-01-18,29.0,False
18,2018-01-19,25.0,False
19,2018-01-20,9.0,False
20,2018-01-21,4.0,False
21,2018-01-22,22.0,False
22,2018-01-23,33.0,False
23,2018-01-24,35.0,False
24,2018-01-25,60.0,False
25,2018-01-26,100.0,False
26,2018-01-27,21.0,False
27,2018-01-28,8.0,False
28,2018-01-29,46.0,False
29,2018-01-30,31.0,False
30,2018-01-31,36.0,False
0,2018-02-01,53.55,False
1,2018-02-02,44.1,False
2,2018-02-03,12.6,False
3,2018-02-04,6.3,False
4,2018-02-05,47.25,False
5,2018-02-06,63.0,False
6,2018-02-07,45.99,False
7,2018-02-08,46.62,False
8,2018-02-09,51.660000000000004,False
9,2018-02-10,20.79,False
10,2018-02-11,3.15,False
11,2018-02-12,38.43,False
12,2018-02-13,32.76,False
13,2018-02-14,47.88,False
14,2018-02-15,39.69,False
15,2018-02-16,47.88,False
16,2018-02-17,9.45,False
17,2018-02-18,3.15,False
18,2018-02-19,17.64,False
19,2018-02-20,35.28,False
20,2018-02-21,29.61,False
21,2018-02-22,31.5,False
22,2018-02-23,35.28,False
23,2018-02-24,22.05,False
24,2018-02-25,1.8900000000000001,False
25,2018-02-26,36.54,False
26,2018-02-27,45.99,False
27,2018-02-28,58.59,False
0,2018-03-01,36.21,False
1,2018-03-02,46.15,False
2,2018-03-03,13.489999999999998,False
3,2018-03-04,7.1,False
4,2018-03-05,29.11,False
5,2018-03-06,36.92,False
6,2018-03-07,50.41,False
7,2018-03-08,39.05,False
8,2018-03-09,51.83,False
9,2018-03-10,17.04,False
10,2018-03-11,12.78,False
11,2018-03-12,56.089999999999996,False
12,2018-03-13,63.9,False
13,2018-03-14,54.669999999999995,False
14,2018-03-15,37.629999999999995,False
15,2018-03-16,32.66,False
16,2018-03-17,11.36,False
17,2018-03-18,6.39,False
18,2018-03-19,38.339999999999996,False
19,2018-03-20,53.25,False
20,2018-03-21,44.73,False
21,2018-03-22,38.339999999999996,False
22,2018-03-23,51.12,False
23,2018-03-24,6.39,False
24,2018-03-25,5.68,False
25,2018-03-26,48.28,False
26,2018-03-27,52.54,False
27,2018-03-28,53.959999999999994,False
28,2018-03-29,71.0,False
29,2018-03-30,31.24,False
30,2018-03-31,3.55,False
0,2018-04-01,3.32,False
1,2018-04-02,39.01,False
2,2018-04-03,42.33,False
3,2018-04-04,30.709999999999997,False
4,2018-04-05,34.86,False
5,2018-04-06,24.07,False
6,2018-04-07,6.64,False
7,2018-04-08,3.32,False
8,2018-04-09,27.389999999999997,False
9,2018-04-10,25.73,False
10,2018-04-11,11.62,False
11,2018-04-12,24.07,False
12,2018-04-13,30.709999999999997,False
13,2018-04-14,6.64,False
14,2018-04-15,5.81,False
15,2018-04-16,26.56,False
16,2018-04-17,17.43,False
17,2018-04-18,19.919999999999998,False
18,2018-04-19,27.389999999999997,False
19,2018-04-20,16.599999999999998,False
20,2018-04-21,5.81,False
21,2018-04-22,0.83,False
22,2018-04-23,18.259999999999998,False
23,2018-04-24,28.22,False
24,2018-04-25,23.24,False
25,2018-04-26,63.08,False
26,2018-04-27,83.0,False
27,2018-04-28,17.43,False
28,2018-04-29,0.83,False
29,2018-04-30,27.389999999999997,False
0,2018-05-01,52.65,False
1,2018-05-02,63.7,False
2,2018-05-03,52.0,False
3,2018-05-04,53.95,False
4,2018-05-05,6.5,False
5,2018-05-06,5.2,False
6,2018-05-07,35.75,False
7,2018-05-08,55.25,False
8,2018-05-09,39.65,False
9,2018-05-10,65.0,False
10,2018-05-11,44.2,False
11,2018-05-12,15.600000000000001,False
12,2018-05-13,6.5,False
13,2018-05-14,41.6,False
14,2018-05-15,38.35,False
15,2018-05-16,38.35,False
16,2018-05-17,40.95,False
17,2018-05-18,49.4,False
18,2018-05-19,12.35,False
19,2018-05-20,4.55,False
20,2018-05-21,32.5,False
21,2018-05-22,55.25,False
22,2018-05-23,48.1,False
23,2018-05-24,38.35,False
24,2018-05-25,42.25,False
25,2018-05-26,13.65,False
26,2018-05-27,3.25,False
27,2018-05-28,7.800000000000001,False
28,2018-05-29,31.85,False
29,2018-05-30,35.1,False
30,2018-05-31,42.9,False
0,2018-06-01,34.56,False
1,2018-06-02,6.4,False
2,2018-06-03,17.28,False
3,2018-06-04,29.44,False
4,2018-06-05,29.44,False
5,2018-06-06,36.480000000000004,False
6,2018-06-07,27.52,False
7,2018-06-08,32.64,False
8,2018-06-09,12.8,False
9,2018-06-10,10.88,False
10,2018-06-11,35.84,False
11,2018-06-12,39.04,False
12,2018-06-13,24.32,False
13,2018-06-14,26.88,False
14,2018-06-15,30.72,False
15,2018-06-16,6.4,False
16,2018-06-17,4.48,False
17,2018-06-18,57.6,False
18,2018-06-19,55.68,False
19,2018-06-20,35.84,False
20,2018-06-21,59.52,False
21,2018-06-22,64.0,False
22,2018-06-23,8.32,False
23,2018-06-24,6.4,False
24,2018-06-25,46.72,False
25,2018-06-26,51.84,False
26,2018-06-27,48.0,False
27,2018-06-28,55.04,False
28,2018-06-29,45.44,False
29,2018-06-30,12.8,False
0,2018-07-01,2.0100000000000002,False
1,2018-07-02,14.74,False
2,2018-07-03,14.07,False
3,2018-07-04,6.03,False
4,2018-07-05,20.77,False
5,2018-07-06,15.41,False
6,2018-07-07,6.7,False
7,2018-07-08,2.0100000000000002,False
8,2018-07-09,17.42,False
9,2018-07-10,13.4,False
10,2018-07-11,20.1,False
11,2018-07-12,14.07,False
12,2018-07-13,24.790000000000003,False
13,2018-07-14,0.67,False
14,2018-07-15,4.0200000000000005,False
15,2018-07-16,15.41,False
16,2018-07-17,19.43,False
17,2018-07-18,17.42,False
18,2018-07-19,14.07,False
19,2018-07-20,12.73,False
20,2018-07-21,4.0200000000000005,False
21,2018-07-22,2.0100000000000002,False
22,2018-07-23,10.72,False
23,2018-07-24,20.1,False
24,2018-07-25,16.75,False
25,2018-07-26,48.910000000000004,False
26,2018-07-27,67.0,False
27,2018-07-28,8.71,False
28,2018-07-29,2.68,False
29,2018-07-30,29.48,False
30,2018-07-31,26.130000000000003,False
0,2018-08-01,42.88,False
1,2018-08-02,56.96,False
2,2018-08-03,37.76,False
3,2018-08-04,11.52,False
4,2018-08-05,7.04,False
5,2018-08-06,28.16,False
6,2018-08-07,53.76,False
7,2018-08-08,51.2,False
8,2018-08-09,35.84,False
9,2018-08-10,46.08,False
10,2018-08-11,23.04,False
11,2018-08-12,8.96,False
12,2018-08-13,38.4,False
13,2018-08-14,42.24,False
14,2018-08-15,57.6,False
15,2018-08-16,55.68,False
16,2018-08-17,40.96,False
17,2018-08-18,7.04,False
18,2018-08-19,2.56,False
19,2018-08-20,44.160000000000004,False
20,2018-08-21,64.0,False
21,2018-08-22,39.68,False
22,2018-08-23,51.2,False
23,2018-08-24,35.84,False
24,2018-08-25,2.56,False
25,2018-08-26,7.04,False
26,2018-08-27,52.480000000000004,False
27,2018-08-28,51.84,False
28,2018-08-29,35.84,False
29,2018-08-30,26.240000000000002,False
30,2018-08-31,24.32,False
0,2018-09-01,11.96,False
1,2018-09-02,7.36,False
2,2018-09-03,8.280000000000001,False
3,2018-09-04,28.52,False
4,2018-09-05,45.54,False
5,2018-09-06,41.4,False
6,2018-09-07,42.78,False
7,2018-09-08,11.96,False
8,2018-09-09,4.6000000000000005,False
9,2018-09-10,43.24,False
10,2018-09-11,34.5,False
11,2018-09-12,45.080000000000005,False
12,2018-09-13,43.7,False
13,2018-09-14,40.02,False
14,2018-09-15,14.26,False
15,2018-09-16,0.0,False
16,2018-09-17,37.72,False
17,2018-09-18,44.620000000000005,False
18,2018-09-19,43.24,False
19,2018-09-20,46.0,False
20,2018-09-21,29.900000000000002,False
21,2018-09-22,7.36,False
22,2018-09-23,9.200000000000001,False
23,2018-09-24,16.560000000000002,False
24,2018-09-25,36.34,False
25,2018-09-26,36.34,False
26,2018-09-27,34.96,False
27,2018-09-28,39.1,False
28,2018-09-29,14.26,False
29,2018-09-30,13.8,False
0,2018-10-01,22.63,False
1,2018-10-02,35.769999999999996,False
2,2018-10-03,31.39,False
3,2018-10-04,23.36,False
4,2018-10-05,21.9,False
5,2018-10-06,5.84,False
6,2018-10-07,4.38,False
7,2018-10-08,28.47,False
8,2018-10-09,27.74,False
9,2018-10-10,26.28,False
10,2018-10-11,29.2,False
11,2018-10-12,27.009999999999998,False
12,2018-10-13,5.84,False
13,2018-10-14,3.65,False
14,2018-10-15,14.6,False
15,2018-10-16,21.9,False
16,2018-10-17,23.36,False
17,2018-10-18,18.25,False
18,2018-10-19,21.169999999999998,False
19,2018-10-20,5.109999999999999,False
20,2018-10-21,2.19,False
21,2018-10-22,19.71,False
22,2018-10-23,21.9,False
23,2018-10-24,25.55,False
24,2018-10-25,73.0,False
25,2018-10-26,51.1,False
26,2018-10-27,8.76,False
27,2018-10-28,5.109999999999999,False
28,2018-10-29,16.79,False
29,2018-10-30,27.009999999999998,False
30,2018-10-31,32.12,False
0,2018-11-01,36.26,False
1,2018-11-02,41.16,False
2,2018-11-03,8.82,False
3,2018-11-04,1.47,False
4,2018-11-05,29.89,False
5,2018-11-06,31.849999999999998,False
6,2018-11-07,33.81,False
7,2018-11-08,30.38,False
8,2018-11-09,23.52,False
9,2018-11-10,4.9,False
10,2018-11-11,2.94,False
11,2018-11-12,26.46,False
12,2018-11-13,23.52,False
13,2018-11-14,20.58,False
14,2018-11-15,25.48,False
15,2018-11-16,49.0,False
16,2018-11-17,9.8,False
17,2018-11-18,5.39,False
18,2018-11-19,37.24,False
19,2018-11-20,28.419999999999998,False
20,2018-11-21,26.46,False
21,2018-11-22,8.82,False
22,2018-11-23,15.19,False
23,2018-11-24,6.37,False
24,2018-11-25,4.41,False
25,2018-11-26,18.13,False
26,2018-11-27,22.05,False
27,2018-11-28,22.54,False
28,2018-11-29,19.11,False
29,2018-11-30,24.009999999999998,False
0,2018-12-01,19.74,False
1,2018-12-02,6.58,False
2,2018-12-03,45.589999999999996,False
3,2018-12-04,38.07,False
4,2018-12-05,32.43,False
5,2018-12-06,40.89,False
6,2018-12-07,41.83,False
7,2018-12-08,11.28,False
8,2018-12-09,2.3499999999999996,False
9,2018-12-10,34.309999999999995,False
10,2018-12-11,30.549999999999997,False
11,2018-12-12,40.89,False
12,2018-12-13,31.959999999999997,False
13,2018-12-14,31.02,False
14,2018-12-15,13.629999999999999,False
15,2018-12-16,4.2299999999999995,False
16,2018-12-17,24.91,False
17,2018-12-18,37.599999999999994,False
18,2018-12-19,18.33,False
19,2018-12-20,47.0,False
20,2018-12-21,36.19,False
21,2018-12-22,15.979999999999999,False
22,2018-12-23,9.399999999999999,False
23,2018-12-24,23.5,False
24,2018-12-25,19.74,False
25,2018-12-26,28.2,False
26,2018-12-27,26.79,False
27,2018-12-28,31.959999999999997,False
28,2018-12-29,8.93,False
29,2018-12-30,4.699999999999999,False
30,2018-12-31,20.209999999999997,False
0,2019-01-01,7.8,False
1,2019-01-02,13.2,False
2,2019-01-03,15.6,False
3,2019-01-04,12.6,False
4,2019-01-05,10.2,False
5,2019-01-06,3.0,False
6,2019-01-07,12.0,False
7,2019-01-08,19.2,False
8,2019-01-09,16.8,False
9,2019-01-10,14.399999999999999,False
10,2019-01-11,17.4,False
11,2019-01-12,1.7999999999999998,False
12,2019-01-13,0.6,False
13,2019-01-14,10.799999999999999,False
14,2019-01-15,13.2,False
15,2019-01-16,17.4,False
16,2019-01-17,14.399999999999999,False
17,2019-01-18,16.2,False
18,2019-01-19,9.6,False
19,2019-01-20,5.3999999999999995,False
20,2019-01-21,2.4,False
21,2019-01-22,15.0,False
22,2019-01-23,15.6,False
23,2019-01-24,42.0,False
24,2019-01-25,60.0,False
25,2019-01-26,6.0,False
26,2019-01-27,6.0,False
27,2019-01-28,12.6,False
28,2019-01-29,21.0,False
29,2019-01-30,16.2,False
30,2019-01-31,23.4,False
0,2019-02-01,44.52,False
1,2019-02-02,18.02,False
2,2019-02-03,9.01,False
3,2019-02-04,53.0,False
4,2019-02-05,31.8,False
5,2019-02-06,45.050000000000004,False
6,2019-02-07,39.22,False
7,2019-02-08,32.33,False
8,2019-02-09,13.25,False
9,2019-02-10,2.12,False
10,2019-02-11,21.200000000000003,False
11,2019-02-12,32.86,False
12,2019-02-13,42.93,False
13,2019-02-14,35.510000000000005,False
14,2019-02-15,36.57,False
15,2019-02-16,13.25,False
16,2019-02-17,4.24,False
17,2019-02-18,23.85,False
18,2019-02-19,47.17,False
19,2019-02-20,39.22,False
20,2019-02-21,42.93,False
21,2019-02-22,46.64,False
22,2019-02-23,13.780000000000001,False
23,2019-02-24,9.01,False
24,2019-02-25,30.740000000000002,False
25,2019-02-26,49.29,False
26,2019-02-27,39.75,False
27,2019-02-28,51.410000000000004,False
0,2019-03-01,32.85,False
1,2019-03-02,18.900000000000002,False
2,2019-03-03,2.25,False
3,2019-03-04,37.800000000000004,False
4,2019-03-05,31.5,False
5,2019-03-06,34.65,False
6,2019-03-07,28.35,False
7,2019-03-08,25.2,False
8,2019-03-09,4.5,False
9,2019-03-10,8.55,False
10,2019-03-11,45.0,False
11,2019-03-12,35.1,False
12,2019-03-13,32.85,False
13,2019-03-14,33.300000000000004,False
14,2019-03-15,30.6,False
15,2019-03-16,8.55,False
16,2019-03-17,8.55,False
