,date,KO stock,isPartial
0,2012-01-01,0.0,False
1,2012-01-02,0.0,False
2,2012-01-03,5.880000000000001,False
3,2012-01-04,2.9400000000000004,False
4,2012-01-05,2.9400000000000004,False
5,2012-01-06,3.08,False
6,2012-01-07,0.0,False
7,2012-01-08,0.0,False
8,2012-01-09,5.74,False
9,2012-01-10,2.8000000000000003,False
10,2012-01-11,2.8000000000000003,False
11,2012-01-12,8.540000000000001,False
12,2012-01-13,2.9400000000000004,False
13,2012-01-14,3.3600000000000003,False
14,2012-01-15,3.3600000000000003,False
15,2012-01-16,0.0,False
16,2012-01-17,5.6000000000000005,False
17,2012-01-18,5.6000000000000005,False
18,2012-01-19,14.000000000000002,False
19,2012-01-20,0.0,False
20,2012-01-21,3.3600000000000003,False
21,2012-01-22,3.3600000000000003,False
22,2012-01-23,2.8000000000000003,False
23,2012-01-24,8.260000000000002,False
24,2012-01-25,2.8000000000000003,False
25,2012-01-26,11.340000000000002,False
26,2012-01-27,2.9400000000000004,False
27,2012-01-28,3.3600000000000003,False
28,2012-01-29,0.0,False
29,2012-01-30,0.0,False
30,2012-01-31,2.66,False
0,2012-02-01,5.51,False
1,2012-02-02,5.51,False
2,2012-02-03,11.4,False
3,2012-02-04,3.23,False
4,2012-02-05,0.0,False
5,2012-02-06,5.51,False
6,2012-02-07,19.0,False
7,2012-02-08,8.17,False
8,2012-02-09,2.66,False
9,2012-02-10,2.85,False
10,2012-02-11,6.46,False
11,2012-02-12,3.23,False
12,2012-02-13,2.66,False
13,2012-02-14,2.66,False
14,2012-02-15,0.0,False
15,2012-02-16,8.17,False
16,2012-02-17,8.55,False
17,2012-02-18,0.0,False
18,2012-02-19,0.0,False
19,2012-02-20,0.0,False
20,2012-02-21,5.7,False
21,2012-02-22,0.0,False
22,2012-02-23,8.17,False
23,2012-02-24,2.85,False
24,2012-02-25,3.23,False
25,2012-02-26,6.46,False
26,2012-02-27,13.3,False
27,2012-02-28,7.98,False
28,2012-02-29,2.66,False
0,2012-03-01,15.600000000000001,False
1,2012-03-02,10.600000000000001,False
2,2012-03-03,6.2,False
3,2012-03-04,0.0,False
4,2012-03-05,10.200000000000001,False
5,2012-03-06,4.800000000000001,False
6,2012-03-07,9.600000000000001,False
7,2012-03-08,7.4,False
8,2012-03-09,15.4,False
9,2012-03-10,0.0,False
10,2012-03-11,0.0,False
11,2012-03-12,7.2,False
12,2012-03-13,12.200000000000001,False
13,2012-03-14,14.8,False
14,2012-03-15,17.400000000000002,False
15,2012-03-16,13.0,False
16,2012-03-17,0.0,False
17,2012-03-18,0.0,False
18,2012-03-19,14.600000000000001,False
19,2012-03-20,12.200000000000001,False
20,2012-03-21,9.8,False
21,2012-03-22,5.0,False
22,2012-03-23,10.4,False
23,2012-03-24,12.200000000000001,False
24,2012-03-25,12.0,False
25,2012-03-26,7.2,False
26,2012-03-27,7.4,False
27,2012-03-28,12.4,False
28,2012-03-29,20.0,False
29,2012-03-30,15.8,False
30,2012-03-31,9.0,False
0,2012-04-01,0.0,False
1,2012-04-02,2.2,False
2,2012-04-03,4.4,False
3,2012-04-04,4.62,False
4,2012-04-05,2.42,False
5,2012-04-06,5.06,False
6,2012-04-07,5.5,False
7,2012-04-08,5.72,False
8,2012-04-09,2.64,False
9,2012-04-10,4.62,False
10,2012-04-11,0.0,False
11,2012-04-12,4.4,False
12,2012-04-13,2.42,False
13,2012-04-14,0.0,False
14,2012-04-15,0.0,False
15,2012-04-16,4.4,False
16,2012-04-17,4.4,False
17,2012-04-18,6.38,False
18,2012-04-19,6.6,False
19,2012-04-20,9.24,False
20,2012-04-21,10.56,False
21,2012-04-22,0.0,False
22,2012-04-23,10.56,False
23,2012-04-24,6.6,False
24,2012-04-25,8.8,False
25,2012-04-26,22.0,False
26,2012-04-27,16.28,False
27,2012-04-28,2.64,False
28,2012-04-29,8.14,False
29,2012-04-30,11.44,False
0,2012-05-01,17.38,False
1,2012-05-02,3.08,False
2,2012-05-03,12.76,False
3,2012-05-04,3.3,False
4,2012-05-05,11.66,False
5,2012-05-06,0.0,False
6,2012-05-07,15.84,False
7,2012-05-08,6.16,False
8,2012-05-09,6.38,False
9,2012-05-10,19.14,False
10,2012-05-11,0.0,False
11,2012-05-12,15.62,False
12,2012-05-13,0.0,False
13,2012-05-14,3.08,False
14,2012-05-15,3.08,False
15,2012-05-16,22.0,False
16,2012-05-17,13.2,False
17,2012-05-18,10.12,False
18,2012-05-19,3.96,False
19,2012-05-20,3.96,False
20,2012-05-21,9.24,False
21,2012-05-22,9.46,False
22,2012-05-23,6.38,False
23,2012-05-24,3.08,False
24,2012-05-25,3.3,False
25,2012-05-26,0.0,False
26,2012-05-27,3.96,False
27,2012-05-28,3.3,False
28,2012-05-29,9.24,False
29,2012-05-30,15.4,False
30,2012-05-31,6.16,False
0,2012-06-01,7.77,False
1,2012-06-02,11.129999999999999,False
2,2012-06-03,3.57,False
3,2012-06-04,10.29,False
4,2012-06-05,2.94,False
5,2012-06-06,5.88,False
6,2012-06-07,9.24,False
7,2012-06-08,7.77,False
8,2012-06-09,5.46,False
9,2012-06-10,7.35,False
10,2012-06-11,2.94,False
11,2012-06-12,2.94,False
12,2012-06-13,10.5,False
13,2012-06-14,0.0,False
14,2012-06-15,18.9,False
15,2012-06-16,7.35,False
16,2012-06-17,3.78,False
17,2012-06-18,2.94,False
18,2012-06-19,2.94,False
19,2012-06-20,5.88,False
20,2012-06-21,10.5,False
21,2012-06-22,4.83,False
22,2012-06-23,3.78,False
23,2012-06-24,5.67,False
24,2012-06-25,5.88,False
25,2012-06-26,8.82,False
26,2012-06-27,21.0,False
27,2012-06-28,7.56,False
28,2012-06-29,17.64,False
29,2012-06-30,3.78,False
0,2012-07-01,0.0,False
1,2012-07-02,10.729999999999999,False
2,2012-07-03,15.95,False
3,2012-07-04,0.0,False
4,2012-07-05,5.51,False
5,2012-07-06,5.8,False
6,2012-07-07,6.959999999999999,False
7,2012-07-08,0.0,False
8,2012-07-09,16.24,False
9,2012-07-10,26.97,False
10,2012-07-11,11.02,False
11,2012-07-12,0.0,False
12,2012-07-13,0.0,False
13,2012-07-14,20.299999999999997,False
14,2012-07-15,0.0,False
15,2012-07-16,0.0,False
16,2012-07-17,21.459999999999997,False
17,2012-07-18,5.51,False
18,2012-07-19,22.33,False
19,2012-07-20,11.309999999999999,False
20,2012-07-21,0.0,False
21,2012-07-22,6.959999999999999,False
22,2012-07-23,10.729999999999999,False
23,2012-07-24,16.24,False
24,2012-07-25,16.529999999999998,False
25,2012-07-26,16.82,False
26,2012-07-27,28.999999999999996,False
27,2012-07-28,20.299999999999997,False
28,2012-07-29,13.34,False
29,2012-07-30,26.68,False
30,2012-07-31,21.75,False
0,2012-08-01,14.4,False
1,2012-08-02,8.4,False
2,2012-08-03,12.0,False
3,2012-08-04,3.6,False
4,2012-08-05,0.0,False
5,2012-08-06,20.0,False
6,2012-08-07,17.2,False
7,2012-08-08,14.4,False
8,2012-08-09,11.600000000000001,False
9,2012-08-10,8.8,False
10,2012-08-11,14.0,False
11,2012-08-12,3.6,False
12,2012-08-13,40.0,False
13,2012-08-14,28.400000000000002,False
14,2012-08-15,17.6,False
15,2012-08-16,8.8,False
16,2012-08-17,9.200000000000001,False
17,2012-08-18,7.2,False
18,2012-08-19,7.2,False
19,2012-08-20,14.8,False
20,2012-08-21,11.600000000000001,False
21,2012-08-22,14.0,False
22,2012-08-23,14.4,False
23,2012-08-24,20.8,False
24,2012-08-25,0.0,False
25,2012-08-26,3.2,False
26,2012-08-27,10.8,False
27,2012-08-28,11.200000000000001,False
28,2012-08-29,2.8000000000000003,False
29,2012-08-30,8.4,False
30,2012-08-31,5.6000000000000005,False
0,2012-09-01,10.080000000000002,False
1,2012-09-02,5.040000000000001,False
2,2012-09-03,4.2,False
3,2012-09-04,14.000000000000002,False
4,2012-09-05,22.12,False
5,2012-09-06,16.520000000000003,False
6,2012-09-07,28.000000000000004,False
7,2012-09-08,9.8,False
8,2012-09-09,7.280000000000001,False
9,2012-09-10,7.840000000000001,False
10,2012-09-11,7.840000000000001,False
11,2012-09-12,15.96,False
12,2012-09-13,14.000000000000002,False
13,2012-09-14,18.76,False
14,2012-09-15,7.280000000000001,False
15,2012-09-16,7.280000000000001,False
16,2012-09-17,6.16,False
17,2012-09-18,13.72,False
18,2012-09-19,7.840000000000001,False
19,2012-09-20,20.160000000000004,False
20,2012-09-21,18.76,False
21,2012-09-22,9.520000000000001,False
22,2012-09-23,9.520000000000001,False
23,2012-09-24,17.64,False
24,2012-09-25,7.840000000000001,False
25,2012-09-26,12.040000000000001,False
26,2012-09-27,20.160000000000004,False
27,2012-09-28,16.8,False
28,2012-09-29,4.760000000000001,False
29,2012-09-30,4.760000000000001,False
0,2012-10-01,6.72,False
1,2012-10-02,16.8,False
2,2012-10-03,8.4,False
3,2012-10-04,11.76,False
4,2012-10-05,10.32,False
5,2012-10-06,6.0,False
6,2012-10-07,3.84,False
7,2012-10-08,12.959999999999999,False
8,2012-10-09,19.439999999999998,False
9,2012-10-10,14.639999999999999,False
10,2012-10-11,11.52,False
11,2012-10-12,13.92,False
12,2012-10-13,9.84,False
13,2012-10-14,7.68,False
14,2012-10-15,14.399999999999999,False
15,2012-10-16,24.0,False
16,2012-10-17,21.119999999999997,False
17,2012-10-18,16.32,False
18,2012-10-19,8.4,False
19,2012-10-20,0.0,False
20,2012-10-21,3.84,False
21,2012-10-22,12.959999999999999,False
22,2012-10-23,11.28,False
23,2012-10-24,8.16,False
24,2012-10-25,8.16,False
25,2012-10-26,12.24,False
26,2012-10-27,6.0,False
27,2012-10-28,0.0,False
28,2012-10-29,4.56,False
29,2012-10-30,4.8,False
30,2012-10-31,9.84,False
0,2012-11-01,5.88,False
1,2012-11-02,2.94,False
2,2012-11-03,3.36,False
3,2012-11-04,0.0,False
4,2012-11-05,13.44,False
5,2012-11-06,7.9799999999999995,False
6,2012-11-07,7.9799999999999995,False
7,2012-11-08,11.129999999999999,False
8,2012-11-09,5.67,False
9,2012-11-10,6.51,False
10,2012-11-11,0.0,False
11,2012-11-12,16.38,False
12,2012-11-13,5.46,False
13,2012-11-14,2.73,False
14,2012-11-15,11.129999999999999,False
15,2012-11-16,0.0,False
16,2012-11-17,3.15,False
17,2012-11-18,0.0,False
18,2012-11-19,7.9799999999999995,False
19,2012-11-20,5.25,False
20,2012-11-21,2.73,False
21,2012-11-22,8.4,False
22,2012-11-23,5.88,False
23,2012-11-24,3.15,False
24,2012-11-25,0.0,False
25,2012-11-26,13.229999999999999,False
26,2012-11-27,21.0,False
27,2012-11-28,13.229999999999999,False
28,2012-11-29,13.44,False
29,2012-11-30,8.4,False
0,2012-12-01,4.37,False
1,2012-12-02,4.37,False
2,2012-12-03,5.51,False
3,2012-12-04,12.73,False
4,2012-12-05,18.62,False
5,2012-12-06,7.6,False
6,2012-12-07,11.78,False
7,2012-12-08,4.5600000000000005,False
8,2012-12-09,13.11,False
9,2012-12-10,7.22,False
10,2012-12-11,9.120000000000001,False
11,2012-12-12,11.21,False
12,2012-12-13,5.7,False
13,2012-12-14,11.59,False
14,2012-12-15,0.0,False
15,2012-12-16,4.37,False
16,2012-12-17,18.43,False
17,2012-12-18,16.72,False
18,2012-12-19,19.0,False
19,2012-12-20,11.59,False
20,2012-12-21,6.08,False
21,2012-12-22,6.84,False
22,2012-12-23,4.75,False
23,2012-12-24,4.5600000000000005,False
24,2012-12-25,4.94,False
25,2012-12-26,6.2700000000000005,False
26,2012-12-27,7.98,False
27,2012-12-28,4.18,False
28,2012-12-29,6.84,False
29,2012-12-30,9.120000000000001,False
30,2012-12-31,9.120000000000001,False
0,2013-01-01,12.88,False
1,2013-01-02,25.480000000000004,False
2,2013-01-03,14.840000000000002,False
3,2013-01-04,28.000000000000004,False
4,2013-01-05,17.080000000000002,False
5,2013-01-06,11.48,False
6,2013-01-07,24.360000000000003,False
7,2013-01-08,19.32,False
8,2013-01-09,26.320000000000004,False
9,2013-01-10,14.280000000000001,False
10,2013-01-11,17.360000000000003,False
11,2013-01-12,11.200000000000001,False
12,2013-01-13,5.6000000000000005,False
13,2013-01-14,14.280000000000001,False
14,2013-01-15,18.76,False
15,2013-01-16,16.520000000000003,False
16,2013-01-17,23.8,False
17,2013-01-18,5.040000000000001,False
18,2013-01-19,14.000000000000002,False
19,2013-01-20,0.0,False
20,2013-01-21,9.24,False
21,2013-01-22,16.240000000000002,False
22,2013-01-23,19.040000000000003,False
23,2013-01-24,9.520000000000001,False
24,2013-01-25,14.840000000000002,False
25,2013-01-26,5.6000000000000005,False
26,2013-01-27,0.0,False
27,2013-01-28,18.48,False
28,2013-01-29,22.96,False
29,2013-01-30,14.000000000000002,False
30,2013-01-31,14.000000000000002,False
0,2013-02-01,9.299999999999999,False
1,2013-02-02,8.7,False
2,2013-02-03,3.3,False
3,2013-02-04,7.199999999999999,False
4,2013-02-05,12.9,False
5,2013-02-06,14.7,False
6,2013-02-07,30.0,False
7,2013-02-08,10.799999999999999,False
8,2013-02-09,7.199999999999999,False
9,2013-02-10,3.5999999999999996,False
10,2013-02-11,10.5,False
11,2013-02-12,21.0,False
12,2013-02-13,22.2,False
13,2013-02-14,19.5,False
14,2013-02-15,18.599999999999998,False
15,2013-02-16,5.1,False
16,2013-02-17,6.8999999999999995,False
17,2013-02-18,8.7,False
18,2013-02-19,11.7,False
19,2013-02-20,20.4,False
20,2013-02-21,11.7,False
21,2013-02-22,18.3,False
22,2013-02-23,10.2,False
23,2013-02-24,5.1,False
24,2013-02-25,6.8999999999999995,False
25,2013-02-26,9.9,False
26,2013-02-27,18.599999999999998,False
27,2013-02-28,14.7,False
0,2013-03-01,12.24,False
1,2013-03-02,5.44,False
2,2013-03-03,5.44,False
3,2013-03-04,11.56,False
4,2013-03-05,25.500000000000004,False
5,2013-03-06,32.300000000000004,False
6,2013-03-07,30.6,False
7,2013-03-08,34.0,False
8,2013-03-09,5.44,False
9,2013-03-10,10.88,False
10,2013-03-11,27.200000000000003,False
11,2013-03-12,15.98,False
12,2013-03-13,31.62,False
13,2013-03-14,20.740000000000002,False
14,2013-03-15,19.040000000000003,False
15,2013-03-16,13.600000000000001,False
16,2013-03-17,5.44,False
17,2013-03-18,22.78,False
18,2013-03-19,11.22,False
19,2013-03-20,20.740000000000002,False
20,2013-03-21,23.12,False
21,2013-03-22,26.180000000000003,False
22,2013-03-23,5.44,False
23,2013-03-24,8.16,False
24,2013-03-25,11.56,False
25,2013-03-26,20.740000000000002,False
26,2013-03-27,14.280000000000001,False
27,2013-03-28,27.200000000000003,False
28,2013-03-29,18.700000000000003,False
29,2013-03-30,11.22,False
30,2013-03-31,11.56,False
0,2013-04-01,14.7,False
1,2013-04-02,15.749999999999998,False
2,2013-04-03,14.0,False
3,2013-04-04,17.849999999999998,False
4,2013-04-05,10.85,False
5,2013-04-06,6.3,False
6,2013-04-07,0.0,False
7,2013-04-08,10.5,False
8,2013-04-09,24.15,False
9,2013-04-10,22.75,False
10,2013-04-11,19.25,False
11,2013-04-12,16.45,False
12,2013-04-13,6.3,False
13,2013-04-14,6.3,False
14,2013-04-15,19.25,False
15,2013-04-16,35.0,False
16,2013-04-17,24.5,False
17,2013-04-18,16.099999999999998,False
18,2013-04-19,22.049999999999997,False
19,2013-04-20,12.6,False
20,2013-04-21,6.3,False
21,2013-04-22,19.25,False
22,2013-04-23,26.599999999999998,False
23,2013-04-24,15.749999999999998,False
24,2013-04-25,22.049999999999997,False
25,2013-04-26,14.7,False
26,2013-04-27,10.5,False
27,2013-04-28,10.5,False
28,2013-04-29,17.5,False
29,2013-04-30,21.349999999999998,False
0,2013-05-01,20.46,False
1,2013-05-02,18.810000000000002,False
2,2013-05-03,33.0,False
3,2013-05-04,7.590000000000001,False
4,2013-05-05,0.0,False
5,2013-05-06,12.540000000000001,False
6,2013-05-07,12.21,False
7,2013-05-08,25.080000000000002,False
8,2013-05-09,12.540000000000001,False
9,2013-05-10,26.400000000000002,False
10,2013-05-11,3.6300000000000003,False
11,2013-05-12,3.6300000000000003,False
12,2013-05-13,15.180000000000001,False
13,2013-05-14,8.91,False
14,2013-05-15,12.21,False
15,2013-05-16,15.510000000000002,False
16,2013-05-17,12.870000000000001,False
17,2013-05-18,0.0,False
18,2013-05-19,3.6300000000000003,False
19,2013-05-20,9.24,False
20,2013-05-21,2.97,False
21,2013-05-22,15.180000000000001,False
22,2013-05-23,6.2700000000000005,False
23,2013-05-24,15.84,False
24,2013-05-25,7.590000000000001,False
25,2013-05-26,11.22,False
26,2013-05-27,9.24,False
27,2013-05-28,11.88,False
28,2013-05-29,11.88,False
29,2013-05-30,31.020000000000003,False
30,2013-05-31,12.870000000000001,False
0,2013-06-01,8.7,False
1,2013-06-02,6.38,False
2,2013-06-03,26.68,False
3,2013-06-04,15.95,False
4,2013-06-05,24.939999999999998,False
5,2013-06-06,7.249999999999999,False
6,2013-06-07,18.56,False
7,2013-06-08,8.7,False
8,2013-06-09,8.7,False
9,2013-06-10,13.919999999999998,False
10,2013-06-11,6.959999999999999,False
11,2013-06-12,14.209999999999999,False
12,2013-06-13,17.98,False
13,2013-06-14,15.079999999999998,False
14,2013-06-15,4.35,False
15,2013-06-16,13.049999999999999,False
16,2013-06-17,3.4799999999999995,False
17,2013-06-18,14.209999999999999,False
18,2013-06-19,12.469999999999999,False
19,2013-06-20,28.999999999999996,False
20,2013-06-21,15.37,False
21,2013-06-22,0.0,False
22,2013-06-23,4.35,False
23,2013-06-24,17.98,False
24,2013-06-25,17.689999999999998,False
25,2013-06-26,8.99,False
26,2013-06-27,25.52,False
27,2013-06-28,15.37,False
28,2013-06-29,13.34,False
29,2013-06-30,0.0,False
0,2013-07-01,15.08,False
1,2013-07-02,10.66,False
2,2013-07-03,15.34,False
3,2013-07-04,3.12,False
4,2013-07-05,6.76,False
5,2013-07-06,11.700000000000001,False
6,2013-07-07,7.800000000000001,False
7,2013-07-08,10.66,False
8,2013-07-09,18.46,False
9,2013-07-10,6.24,False
10,2013-07-11,17.16,False
11,2013-07-12,21.32,False
12,2013-07-13,7.54,False
13,2013-07-14,5.720000000000001,False
14,2013-07-15,9.36,False
15,2013-07-16,26.0,False
16,2013-07-17,15.600000000000001,False
17,2013-07-18,17.16,False
18,2013-07-19,9.620000000000001,False
19,2013-07-20,5.720000000000001,False
20,2013-07-21,7.54,False
21,2013-07-22,16.900000000000002,False
22,2013-07-23,7.54,False
23,2013-07-24,13.780000000000001,False
24,2013-07-25,10.92,False
25,2013-07-26,8.06,False
26,2013-07-27,5.720000000000001,False
27,2013-07-28,3.64,False
28,2013-07-29,11.96,False
29,2013-07-30,21.060000000000002,False
30,2013-07-31,10.66,False
0,2013-08-01,29.240000000000002,False
1,2013-08-02,13.940000000000001,False
2,2013-08-03,15.98,False
3,2013-08-04,19.040000000000003,False
4,2013-08-05,25.840000000000003,False
5,2013-08-06,23.8,False
6,2013-08-07,21.080000000000002,False
7,2013-08-08,27.200000000000003,False
8,2013-08-09,19.380000000000003,False
9,2013-08-10,9.520000000000001,False
10,2013-08-11,6.460000000000001,False
11,2013-08-12,34.0,False
12,2013-08-13,33.660000000000004,False
13,2013-08-14,21.080000000000002,False
14,2013-08-15,24.82,False
15,2013-08-16,27.880000000000003,False
16,2013-08-17,19.040000000000003,False
17,2013-08-18,12.58,False
18,2013-08-19,28.560000000000002,False
19,2013-08-20,30.94,False
20,2013-08-21,25.500000000000004,False
21,2013-08-22,18.360000000000003,False
22,2013-08-23,24.48,False
23,2013-08-24,18.700000000000003,False
24,2013-08-25,12.24,False
25,2013-08-26,12.58,False
26,2013-08-27,20.060000000000002,False
27,2013-08-28,30.26,False
28,2013-08-29,20.400000000000002,False
29,2013-08-30,15.98,False
30,2013-08-31,6.12,False
0,2013-09-01,9.9,False
1,2013-09-02,8.4,False
2,2013-09-03,20.4,False
3,2013-09-04,16.8,False
4,2013-09-05,8.4,False
5,2013-09-06,21.9,False
6,2013-09-07,10.2,False
7,2013-09-08,4.8,False
8,2013-09-09,16.5,False
9,2013-09-10,8.1,False
10,2013-09-11,12.299999999999999,False
11,2013-09-12,12.299999999999999,False
12,2013-09-13,30.0,False
13,2013-09-14,14.7,False
14,2013-09-15,9.6,False
15,2013-09-16,16.2,False
16,2013-09-17,20.099999999999998,False
17,2013-09-18,24.599999999999998,False
18,2013-09-19,8.1,False
19,2013-09-20,17.4,False
20,2013-09-21,9.9,False
21,2013-09-22,0.0,False
22,2013-09-23,24.9,False
23,2013-09-24,16.2,False
24,2013-09-25,8.1,False
25,2013-09-26,8.4,False
26,2013-09-27,12.9,False
27,2013-09-28,0.0,False
28,2013-09-29,0.0,False
29,2013-09-30,20.099999999999998,False
0,2013-10-01,18.62,False
1,2013-10-02,38.0,False
2,2013-10-03,26.6,False
3,2013-10-04,34.58,False
4,2013-10-05,14.06,False
5,2013-10-06,16.72,False
6,2013-10-07,21.28,False
7,2013-10-08,18.62,False
8,2013-10-09,21.28,False
9,2013-10-10,28.88,False
10,2013-10-11,20.14,False
11,2013-10-12,11.78,False
12,2013-10-13,11.4,False
13,2013-10-14,16.72,False
14,2013-10-15,28.88,False
15,2013-10-16,21.28,False
16,2013-10-17,36.1,False
17,2013-10-18,20.14,False
18,2013-10-19,22.42,False
19,2013-10-20,11.02,False
20,2013-10-21,20.9,False
21,2013-10-22,18.62,False
22,2013-10-23,25.46,False
23,2013-10-24,16.72,False
24,2013-10-25,26.98,False
25,2013-10-26,16.72,False
26,2013-10-27,13.68,False
27,2013-10-28,20.52,False
28,2013-10-29,30.02,False
29,2013-10-30,14.06,False
30,2013-10-31,28.88,False
0,2013-11-01,16.32,False
1,2013-11-02,7.199999999999999,False
2,2013-11-03,5.279999999999999,False
3,2013-11-04,17.759999999999998,False
4,2013-11-05,11.76,False
5,2013-11-06,7.4399999999999995,False
6,2013-11-07,18.0,False
7,2013-11-08,17.28,False
8,2013-11-09,7.199999999999999,False
9,2013-11-10,12.0,False
10,2013-11-11,11.76,False
11,2013-11-12,13.2,False
12,2013-11-13,14.639999999999999,False
13,2013-11-14,24.0,False
14,2013-11-15,18.72,False
15,2013-11-16,6.96,False
16,2013-11-17,13.92,False
17,2013-11-18,13.2,False
18,2013-11-19,18.96,False
19,2013-11-20,4.32,False
20,2013-11-21,13.44,False
21,2013-11-22,10.799999999999999,False
22,2013-11-23,5.279999999999999,False
23,2013-11-24,0.0,False
24,2013-11-25,14.399999999999999,False
25,2013-11-26,17.52,False
26,2013-11-27,13.2,False
27,2013-11-28,15.84,False
28,2013-11-29,7.92,False
29,2013-11-30,3.5999999999999996,False
0,2013-12-01,3.75,False
1,2013-12-02,3.25,False
2,2013-12-03,6.5,False
3,2013-12-04,13.0,False
4,2013-12-05,13.0,False
5,2013-12-06,20.75,False
6,2013-12-07,4.0,False
7,2013-12-08,7.75,False
8,2013-12-09,6.5,False
9,2013-12-10,9.75,False
10,2013-12-11,6.5,False
11,2013-12-12,6.75,False
12,2013-12-13,17.5,False
13,2013-12-14,8.0,False
14,2013-12-15,4.0,False
15,2013-12-16,23.0,False
16,2013-12-17,20.0,False
17,2013-12-18,13.75,False
18,2013-12-19,17.25,False
19,2013-12-20,14.75,False
20,2013-12-21,4.0,False
21,2013-12-22,8.25,False
22,2013-12-23,11.0,False
23,2013-12-24,20.5,False
24,2013-12-25,4.5,False
25,2013-12-26,11.25,False
26,2013-12-27,18.25,False
27,2013-12-28,19.75,False
28,2013-12-29,0.0,False
29,2013-12-30,25.0,False
30,2013-12-31,8.0,False
0,2014-01-01,3.7199999999999998,False
1,2014-01-02,31.0,False
2,2014-01-03,21.7,False
3,2014-01-04,3.41,False
4,2014-01-05,0.0,False
5,2014-01-06,5.89,False
6,2014-01-07,23.56,False
7,2014-01-08,2.79,False
8,2014-01-09,11.78,False
9,2014-01-10,18.29,False
10,2014-01-11,6.82,False
11,2014-01-12,9.92,False
12,2014-01-13,14.26,False
13,2014-01-14,20.15,False
14,2014-01-15,2.79,False
15,2014-01-16,2.79,False
16,2014-01-17,21.08,False
17,2014-01-18,3.41,False
18,2014-01-19,0.0,False
19,2014-01-20,2.79,False
20,2014-01-21,28.52,False
21,2014-01-22,22.63,False
22,2014-01-23,17.36,False
23,2014-01-24,8.99,False
24,2014-01-25,16.74,False
25,2014-01-26,3.41,False
26,2014-01-27,19.84,False
27,2014-01-28,19.53,False
28,2014-01-29,17.05,False
29,2014-01-30,22.94,False
30,2014-01-31,8.99,False
0,2014-02-01,10.92,False
1,2014-02-02,7.14,False
2,2014-02-03,13.86,False
3,2014-02-04,23.099999999999998,False
4,2014-02-05,15.54,False
5,2014-02-06,29.82,False
6,2014-02-07,31.5,False
7,2014-02-08,16.38,False
8,2014-02-09,10.5,False
9,2014-02-10,12.18,False
10,2014-02-11,23.099999999999998,False
11,2014-02-12,24.36,False
12,2014-02-13,24.779999999999998,False
13,2014-02-14,19.32,False
14,2014-02-15,16.38,False
15,2014-02-16,10.92,False
16,2014-02-17,6.3,False
17,2014-02-18,41.16,False
18,2014-02-19,42.0,False
19,2014-02-20,20.58,False
20,2014-02-21,27.3,False
21,2014-02-22,3.78,False
22,2014-02-23,3.78,False
23,2014-02-24,12.18,False
24,2014-02-25,38.64,False
25,2014-02-26,24.36,False
26,2014-02-27,21.84,False
27,2014-02-28,27.72,False
0,2014-03-01,6.12,False
1,2014-03-02,9.36,False
2,2014-03-03,10.44,False
3,2014-03-04,10.799999999999999,False
4,2014-03-05,29.52,False
5,2014-03-06,26.64,False
6,2014-03-07,22.32,False
7,2014-03-08,0.0,False
8,2014-03-09,6.4799999999999995,False
9,2014-03-10,16.2,False
10,2014-03-11,18.36,False
11,2014-03-12,7.92,False
12,2014-03-13,16.2,False
13,2014-03-14,36.0,False
14,2014-03-15,6.12,False
15,2014-03-16,3.2399999999999998,False
16,2014-03-17,10.799999999999999,False
17,2014-03-18,12.959999999999999,False
18,2014-03-19,16.2,False
19,2014-03-20,21.24,False
20,2014-03-21,11.16,False
21,2014-03-22,21.96,False
22,2014-03-23,3.2399999999999998,False
23,2014-03-24,10.44,False
24,2014-03-25,12.959999999999999,False
25,2014-03-26,18.72,False
26,2014-03-27,24.119999999999997,False
27,2014-03-28,10.799999999999999,False
28,2014-03-29,3.2399999999999998,False
29,2014-03-30,0.0,False
30,2014-03-31,21.24,False
0,2014-04-01,12.25,False
1,2014-04-02,19.95,False
2,2014-04-03,15.049999999999999,False
3,2014-04-04,7.699999999999999,False
4,2014-04-05,5.949999999999999,False
5,2014-04-06,5.6,False
6,2014-04-07,14.7,False
7,2014-04-08,14.7,False
8,2014-04-09,4.8999999999999995,False
9,2014-04-10,35.0,False
10,2014-04-11,12.95,False
11,2014-04-12,3.15,False
12,2014-04-13,11.899999999999999,False
13,2014-04-14,15.049999999999999,False
14,2014-04-15,29.4,False
15,2014-04-16,22.75,False
16,2014-04-17,16.099999999999998,False
17,2014-04-18,2.8,False
18,2014-04-19,3.15,False
19,2014-04-20,3.15,False
20,2014-04-21,18.9,False
21,2014-04-22,12.25,False
22,2014-04-23,19.599999999999998,False
23,2014-04-24,22.4,False
24,2014-04-25,8.049999999999999,False
25,2014-04-26,2.8,False
26,2014-04-27,2.8,False
27,2014-04-28,2.4499999999999997,False
28,2014-04-29,29.4,False
29,2014-04-30,15.049999999999999,False
0,2014-05-01,32.4,False
1,2014-05-02,27.72,False
2,2014-05-03,7.199999999999999,False
3,2014-05-04,9.36,False
4,2014-05-05,23.759999999999998,False
5,2014-05-06,25.56,False
6,2014-05-07,17.64,False
7,2014-05-08,36.0,False
8,2014-05-09,12.24,False
9,2014-05-10,11.879999999999999,False
10,2014-05-11,9.36,False
11,2014-05-12,19.439999999999998,False
12,2014-05-13,30.599999999999998,False
13,2014-05-14,25.56,False
14,2014-05-15,19.8,False
15,2014-05-16,26.64,False
16,2014-05-17,7.199999999999999,False
17,2014-05-18,4.68,False
18,2014-05-19,25.56,False
19,2014-05-20,19.8,False
20,2014-05-21,15.12,False
21,2014-05-22,30.24,False
22,2014-05-23,31.68,False
23,2014-05-24,5.3999999999999995,False
24,2014-05-25,0.0,False
25,2014-05-26,4.32,False
26,2014-05-27,27.36,False
27,2014-05-28,17.28,False
28,2014-05-29,24.48,False
29,2014-05-30,24.84,False
30,2014-05-31,5.3999999999999995,False
0,2014-06-01,4.16,False
1,2014-06-02,17.6,False
2,2014-06-03,19.2,False
3,2014-06-04,22.72,False
4,2014-06-05,7.04,False
5,2014-06-06,20.8,False
6,2014-06-07,15.68,False
7,2014-06-08,4.48,False
8,2014-06-09,19.84,False
9,2014-06-10,21.76,False
10,2014-06-11,12.48,False
11,2014-06-12,16.0,False
12,2014-06-13,13.120000000000001,False
13,2014-06-14,4.48,False
14,2014-06-15,4.48,False
15,2014-06-16,14.08,False
16,2014-06-17,19.52,False
17,2014-06-18,12.48,False
18,2014-06-19,27.52,False
19,2014-06-20,21.12,False
20,2014-06-21,6.72,False
21,2014-06-22,4.48,False
22,2014-06-23,32.0,False
23,2014-06-24,16.0,False
24,2014-06-25,21.44,False
25,2014-06-26,8.96,False
26,2014-06-27,18.88,False
27,2014-06-28,8.96,False
28,2014-06-29,4.48,False
29,2014-06-30,19.84,False
0,2014-07-01,21.96,False
1,2014-07-02,14.76,False
2,2014-07-03,27.0,False
3,2014-07-04,7.92,False
4,2014-07-05,4.68,False
5,2014-07-06,9.0,False
6,2014-07-07,7.199999999999999,False
7,2014-07-08,10.799999999999999,False
8,2014-07-09,11.16,False
9,2014-07-10,14.76,False
10,2014-07-11,19.08,False
11,2014-07-12,4.32,False
12,2014-07-13,8.64,False
13,2014-07-14,10.799999999999999,False
14,2014-07-15,18.36,False
15,2014-07-16,22.32,False
16,2014-07-17,11.16,False
17,2014-07-18,7.56,False
18,2014-07-19,9.0,False
19,2014-07-20,4.32,False
20,2014-07-21,7.199999999999999,False
21,2014-07-22,36.0,False
22,2014-07-23,22.68,False
23,2014-07-24,22.32,False
24,2014-07-25,19.439999999999998,False
25,2014-07-26,9.0,False
26,2014-07-27,0.0,False
27,2014-07-28,18.72,False
28,2014-07-29,18.36,False
29,2014-07-30,22.32,False
30,2014-07-31,26.279999999999998,False
0,2014-08-01,11.22,False
1,2014-08-02,8.5,False
2,2014-08-03,8.5,False
3,2014-08-04,10.540000000000001,False
4,2014-08-05,13.940000000000001,False
5,2014-08-06,18.02,False
6,2014-08-07,25.500000000000004,False
7,2014-08-08,11.22,False
8,2014-08-09,8.84,False
9,2014-08-10,12.58,False
10,2014-08-11,7.140000000000001,False
11,2014-08-12,6.800000000000001,False
12,2014-08-13,10.540000000000001,False
13,2014-08-14,14.280000000000001,False
14,2014-08-15,15.3,False
15,2014-08-16,21.080000000000002,False
16,2014-08-17,4.08,False
17,2014-08-18,28.220000000000002,False
18,2014-08-19,17.34,False
19,2014-08-20,21.080000000000002,False
20,2014-08-21,10.540000000000001,False
21,2014-08-22,29.240000000000002,False
22,2014-08-23,0.0,False
23,2014-08-24,8.16,False
24,2014-08-25,24.14,False
25,2014-08-26,34.0,False
26,2014-08-27,20.400000000000002,False
27,2014-08-28,13.940000000000001,False
28,2014-08-29,18.02,False
29,2014-08-30,12.24,False
30,2014-08-31,4.08,False
0,2014-09-01,9.45,False
1,2014-09-02,12.18,False
2,2014-09-03,4.62,False
3,2014-09-04,6.3,False
4,2014-09-05,17.849999999999998,False
5,2014-09-06,5.67,False
6,2014-09-07,7.35,False
7,2014-09-08,15.33,False
8,2014-09-09,13.65,False
9,2014-09-10,9.24,False
10,2014-09-11,13.86,False
11,2014-09-12,11.34,False
12,2014-09-13,11.129999999999999,False
13,2014-09-14,3.57,False
14,2014-09-15,9.24,False
15,2014-09-16,7.56,False
16,2014-09-17,15.33,False
17,2014-09-18,13.86,False
18,2014-09-19,11.34,False
19,2014-09-20,10.92,False
20,2014-09-21,3.57,False
21,2014-09-22,15.12,False
22,2014-09-23,12.18,False
23,2014-09-24,9.24,False
24,2014-09-25,15.54,False
25,2014-09-26,21.0,False
26,2014-09-27,7.35,False
27,2014-09-28,0.0,False
28,2014-09-29,9.24,False
29,2014-09-30,10.709999999999999,False
0,2014-10-01,14.4,False
1,2014-10-02,18.0,False
2,2014-10-03,18.45,False
3,2014-10-04,7.2,False
4,2014-10-05,6.75,False
5,2014-10-06,8.55,False
6,2014-10-07,17.1,False
7,2014-10-08,22.95,False
8,2014-10-09,22.95,False
9,2014-10-10,30.150000000000002,False
10,2014-10-11,13.5,False
11,2014-10-12,6.75,False
12,2014-10-13,17.1,False
13,2014-10-14,22.5,False
14,2014-10-15,13.950000000000001,False
15,2014-10-16,11.25,False
16,2014-10-17,23.85,False
17,2014-10-18,0.0,False
18,2014-10-19,6.75,False
19,2014-10-20,28.35,False
20,2014-10-21,45.0,False
21,2014-10-22,42.75,False
22,2014-10-23,28.8,False
23,2014-10-24,9.0,False
24,2014-10-25,6.75,False
25,2014-10-26,0.0,False
26,2014-10-27,8.1,False
27,2014-10-28,11.25,False
28,2014-10-29,8.55,False
29,2014-10-30,17.55,False
30,2014-10-31,5.8500000000000005,False
0,2014-11-01,8.96,False
1,2014-11-02,6.44,False
2,2014-11-03,26.320000000000004,False
3,2014-11-04,24.080000000000002,False
4,2014-11-05,25.76,False
5,2014-11-06,20.44,False
6,2014-11-07,17.64,False
7,2014-11-08,8.96,False
8,2014-11-09,6.44,False
9,2014-11-10,18.48,False
10,2014-11-11,18.48,False
11,2014-11-12,18.200000000000003,False
12,2014-11-13,18.48,False
13,2014-11-14,21.000000000000004,False
14,2014-11-15,4.48,False
15,2014-11-16,4.2,False
16,2014-11-17,20.160000000000004,False
17,2014-11-18,21.840000000000003,False
18,2014-11-19,21.000000000000004,False
19,2014-11-20,28.000000000000004,False
20,2014-11-21,17.360000000000003,False
21,2014-11-22,17.080000000000002,False
22,2014-11-23,8.680000000000001,False
23,2014-11-24,7.280000000000001,False
24,2014-11-25,25.200000000000003,False
25,2014-11-26,18.48,False
26,2014-11-27,7.840000000000001,False
27,2014-11-28,13.440000000000001,False
28,2014-11-29,17.360000000000003,False
29,2014-11-30,8.4,False
0,2014-12-01,10.56,False
1,2014-12-02,11.84,False
2,2014-12-03,22.72,False
3,2014-12-04,13.76,False
4,2014-12-05,19.2,False
5,2014-12-06,8.96,False
6,2014-12-07,3.52,False
7,2014-12-08,17.28,False
8,2014-12-09,16.64,False
9,2014-12-10,16.96,False
10,2014-12-11,20.16,False
11,2014-12-12,16.32,False
12,2014-12-13,11.200000000000001,False
13,2014-12-14,12.8,False
14,2014-12-15,15.36,False
15,2014-12-16,21.76,False
16,2014-12-17,9.6,False
17,2014-12-18,12.8,False
18,2014-12-19,32.0,False
19,2014-12-20,11.52,False
20,2014-12-21,5.76,False
21,2014-12-22,19.52,False
22,2014-12-23,23.68,False
23,2014-12-24,28.48,False
24,2014-12-25,8.32,False
25,2014-12-26,10.88,False
26,2014-12-27,16.64,False
27,2014-12-28,3.84,False
28,2014-12-29,23.04,False
29,2014-12-30,18.240000000000002,False
30,2014-12-31,20.48,False
0,2015-01-01,8.4,False
1,2015-01-02,19.2,False
2,2015-01-03,22.5,False
3,2015-01-04,9.9,False
4,2015-01-05,12.9,False
5,2015-01-06,30.0,False
6,2015-01-07,27.3,False
7,2015-01-08,29.4,False
8,2015-01-09,21.599999999999998,False
9,2015-01-10,12.0,False
10,2015-01-11,7.199999999999999,False
11,2015-01-12,10.5,False
12,2015-01-13,6.3,False
13,2015-01-14,18.599999999999998,False
14,2015-01-15,23.099999999999998,False
15,2015-01-16,23.7,False
16,2015-01-17,12.299999999999999,False
17,2015-01-18,4.8,False
18,2015-01-19,4.2,False
19,2015-01-20,20.4,False
20,2015-01-21,18.3,False
21,2015-01-22,26.7,False
22,2015-01-23,15.0,False
23,2015-01-24,16.8,False
24,2015-01-25,12.0,False
25,2015-01-26,24.3,False
26,2015-01-27,26.4,False
27,2015-01-28,8.1,False
28,2015-01-29,10.2,False
29,2015-01-30,21.3,False
30,2015-01-31,12.0,False
0,2015-02-01,14.399999999999999,False
1,2015-02-02,22.5,False
2,2015-02-03,5.1,False
3,2015-02-04,17.4,False
4,2015-02-05,22.8,False
5,2015-02-06,10.5,False
6,2015-02-07,3.0,False
7,2015-02-08,3.0,False
8,2015-02-09,20.099999999999998,False
9,2015-02-10,30.0,False
10,2015-02-11,7.5,False
11,2015-02-12,20.4,False
12,2015-02-13,21.3,False
13,2015-02-14,3.0,False
14,2015-02-15,6.0,False
15,2015-02-16,5.3999999999999995,False
16,2015-02-17,12.9,False
17,2015-02-18,18.0,False
18,2015-02-19,15.299999999999999,False
19,2015-02-20,10.799999999999999,False
20,2015-02-21,9.0,False
21,2015-02-22,0.0,False
22,2015-02-23,9.9,False
23,2015-02-24,7.5,False
24,2015-02-25,12.6,False
25,2015-02-26,17.7,False
26,2015-02-27,12.9,False
27,2015-02-28,5.7,False
0,2015-03-01,10.23,False
1,2015-03-02,25.080000000000002,False
2,2015-03-03,26.73,False
3,2015-03-04,33.0,False
4,2015-03-05,18.150000000000002,False
5,2015-03-06,20.46,False
6,2015-03-07,8.91,False
7,2015-03-08,14.190000000000001,False
8,2015-03-09,17.82,False
9,2015-03-10,17.82,False
10,2015-03-11,16.5,False
11,2015-03-12,25.740000000000002,False
12,2015-03-13,26.400000000000002,False
13,2015-03-14,10.56,False
14,2015-03-15,6.930000000000001,False
15,2015-03-16,21.12,False
16,2015-03-17,23.76,False
17,2015-03-18,21.12,False
18,2015-03-19,10.56,False
19,2015-03-20,27.720000000000002,False
20,2015-03-21,12.540000000000001,False
21,2015-03-22,6.930000000000001,False
22,2015-03-23,23.76,False
23,2015-03-24,19.14,False
24,2015-03-25,10.89,False
25,2015-03-26,15.510000000000002,False
26,2015-03-27,18.810000000000002,False
27,2015-03-28,7.590000000000001,False
28,2015-03-29,7.260000000000001,False
29,2015-03-30,22.44,False
30,2015-03-31,19.470000000000002,False
0,2015-04-01,18.700000000000003,False
1,2015-04-02,16.66,False
2,2015-04-03,8.84,False
3,2015-04-04,9.520000000000001,False
4,2015-04-05,0.0,False
5,2015-04-06,11.22,False
6,2015-04-07,15.64,False
7,2015-04-08,23.8,False
8,2015-04-09,7.82,False
9,2015-04-10,8.5,False
10,2015-04-11,6.12,False
11,2015-04-12,0.0,False
12,2015-04-13,7.82,False
13,2015-04-14,30.94,False
14,2015-04-15,18.360000000000003,False
15,2015-04-16,21.080000000000002,False
16,2015-04-17,8.16,False
17,2015-04-18,9.520000000000001,False
18,2015-04-19,3.06,False
19,2015-04-20,20.740000000000002,False
20,2015-04-21,26.520000000000003,False
21,2015-04-22,34.0,False
22,2015-04-23,15.98,False
23,2015-04-24,22.1,False
24,2015-04-25,6.12,False
25,2015-04-26,6.12,False
26,2015-04-27,15.64,False
27,2015-04-28,15.3,False
28,2015-04-29,18.360000000000003,False
29,2015-04-30,16.32,False
0,2015-05-01,7.83,False
1,2015-05-02,2.7,False
2,2015-05-03,2.7,False
3,2015-05-04,18.630000000000003,False
4,2015-05-05,25.650000000000002,False
5,2015-05-06,7.0200000000000005,False
6,2015-05-07,18.900000000000002,False
7,2015-05-08,12.420000000000002,False
8,2015-05-09,11.34,False
9,2015-05-10,5.67,False
10,2015-05-11,9.450000000000001,False
11,2015-05-12,13.770000000000001,False
12,2015-05-13,11.88,False
13,2015-05-14,12.15,False
14,2015-05-15,27.0,False
15,2015-05-16,8.370000000000001,False
16,2015-05-17,0.0,False
17,2015-05-18,13.770000000000001,False
18,2015-05-19,4.59,False
19,2015-05-20,7.0200000000000005,False
20,2015-05-21,16.470000000000002,False
21,2015-05-22,4.86,False
22,2015-05-23,5.67,False
23,2015-05-24,0.0,False
24,2015-05-25,4.86,False
25,2015-05-26,9.18,False
26,2015-05-27,18.36,False
27,2015-05-28,16.200000000000003,False
28,2015-05-29,9.72,False
29,2015-05-30,0.0,False
30,2015-05-31,2.7,False
0,2015-06-01,18.2,False
1,2015-06-02,23.45,False
2,2015-06-03,13.299999999999999,False
3,2015-06-04,22.75,False
4,2015-06-05,16.099999999999998,False
5,2015-06-06,8.049999999999999,False
6,2015-06-07,8.049999999999999,False
7,2015-06-08,13.299999999999999,False
8,2015-06-09,21.7,False
9,2015-06-10,35.0,False
10,2015-06-11,13.649999999999999,False
11,2015-06-12,8.75,False
12,2015-06-13,18.2,False
13,2015-06-14,8.049999999999999,False
14,2015-06-15,23.099999999999998,False
15,2015-06-16,23.099999999999998,False
16,2015-06-17,18.2,False
17,2015-06-18,27.299999999999997,False
18,2015-06-19,15.749999999999998,False
19,2015-06-20,4.199999999999999,False
20,2015-06-21,20.299999999999997,False
21,2015-06-22,19.95,False
22,2015-06-23,11.549999999999999,False
23,2015-06-24,25.2,False
24,2015-06-25,20.299999999999997,False
25,2015-06-26,12.25,False
26,2015-06-27,5.949999999999999,False
27,2015-06-28,12.25,False
28,2015-06-29,22.049999999999997,False
29,2015-06-30,23.45,False
0,2015-07-01,11.52,False
1,2015-07-02,22.72,False
2,2015-07-03,12.16,False
3,2015-07-04,0.0,False
4,2015-07-05,3.52,False
5,2015-07-06,14.08,False
6,2015-07-07,11.200000000000001,False
7,2015-07-08,25.6,False
8,2015-07-09,23.04,False
9,2015-07-10,17.6,False
10,2015-07-11,0.0,False
11,2015-07-12,6.72,False
12,2015-07-13,16.64,False
13,2015-07-14,11.200000000000001,False
14,2015-07-15,14.08,False
15,2015-07-16,32.0,False
16,2015-07-17,27.52,False
17,2015-07-18,14.4,False
18,2015-07-19,10.88,False
19,2015-07-20,14.72,False
20,2015-07-21,14.4,False
21,2015-07-22,16.96,False
22,2015-07-23,22.72,False
23,2015-07-24,17.6,False
24,2015-07-25,16.64,False
25,2015-07-26,9.92,False
26,2015-07-27,13.76,False
27,2015-07-28,13.76,False
28,2015-07-29,25.28,False
29,2015-07-30,16.96,False
30,2015-07-31,14.72,False
0,2015-08-01,5.3999999999999995,False
1,2015-08-02,8.1,False
2,2015-08-03,15.899999999999999,False
3,2015-08-04,13.5,False
4,2015-08-05,9.0,False
5,2015-08-06,13.799999999999999,False
6,2015-08-07,24.0,False
7,2015-08-08,5.3999999999999995,False
8,2015-08-09,2.6999999999999997,False
9,2015-08-10,4.5,False
10,2015-08-11,4.5,False
11,2015-08-12,9.0,False
12,2015-08-13,16.2,False
13,2015-08-14,7.199999999999999,False
14,2015-08-15,18.9,False
15,2015-08-16,2.6999999999999997,False
16,2015-08-17,15.6,False
17,2015-08-18,9.0,False
18,2015-08-19,6.6,False
19,2015-08-20,20.4,False
20,2015-08-21,25.5,False
21,2015-08-22,10.799999999999999,False
22,2015-08-23,2.6999999999999997,False
23,2015-08-24,30.0,False
24,2015-08-25,24.0,False
25,2015-08-26,19.8,False
26,2015-08-27,20.099999999999998,False
27,2015-08-28,27.9,False
28,2015-08-29,7.8,False
29,2015-08-30,5.1,False
30,2015-08-31,12.9,False
0,2015-09-01,25.5,False
1,2015-09-02,27.9,False
2,2015-09-03,30.0,False
3,2015-09-04,17.4,False
4,2015-09-05,10.799999999999999,False
5,2015-09-06,4.5,False
6,2015-09-07,9.6,False
7,2015-09-08,16.2,False
8,2015-09-09,19.8,False
9,2015-09-10,29.4,False
10,2015-09-11,17.099999999999998,False
11,2015-09-12,12.9,False
12,2015-09-13,8.4,False
13,2015-09-14,23.4,False
14,2015-09-15,25.2,False
15,2015-09-16,27.0,False
16,2015-09-17,10.799999999999999,False
17,2015-09-18,11.4,False
18,2015-09-19,15.0,False
19,2015-09-20,6.3,False
20,2015-09-21,15.899999999999999,False
21,2015-09-22,16.2,False
22,2015-09-23,19.8,False
23,2015-09-24,20.4,False
24,2015-09-25,24.9,False
25,2015-09-26,4.2,False
26,2015-09-27,8.4,False
27,2015-09-28,26.4,False
28,2015-09-29,8.7,False
29,2015-09-30,24.9,False
0,2015-10-01,22.2,False
1,2015-10-02,20.35,False
2,2015-10-03,12.95,False
3,2015-10-04,6.29,False
4,2015-10-05,29.6,False
5,2015-10-06,13.69,False
6,2015-10-07,22.2,False
7,2015-10-08,13.69,False
8,2015-10-09,17.02,False
9,2015-10-10,6.29,False
10,2015-10-11,3.33,False
11,2015-10-12,19.61,False
12,2015-10-13,21.83,False
13,2015-10-14,16.28,False
14,2015-10-15,8.14,False
15,2015-10-16,37.0,False
16,2015-10-17,9.62,False
17,2015-10-18,9.25,False
18,2015-10-19,18.87,False
19,2015-10-20,21.46,False
20,2015-10-21,21.83,False
21,2015-10-22,27.75,False
22,2015-10-23,22.94,False
23,2015-10-24,19.24,False
24,2015-10-25,6.29,False
25,2015-10-26,21.46,False
26,2015-10-27,21.83,False
27,2015-10-28,13.32,False
28,2015-10-29,16.28,False
29,2015-10-30,14.43,False
30,2015-10-31,6.66,False
0,2015-11-01,0.0,False
1,2015-11-02,12.48,False
2,2015-11-03,18.56,False
3,2015-11-04,24.96,False
4,2015-11-05,18.88,False
5,2015-11-06,22.72,False
6,2015-11-07,0.0,False
7,2015-11-08,10.88,False
8,2015-11-09,21.44,False
9,2015-11-10,24.96,False
10,2015-11-11,9.6,False
11,2015-11-12,32.0,False
12,2015-11-13,22.72,False
13,2015-11-14,0.0,False
14,2015-11-15,3.52,False
15,2015-11-16,12.48,False
16,2015-11-17,31.04,False
17,2015-11-18,15.36,False
18,2015-11-19,25.6,False
19,2015-11-20,19.2,False
20,2015-11-21,22.080000000000002,False
21,2015-11-22,14.4,False
22,2015-11-23,18.56,False
23,2015-11-24,9.28,False
24,2015-11-25,27.84,False
25,2015-11-26,6.4,False
26,2015-11-27,6.4,False
27,2015-11-28,0.0,False
28,2015-11-29,0.0,False
29,2015-11-30,21.44,False
0,2015-12-01,10.54,False
1,2015-12-02,13.02,False
2,2015-12-03,10.85,False
3,2015-12-04,2.79,False
4,2015-12-05,6.2,False
5,2015-12-06,3.1,False
6,2015-12-07,18.29,False
7,2015-12-08,13.33,False
8,2015-12-09,7.75,False
9,2015-12-10,16.12,False
10,2015-12-11,13.64,False
11,2015-12-12,9.3,False
12,2015-12-13,6.2,False
13,2015-12-14,13.02,False
14,2015-12-15,18.91,False
15,2015-12-16,19.22,False
16,2015-12-17,31.0,False
17,2015-12-18,17.669999999999998,False
18,2015-12-19,9.92,False
19,2015-12-20,6.51,False
20,2015-12-21,11.16,False
21,2015-12-22,25.73,False
22,2015-12-23,8.99,False
23,2015-12-24,6.82,False
24,2015-12-25,0.0,False
25,2015-12-26,9.92,False
26,2015-12-27,9.92,False
27,2015-12-28,11.78,False
28,2015-12-29,17.669999999999998,False
29,2015-12-30,11.78,False
30,2015-12-31,6.51,False
0,2016-01-01,4.81,False
1,2016-01-02,4.4399999999999995,False
2,2016-01-03,0.0,False
3,2016-01-04,14.8,False
4,2016-01-05,30.34,False
5,2016-01-06,18.87,False
6,2016-01-07,37.0,False
7,2016-01-08,26.64,False
8,2016-01-09,17.02,False
9,2016-01-10,8.14,False
10,2016-01-11,25.53,False
11,2016-01-12,25.53,False
12,2016-01-13,21.83,False
13,2016-01-14,14.43,False
14,2016-01-15,34.41,False
15,2016-01-16,0.0,False
16,2016-01-17,12.209999999999999,False
17,2016-01-18,11.1,False
18,2016-01-19,14.43,False
19,2016-01-20,14.8,False
20,2016-01-21,25.9,False
21,2016-01-22,22.94,False
22,2016-01-23,4.07,False
23,2016-01-24,8.51,False
24,2016-01-25,11.1,False
25,2016-01-26,11.1,False
26,2016-01-27,10.73,False
27,2016-01-28,25.9,False
28,2016-01-29,30.71,False
29,2016-01-30,0.0,False
30,2016-01-31,16.65,False
0,2016-02-01,15.48,False
1,2016-02-02,6.02,False
2,2016-02-03,30.96,False
3,2016-02-04,12.47,False
4,2016-02-05,19.35,False
5,2016-02-06,21.5,False
6,2016-02-07,3.44,False
7,2016-02-08,24.94,False
8,2016-02-09,22.36,False
9,2016-02-10,30.96,False
10,2016-02-11,21.5,False
11,2016-02-12,15.91,False
12,2016-02-13,10.32,False
13,2016-02-14,3.44,False
14,2016-02-15,6.02,False
15,2016-02-16,33.54,False
16,2016-02-17,30.96,False
17,2016-02-18,43.0,False
18,2016-02-19,18.919999999999998,False
19,2016-02-20,3.44,False
20,2016-02-21,17.63,False
21,2016-02-22,12.04,False
22,2016-02-23,30.099999999999998,False
23,2016-02-24,18.06,False
24,2016-02-25,18.49,False
25,2016-02-26,25.37,False
26,2016-02-27,17.63,False
27,2016-02-28,6.88,False
28,2016-02-29,23.65,False
0,2016-03-01,34.45,False
1,2016-03-02,20.67,False
2,2016-03-03,37.63,False
3,2016-03-04,25.44,False
4,2016-03-05,12.72,False
5,2016-03-06,10.600000000000001,False
6,2016-03-07,23.85,False
7,2016-03-08,41.34,False
8,2016-03-09,28.09,False
9,2016-03-10,39.75,False
10,2016-03-11,53.0,False
11,2016-03-12,8.48,False
12,2016-03-13,8.48,False
13,2016-03-14,33.92,False
14,2016-03-15,41.34,False
15,2016-03-16,35.510000000000005,False
16,2016-03-17,30.740000000000002,False
17,2016-03-18,25.970000000000002,False
18,2016-03-19,6.36,False
19,2016-03-20,10.600000000000001,False
20,2016-03-21,30.21,False
21,2016-03-22,43.99,False
22,2016-03-23,15.370000000000001,False
23,2016-03-24,31.8,False
24,2016-03-25,10.600000000000001,False
25,2016-03-26,11.13,False
26,2016-03-27,18.02,False
27,2016-03-28,33.39,False
28,2016-03-29,41.34,False
29,2016-03-30,37.63,False
30,2016-03-31,36.04,False
0,2016-04-01,21.93,False
1,2016-04-02,5.61,False
2,2016-04-03,0.0,False
3,2016-04-04,32.13,False
4,2016-04-05,17.34,False
5,2016-04-06,26.01,False
6,2016-04-07,14.790000000000001,False
7,2016-04-08,19.38,False
8,2016-04-09,7.140000000000001,False
9,2016-04-10,3.06,False
10,2016-04-11,28.560000000000002,False
11,2016-04-12,21.93,False
12,2016-04-13,19.89,False
13,2016-04-14,17.34,False
14,2016-04-15,24.990000000000002,False
15,2016-04-16,7.140000000000001,False
16,2016-04-17,12.75,False
17,2016-04-18,17.34,False
18,2016-04-19,19.89,False
19,2016-04-20,51.0,False
20,2016-04-21,39.27,False
21,2016-04-22,31.62,False
22,2016-04-23,8.67,False
23,2016-04-24,15.3,False
24,2016-04-25,23.46,False
25,2016-04-26,20.91,False
26,2016-04-27,24.990000000000002,False
27,2016-04-28,16.32,False
28,2016-04-29,35.19,False
29,2016-04-30,6.12,False
0,2016-05-01,14.7,False
1,2016-05-02,25.2,False
2,2016-05-03,31.08,False
3,2016-05-04,29.4,False
4,2016-05-05,36.96,False
5,2016-05-06,37.8,False
6,2016-05-07,34.86,False
7,2016-05-08,9.66,False
8,2016-05-09,23.099999999999998,False
9,2016-05-10,31.08,False
10,2016-05-11,35.28,False
11,2016-05-12,23.099999999999998,False
12,2016-05-13,30.24,False
13,2016-05-14,16.8,False
14,2016-05-15,4.62,False
15,2016-05-16,28.98,False
16,2016-05-17,28.56,False
17,2016-05-18,14.28,False
18,2016-05-19,31.08,False
19,2016-05-20,24.36,False
20,2016-05-21,9.66,False
21,2016-05-22,19.32,False
22,2016-05-23,22.68,False
23,2016-05-24,24.779999999999998,False
24,2016-05-25,42.0,False
25,2016-05-26,28.56,False
26,2016-05-27,33.6,False
27,2016-05-28,17.22,False
28,2016-05-29,14.7,False
29,2016-05-30,10.92,False
30,2016-05-31,23.099999999999998,False
0,2016-06-01,21.200000000000003,False
1,2016-06-02,16.8,False
2,2016-06-03,26.0,False
3,2016-06-04,6.0,False
4,2016-06-05,11.600000000000001,False
5,2016-06-06,11.600000000000001,False
6,2016-06-07,31.200000000000003,False
7,2016-06-08,18.400000000000002,False
8,2016-06-09,18.400000000000002,False
9,2016-06-10,15.600000000000001,False
10,2016-06-11,9.600000000000001,False
11,2016-06-12,7.6000000000000005,False
12,2016-06-13,24.400000000000002,False
13,2016-06-14,14.4,False
14,2016-06-15,14.8,False
15,2016-06-16,32.800000000000004,False
16,2016-06-17,26.0,False
17,2016-06-18,8.0,False
18,2016-06-19,9.600000000000001,False
19,2016-06-20,13.200000000000001,False
20,2016-06-21,24.400000000000002,False
21,2016-06-22,23.200000000000003,False
22,2016-06-23,22.400000000000002,False
23,2016-06-24,40.0,False
24,2016-06-25,6.0,False
25,2016-06-26,6.0,False
26,2016-06-27,24.8,False
27,2016-06-28,26.400000000000002,False
28,2016-06-29,25.200000000000003,False
29,2016-06-30,17.2,False
0,2016-07-01,10.540000000000001,False
1,2016-07-02,3.06,False
2,2016-07-03,4.08,False
3,2016-07-04,3.4000000000000004,False
4,2016-07-05,7.82,False
5,2016-07-06,9.860000000000001,False
6,2016-07-07,15.3,False
7,2016-07-08,7.48,False
8,2016-07-09,6.12,False
9,2016-07-10,5.1000000000000005,False
10,2016-07-11,11.22,False
11,2016-07-12,11.22,False
12,2016-07-13,13.940000000000001,False
13,2016-07-14,8.5,False
14,2016-07-15,15.3,False
15,2016-07-16,4.08,False
16,2016-07-17,3.06,False
17,2016-07-18,11.22,False
18,2016-07-19,12.24,False
19,2016-07-20,9.520000000000001,False
20,2016-07-21,10.540000000000001,False
21,2016-07-22,10.88,False
22,2016-07-23,5.1000000000000005,False
23,2016-07-24,2.04,False
24,2016-07-25,11.22,False
25,2016-07-26,19.040000000000003,False
26,2016-07-27,34.0,False
27,2016-07-28,15.64,False
28,2016-07-29,19.040000000000003,False
29,2016-07-30,9.180000000000001,False
30,2016-07-31,4.08,False
0,2016-08-01,29.16,False
1,2016-08-02,10.44,False
2,2016-08-03,7.92,False
3,2016-08-04,27.0,False
4,2016-08-05,17.28,False
5,2016-08-06,6.4799999999999995,False
6,2016-08-07,0.0,False
7,2016-08-08,13.68,False
8,2016-08-09,10.799999999999999,False
9,2016-08-10,5.3999999999999995,False
10,2016-08-11,28.08,False
11,2016-08-12,14.76,False
12,2016-08-13,12.959999999999999,False
13,2016-08-14,0.0,False
14,2016-08-15,14.399999999999999,False
15,2016-08-16,25.56,False
16,2016-08-17,22.68,False
17,2016-08-18,22.68,False
18,2016-08-19,14.399999999999999,False
19,2016-08-20,3.2399999999999998,False
20,2016-08-21,9.719999999999999,False
21,2016-08-22,36.0,False
22,2016-08-23,19.439999999999998,False
23,2016-08-24,16.2,False
24,2016-08-25,7.92,False
25,2016-08-26,5.3999999999999995,False
26,2016-08-27,6.12,False
27,2016-08-28,2.88,False
28,2016-08-29,10.44,False
29,2016-08-30,23.4,False
30,2016-08-31,18.0,False
0,2016-09-01,24.48,False
1,2016-09-02,14.280000000000001,False
2,2016-09-03,4.08,False
3,2016-09-04,11.9,False
4,2016-09-05,3.4000000000000004,False
5,2016-09-06,23.46,False
6,2016-09-07,24.48,False
7,2016-09-08,24.48,False
8,2016-09-09,21.76,False
9,2016-09-10,24.14,False
10,2016-09-11,19.720000000000002,False
11,2016-09-12,24.48,False
12,2016-09-13,20.400000000000002,False
13,2016-09-14,24.14,False
14,2016-09-15,24.48,False
15,2016-09-16,28.220000000000002,False
16,2016-09-17,0.0,False
17,2016-09-18,0.0,False
18,2016-09-19,29.92,False
19,2016-09-20,33.32,False
20,2016-09-21,23.8,False
21,2016-09-22,10.200000000000001,False
22,2016-09-23,14.280000000000001,False
23,2016-09-24,7.82,False
24,2016-09-25,0.0,False
25,2016-09-26,20.060000000000002,False
26,2016-09-27,13.260000000000002,False
27,2016-09-28,30.26,False
28,2016-09-29,34.0,False
29,2016-09-30,24.48,False
0,2016-10-01,9.92,False
1,2016-10-02,3.1,False
2,2016-10-03,24.18,False
3,2016-10-04,18.29,False
4,2016-10-05,14.26,False
5,2016-10-06,15.81,False
6,2016-10-07,22.32,False
7,2016-10-08,11.47,False
8,2016-10-09,6.51,False
9,2016-10-10,9.92,False
10,2016-10-11,14.26,False
11,2016-10-12,14.57,False
12,2016-10-13,13.02,False
13,2016-10-14,19.22,False
14,2016-10-15,9.92,False
15,2016-10-16,8.06,False
16,2016-10-17,26.97,False
17,2016-10-18,15.5,False
18,2016-10-19,15.5,False
19,2016-10-20,13.95,False
20,2016-10-21,16.12,False
21,2016-10-22,0.0,False
22,2016-10-23,0.0,False
23,2016-10-24,25.419999999999998,False
24,2016-10-25,31.0,False
25,2016-10-26,29.45,False
26,2016-10-27,15.81,False
27,2016-10-28,19.53,False
28,2016-10-29,4.96,False
29,2016-10-30,6.51,False
30,2016-10-31,24.8,False
0,2016-11-01,18.0,False
1,2016-11-02,18.8,False
2,2016-11-03,21.6,False
3,2016-11-04,24.0,False
4,2016-11-05,6.800000000000001,False
5,2016-11-06,4.800000000000001,False
6,2016-11-07,21.200000000000003,False
7,2016-11-08,14.0,False
8,2016-11-09,31.200000000000003,False
9,2016-11-10,38.0,False
10,2016-11-11,24.0,False
11,2016-11-12,8.4,False
12,2016-11-13,8.0,False
13,2016-11-14,37.2,False
14,2016-11-15,40.0,False
15,2016-11-16,24.400000000000002,False
16,2016-11-17,24.400000000000002,False
17,2016-11-18,19.200000000000003,False
18,2016-11-19,3.2,False
19,2016-11-20,8.0,False
20,2016-11-21,33.6,False
21,2016-11-22,21.200000000000003,False
22,2016-11-23,17.2,False
23,2016-11-24,8.8,False
24,2016-11-25,18.0,False
25,2016-11-26,11.200000000000001,False
26,2016-11-27,4.800000000000001,False
27,2016-11-28,20.400000000000002,False
28,2016-11-29,18.8,False
29,2016-11-30,16.400000000000002,False
0,2016-12-01,31.35,False
1,2016-12-02,34.1,False
2,2016-12-03,21.450000000000003,False
3,2016-12-04,4.95,False
4,2016-12-05,25.3,False
5,2016-12-06,28.6,False
6,2016-12-07,44.550000000000004,False
7,2016-12-08,30.250000000000004,False
8,2016-12-09,55.00000000000001,False
9,2016-12-10,14.3,False
10,2016-12-11,17.05,False
11,2016-12-12,26.950000000000003,False
12,2016-12-13,30.800000000000004,False
13,2016-12-14,28.05,False
14,2016-12-15,31.35,False
15,2016-12-16,28.6,False
16,2016-12-17,14.850000000000001,False
17,2016-12-18,11.0,False
18,2016-12-19,35.2,False
19,2016-12-20,29.150000000000002,False
20,2016-12-21,36.300000000000004,False
21,2016-12-22,35.2,False
22,2016-12-23,10.450000000000001,False
23,2016-12-24,21.450000000000003,False
24,2016-12-25,8.25,False
25,2016-12-26,15.950000000000001,False
26,2016-12-27,29.700000000000003,False
27,2016-12-28,24.750000000000004,False
28,2016-12-29,20.35,False
29,2016-12-30,36.85,False
30,2016-12-31,13.200000000000001,False
0,2017-01-01,13.719999999999999,False
1,2017-01-02,9.8,False
2,2017-01-03,48.51,False
3,2017-01-04,33.32,False
4,2017-01-05,39.69,False
5,2017-01-06,38.71,False
6,2017-01-07,14.209999999999999,False
7,2017-01-08,14.209999999999999,False
8,2017-01-09,32.339999999999996,False
9,2017-01-10,34.3,False
10,2017-01-11,24.99,False
11,2017-01-12,36.26,False
12,2017-01-13,33.32,False
13,2017-01-14,14.7,False
14,2017-01-15,14.209999999999999,False
15,2017-01-16,7.35,False
16,2017-01-17,33.32,False
17,2017-01-18,29.89,False
18,2017-01-19,33.81,False
19,2017-01-20,22.05,False
20,2017-01-21,14.209999999999999,False
21,2017-01-22,9.8,False
22,2017-01-23,26.46,False
23,2017-01-24,40.67,False
24,2017-01-25,30.38,False
25,2017-01-26,49.0,False
26,2017-01-27,31.36,False
27,2017-01-28,10.29,False
28,2017-01-29,9.8,False
29,2017-01-30,34.79,False
30,2017-01-31,31.849999999999998,False
0,2017-02-01,34.32,False
1,2017-02-02,39.6,False
2,2017-02-03,44.22,False
3,2017-02-04,13.860000000000001,False
4,2017-02-05,8.58,False
5,2017-02-06,15.180000000000001,False
6,2017-02-07,36.300000000000004,False
7,2017-02-08,42.24,False
8,2017-02-09,66.0,False
9,2017-02-10,58.74,False
10,2017-02-11,15.84,False
11,2017-02-12,8.58,False
12,2017-02-13,41.580000000000005,False
13,2017-02-14,60.06,False
14,2017-02-15,58.080000000000005,False
15,2017-02-16,59.400000000000006,False
16,2017-02-17,38.940000000000005,False
17,2017-02-18,8.58,False
18,2017-02-19,5.28,False
19,2017-02-20,9.24,False
20,2017-02-21,37.620000000000005,False
21,2017-02-22,37.620000000000005,False
22,2017-02-23,40.260000000000005,False
23,2017-02-24,45.54,False
24,2017-02-25,24.42,False
25,2017-02-26,20.46,False
26,2017-02-27,54.78,False
27,2017-02-28,52.14,False
0,2017-03-01,62.0,False
1,2017-03-02,47.12,False
2,2017-03-03,51.46,False
3,2017-03-04,29.759999999999998,False
4,2017-03-05,13.64,False
5,2017-03-06,49.6,False
6,2017-03-07,39.68,False
7,2017-03-08,37.82,False
8,2017-03-09,29.14,False
9,2017-03-10,37.82,False
10,2017-03-11,13.64,False
11,2017-03-12,7.4399999999999995,False
12,2017-03-13,43.4,False
13,2017-03-14,50.22,False
14,2017-03-15,38.44,False
15,2017-03-16,31.62,False
16,2017-03-17,19.84,False
17,2017-03-18,17.98,False
18,2017-03-19,13.64,False
19,2017-03-20,52.08,False
20,2017-03-21,43.4,False
21,2017-03-22,39.68,False
22,2017-03-23,34.72,False
23,2017-03-24,39.68,False
24,2017-03-25,12.4,False
25,2017-03-26,4.34,False
26,2017-03-27,36.58,False
27,2017-03-28,31.62,False
28,2017-03-29,36.58,False
29,2017-03-30,35.96,False
30,2017-03-31,47.12,False
0,2017-04-01,10.080000000000002,False
1,2017-04-02,5.040000000000001,False
2,2017-04-03,18.48,False
3,2017-04-04,18.48,False
4,2017-04-05,22.400000000000002,False
5,2017-04-06,21.840000000000003,False
6,2017-04-07,30.240000000000002,False
7,2017-04-08,25.76,False
8,2017-04-09,6.16,False
9,2017-04-10,28.000000000000004,False
10,2017-04-11,18.48,False
11,2017-04-12,26.880000000000003,False
12,2017-04-13,25.76,False
13,2017-04-14,14.560000000000002,False
14,2017-04-15,5.040000000000001,False
15,2017-04-16,5.040000000000001,False
16,2017-04-17,34.720000000000006,False
17,2017-04-18,25.76,False
18,2017-04-19,24.64,False
19,2017-04-20,25.76,False
20,2017-04-21,29.680000000000003,False
21,2017-04-22,12.32,False
22,2017-04-23,5.040000000000001,False
23,2017-04-24,25.76,False
24,2017-04-25,56.00000000000001,False
25,2017-04-26,36.96,False
26,2017-04-27,30.240000000000002,False
27,2017-04-28,32.480000000000004,False
28,2017-04-29,8.96,False
29,2017-04-30,5.040000000000001,False
0,2017-05-01,29.61,False
1,2017-05-02,27.259999999999998,False
2,2017-05-03,21.15,False
3,2017-05-04,33.839999999999996,False
4,2017-05-05,35.25,False
5,2017-05-06,14.569999999999999,False
6,2017-05-07,14.1,False
7,2017-05-08,21.15,False
8,2017-05-09,30.08,False
9,2017-05-10,27.259999999999998,False
10,2017-05-11,37.129999999999995,False
11,2017-05-12,25.849999999999998,False
12,2017-05-13,21.619999999999997,False
13,2017-05-14,7.05,False
14,2017-05-15,12.69,False
15,2017-05-16,29.61,False
16,2017-05-17,29.139999999999997,False
17,2017-05-18,39.48,False
18,2017-05-19,20.68,False
19,2017-05-20,11.28,False
20,2017-05-21,7.52,False
21,2017-05-22,36.19,False
22,2017-05-23,25.38,False
23,2017-05-24,32.9,False
24,2017-05-25,47.0,False
25,2017-05-26,38.07,False
26,2017-05-27,27.729999999999997,False
27,2017-05-28,3.76,False
28,2017-05-29,6.58,False
29,2017-05-30,25.849999999999998,False
30,2017-05-31,38.07,False
0,2017-06-01,36.5,False
1,2017-06-02,50.0,False
2,2017-06-03,23.0,False
3,2017-06-04,4.5,False
4,2017-06-05,29.5,False
5,2017-06-06,44.0,False
6,2017-06-07,44.0,False
7,2017-06-08,23.0,False
8,2017-06-09,36.5,False
9,2017-06-10,12.0,False
10,2017-06-11,14.0,False
11,2017-06-12,44.0,False
12,2017-06-13,38.0,False
13,2017-06-14,29.5,False
14,2017-06-15,40.0,False
15,2017-06-16,28.5,False
16,2017-06-17,14.0,False
17,2017-06-18,4.5,False
18,2017-06-19,33.5,False
19,2017-06-20,43.5,False
20,2017-06-21,32.0,False
21,2017-06-22,32.5,False
22,2017-06-23,26.0,False
23,2017-06-24,7.0,False
24,2017-06-25,11.5,False
25,2017-06-26,44.0,False
26,2017-06-27,16.0,False
27,2017-06-28,36.5,False
28,2017-06-29,30.5,False
29,2017-06-30,35.5,False
0,2017-07-01,17.6,False
1,2017-07-02,6.16,False
2,2017-07-03,13.2,False
3,2017-07-04,6.6,False
4,2017-07-05,15.4,False
5,2017-07-06,18.48,False
6,2017-07-07,22.44,False
7,2017-07-08,8.8,False
8,2017-07-09,4.84,False
9,2017-07-10,14.96,False
10,2017-07-11,12.76,False
11,2017-07-12,14.96,False
12,2017-07-13,20.68,False
13,2017-07-14,13.2,False
14,2017-07-15,7.48,False
15,2017-07-16,7.48,False
16,2017-07-17,17.16,False
17,2017-07-18,9.68,False
18,2017-07-19,12.76,False
19,2017-07-20,19.36,False
20,2017-07-21,12.32,False
21,2017-07-22,2.64,False
22,2017-07-23,4.84,False
23,2017-07-24,15.84,False
24,2017-07-25,29.92,False
25,2017-07-26,44.0,False
26,2017-07-27,27.72,False
27,2017-07-28,22.0,False
28,2017-07-29,6.16,False
29,2017-07-30,4.84,False
30,2017-07-31,15.84,False
0,2017-08-01,23.94,False
1,2017-08-02,38.0,False
2,2017-08-03,36.86,False
3,2017-08-04,19.0,False
4,2017-08-05,7.22,False
5,2017-08-06,14.44,False
6,2017-08-07,26.98,False
7,2017-08-08,23.56,False
8,2017-08-09,24.32,False
9,2017-08-10,24.7,False
10,2017-08-11,25.84,False
11,2017-08-12,3.42,False
12,2017-08-13,7.22,False
13,2017-08-14,25.080000000000002,False
14,2017-08-15,28.12,False
15,2017-08-16,15.2,False
16,2017-08-17,27.36,False
17,2017-08-18,25.46,False
18,2017-08-19,7.22,False
19,2017-08-20,0.0,False
20,2017-08-21,17.86,False
21,2017-08-22,24.32,False
22,2017-08-23,30.4,False
23,2017-08-24,30.4,False
24,2017-08-25,19.38,False
25,2017-08-26,3.42,False
26,2017-08-27,6.84,False
27,2017-08-28,27.740000000000002,False
28,2017-08-29,18.240000000000002,False
29,2017-08-30,21.28,False
30,2017-08-31,27.36,False
0,2017-09-01,26.64,False
1,2017-09-02,6.4799999999999995,False
2,2017-09-03,0.0,False
3,2017-09-04,5.76,False
4,2017-09-05,19.08,False
5,2017-09-06,17.64,False
6,2017-09-07,15.12,False
7,2017-09-08,20.16,False
8,2017-09-09,6.4799999999999995,False
9,2017-09-10,6.12,False
10,2017-09-11,17.64,False
11,2017-09-12,19.08,False
12,2017-09-13,27.36,False
13,2017-09-14,36.0,False
14,2017-09-15,19.8,False
15,2017-09-16,14.399999999999999,False
16,2017-09-17,9.36,False
17,2017-09-18,20.52,False
18,2017-09-19,25.56,False
19,2017-09-20,12.24,False
20,2017-09-21,23.4,False
21,2017-09-22,20.16,False
22,2017-09-23,4.68,False
23,2017-09-24,6.12,False
24,2017-09-25,15.12,False
25,2017-09-26,19.08,False
26,2017-09-27,25.919999999999998,False
27,2017-09-28,20.88,False
28,2017-09-29,23.4,False
29,2017-09-30,12.959999999999999,False
0,2017-10-01,6.6,False
1,2017-10-02,31.68,False
2,2017-10-03,20.68,False
3,2017-10-04,19.36,False
4,2017-10-05,28.16,False
5,2017-10-06,38.72,False
6,2017-10-07,14.52,False
7,2017-10-08,15.84,False
8,2017-10-09,18.04,False
9,2017-10-10,28.6,False
10,2017-10-11,22.0,False
11,2017-10-12,22.44,False
12,2017-10-13,21.56,False
13,2017-10-14,12.76,False
14,2017-10-15,6.16,False
15,2017-10-16,24.64,False
16,2017-10-17,27.28,False
17,2017-10-18,16.28,False
18,2017-10-19,30.8,False
19,2017-10-20,24.64,False
20,2017-10-21,0.0,False
21,2017-10-22,6.16,False
22,2017-10-23,21.56,False
23,2017-10-24,18.92,False
24,2017-10-25,44.0,False
25,2017-10-26,27.72,False
26,2017-10-27,36.96,False
27,2017-10-28,15.84,False
28,2017-10-29,6.16,False
29,2017-10-30,17.6,False
30,2017-10-31,32.12,False
0,2017-11-01,25.0,False
1,2017-11-02,14.0,False
2,2017-11-03,50.0,False
3,2017-11-04,18.5,False
4,2017-11-05,12.0,False
5,2017-11-06,26.0,False
6,2017-11-07,34.0,False
7,2017-11-08,21.5,False
8,2017-11-09,21.5,False
9,2017-11-10,14.0,False
10,2017-11-11,12.0,False
11,2017-11-12,6.0,False
12,2017-11-13,37.0,False
13,2017-11-14,37.0,False
14,2017-11-15,40.0,False
15,2017-11-16,21.0,False
16,2017-11-17,36.0,False
17,2017-11-18,15.0,False
18,2017-11-19,6.0,False
19,2017-11-20,10.5,False
20,2017-11-21,26.5,False
21,2017-11-22,32.0,False
22,2017-11-23,22.0,False
23,2017-11-24,24.5,False
24,2017-11-25,3.0,False
25,2017-11-26,12.0,False
26,2017-11-27,38.5,False
27,2017-11-28,33.5,False
28,2017-11-29,34.0,False
29,2017-11-30,29.5,False
0,2017-12-01,36.12,False
1,2017-12-02,2.94,False
2,2017-12-03,7.14,False
3,2017-12-04,33.18,False
4,2017-12-05,17.64,False
5,2017-12-06,21.84,False
6,2017-12-07,19.32,False
7,2017-12-08,32.339999999999996,False
8,2017-12-09,8.82,False
9,2017-12-10,10.08,False
10,2017-12-11,21.419999999999998,False
11,2017-12-12,36.96,False
12,2017-12-13,42.0,False
13,2017-12-14,24.779999999999998,False
14,2017-12-15,28.56,False
15,2017-12-16,15.12,False
16,2017-12-17,8.82,False
17,2017-12-18,26.04,False
18,2017-12-19,26.459999999999997,False
19,2017-12-20,23.099999999999998,False
20,2017-12-21,24.779999999999998,False
21,2017-12-22,23.099999999999998,False
22,2017-12-23,7.9799999999999995,False
23,2017-12-24,8.4,False
24,2017-12-25,0.0,False
25,2017-12-26,23.099999999999998,False
26,2017-12-27,22.259999999999998,False
27,2017-12-28,16.8,False
28,2017-12-29,34.44,False
29,2017-12-30,9.24,False
30,2017-12-31,9.66,False
0,2018-01-01,4.24,False
1,2018-01-02,30.740000000000002,False
2,2018-01-03,35.510000000000005,False
3,2018-01-04,48.760000000000005,False
4,2018-01-05,20.14,False
5,2018-01-06,14.31,False
6,2018-01-07,18.02,False
7,2018-01-08,34.980000000000004,False
8,2018-01-09,19.080000000000002,False
9,2018-01-10,43.99,False
10,2018-01-11,32.33,False
11,2018-01-12,40.28,False
12,2018-01-13,18.02,False
13,2018-01-14,7.42,False
14,2018-01-15,25.44,False
15,2018-01-16,40.28,False
16,2018-01-17,37.1,False
17,2018-01-18,43.99,False
18,2018-01-19,32.86,False
19,2018-01-20,7.42,False
20,2018-01-21,3.71,False
21,2018-01-22,33.92,False
22,2018-01-23,33.92,False
23,2018-01-24,53.0,False
24,2018-01-25,47.17,False
25,2018-01-26,36.04,False
26,2018-01-27,11.13,False
27,2018-01-28,0.0,False
28,2018-01-29,38.160000000000004,False
29,2018-01-30,24.91,False
30,2018-01-31,46.11,False
0,2018-02-01,20.1,False
1,2018-02-02,28.810000000000002,False
2,2018-02-03,18.09,False
3,2018-02-04,0.0,False
4,2018-02-05,25.46,False
5,2018-02-06,36.85,False
6,2018-02-07,35.510000000000005,False
7,2018-02-08,38.190000000000005,False
8,2018-02-09,32.830000000000005,False
9,2018-02-10,6.7,False
10,2018-02-11,9.38,False
11,2018-02-12,28.14,False
12,2018-02-13,28.14,False
13,2018-02-14,22.110000000000003,False
14,2018-02-15,34.17,False
15,2018-02-16,67.0,False
16,2018-02-17,16.080000000000002,False
17,2018-02-18,6.7,False
18,2018-02-19,15.41,False
19,2018-02-20,31.490000000000002,False
20,2018-02-21,39.53,False
21,2018-02-22,29.48,False
22,2018-02-23,26.8,False
23,2018-02-24,4.69,False
24,2018-02-25,6.7,False
25,2018-02-26,32.830000000000005,False
26,2018-02-27,22.78,False
27,2018-02-28,28.810000000000002,False
0,2018-03-01,28.62,False
1,2018-03-02,34.45,False
2,2018-03-03,3.18,False
3,2018-03-04,7.42,False
4,2018-03-05,25.970000000000002,False
5,2018-03-06,40.81,False
6,2018-03-07,40.81,False
7,2018-03-08,29.68,False
8,2018-03-09,53.0,False
9,2018-03-10,16.43,False
10,2018-03-11,7.42,False
11,2018-03-12,27.560000000000002,False
12,2018-03-13,23.32,False
13,2018-03-14,30.21,False
14,2018-03-15,21.200000000000003,False
15,2018-03-16,34.45,False
16,2018-03-17,18.55,False
17,2018-03-18,10.600000000000001,False
18,2018-03-19,21.200000000000003,False
19,2018-03-20,33.39,False
20,2018-03-21,29.150000000000002,False
21,2018-03-22,40.28,False
22,2018-03-23,36.04,False
23,2018-03-24,15.370000000000001,False
24,2018-03-25,10.600000000000001,False
25,2018-03-26,31.8,False
26,2018-03-27,28.09,False
27,2018-03-28,31.8,False
28,2018-03-29,37.1,False
29,2018-03-30,12.190000000000001,False
30,2018-03-31,6.36,False
0,2018-04-01,8.67,False
1,2018-04-02,26.01,False
2,2018-04-03,26.52,False
3,2018-04-04,23.46,False
4,2018-04-05,20.4,False
5,2018-04-06,27.54,False
6,2018-04-07,6.12,False
7,2018-04-08,5.1,False
8,2018-04-09,26.52,False
9,2018-04-10,19.89,False
10,2018-04-11,24.990000000000002,False
11,2018-04-12,17.85,False
12,2018-04-13,23.46,False
13,2018-04-14,9.69,False
14,2018-04-15,7.140000000000001,False
15,2018-04-16,9.18,False
16,2018-04-17,16.830000000000002,False
17,2018-04-18,13.77,False
18,2018-04-19,30.09,False
19,2018-04-20,19.89,False
20,2018-04-21,9.69,False
21,2018-04-22,5.1,False
22,2018-04-23,16.830000000000002,False
23,2018-04-24,51.0,False
24,2018-04-25,27.54,False
25,2018-04-26,24.48,False
26,2018-04-27,29.580000000000002,False
27,2018-04-28,8.67,False
28,2018-04-29,6.12,False
29,2018-04-30,21.93,False
0,2018-05-01,21.42,False
1,2018-05-02,20.16,False
2,2018-05-03,6.93,False
3,2018-05-04,13.23,False
4,2018-05-05,3.7800000000000002,False
5,2018-05-06,6.3,False
6,2018-05-07,20.79,False
7,2018-05-08,8.82,False
8,2018-05-09,17.01,False
9,2018-05-10,10.08,False
10,2018-05-11,17.64,False
11,2018-05-12,5.04,False
12,2018-05-13,0.0,False
13,2018-05-14,13.86,False
14,2018-05-15,11.97,False
15,2018-05-16,11.34,False
16,2018-05-17,17.64,False
17,2018-05-18,10.71,False
18,2018-05-19,3.7800000000000002,False
19,2018-05-20,0.0,False
20,2018-05-21,11.34,False
21,2018-05-22,15.75,False
22,2018-05-23,11.34,False
23,2018-05-24,6.93,False
24,2018-05-25,6.3,False
25,2018-05-26,5.67,False
26,2018-05-27,2.52,False
27,2018-05-28,3.7800000000000002,False
28,2018-05-29,10.08,False
29,2018-05-30,63.0,False
30,2018-05-31,23.94,False
0,2018-06-01,28.8,False
1,2018-06-02,10.35,False
2,2018-06-03,15.3,False
3,2018-06-04,24.75,False
4,2018-06-05,27.45,False
5,2018-06-06,42.300000000000004,False
6,2018-06-07,21.6,False
7,2018-06-08,37.800000000000004,False
8,2018-06-09,6.75,False
9,2018-06-10,10.35,False
10,2018-06-11,27.900000000000002,False
11,2018-06-12,26.55,False
12,2018-06-13,45.0,False
13,2018-06-14,30.150000000000002,False
14,2018-06-15,25.650000000000002,False
15,2018-06-16,8.55,False
16,2018-06-17,9.9,False
17,2018-06-18,41.4,False
18,2018-06-19,36.9,False
19,2018-06-20,36.0,False
20,2018-06-21,27.45,False
21,2018-06-22,29.7,False
22,2018-06-23,8.1,False
23,2018-06-24,6.75,False
24,2018-06-25,19.8,False
25,2018-06-26,23.85,False
26,2018-06-27,24.3,False
27,2018-06-28,37.800000000000004,False
28,2018-06-29,31.05,False
29,2018-06-30,13.05,False
0,2018-07-01,2.6500000000000004,False
1,2018-07-02,6.36,False
2,2018-07-03,13.25,False
3,2018-07-04,11.66,False
4,2018-07-05,24.91,False
5,2018-07-06,28.62,False
6,2018-07-07,10.07,False
7,2018-07-08,0.0,False
8,2018-07-09,21.73,False
9,2018-07-10,35.510000000000005,False
10,2018-07-11,53.0,False
11,2018-07-12,29.150000000000002,False
12,2018-07-13,18.55,False
13,2018-07-14,7.95,False
14,2018-07-15,10.07,False
15,2018-07-16,13.25,False
16,2018-07-17,15.370000000000001,False
17,2018-07-18,20.14,False
18,2018-07-19,15.9,False
19,2018-07-20,18.55,False
20,2018-07-21,10.600000000000001,False
21,2018-07-22,5.300000000000001,False
22,2018-07-23,11.13,False
23,2018-07-24,33.39,False
24,2018-07-25,44.52,False
25,2018-07-26,44.52,False
26,2018-07-27,27.560000000000002,False
27,2018-07-28,5.300000000000001,False
28,2018-07-29,2.6500000000000004,False
29,2018-07-30,26.5,False
30,2018-07-31,23.85,False
0,2018-08-01,15.680000000000001,False
1,2018-08-02,28.000000000000004,False
2,2018-08-03,22.96,False
3,2018-08-04,15.680000000000001,False
4,2018-08-05,2.8000000000000003,False
5,2018-08-06,15.680000000000001,False
6,2018-08-07,17.360000000000003,False
7,2018-08-08,36.96,False
8,2018-08-09,33.040000000000006,False
9,2018-08-10,20.720000000000002,False
10,2018-08-11,0.0,False
11,2018-08-12,7.280000000000001,False
12,2018-08-13,15.680000000000001,False
13,2018-08-14,26.880000000000003,False
14,2018-08-15,29.120000000000005,False
15,2018-08-16,47.040000000000006,False
16,2018-08-17,17.92,False
17,2018-08-18,5.040000000000001,False
18,2018-08-19,5.040000000000001,False
19,2018-08-20,40.88,False
20,2018-08-21,33.6,False
21,2018-08-22,16.240000000000002,False
22,2018-08-23,20.160000000000004,False
23,2018-08-24,18.48,False
24,2018-08-25,5.040000000000001,False
25,2018-08-26,10.080000000000002,False
26,2018-08-27,26.320000000000004,False
27,2018-08-28,30.800000000000004,False
28,2018-08-29,26.320000000000004,False
29,2018-08-30,19.6,False
30,2018-08-31,56.00000000000001,False
0,2018-09-01,17.099999999999998,False
1,2018-09-02,5.13,False
2,2018-09-03,14.249999999999998,False
3,2018-09-04,27.36,False
4,2018-09-05,56.99999999999999,False
5,2018-09-06,35.91,False
6,2018-09-07,26.22,False
7,2018-09-08,7.9799999999999995,False
8,2018-09-09,7.9799999999999995,False
9,2018-09-10,21.659999999999997,False
10,2018-09-11,21.659999999999997,False
11,2018-09-12,20.52,False
12,2018-09-13,18.81,False
13,2018-09-14,27.36,False
14,2018-09-15,5.13,False
15,2018-09-16,3.9899999999999998,False
16,2018-09-17,49.589999999999996,False
17,2018-09-18,47.879999999999995,False
18,2018-09-19,39.33,False
19,2018-09-20,43.88999999999999,False
20,2018-09-21,22.799999999999997,False
21,2018-09-22,10.829999999999998,False
22,2018-09-23,5.13,False
23,2018-09-24,37.62,False
24,2018-09-25,21.659999999999997,False
25,2018-09-26,25.08,False
26,2018-09-27,26.22,False
27,2018-09-28,21.659999999999997,False
28,2018-09-29,14.819999999999999,False
29,2018-09-30,7.9799999999999995,False
0,2018-10-01,15.120000000000001,False
1,2018-10-02,63.0,False
2,2018-10-03,13.86,False
3,2018-10-04,13.86,False
4,2018-10-05,14.49,False
5,2018-10-06,5.04,False
6,2018-10-07,4.41,False
7,2018-10-08,15.120000000000001,False
8,2018-10-09,18.9,False
9,2018-10-10,28.35,False
10,2018-10-11,14.49,False
11,2018-10-12,16.38,False
12,2018-10-13,8.19,False
13,2018-10-14,0.0,False
14,2018-10-15,22.68,False
15,2018-10-16,13.86,False
16,2018-10-17,25.2,False
17,2018-10-18,17.01,False
18,2018-10-19,27.09,False
19,2018-10-20,1.8900000000000001,False
20,2018-10-21,6.3,False
21,2018-10-22,19.53,False
22,2018-10-23,15.120000000000001,False
23,2018-10-24,11.34,False
24,2018-10-25,12.6,False
25,2018-10-26,20.79,False
26,2018-10-27,10.71,False
27,2018-10-28,6.3,False
28,2018-10-29,13.23,False
29,2018-10-30,48.51,False
30,2018-10-31,26.46,False
0,2018-11-01,65.0,False
1,2018-11-02,53.300000000000004,False
2,2018-11-03,15.600000000000001,False
3,2018-11-04,14.3,False
4,2018-11-05,39.65,False
5,2018-11-06,34.45,False
6,2018-11-07,65.0,False
7,2018-11-08,49.4,False
8,2018-11-09,43.550000000000004,False
9,2018-11-10,14.950000000000001,False
10,2018-11-11,7.15,False
11,2018-11-12,55.9,False
12,2018-11-13,49.4,False
13,2018-11-14,52.0,False
14,2018-11-15,43.550000000000004,False
15,2018-11-16,61.1,False
16,2018-11-17,32.5,False
17,2018-11-18,5.8500000000000005,False
18,2018-11-19,52.0,False
19,2018-11-20,52.65,False
20,2018-11-21,52.0,False
21,2018-11-22,11.700000000000001,False
22,2018-11-23,22.1,False
23,2018-11-24,11.05,False
24,2018-11-25,13.0,False
25,2018-11-26,48.1,False
26,2018-11-27,42.25,False
27,2018-11-28,39.65,False
28,2018-11-29,26.650000000000002,False
29,2018-11-30,48.75,False
0,2018-12-01,22.229999999999997,False
1,2018-12-02,14.819999999999999,False
2,2018-12-03,43.88999999999999,False
3,2018-12-04,35.91,False
4,2018-12-05,17.669999999999998,False
5,2018-12-06,36.48,False
6,2018-12-07,55.85999999999999,False
7,2018-12-08,24.509999999999998,False
8,2018-12-09,7.409999999999999,False
9,2018-12-10,34.199999999999996,False
10,2018-12-11,56.99999999999999,False
11,2018-12-12,28.499999999999996,False
12,2018-12-13,47.309999999999995,False
13,2018-12-14,39.33,False
14,2018-12-15,11.399999999999999,False
15,2018-12-16,5.699999999999999,False
16,2018-12-17,43.31999999999999,False
17,2018-12-18,30.209999999999997,False
18,2018-12-19,45.029999999999994,False
19,2018-12-20,47.309999999999995,False
20,2018-12-21,49.589999999999996,False
21,2018-12-22,33.629999999999995,False
22,2018-12-23,18.24,False
23,2018-12-24,39.9,False
24,2018-12-25,17.099999999999998,False
25,2018-12-26,47.879999999999995,False
26,2018-12-27,37.05,False
27,2018-12-28,38.19,False
28,2018-12-29,21.09,False
29,2018-12-30,7.9799999999999995,False
30,2018-12-31,30.779999999999998,False
0,2019-01-01,8.4,False
1,2019-01-02,40.32000000000001,False
2,2019-01-03,42.56,False
3,2019-01-04,56.00000000000001,False
4,2019-01-05,29.680000000000003,False
5,2019-01-06,15.680000000000001,False
6,2019-01-07,38.080000000000005,False
7,2019-01-08,32.480000000000004,False
8,2019-01-09,47.040000000000006,False
9,2019-01-10,20.720000000000002,False
10,2019-01-11,31.92,False
11,2019-01-12,9.520000000000001,False
12,2019-01-13,9.520000000000001,False
13,2019-01-14,32.480000000000004,False
14,2019-01-15,28.560000000000002,False
15,2019-01-16,44.24,False
16,2019-01-17,30.800000000000004,False
17,2019-01-18,36.96,False
18,2019-01-19,17.360000000000003,False
19,2019-01-20,9.520000000000001,False
20,2019-01-21,8.4,False
21,2019-01-22,21.840000000000003,False
22,2019-01-23,29.680000000000003,False
23,2019-01-24,45.36000000000001,False
24,2019-01-25,36.400000000000006,False
25,2019-01-26,7.840000000000001,False
26,2019-01-27,19.040000000000003,False
27,2019-01-28,18.48,False
28,2019-01-29,38.080000000000005,False
29,2019-01-30,47.040000000000006,False
30,2019-01-31,43.68000000000001,False
0,2019-02-01,18.0,False
1,2019-02-02,13.0,False
2,2019-02-03,6.0,False
3,2019-02-04,21.0,False
4,2019-02-05,21.0,False
5,2019-02-06,20.0,False
6,2019-02-07,18.0,False
7,2019-02-08,20.0,False
8,2019-02-09,10.0,False
9,2019-02-10,5.0,False
10,2019-02-11,21.0,False
11,2019-02-12,24.0,False
12,2019-02-13,23.0,False
13,2019-02-14,96.0,False
14,2019-02-15,100.0,False
15,2019-02-16,22.0,False
16,2019-02-17,10.0,False
17,2019-02-18,20.0,False
18,2019-02-19,40.0,False
19,2019-02-20,40.0,False
20,2019-02-21,46.0,False
21,2019-02-22,38.0,False
22,2019-02-23,17.0,False
23,2019-02-24,15.0,False
24,2019-02-25,32.0,False
25,2019-02-26,44.0,False
26,2019-02-27,36.0,False
27,2019-02-28,26.0,False
0,2019-03-01,35.28,False
1,2019-03-02,30.240000000000002,False
2,2019-03-03,25.2,False
3,2019-03-04,15.120000000000001,False
4,2019-03-05,46.62,False
5,2019-03-06,40.95,False
6,2019-03-07,24.57,False
7,2019-03-08,15.120000000000001,False
8,2019-03-09,19.53,False
9,2019-03-10,10.71,False
10,2019-03-11,54.18,False
11,2019-03-12,43.47,False
12,2019-03-13,33.39,False
13,2019-03-14,63.0,False
14,2019-03-15,42.84,False
15,2019-03-16,5.67,False
16,2019-03-17,2.52,False
