,date,MCD stock,isPartial
0,2012-01-01,8.91,False
1,2012-01-02,13.860000000000001,False
2,2012-01-03,15.180000000000001,False
3,2012-01-04,6.6000000000000005,False
4,2012-01-05,13.200000000000001,False
5,2012-01-06,31.68,False
6,2012-01-07,0.0,False
7,2012-01-08,7.590000000000001,False
8,2012-01-09,15.84,False
9,2012-01-10,16.830000000000002,False
10,2012-01-11,23.1,False
11,2012-01-12,12.540000000000001,False
12,2012-01-13,10.89,False
13,2012-01-14,0.0,False
14,2012-01-15,0.0,False
15,2012-01-16,14.520000000000001,False
16,2012-01-17,10.23,False
17,2012-01-18,6.2700000000000005,False
18,2012-01-19,14.520000000000001,False
19,2012-01-20,26.07,False
20,2012-01-21,12.540000000000001,False
21,2012-01-22,7.590000000000001,False
22,2012-01-23,15.510000000000002,False
23,2012-01-24,33.0,False
24,2012-01-25,25.080000000000002,False
25,2012-01-26,29.700000000000003,False
26,2012-01-27,15.180000000000001,False
27,2012-01-28,15.180000000000001,False
28,2012-01-29,9.9,False
29,2012-01-30,12.21,False
30,2012-01-31,12.21,False
0,2012-02-01,18.72,False
1,2012-02-02,9.36,False
2,2012-02-03,39.0,False
3,2012-02-04,14.82,False
4,2012-02-05,7.41,False
5,2012-02-06,9.36,False
6,2012-02-07,24.57,False
7,2012-02-08,30.810000000000002,False
8,2012-02-09,21.84,False
9,2012-02-10,35.49,False
10,2012-02-11,7.41,False
11,2012-02-12,7.0200000000000005,False
12,2012-02-13,5.8500000000000005,False
13,2012-02-14,24.96,False
14,2012-02-15,12.48,False
15,2012-02-16,12.870000000000001,False
16,2012-02-17,19.5,False
17,2012-02-18,11.31,False
18,2012-02-19,7.41,False
19,2012-02-20,6.63,False
20,2012-02-21,15.99,False
21,2012-02-22,12.48,False
22,2012-02-23,12.48,False
23,2012-02-24,6.24,False
24,2012-02-25,0.0,False
25,2012-02-26,7.41,False
26,2012-02-27,24.96,False
27,2012-02-28,24.57,False
28,2012-02-29,27.69,False
0,2012-03-01,12.04,False
1,2012-03-02,18.919999999999998,False
2,2012-03-03,11.18,False
3,2012-03-04,0.0,False
4,2012-03-05,17.63,False
5,2012-03-06,22.79,False
6,2012-03-07,16.77,False
7,2012-03-08,35.26,False
8,2012-03-09,36.12,False
9,2012-03-10,17.2,False
10,2012-03-11,10.32,False
11,2012-03-12,25.8,False
12,2012-03-13,25.8,False
13,2012-03-14,31.39,False
14,2012-03-15,14.62,False
15,2012-03-16,36.12,False
16,2012-03-17,21.07,False
17,2012-03-18,0.0,False
18,2012-03-19,43.0,False
19,2012-03-20,25.8,False
20,2012-03-21,28.81,False
21,2012-03-22,23.22,False
22,2012-03-23,21.5,False
23,2012-03-24,14.19,False
24,2012-03-25,10.75,False
25,2012-03-26,28.38,False
26,2012-03-27,17.2,False
27,2012-03-28,8.6,False
28,2012-03-29,29.24,False
29,2012-03-30,18.49,False
30,2012-03-31,10.32,False
0,2012-04-01,7.36,False
1,2012-04-02,12.16,False
2,2012-04-03,9.28,False
3,2012-04-04,12.8,False
4,2012-04-05,16.32,False
5,2012-04-06,21.44,False
6,2012-04-07,7.68,False
7,2012-04-08,8.0,False
8,2012-04-09,22.080000000000002,False
9,2012-04-10,12.8,False
10,2012-04-11,8.96,False
11,2012-04-12,18.56,False
12,2012-04-13,6.4,False
13,2012-04-14,7.36,False
14,2012-04-15,0.0,False
15,2012-04-16,12.16,False
16,2012-04-17,12.16,False
17,2012-04-18,18.240000000000002,False
18,2012-04-19,21.44,False
19,2012-04-20,32.0,False
20,2012-04-21,7.36,False
21,2012-04-22,0.0,False
22,2012-04-23,11.84,False
23,2012-04-24,29.76,False
24,2012-04-25,0.0,False
25,2012-04-26,9.28,False
26,2012-04-27,16.0,False
27,2012-04-28,7.36,False
28,2012-04-29,7.36,False
29,2012-04-30,16.0,False
0,2012-05-01,27.2,False
1,2012-05-02,10.56,False
2,2012-05-03,9.6,False
3,2012-05-04,19.52,False
4,2012-05-05,11.200000000000001,False
5,2012-05-06,16.64,False
6,2012-05-07,11.52,False
7,2012-05-08,20.48,False
8,2012-05-09,11.52,False
9,2012-05-10,14.4,False
10,2012-05-11,9.92,False
11,2012-05-12,8.64,False
12,2012-05-13,17.28,False
13,2012-05-14,9.28,False
14,2012-05-15,24.96,False
15,2012-05-16,13.76,False
16,2012-05-17,12.16,False
17,2012-05-18,24.96,False
18,2012-05-19,8.96,False
19,2012-05-20,17.28,False
20,2012-05-21,20.8,False
21,2012-05-22,13.76,False
22,2012-05-23,30.080000000000002,False
23,2012-05-24,14.08,False
24,2012-05-25,27.2,False
25,2012-05-26,13.44,False
26,2012-05-27,8.96,False
27,2012-05-28,11.200000000000001,False
28,2012-05-29,13.44,False
29,2012-05-30,32.0,False
30,2012-05-31,17.28,False
0,2012-06-01,22.8,False
1,2012-06-02,10.26,False
2,2012-06-03,9.88,False
3,2012-06-04,21.28,False
4,2012-06-05,24.32,False
5,2012-06-06,19.0,False
6,2012-06-07,22.42,False
7,2012-06-08,22.8,False
8,2012-06-09,35.34,False
9,2012-06-10,20.14,False
10,2012-06-11,15.96,False
11,2012-06-12,10.64,False
12,2012-06-13,21.66,False
13,2012-06-14,13.68,False
14,2012-06-15,22.8,False
15,2012-06-16,30.4,False
16,2012-06-17,0.0,False
17,2012-06-18,29.64,False
18,2012-06-19,28.12,False
19,2012-06-20,30.02,False
20,2012-06-21,19.38,False
21,2012-06-22,34.58,False
22,2012-06-23,15.58,False
23,2012-06-24,20.14,False
24,2012-06-25,16.34,False
25,2012-06-26,13.68,False
26,2012-06-27,28.5,False
27,2012-06-28,13.68,False
28,2012-06-29,38.0,False
29,2012-06-30,10.26,False
0,2012-07-01,0.0,False
1,2012-07-02,5.67,False
2,2012-07-03,22.41,False
3,2012-07-04,11.610000000000001,False
4,2012-07-05,5.94,False
5,2012-07-06,17.82,False
6,2012-07-07,7.0200000000000005,False
7,2012-07-08,0.0,False
8,2012-07-09,11.34,False
9,2012-07-10,8.370000000000001,False
10,2012-07-11,17.01,False
11,2012-07-12,8.64,False
12,2012-07-13,11.88,False
13,2012-07-14,14.040000000000001,False
14,2012-07-15,7.0200000000000005,False
15,2012-07-16,0.0,False
16,2012-07-17,8.370000000000001,False
17,2012-07-18,16.740000000000002,False
18,2012-07-19,8.64,False
19,2012-07-20,5.94,False
20,2012-07-21,0.0,False
21,2012-07-22,0.0,False
22,2012-07-23,22.68,False
23,2012-07-24,11.34,False
24,2012-07-25,22.68,False
25,2012-07-26,11.610000000000001,False
26,2012-07-27,27.0,False
27,2012-07-28,0.0,False
28,2012-07-29,7.0200000000000005,False
29,2012-07-30,0.0,False
30,2012-07-31,5.67,False
0,2012-08-01,7.140000000000001,False
1,2012-08-02,7.140000000000001,False
2,2012-08-03,14.96,False
3,2012-08-04,17.68,False
4,2012-08-05,8.84,False
5,2012-08-06,17.68,False
6,2012-08-07,7.140000000000001,False
7,2012-08-08,21.42,False
8,2012-08-09,18.02,False
9,2012-08-10,34.0,False
10,2012-08-11,8.84,False
11,2012-08-12,0.0,False
12,2012-08-13,18.02,False
13,2012-08-14,10.88,False
14,2012-08-15,26.180000000000003,False
15,2012-08-16,10.88,False
16,2012-08-17,19.040000000000003,False
17,2012-08-18,8.84,False
18,2012-08-19,18.360000000000003,False
19,2012-08-20,22.1,False
20,2012-08-21,7.140000000000001,False
21,2012-08-22,21.42,False
22,2012-08-23,28.900000000000002,False
23,2012-08-24,14.96,False
24,2012-08-25,8.84,False
25,2012-08-26,25.500000000000004,False
26,2012-08-27,6.800000000000001,False
27,2012-08-28,17.0,False
28,2012-08-29,10.540000000000001,False
29,2012-08-30,28.220000000000002,False
30,2012-08-31,10.88,False
0,2012-09-01,14.75,False
1,2012-09-02,8.75,False
2,2012-09-03,0.0,False
3,2012-09-04,11.75,False
4,2012-09-05,14.25,False
5,2012-09-06,18.0,False
6,2012-09-07,17.75,False
7,2012-09-08,8.75,False
8,2012-09-09,8.75,False
9,2012-09-10,10.5,False
10,2012-09-11,18.5,False
11,2012-09-12,17.5,False
12,2012-09-13,25.0,False
13,2012-09-14,7.25,False
14,2012-09-15,17.0,False
15,2012-09-16,8.5,False
16,2012-09-17,14.0,False
17,2012-09-18,20.75,False
18,2012-09-19,16.25,False
19,2012-09-20,18.75,False
20,2012-09-21,17.25,False
21,2012-09-22,8.5,False
22,2012-09-23,0.0,False
23,2012-09-24,13.75,False
24,2012-09-25,20.75,False
25,2012-09-26,13.75,False
26,2012-09-27,7.0,False
27,2012-09-28,19.75,False
28,2012-09-29,12.75,False
29,2012-09-30,8.25,False
0,2012-10-01,13.76,False
1,2012-10-02,20.8,False
2,2012-10-03,17.6,False
3,2012-10-04,0.0,False
4,2012-10-05,28.8,False
5,2012-10-06,8.32,False
6,2012-10-07,0.0,False
7,2012-10-08,20.16,False
8,2012-10-09,6.72,False
9,2012-10-10,26.88,False
10,2012-10-11,10.24,False
11,2012-10-12,7.04,False
12,2012-10-13,8.32,False
13,2012-10-14,11.84,False
14,2012-10-15,13.120000000000001,False
15,2012-10-16,16.64,False
16,2012-10-17,23.36,False
17,2012-10-18,23.68,False
18,2012-10-19,28.16,False
19,2012-10-20,16.32,False
20,2012-10-21,32.0,False
21,2012-10-22,23.36,False
22,2012-10-23,16.32,False
23,2012-10-24,6.72,False
24,2012-10-25,6.72,False
25,2012-10-26,14.4,False
26,2012-10-27,8.32,False
27,2012-10-28,7.68,False
28,2012-10-29,13.120000000000001,False
29,2012-10-30,6.4,False
30,2012-10-31,10.24,False
0,2012-11-01,15.659999999999998,False
1,2012-11-02,11.6,False
2,2012-11-03,11.6,False
3,2012-11-04,11.309999999999999,False
4,2012-11-05,10.44,False
5,2012-11-06,21.75,False
6,2012-11-07,12.18,False
7,2012-11-08,21.169999999999998,False
8,2012-11-09,26.68,False
9,2012-11-10,11.309999999999999,False
10,2012-11-11,7.539999999999999,False
11,2012-11-12,8.41,False
12,2012-11-13,21.459999999999997,False
13,2012-11-14,14.79,False
14,2012-11-15,15.079999999999998,False
15,2012-11-16,13.049999999999999,False
16,2012-11-17,14.79,False
17,2012-11-18,14.79,False
18,2012-11-19,28.999999999999996,False
19,2012-11-20,16.529999999999998,False
20,2012-11-21,14.79,False
21,2012-11-22,15.37,False
22,2012-11-23,20.009999999999998,False
23,2012-11-24,11.309999999999999,False
24,2012-11-25,7.249999999999999,False
25,2012-11-26,14.209999999999999,False
26,2012-11-27,12.18,False
27,2012-11-28,12.18,False
28,2012-11-29,20.59,False
29,2012-11-30,19.43,False
0,2012-12-01,7.0200000000000005,False
1,2012-12-02,6.75,False
2,2012-12-03,11.610000000000001,False
3,2012-12-04,13.23,False
4,2012-12-05,11.610000000000001,False
5,2012-12-06,7.83,False
6,2012-12-07,20.520000000000003,False
7,2012-12-08,7.0200000000000005,False
8,2012-12-09,6.75,False
9,2012-12-10,17.01,False
10,2012-12-11,11.610000000000001,False
11,2012-12-12,27.0,False
12,2012-12-13,11.610000000000001,False
13,2012-12-14,5.94,False
14,2012-12-15,13.770000000000001,False
15,2012-12-16,13.5,False
16,2012-12-17,14.580000000000002,False
17,2012-12-18,8.64,False
18,2012-12-19,9.99,False
19,2012-12-20,22.14,False
20,2012-12-21,9.450000000000001,False
21,2012-12-22,21.6,False
22,2012-12-23,7.290000000000001,False
23,2012-12-24,0.0,False
24,2012-12-25,15.66,False
25,2012-12-26,9.99,False
26,2012-12-27,10.260000000000002,False
27,2012-12-28,22.41,False
28,2012-12-29,7.0200000000000005,False
29,2012-12-30,0.0,False
30,2012-12-31,11.88,False
0,2013-01-01,8.14,False
1,2013-01-02,19.98,False
2,2013-01-03,16.28,False
3,2013-01-04,16.65,False
4,2013-01-05,7.4,False
5,2013-01-06,0.0,False
6,2013-01-07,15.54,False
7,2013-01-08,12.58,False
8,2013-01-09,21.83,False
9,2013-01-10,6.29,False
10,2013-01-11,12.95,False
11,2013-01-12,7.4,False
12,2013-01-13,7.03,False
13,2013-01-14,15.17,False
14,2013-01-15,29.97,False
15,2013-01-16,12.209999999999999,False
16,2013-01-17,12.209999999999999,False
17,2013-01-18,12.95,False
18,2013-01-19,14.43,False
19,2013-01-20,7.03,False
20,2013-01-21,5.92,False
21,2013-01-22,5.92,False
22,2013-01-23,30.34,False
23,2013-01-24,37.0,False
24,2013-01-25,28.49,False
25,2013-01-26,21.83,False
26,2013-01-27,7.03,False
27,2013-01-28,33.3,False
28,2013-01-29,17.759999999999998,False
29,2013-01-30,21.09,False
30,2013-01-31,21.46,False
0,2013-02-01,34.0,False
1,2013-02-02,11.9,False
2,2013-02-03,5.78,False
3,2013-02-04,5.1000000000000005,False
4,2013-02-05,20.060000000000002,False
5,2013-02-06,5.1000000000000005,False
6,2013-02-07,25.16,False
7,2013-02-08,28.560000000000002,False
8,2013-02-09,6.12,False
9,2013-02-10,0.0,False
10,2013-02-11,27.540000000000003,False
11,2013-02-12,18.02,False
12,2013-02-13,17.34,False
13,2013-02-14,25.840000000000003,False
14,2013-02-15,15.64,False
15,2013-02-16,11.9,False
16,2013-02-17,5.78,False
17,2013-02-18,14.96,False
18,2013-02-19,17.34,False
19,2013-02-20,9.860000000000001,False
20,2013-02-21,14.96,False
21,2013-02-22,18.02,False
22,2013-02-23,11.56,False
23,2013-02-24,11.56,False
24,2013-02-25,21.42,False
25,2013-02-26,11.9,False
26,2013-02-27,17.34,False
27,2013-02-28,19.720000000000002,False
0,2013-03-01,11.84,False
1,2013-03-02,17.759999999999998,False
2,2013-03-03,8.879999999999999,False
3,2013-03-04,24.79,False
4,2013-03-05,24.79,False
5,2013-03-06,29.97,False
6,2013-03-07,35.519999999999996,False
7,2013-03-08,31.08,False
8,2013-03-09,21.83,False
9,2013-03-10,25.9,False
10,2013-03-11,12.209999999999999,False
11,2013-03-12,17.02,False
12,2013-03-13,21.83,False
13,2013-03-14,37.0,False
14,2013-03-15,35.89,False
15,2013-03-16,8.879999999999999,False
16,2013-03-17,8.51,False
17,2013-03-18,34.04,False
18,2013-03-19,14.43,False
19,2013-03-20,22.2,False
20,2013-03-21,27.38,False
21,2013-03-22,30.71,False
22,2013-03-23,14.8,False
23,2013-03-24,17.39,False
24,2013-03-25,19.61,False
25,2013-03-26,12.209999999999999,False
26,2013-03-27,25.53,False
27,2013-03-28,18.13,False
28,2013-03-29,14.06,False
29,2013-03-30,12.209999999999999,False
30,2013-03-31,9.25,False
0,2013-04-01,31.39,False
1,2013-04-02,22.36,False
2,2013-04-03,11.18,False
3,2013-04-04,29.669999999999998,False
4,2013-04-05,19.35,False
5,2013-04-06,18.06,False
6,2013-04-07,21.93,False
7,2013-04-08,36.55,False
8,2013-04-09,18.49,False
9,2013-04-10,25.8,False
10,2013-04-11,33.54,False
11,2013-04-12,27.52,False
12,2013-04-13,9.03,False
13,2013-04-14,13.33,False
14,2013-04-15,18.49,False
15,2013-04-16,40.85,False
16,2013-04-17,22.36,False
17,2013-04-18,30.099999999999998,False
18,2013-04-19,43.0,False
19,2013-04-20,9.03,False
20,2013-04-21,9.03,False
21,2013-04-22,33.54,False
22,2013-04-23,36.98,False
23,2013-04-24,26.23,False
24,2013-04-25,11.61,False
25,2013-04-26,19.78,False
26,2013-04-27,9.03,False
27,2013-04-28,0.0,False
28,2013-04-29,33.54,False
29,2013-04-30,26.23,False
0,2013-05-01,16.5,False
1,2013-05-02,24.599999999999998,False
2,2013-05-03,19.2,False
3,2013-05-04,0.0,False
4,2013-05-05,7.5,False
5,2013-05-06,18.3,False
6,2013-05-07,9.0,False
7,2013-05-08,15.299999999999999,False
8,2013-05-09,27.9,False
9,2013-05-10,19.2,False
10,2013-05-11,14.399999999999999,False
11,2013-05-12,10.799999999999999,False
12,2013-05-13,6.0,False
13,2013-05-14,18.0,False
14,2013-05-15,12.0,False
15,2013-05-16,18.0,False
16,2013-05-17,22.2,False
17,2013-05-18,7.199999999999999,False
18,2013-05-19,28.799999999999997,False
19,2013-05-20,30.0,False
20,2013-05-21,17.4,False
21,2013-05-22,15.0,False
22,2013-05-23,21.0,False
23,2013-05-24,6.3,False
24,2013-05-25,14.7,False
25,2013-05-26,0.0,False
26,2013-05-27,6.3,False
27,2013-05-28,8.7,False
28,2013-05-29,17.7,False
29,2013-05-30,15.299999999999999,False
30,2013-05-31,15.6,False
0,2013-06-01,9.620000000000001,False
1,2013-06-02,0.0,False
2,2013-06-03,15.600000000000001,False
3,2013-06-04,13.26,False
4,2013-06-05,10.66,False
5,2013-06-06,5.46,False
6,2013-06-07,11.18,False
7,2013-06-08,6.5,False
8,2013-06-09,6.5,False
9,2013-06-10,26.0,False
10,2013-06-11,10.4,False
11,2013-06-12,5.46,False
12,2013-06-13,13.26,False
13,2013-06-14,11.440000000000001,False
14,2013-06-15,0.0,False
15,2013-06-16,6.5,False
16,2013-06-17,10.66,False
17,2013-06-18,13.26,False
18,2013-06-19,15.860000000000001,False
19,2013-06-20,18.98,False
20,2013-06-21,16.900000000000002,False
21,2013-06-22,13.26,False
22,2013-06-23,0.0,False
23,2013-06-24,10.66,False
24,2013-06-25,18.72,False
25,2013-06-26,24.18,False
26,2013-06-27,16.12,False
27,2013-06-28,5.720000000000001,False
28,2013-06-29,10.14,False
29,2013-06-30,13.0,False
0,2013-07-01,10.85,False
1,2013-07-02,16.43,False
2,2013-07-03,10.85,False
3,2013-07-04,5.89,False
4,2013-07-05,11.78,False
5,2013-07-06,10.23,False
6,2013-07-07,0.0,False
7,2013-07-08,7.13,False
8,2013-07-09,16.43,False
9,2013-07-10,9.3,False
10,2013-07-11,13.02,False
11,2013-07-12,15.5,False
12,2013-07-13,6.82,False
13,2013-07-14,6.51,False
14,2013-07-15,16.43,False
15,2013-07-16,12.709999999999999,False
16,2013-07-17,14.879999999999999,False
17,2013-07-18,13.02,False
18,2013-07-19,17.36,False
19,2013-07-20,6.82,False
20,2013-07-21,0.0,False
21,2013-07-22,31.0,False
22,2013-07-23,21.39,False
23,2013-07-24,18.29,False
24,2013-07-25,13.02,False
25,2013-07-26,13.33,False
26,2013-07-27,9.92,False
27,2013-07-28,9.92,False
28,2013-07-29,8.06,False
29,2013-07-30,16.12,False
30,2013-07-31,12.709999999999999,False
0,2013-08-01,6.4799999999999995,False
1,2013-08-02,15.36,False
2,2013-08-03,7.92,False
3,2013-08-04,6.0,False
4,2013-08-05,13.2,False
5,2013-08-06,4.8,False
6,2013-08-07,19.68,False
7,2013-08-08,5.04,False
8,2013-08-09,13.92,False
9,2013-08-10,8.879999999999999,False
10,2013-08-11,6.0,False
11,2013-08-12,11.28,False
12,2013-08-13,14.399999999999999,False
13,2013-08-14,7.4399999999999995,False
14,2013-08-15,24.0,False
15,2013-08-16,8.64,False
16,2013-08-17,11.76,False
17,2013-08-18,5.76,False
18,2013-08-19,12.719999999999999,False
19,2013-08-20,6.24,False
20,2013-08-21,4.8,False
21,2013-08-22,14.639999999999999,False
22,2013-08-23,17.52,False
23,2013-08-24,0.0,False
24,2013-08-25,5.76,False
25,2013-08-26,9.36,False
26,2013-08-27,10.799999999999999,False
27,2013-08-28,11.76,False
28,2013-08-29,7.92,False
29,2013-08-30,9.84,False
30,2013-08-31,7.4399999999999995,False
0,2013-09-01,0.0,False
1,2013-09-02,8.64,False
2,2013-09-03,9.18,False
3,2013-09-04,11.07,False
4,2013-09-05,18.900000000000002,False
5,2013-09-06,13.770000000000001,False
6,2013-09-07,8.91,False
7,2013-09-08,8.64,False
8,2013-09-09,7.290000000000001,False
9,2013-09-10,27.0,False
10,2013-09-11,12.690000000000001,False
11,2013-09-12,9.18,False
12,2013-09-13,7.5600000000000005,False
13,2013-09-14,12.96,False
14,2013-09-15,6.48,False
15,2013-09-16,10.8,False
16,2013-09-17,14.31,False
17,2013-09-18,21.87,False
18,2013-09-19,14.850000000000001,False
19,2013-09-20,7.83,False
20,2013-09-21,6.48,False
21,2013-09-22,6.48,False
22,2013-09-23,9.18,False
23,2013-09-24,14.580000000000002,False
24,2013-09-25,11.07,False
25,2013-09-26,11.07,False
26,2013-09-27,17.28,False
27,2013-09-28,9.99,False
28,2013-09-29,6.48,False
29,2013-09-30,7.0200000000000005,False
0,2013-10-01,19.380000000000003,False
1,2013-10-02,12.920000000000002,False
2,2013-10-03,19.720000000000002,False
3,2013-10-04,13.600000000000001,False
4,2013-10-05,11.56,False
5,2013-10-06,7.48,False
6,2013-10-07,17.34,False
7,2013-10-08,17.34,False
8,2013-10-09,9.860000000000001,False
9,2013-10-10,28.560000000000002,False
10,2013-10-11,13.600000000000001,False
11,2013-10-12,13.260000000000002,False
12,2013-10-13,0.0,False
13,2013-10-14,6.460000000000001,False
14,2013-10-15,15.3,False
15,2013-10-16,26.520000000000003,False
16,2013-10-17,19.720000000000002,False
17,2013-10-18,25.16,False
18,2013-10-19,11.56,False
19,2013-10-20,7.48,False
20,2013-10-21,34.0,False
21,2013-10-22,19.040000000000003,False
22,2013-10-23,14.96,False
23,2013-10-24,10.88,False
24,2013-10-25,13.600000000000001,False
25,2013-10-26,7.82,False
26,2013-10-27,0.0,False
27,2013-10-28,12.58,False
28,2013-10-29,10.540000000000001,False
29,2013-10-30,17.34,False
30,2013-10-31,24.48,False
0,2013-11-01,26.66,False
1,2013-11-02,5.89,False
2,2013-11-03,0.0,False
3,2013-11-04,12.09,False
4,2013-11-05,14.57,False
5,2013-11-06,14.57,False
6,2013-11-07,22.32,False
7,2013-11-08,17.98,False
8,2013-11-09,5.89,False
9,2013-11-10,0.0,False
10,2013-11-11,14.57,False
11,2013-11-12,14.57,False
12,2013-11-13,9.92,False
13,2013-11-14,22.01,False
14,2013-11-15,31.0,False
15,2013-11-16,17.36,False
16,2013-11-17,5.58,False
17,2013-11-18,19.22,False
18,2013-11-19,14.26,False
19,2013-11-20,14.26,False
20,2013-11-21,19.53,False
21,2013-11-22,17.669999999999998,False
22,2013-11-23,8.37,False
23,2013-11-24,11.16,False
24,2013-11-25,14.26,False
25,2013-11-26,9.61,False
26,2013-11-27,12.09,False
27,2013-11-28,10.23,False
28,2013-11-29,5.27,False
29,2013-11-30,11.47,False
0,2013-12-01,6.76,False
1,2013-12-02,6.5,False
2,2013-12-03,13.52,False
3,2013-12-04,16.12,False
4,2013-12-05,15.08,False
5,2013-12-06,26.0,False
6,2013-12-07,4.94,False
7,2013-12-08,7.28,False
8,2013-12-09,10.92,False
9,2013-12-10,18.98,False
10,2013-12-11,12.22,False
11,2013-12-12,12.48,False
12,2013-12-13,8.84,False
13,2013-12-14,6.5,False
14,2013-12-15,4.94,False
15,2013-12-16,9.620000000000001,False
16,2013-12-17,12.74,False
17,2013-12-18,9.88,False
18,2013-12-19,14.56,False
19,2013-12-20,16.12,False
20,2013-12-21,13.52,False
21,2013-12-22,5.2,False
22,2013-12-23,16.900000000000002,False
23,2013-12-24,12.48,False
24,2013-12-25,11.18,False
25,2013-12-26,10.92,False
26,2013-12-27,10.66,False
27,2013-12-28,10.14,False
28,2013-12-29,4.94,False
29,2013-12-30,10.4,False
30,2013-12-31,13.52,False
0,2014-01-01,5.89,False
1,2014-01-02,9.61,False
2,2014-01-03,7.13,False
3,2014-01-04,10.54,False
4,2014-01-05,13.33,False
5,2014-01-06,11.47,False
6,2014-01-07,8.99,False
7,2014-01-08,8.99,False
8,2014-01-09,6.82,False
9,2014-01-10,9.3,False
10,2014-01-11,10.54,False
11,2014-01-12,7.75,False
12,2014-01-13,8.68,False
13,2014-01-14,11.16,False
14,2014-01-15,6.51,False
15,2014-01-16,11.16,False
16,2014-01-17,13.95,False
17,2014-01-18,5.27,False
18,2014-01-19,0.0,False
19,2014-01-20,0.0,False
20,2014-01-21,10.85,False
21,2014-01-22,19.53,False
22,2014-01-23,31.0,False
23,2014-01-24,25.11,False
24,2014-01-25,5.27,False
25,2014-01-26,10.23,False
26,2014-01-27,8.68,False
27,2014-01-28,26.04,False
28,2014-01-29,13.33,False
29,2014-01-30,20.15,False
30,2014-01-31,22.94,False
0,2014-02-01,17.360000000000003,False
1,2014-02-02,7.280000000000001,False
2,2014-02-03,19.040000000000003,False
3,2014-02-04,24.92,False
4,2014-02-05,9.520000000000001,False
5,2014-02-06,11.48,False
6,2014-02-07,23.8,False
7,2014-02-08,10.920000000000002,False
8,2014-02-09,12.040000000000001,False
9,2014-02-10,12.32,False
10,2014-02-11,14.560000000000002,False
11,2014-02-12,12.600000000000001,False
12,2014-02-13,14.840000000000002,False
13,2014-02-14,17.64,False
14,2014-02-15,22.400000000000002,False
15,2014-02-16,7.280000000000001,False
16,2014-02-17,6.44,False
17,2014-02-18,12.32,False
18,2014-02-19,25.480000000000004,False
19,2014-02-20,17.080000000000002,False
20,2014-02-21,15.400000000000002,False
21,2014-02-22,14.840000000000002,False
22,2014-02-23,0.0,False
23,2014-02-24,14.560000000000002,False
24,2014-02-25,14.560000000000002,False
25,2014-02-26,28.000000000000004,False
26,2014-02-27,19.040000000000003,False
27,2014-02-28,15.400000000000002,False
0,2014-03-01,0.0,False
1,2014-03-02,6.4,False
2,2014-03-03,13.44,False
3,2014-03-04,16.32,False
4,2014-03-05,8.0,False
5,2014-03-06,13.44,False
6,2014-03-07,16.96,False
7,2014-03-08,12.8,False
8,2014-03-09,0.0,False
9,2014-03-10,24.0,False
10,2014-03-11,24.0,False
11,2014-03-12,26.88,False
12,2014-03-13,16.32,False
13,2014-03-14,11.200000000000001,False
14,2014-03-15,6.4,False
15,2014-03-16,12.16,False
16,2014-03-17,10.88,False
17,2014-03-18,21.44,False
18,2014-03-19,21.44,False
19,2014-03-20,19.2,False
20,2014-03-21,16.96,False
21,2014-03-22,12.48,False
22,2014-03-23,6.08,False
23,2014-03-24,8.0,False
24,2014-03-25,21.12,False
25,2014-03-26,32.0,False
26,2014-03-27,13.44,False
27,2014-03-28,19.52,False
28,2014-03-29,6.4,False
29,2014-03-30,6.4,False
30,2014-03-31,26.560000000000002,False
0,2014-04-01,16.82,False
1,2014-04-02,9.569999999999999,False
2,2014-04-03,16.82,False
3,2014-04-04,22.619999999999997,False
4,2014-04-05,5.8,False
5,2014-04-06,5.8,False
6,2014-04-07,14.209999999999999,False
7,2014-04-08,19.43,False
8,2014-04-09,4.93,False
9,2014-04-10,19.72,False
10,2014-04-11,13.049999999999999,False
11,2014-04-12,5.8,False
12,2014-04-13,5.8,False
13,2014-04-14,14.79,False
14,2014-04-15,17.11,False
15,2014-04-16,12.469999999999999,False
16,2014-04-17,10.44,False
17,2014-04-18,8.41,False
18,2014-04-19,6.09,False
19,2014-04-20,9.28,False
20,2014-04-21,13.34,False
21,2014-04-22,28.999999999999996,False
22,2014-04-23,24.36,False
23,2014-04-24,9.86,False
24,2014-04-25,23.2,False
25,2014-04-26,11.6,False
26,2014-04-27,0.0,False
27,2014-04-28,9.569999999999999,False
28,2014-04-29,9.569999999999999,False
29,2014-04-30,17.4,False
0,2014-05-01,24.05,False
1,2014-05-02,6.29,False
2,2014-05-03,7.03,False
3,2014-05-04,7.03,False
4,2014-05-05,19.98,False
5,2014-05-06,8.879999999999999,False
6,2014-05-07,15.54,False
7,2014-05-08,25.9,False
8,2014-05-09,24.79,False
9,2014-05-10,11.84,False
10,2014-05-11,11.47,False
11,2014-05-12,34.78,False
12,2014-05-13,17.39,False
13,2014-05-14,11.84,False
14,2014-05-15,27.75,False
15,2014-05-16,24.419999999999998,False
16,2014-05-17,17.02,False
17,2014-05-18,7.03,False
18,2014-05-19,15.91,False
19,2014-05-20,17.759999999999998,False
20,2014-05-21,12.95,False
21,2014-05-22,37.0,False
22,2014-05-23,20.35,False
23,2014-05-24,10.73,False
24,2014-05-25,15.91,False
25,2014-05-26,6.66,False
26,2014-05-27,25.53,False
27,2014-05-28,12.95,False
28,2014-05-29,33.3,False
29,2014-05-30,22.94,False
30,2014-05-31,12.209999999999999,False
0,2014-06-01,7.5600000000000005,False
1,2014-06-02,15.400000000000002,False
2,2014-06-03,18.200000000000003,False
3,2014-06-04,15.400000000000002,False
4,2014-06-05,15.680000000000001,False
5,2014-06-06,16.520000000000003,False
6,2014-06-07,11.760000000000002,False
7,2014-06-08,15.680000000000001,False
8,2014-06-09,9.520000000000001,False
9,2014-06-10,9.520000000000001,False
10,2014-06-11,24.92,False
11,2014-06-12,6.16,False
12,2014-06-13,12.88,False
13,2014-06-14,7.5600000000000005,False
14,2014-06-15,7.5600000000000005,False
15,2014-06-16,15.400000000000002,False
16,2014-06-17,9.24,False
17,2014-06-18,15.680000000000001,False
18,2014-06-19,15.96,False
19,2014-06-20,16.8,False
20,2014-06-21,0.0,False
21,2014-06-22,7.5600000000000005,False
22,2014-06-23,12.600000000000001,False
23,2014-06-24,28.000000000000004,False
24,2014-06-25,12.600000000000001,False
25,2014-06-26,15.96,False
26,2014-06-27,13.440000000000001,False
27,2014-06-28,7.840000000000001,False
28,2014-06-29,7.5600000000000005,False
29,2014-06-30,18.76,False
0,2014-07-01,10.200000000000001,False
1,2014-07-02,24.14,False
2,2014-07-03,14.280000000000001,False
3,2014-07-04,7.48,False
4,2014-07-05,0.0,False
5,2014-07-06,8.5,False
6,2014-07-07,10.200000000000001,False
7,2014-07-08,26.860000000000003,False
8,2014-07-09,13.600000000000001,False
9,2014-07-10,10.200000000000001,False
10,2014-07-11,18.02,False
11,2014-07-12,8.16,False
12,2014-07-13,8.16,False
13,2014-07-14,13.600000000000001,False
14,2014-07-15,34.0,False
15,2014-07-16,21.080000000000002,False
16,2014-07-17,6.800000000000001,False
17,2014-07-18,10.88,False
18,2014-07-19,25.16,False
19,2014-07-20,0.0,False
20,2014-07-21,17.0,False
21,2014-07-22,30.6,False
22,2014-07-23,13.940000000000001,False
23,2014-07-24,31.28,False
24,2014-07-25,32.64,False
25,2014-07-26,24.82,False
26,2014-07-27,12.58,False
27,2014-07-28,27.880000000000003,False
28,2014-07-29,31.28,False
29,2014-07-30,13.940000000000001,False
30,2014-07-31,28.220000000000002,False
0,2014-08-01,15.3,False
1,2014-08-02,14.96,False
2,2014-08-03,10.200000000000001,False
3,2014-08-04,18.700000000000003,False
4,2014-08-05,34.0,False
5,2014-08-06,29.240000000000002,False
6,2014-08-07,11.9,False
7,2014-08-08,30.94,False
8,2014-08-09,12.58,False
9,2014-08-10,7.48,False
10,2014-08-11,20.740000000000002,False
11,2014-08-12,16.32,False
12,2014-08-13,16.32,False
13,2014-08-14,14.620000000000001,False
14,2014-08-15,13.600000000000001,False
15,2014-08-16,7.48,False
16,2014-08-17,7.48,False
17,2014-08-18,18.700000000000003,False
18,2014-08-19,16.32,False
19,2014-08-20,14.280000000000001,False
20,2014-08-21,22.44,False
21,2014-08-22,14.96,False
22,2014-08-23,0.0,False
23,2014-08-24,7.140000000000001,False
24,2014-08-25,30.26,False
25,2014-08-26,21.76,False
26,2014-08-27,23.8,False
27,2014-08-28,20.400000000000002,False
28,2014-08-29,17.0,False
29,2014-08-30,0.0,False
30,2014-08-31,10.540000000000001,False
0,2014-09-01,6.1499999999999995,False
1,2014-09-02,23.369999999999997,False
2,2014-09-03,29.52,False
3,2014-09-04,27.06,False
4,2014-09-05,21.73,False
5,2014-09-06,7.38,False
6,2014-09-07,6.97,False
7,2014-09-08,26.65,False
8,2014-09-09,14.35,False
9,2014-09-10,41.0,False
10,2014-09-11,26.65,False
11,2014-09-12,18.45,False
12,2014-09-13,13.94,False
13,2014-09-14,6.97,False
14,2014-09-15,23.369999999999997,False
15,2014-09-16,8.61,False
16,2014-09-17,14.76,False
17,2014-09-18,26.65,False
18,2014-09-19,18.45,False
19,2014-09-20,13.94,False
20,2014-09-21,13.53,False
21,2014-09-22,5.739999999999999,False
22,2014-09-23,23.369999999999997,False
23,2014-09-24,5.739999999999999,False
24,2014-09-25,14.76,False
25,2014-09-26,27.88,False
26,2014-09-27,13.94,False
27,2014-09-28,10.66,False
28,2014-09-29,22.959999999999997,False
29,2014-09-30,17.22,False
0,2014-10-01,18.87,False
1,2014-10-02,36.63,False
2,2014-10-03,22.57,False
3,2014-10-04,9.25,False
4,2014-10-05,6.66,False
5,2014-10-06,18.87,False
6,2014-10-07,15.17,False
7,2014-10-08,9.62,False
8,2014-10-09,37.0,False
9,2014-10-10,13.69,False
10,2014-10-11,0.0,False
11,2014-10-12,13.32,False
12,2014-10-13,12.95,False
13,2014-10-14,24.79,False
14,2014-10-15,16.65,False
15,2014-10-16,17.02,False
16,2014-10-17,25.53,False
17,2014-10-18,8.879999999999999,False
18,2014-10-19,13.32,False
19,2014-10-20,24.05,False
20,2014-10-21,37.0,False
21,2014-10-22,27.75,False
22,2014-10-23,22.57,False
23,2014-10-24,13.69,False
24,2014-10-25,8.879999999999999,False
25,2014-10-26,9.62,False
26,2014-10-27,22.2,False
27,2014-10-28,18.13,False
28,2014-10-29,16.65,False
29,2014-10-30,24.419999999999998,False
30,2014-10-31,15.91,False
0,2014-11-01,19.44,False
1,2014-11-02,10.8,False
2,2014-11-03,9.18,False
3,2014-11-04,12.15,False
4,2014-11-05,15.39,False
5,2014-11-06,12.15,False
6,2014-11-07,12.690000000000001,False
7,2014-11-08,9.18,False
8,2014-11-09,5.4,False
9,2014-11-10,13.770000000000001,False
10,2014-11-11,12.15,False
11,2014-11-12,13.5,False
12,2014-11-13,15.120000000000001,False
13,2014-11-14,14.31,False
14,2014-11-15,5.4,False
15,2014-11-16,5.4,False
16,2014-11-17,8.91,False
17,2014-11-18,12.96,False
18,2014-11-19,15.66,False
19,2014-11-20,9.18,False
20,2014-11-21,27.0,False
21,2014-11-22,10.8,False
22,2014-11-23,10.530000000000001,False
23,2014-11-24,13.5,False
24,2014-11-25,10.530000000000001,False
25,2014-11-26,7.5600000000000005,False
26,2014-11-27,4.86,False
27,2014-11-28,4.86,False
28,2014-11-29,5.4,False
29,2014-11-30,5.130000000000001,False
0,2014-12-01,7.77,False
1,2014-12-02,18.13,False
2,2014-12-03,15.91,False
3,2014-12-04,15.91,False
4,2014-12-05,16.65,False
5,2014-12-06,0.0,False
6,2014-12-07,6.29,False
7,2014-12-08,32.19,False
8,2014-12-09,21.09,False
9,2014-12-10,37.0,False
10,2014-12-11,18.87,False
11,2014-12-12,19.61,False
12,2014-12-13,19.24,False
13,2014-12-14,9.62,False
14,2014-12-15,10.73,False
15,2014-12-16,26.64,False
16,2014-12-17,27.38,False
17,2014-12-18,30.71,False
18,2014-12-19,26.27,False
19,2014-12-20,13.32,False
20,2014-12-21,6.66,False
21,2014-12-22,8.51,False
22,2014-12-23,26.64,False
23,2014-12-24,19.61,False
24,2014-12-25,7.03,False
25,2014-12-26,18.87,False
26,2014-12-27,6.29,False
27,2014-12-28,6.29,False
28,2014-12-29,31.08,False
29,2014-12-30,17.39,False
30,2014-12-31,9.62,False
0,2015-01-01,8.4,False
1,2015-01-02,8.8,False
2,2015-01-03,7.6000000000000005,False
3,2015-01-04,3.6,False
4,2015-01-05,16.0,False
5,2015-01-06,9.600000000000001,False
6,2015-01-07,8.0,False
7,2015-01-08,10.8,False
8,2015-01-09,11.200000000000001,False
9,2015-01-10,3.6,False
10,2015-01-11,3.6,False
11,2015-01-12,6.0,False
12,2015-01-13,12.4,False
13,2015-01-14,6.0,False
14,2015-01-15,4.800000000000001,False
15,2015-01-16,19.200000000000003,False
16,2015-01-17,3.6,False
17,2015-01-18,5.6000000000000005,False
18,2015-01-19,9.200000000000001,False
19,2015-01-20,10.8,False
20,2015-01-21,15.200000000000001,False
21,2015-01-22,9.200000000000001,False
22,2015-01-23,23.6,False
23,2015-01-24,3.6,False
24,2015-01-25,8.8,False
25,2015-01-26,9.200000000000001,False
26,2015-01-27,9.200000000000001,False
27,2015-01-28,6.0,False
28,2015-01-29,40.0,False
29,2015-01-30,17.2,False
30,2015-01-31,3.6,False
0,2015-02-01,23.68,False
1,2015-02-02,14.72,False
2,2015-02-03,32.0,False
3,2015-02-04,20.48,False
4,2015-02-05,29.44,False
5,2015-02-06,24.64,False
6,2015-02-07,14.08,False
7,2015-02-08,0.0,False
8,2015-02-09,14.72,False
9,2015-02-10,5.76,False
10,2015-02-11,11.84,False
11,2015-02-12,26.88,False
12,2015-02-13,27.84,False
13,2015-02-14,14.08,False
14,2015-02-15,7.04,False
15,2015-02-16,0.0,False
16,2015-02-17,12.16,False
17,2015-02-18,17.92,False
18,2015-02-19,21.12,False
19,2015-02-20,6.08,False
20,2015-02-21,13.76,False
21,2015-02-22,0.0,False
22,2015-02-23,11.52,False
23,2015-02-24,23.04,False
24,2015-02-25,5.76,False
25,2015-02-26,23.68,False
26,2015-02-27,21.44,False
27,2015-02-28,6.72,False
0,2015-03-01,8.5,False
1,2015-03-02,21.76,False
2,2015-03-03,11.9,False
3,2015-03-04,34.0,False
4,2015-03-05,31.96,False
5,2015-03-06,7.48,False
6,2015-03-07,8.5,False
7,2015-03-08,8.5,False
8,2015-03-09,14.620000000000001,False
9,2015-03-10,24.14,False
10,2015-03-11,0.0,False
11,2015-03-12,19.720000000000002,False
12,2015-03-13,17.68,False
13,2015-03-14,5.78,False
14,2015-03-15,5.44,False
15,2015-03-16,9.860000000000001,False
16,2015-03-17,9.520000000000001,False
17,2015-03-18,17.0,False
18,2015-03-19,14.620000000000001,False
19,2015-03-20,14.96,False
20,2015-03-21,5.78,False
21,2015-03-22,5.78,False
22,2015-03-23,11.9,False
23,2015-03-24,21.42,False
24,2015-03-25,14.280000000000001,False
25,2015-03-26,17.0,False
26,2015-03-27,25.500000000000004,False
27,2015-03-28,12.24,False
28,2015-03-29,5.78,False
29,2015-03-30,17.0,False
30,2015-03-31,14.620000000000001,False
0,2015-04-01,10.08,False
1,2015-04-02,12.6,False
2,2015-04-03,9.0,False
3,2015-04-04,5.04,False
4,2015-04-05,9.719999999999999,False
5,2015-04-06,10.44,False
6,2015-04-07,11.879999999999999,False
7,2015-04-08,14.04,False
8,2015-04-09,12.24,False
9,2015-04-10,14.76,False
10,2015-04-11,14.399999999999999,False
11,2015-04-12,4.68,False
12,2015-04-13,10.08,False
13,2015-04-14,15.84,False
14,2015-04-15,11.879999999999999,False
15,2015-04-16,23.759999999999998,False
16,2015-04-17,12.6,False
17,2015-04-18,4.68,False
18,2015-04-19,6.84,False
19,2015-04-20,13.68,False
20,2015-04-21,15.84,False
21,2015-04-22,36.0,False
22,2015-04-23,24.48,False
23,2015-04-24,14.399999999999999,False
24,2015-04-25,11.879999999999999,False
25,2015-04-26,0.0,False
26,2015-04-27,10.08,False
27,2015-04-28,19.8,False
28,2015-04-29,10.08,False
29,2015-04-30,24.48,False
0,2015-05-01,10.88,False
1,2015-05-02,7.68,False
2,2015-05-03,15.040000000000001,False
3,2015-05-04,22.400000000000002,False
4,2015-05-05,32.0,False
5,2015-05-06,19.2,False
6,2015-05-07,13.120000000000001,False
7,2015-05-08,20.48,False
8,2015-05-09,19.52,False
9,2015-05-10,7.68,False
10,2015-05-11,19.2,False
11,2015-05-12,18.88,False
12,2015-05-13,19.2,False
13,2015-05-14,26.240000000000002,False
14,2015-05-15,19.84,False
15,2015-05-16,7.68,False
16,2015-05-17,11.200000000000001,False
17,2015-05-18,22.080000000000002,False
18,2015-05-19,9.6,False
19,2015-05-20,31.68,False
20,2015-05-21,25.92,False
21,2015-05-22,23.68,False
22,2015-05-23,15.36,False
23,2015-05-24,7.68,False
24,2015-05-25,6.72,False
25,2015-05-26,15.68,False
26,2015-05-27,18.88,False
27,2015-05-28,28.8,False
28,2015-05-29,13.44,False
29,2015-05-30,7.68,False
30,2015-05-31,15.36,False
0,2015-06-01,11.76,False
1,2015-06-02,24.0,False
2,2015-06-03,22.32,False
3,2015-06-04,7.199999999999999,False
4,2015-06-05,18.24,False
5,2015-06-06,15.6,False
6,2015-06-07,6.24,False
7,2015-06-08,13.68,False
8,2015-06-09,7.68,False
9,2015-06-10,20.64,False
10,2015-06-11,10.559999999999999,False
11,2015-06-12,5.52,False
12,2015-06-13,12.48,False
13,2015-06-14,6.24,False
14,2015-06-15,10.08,False
15,2015-06-16,8.4,False
16,2015-06-17,8.64,False
17,2015-06-18,10.32,False
18,2015-06-19,9.12,False
19,2015-06-20,12.48,False
20,2015-06-21,6.24,False
21,2015-06-22,15.36,False
22,2015-06-23,13.68,False
23,2015-06-24,5.279999999999999,False
24,2015-06-25,10.559999999999999,False
25,2015-06-26,5.52,False
26,2015-06-27,12.48,False
27,2015-06-28,6.24,False
28,2015-06-29,12.24,False
29,2015-06-30,10.32,False
0,2015-07-01,21.75,False
1,2015-07-02,11.02,False
2,2015-07-03,0.0,False
3,2015-07-04,13.34,False
4,2015-07-05,6.67,False
5,2015-07-06,5.22,False
6,2015-07-07,21.459999999999997,False
7,2015-07-08,12.469999999999999,False
8,2015-07-09,14.499999999999998,False
9,2015-07-10,11.309999999999999,False
10,2015-07-11,6.67,False
11,2015-07-12,6.38,False
12,2015-07-13,14.209999999999999,False
13,2015-07-14,19.72,False
14,2015-07-15,20.009999999999998,False
15,2015-07-16,16.529999999999998,False
16,2015-07-17,19.43,False
17,2015-07-18,10.44,False
18,2015-07-19,6.959999999999999,False
19,2015-07-20,11.309999999999999,False
20,2015-07-21,16.24,False
21,2015-07-22,20.009999999999998,False
22,2015-07-23,28.999999999999996,False
23,2015-07-24,13.049999999999999,False
24,2015-07-25,6.38,False
25,2015-07-26,9.569999999999999,False
26,2015-07-27,15.95,False
27,2015-07-28,7.829999999999999,False
28,2015-07-29,21.459999999999997,False
29,2015-07-30,14.499999999999998,False
30,2015-07-31,5.8,False
0,2015-08-01,11.16,False
1,2015-08-02,5.58,False
2,2015-08-03,4.65,False
3,2015-08-04,13.64,False
4,2015-08-05,4.65,False
5,2015-08-06,23.25,False
6,2015-08-07,14.57,False
7,2015-08-08,5.58,False
8,2015-08-09,10.85,False
9,2015-08-10,18.29,False
10,2015-08-11,9.3,False
11,2015-08-12,18.29,False
12,2015-08-13,9.3,False
13,2015-08-14,16.74,False
14,2015-08-15,10.85,False
15,2015-08-16,5.27,False
16,2015-08-17,11.47,False
17,2015-08-18,24.8,False
18,2015-08-19,22.94,False
19,2015-08-20,8.99,False
20,2015-08-21,18.91,False
21,2015-08-22,8.06,False
22,2015-08-23,7.75,False
23,2015-08-24,26.35,False
24,2015-08-25,31.0,False
25,2015-08-26,11.16,False
26,2015-08-27,13.64,False
27,2015-08-28,21.08,False
28,2015-08-29,10.85,False
29,2015-08-30,0.0,False
30,2015-08-31,11.16,False
0,2015-09-01,22.77,False
1,2015-09-02,23.0,False
2,2015-09-03,19.55,False
3,2015-09-04,5.98,False
4,2015-09-05,6.9,False
5,2015-09-06,6.9,False
6,2015-09-07,8.97,False
7,2015-09-08,20.01,False
8,2015-09-09,13.34,False
9,2015-09-10,17.25,False
10,2015-09-11,11.96,False
11,2015-09-12,6.67,False
12,2015-09-13,6.44,False
13,2015-09-14,14.950000000000001,False
14,2015-09-15,13.110000000000001,False
15,2015-09-16,18.630000000000003,False
16,2015-09-17,19.09,False
17,2015-09-18,13.8,False
18,2015-09-19,6.67,False
19,2015-09-20,6.67,False
20,2015-09-21,19.55,False
21,2015-09-22,13.110000000000001,False
22,2015-09-23,9.43,False
23,2015-09-24,9.66,False
24,2015-09-25,8.05,False
25,2015-09-26,6.67,False
26,2015-09-27,8.97,False
27,2015-09-28,12.88,False
28,2015-09-29,18.400000000000002,False
29,2015-09-30,13.110000000000001,False
0,2015-10-01,13.26,False
1,2015-10-02,5.1,False
2,2015-10-03,7.65,False
3,2015-10-04,5.61,False
4,2015-10-05,12.75,False
5,2015-10-06,5.1,False
6,2015-10-07,9.69,False
7,2015-10-08,18.36,False
8,2015-10-09,8.67,False
9,2015-10-10,4.08,False
10,2015-10-11,7.65,False
11,2015-10-12,18.36,False
12,2015-10-13,8.16,False
13,2015-10-14,9.69,False
14,2015-10-15,16.32,False
15,2015-10-16,15.3,False
16,2015-10-17,15.3,False
17,2015-10-18,7.65,False
18,2015-10-19,15.81,False
19,2015-10-20,17.34,False
20,2015-10-21,17.85,False
21,2015-10-22,39.27,False
22,2015-10-23,51.0,False
23,2015-10-24,17.34,False
24,2015-10-25,7.65,False
25,2015-10-26,15.81,False
26,2015-10-27,33.660000000000004,False
27,2015-10-28,15.81,False
28,2015-10-29,22.95,False
29,2015-10-30,10.2,False
30,2015-10-31,7.65,False
0,2015-11-01,13.68,False
1,2015-11-02,11.4,False
2,2015-11-03,17.1,False
3,2015-11-04,19.0,False
4,2015-11-05,5.7,False
5,2015-11-06,9.88,False
6,2015-11-07,13.3,False
7,2015-11-08,4.5600000000000005,False
8,2015-11-09,13.3,False
9,2015-11-10,38.0,False
10,2015-11-11,15.96,False
11,2015-11-12,15.58,False
12,2015-11-13,14.06,False
13,2015-11-14,4.5600000000000005,False
14,2015-11-15,8.74,False
15,2015-11-16,19.0,False
16,2015-11-17,24.7,False
17,2015-11-18,11.4,False
18,2015-11-19,27.36,False
19,2015-11-20,7.98,False
20,2015-11-21,4.5600000000000005,False
21,2015-11-22,0.0,False
22,2015-11-23,9.5,False
23,2015-11-24,15.2,False
24,2015-11-25,13.3,False
25,2015-11-26,6.08,False
26,2015-11-27,9.88,False
27,2015-11-28,6.84,False
28,2015-11-29,0.0,False
29,2015-11-30,18.62,False
0,2015-12-01,4.08,False
1,2015-12-02,19.040000000000003,False
2,2015-12-03,17.0,False
3,2015-12-04,19.720000000000002,False
4,2015-12-05,5.1000000000000005,False
5,2015-12-06,0.0,False
6,2015-12-07,8.5,False
7,2015-12-08,34.0,False
8,2015-12-09,21.080000000000002,False
9,2015-12-10,29.580000000000002,False
10,2015-12-11,28.900000000000002,False
11,2015-12-12,5.1000000000000005,False
12,2015-12-13,4.760000000000001,False
13,2015-12-14,8.16,False
14,2015-12-15,12.920000000000002,False
15,2015-12-16,23.8,False
16,2015-12-17,28.900000000000002,False
17,2015-12-18,21.080000000000002,False
18,2015-12-19,10.200000000000001,False
19,2015-12-20,7.82,False
20,2015-12-21,15.64,False
21,2015-12-22,29.580000000000002,False
22,2015-12-23,19.040000000000003,False
23,2015-12-24,13.260000000000002,False
24,2015-12-25,5.78,False
25,2015-12-26,0.0,False
26,2015-12-27,0.0,False
27,2015-12-28,9.180000000000001,False
28,2015-12-29,25.16,False
29,2015-12-30,18.700000000000003,False
30,2015-12-31,18.02,False
0,2016-01-01,6.12,False
1,2016-01-02,9.69,False
2,2016-01-03,3.5700000000000003,False
3,2016-01-04,14.280000000000001,False
4,2016-01-05,16.32,False
5,2016-01-06,11.22,False
6,2016-01-07,15.3,False
7,2016-01-08,15.81,False
8,2016-01-09,5.1,False
9,2016-01-10,3.5700000000000003,False
10,2016-01-11,8.67,False
11,2016-01-12,17.85,False
12,2016-01-13,8.67,False
13,2016-01-14,12.75,False
14,2016-01-15,19.89,False
15,2016-01-16,8.67,False
16,2016-01-17,7.140000000000001,False
17,2016-01-18,8.16,False
18,2016-01-19,14.280000000000001,False
19,2016-01-20,21.42,False
20,2016-01-21,19.38,False
21,2016-01-22,19.89,False
22,2016-01-23,13.26,False
23,2016-01-24,6.12,False
24,2016-01-25,51.0,False
25,2016-01-26,37.230000000000004,False
26,2016-01-27,23.46,False
27,2016-01-28,27.03,False
28,2016-01-29,22.44,False
29,2016-01-30,11.22,False
30,2016-01-31,4.59,False
0,2016-02-01,32.449999999999996,False
1,2016-02-02,44.25,False
2,2016-02-03,38.94,False
3,2016-02-04,39.53,False
4,2016-02-05,57.82,False
5,2016-02-06,19.47,False
6,2016-02-07,17.7,False
7,2016-02-08,50.15,False
8,2016-02-09,51.919999999999995,False
9,2016-02-10,51.33,False
10,2016-02-11,24.779999999999998,False
11,2016-02-12,48.379999999999995,False
12,2016-02-13,14.16,False
13,2016-02-14,13.569999999999999,False
14,2016-02-15,18.29,False
15,2016-02-16,25.959999999999997,False
16,2016-02-17,59.0,False
17,2016-02-18,42.48,False
18,2016-02-19,33.629999999999995,False
19,2016-02-20,10.62,False
20,2016-02-21,10.03,False
21,2016-02-22,21.83,False
22,2016-02-23,37.76,False
23,2016-02-24,25.959999999999997,False
24,2016-02-25,40.71,False
25,2016-02-26,25.369999999999997,False
26,2016-02-27,14.16,False
27,2016-02-28,7.08,False
28,2016-02-29,19.47,False
0,2016-03-01,20.5,False
1,2016-03-02,14.0,False
2,2016-03-03,28.5,False
3,2016-03-04,24.0,False
4,2016-03-05,5.5,False
5,2016-03-06,10.5,False
6,2016-03-07,23.0,False
7,2016-03-08,23.5,False
8,2016-03-09,21.0,False
9,2016-03-10,19.0,False
10,2016-03-11,24.5,False
11,2016-03-12,11.0,False
12,2016-03-13,0.0,False
13,2016-03-14,28.0,False
14,2016-03-15,26.0,False
15,2016-03-16,26.0,False
16,2016-03-17,21.5,False
17,2016-03-18,35.0,False
18,2016-03-19,11.0,False
19,2016-03-20,5.5,False
20,2016-03-21,16.5,False
21,2016-03-22,28.5,False
22,2016-03-23,27.0,False
23,2016-03-24,15.0,False
24,2016-03-25,10.5,False
25,2016-03-26,8.5,False
26,2016-03-27,22.5,False
27,2016-03-28,20.0,False
28,2016-03-29,35.5,False
29,2016-03-30,43.0,False
30,2016-03-31,50.0,False
0,2016-04-01,29.4,False
1,2016-04-02,24.599999999999998,False
2,2016-04-03,11.4,False
3,2016-04-04,40.199999999999996,False
4,2016-04-05,30.599999999999998,False
5,2016-04-06,26.4,False
6,2016-04-07,28.799999999999997,False
7,2016-04-08,38.4,False
8,2016-04-09,21.0,False
9,2016-04-10,17.4,False
10,2016-04-11,36.6,False
11,2016-04-12,18.0,False
12,2016-04-13,34.8,False
13,2016-04-14,22.8,False
14,2016-04-15,27.599999999999998,False
15,2016-04-16,9.6,False
16,2016-04-17,11.4,False
17,2016-04-18,24.599999999999998,False
18,2016-04-19,14.399999999999999,False
19,2016-04-20,39.0,False
20,2016-04-21,39.6,False
21,2016-04-22,60.0,False
22,2016-04-23,12.0,False
23,2016-04-24,10.2,False
24,2016-04-25,42.0,False
25,2016-04-26,34.199999999999996,False
26,2016-04-27,54.6,False
27,2016-04-28,28.799999999999997,False
28,2016-04-29,40.199999999999996,False
29,2016-04-30,7.199999999999999,False
0,2016-05-01,12.219999999999999,False
1,2016-05-02,47.0,False
2,2016-05-03,34.78,False
3,2016-05-04,39.48,False
4,2016-05-05,38.07,False
5,2016-05-06,39.48,False
6,2016-05-07,19.27,False
7,2016-05-08,15.979999999999999,False
8,2016-05-09,44.65,False
9,2016-05-10,31.959999999999997,False
10,2016-05-11,27.259999999999998,False
11,2016-05-12,32.43,False
12,2016-05-13,31.02,False
13,2016-05-14,15.979999999999999,False
14,2016-05-15,11.75,False
15,2016-05-16,32.43,False
16,2016-05-17,46.059999999999995,False
17,2016-05-18,31.959999999999997,False
18,2016-05-19,23.029999999999998,False
19,2016-05-20,19.74,False
20,2016-05-21,20.209999999999997,False
21,2016-05-22,12.219999999999999,False
22,2016-05-23,45.589999999999996,False
23,2016-05-24,37.129999999999995,False
24,2016-05-25,27.729999999999997,False
25,2016-05-26,33.839999999999996,False
26,2016-05-27,24.439999999999998,False
27,2016-05-28,16.45,False
28,2016-05-29,7.989999999999999,False
29,2016-05-30,28.669999999999998,False
30,2016-05-31,23.029999999999998,False
0,2016-06-01,23.4,False
1,2016-06-02,10.799999999999999,False
2,2016-06-03,13.32,False
3,2016-06-04,7.56,False
4,2016-06-05,0.0,False
5,2016-06-06,16.919999999999998,False
6,2016-06-07,16.919999999999998,False
7,2016-06-08,19.08,False
8,2016-06-09,10.799999999999999,False
9,2016-06-10,18.0,False
10,2016-06-11,5.04,False
11,2016-06-12,9.719999999999999,False
12,2016-06-13,12.6,False
13,2016-06-14,14.399999999999999,False
14,2016-06-15,6.4799999999999995,False
15,2016-06-16,14.76,False
16,2016-06-17,11.16,False
17,2016-06-18,5.04,False
18,2016-06-19,0.0,False
19,2016-06-20,16.919999999999998,False
20,2016-06-21,12.6,False
21,2016-06-22,12.959999999999999,False
22,2016-06-23,4.32,False
23,2016-06-24,36.0,False
24,2016-06-25,12.6,False
25,2016-06-26,0.0,False
26,2016-06-27,21.24,False
27,2016-06-28,12.959999999999999,False
28,2016-06-29,12.959999999999999,False
29,2016-06-30,17.64,False
0,2016-07-01,16.5,False
1,2016-07-02,8.5,False
2,2016-07-03,6.5,False
3,2016-07-04,7.5,False
4,2016-07-05,15.0,False
5,2016-07-06,19.0,False
6,2016-07-07,18.0,False
7,2016-07-08,25.5,False
8,2016-07-09,6.0,False
9,2016-07-10,4.5,False
10,2016-07-11,20.0,False
11,2016-07-12,21.0,False
12,2016-07-13,7.5,False
13,2016-07-14,19.5,False
14,2016-07-15,18.0,False
15,2016-07-16,13.0,False
16,2016-07-17,4.5,False
17,2016-07-18,16.5,False
18,2016-07-19,14.0,False
19,2016-07-20,28.0,False
20,2016-07-21,14.0,False
21,2016-07-22,15.5,False
22,2016-07-23,9.0,False
23,2016-07-24,4.5,False
24,2016-07-25,15.0,False
25,2016-07-26,50.0,False
26,2016-07-27,31.5,False
27,2016-07-28,29.0,False
28,2016-07-29,17.0,False
29,2016-07-30,9.0,False
30,2016-07-31,4.5,False
0,2016-08-01,24.419999999999998,False
1,2016-08-02,22.57,False
2,2016-08-03,24.79,False
3,2016-08-04,21.46,False
4,2016-08-05,37.0,False
5,2016-08-06,20.72,False
6,2016-08-07,15.91,False
7,2016-08-08,16.65,False
8,2016-08-09,26.64,False
9,2016-08-10,13.32,False
10,2016-08-11,18.87,False
11,2016-08-12,14.06,False
12,2016-08-13,7.77,False
13,2016-08-14,5.92,False
14,2016-08-15,8.879999999999999,False
15,2016-08-16,15.54,False
16,2016-08-17,17.39,False
17,2016-08-18,19.24,False
18,2016-08-19,23.31,False
19,2016-08-20,5.92,False
20,2016-08-21,5.92,False
21,2016-08-22,15.17,False
22,2016-08-23,10.36,False
23,2016-08-24,19.98,False
24,2016-08-25,22.57,False
25,2016-08-26,20.35,False
26,2016-08-27,5.55,False
27,2016-08-28,5.55,False
28,2016-08-29,7.77,False
29,2016-08-30,28.86,False
30,2016-08-31,20.72,False
0,2016-09-01,29.44,False
1,2016-09-02,12.16,False
2,2016-09-03,13.76,False
3,2016-09-04,13.44,False
4,2016-09-05,5.76,False
5,2016-09-06,22.72,False
6,2016-09-07,15.68,False
7,2016-09-08,19.52,False
8,2016-09-09,8.0,False
9,2016-09-10,13.76,False
10,2016-09-11,6.72,False
11,2016-09-12,23.68,False
12,2016-09-13,21.12,False
13,2016-09-14,15.36,False
14,2016-09-15,11.84,False
15,2016-09-16,17.92,False
16,2016-09-17,13.120000000000001,False
17,2016-09-18,0.0,False
18,2016-09-19,32.0,False
19,2016-09-20,14.08,False
20,2016-09-21,20.8,False
21,2016-09-22,31.04,False
22,2016-09-23,11.84,False
23,2016-09-24,6.72,False
24,2016-09-25,6.72,False
25,2016-09-26,11.200000000000001,False
26,2016-09-27,15.040000000000001,False
27,2016-09-28,18.88,False
28,2016-09-29,18.88,False
29,2016-09-30,17.6,False
0,2016-10-01,2.96,False
1,2016-10-02,2.59,False
2,2016-10-03,9.99,False
3,2016-10-04,8.51,False
4,2016-10-05,8.51,False
5,2016-10-06,7.4,False
6,2016-10-07,5.18,False
7,2016-10-08,8.51,False
8,2016-10-09,0.0,False
9,2016-10-10,8.879999999999999,False
10,2016-10-11,4.81,False
11,2016-10-12,12.58,False
12,2016-10-13,7.4,False
13,2016-10-14,18.13,False
14,2016-10-15,2.96,False
15,2016-10-16,2.96,False
16,2016-10-17,13.32,False
17,2016-10-18,5.92,False
18,2016-10-19,4.81,False
19,2016-10-20,4.81,False
20,2016-10-21,37.0,False
21,2016-10-22,5.55,False
22,2016-10-23,5.55,False
23,2016-10-24,11.1,False
24,2016-10-25,11.1,False
25,2016-10-26,12.209999999999999,False
26,2016-10-27,4.81,False
27,2016-10-28,3.7,False
28,2016-10-29,5.55,False
29,2016-10-30,0.0,False
30,2016-10-31,6.29,False
0,2016-11-01,23.12,False
1,2016-11-02,18.02,False
2,2016-11-03,8.84,False
3,2016-11-04,21.080000000000002,False
4,2016-11-05,10.200000000000001,False
5,2016-11-06,5.1000000000000005,False
6,2016-11-07,26.520000000000003,False
7,2016-11-08,28.220000000000002,False
8,2016-11-09,20.400000000000002,False
9,2016-11-10,20.400000000000002,False
10,2016-11-11,25.840000000000003,False
11,2016-11-12,5.1000000000000005,False
12,2016-11-13,5.1000000000000005,False
13,2016-11-14,22.1,False
14,2016-11-15,13.260000000000002,False
15,2016-11-16,17.68,False
16,2016-11-17,20.060000000000002,False
17,2016-11-18,20.740000000000002,False
18,2016-11-19,0.0,False
19,2016-11-20,5.1000000000000005,False
20,2016-11-21,15.3,False
21,2016-11-22,10.88,False
22,2016-11-23,13.260000000000002,False
23,2016-11-24,4.42,False
24,2016-11-25,13.600000000000001,False
25,2016-11-26,9.860000000000001,False
26,2016-11-27,4.760000000000001,False
27,2016-11-28,10.540000000000001,False
28,2016-11-29,34.0,False
29,2016-11-30,31.96,False
0,2016-12-01,20.060000000000002,False
1,2016-12-02,18.360000000000003,False
2,2016-12-03,9.860000000000001,False
3,2016-12-04,4.760000000000001,False
4,2016-12-05,34.0,False
5,2016-12-06,17.0,False
6,2016-12-07,19.380000000000003,False
7,2016-12-08,11.22,False
8,2016-12-09,11.56,False
9,2016-12-10,10.200000000000001,False
10,2016-12-11,7.48,False
11,2016-12-12,19.040000000000003,False
12,2016-12-13,17.34,False
13,2016-12-14,26.180000000000003,False
14,2016-12-15,22.44,False
15,2016-12-16,9.520000000000001,False
16,2016-12-17,13.260000000000002,False
17,2016-12-18,5.1000000000000005,False
18,2016-12-19,15.64,False
19,2016-12-20,22.78,False
20,2016-12-21,13.940000000000001,False
21,2016-12-22,16.32,False
22,2016-12-23,9.860000000000001,False
23,2016-12-24,11.22,False
24,2016-12-25,0.0,False
25,2016-12-26,5.1000000000000005,False
26,2016-12-27,9.180000000000001,False
27,2016-12-28,14.280000000000001,False
28,2016-12-29,18.700000000000003,False
29,2016-12-30,17.34,False
30,2016-12-31,10.88,False
0,2017-01-01,0.0,False
1,2017-01-02,5.8500000000000005,False
2,2017-01-03,17.16,False
3,2017-01-04,31.200000000000003,False
4,2017-01-05,25.740000000000002,False
5,2017-01-06,20.28,False
6,2017-01-07,9.36,False
7,2017-01-08,6.24,False
8,2017-01-09,32.76,False
9,2017-01-10,24.57,False
10,2017-01-11,26.91,False
11,2017-01-12,21.84,False
12,2017-01-13,22.62,False
13,2017-01-14,6.24,False
14,2017-01-15,6.24,False
15,2017-01-16,8.19,False
16,2017-01-17,15.99,False
17,2017-01-18,24.18,False
18,2017-01-19,24.18,False
19,2017-01-20,39.0,False
20,2017-01-21,15.600000000000001,False
21,2017-01-22,6.24,False
22,2017-01-23,31.98,False
23,2017-01-24,24.18,False
24,2017-01-25,29.64,False
25,2017-01-26,37.83,False
26,2017-01-27,22.62,False
27,2017-01-28,31.59,False
28,2017-01-29,6.24,False
29,2017-01-30,18.72,False
30,2017-01-31,21.45,False
0,2017-02-01,14.35,False
1,2017-02-02,38.949999999999996,False
2,2017-02-03,27.47,False
3,2017-02-04,13.53,False
4,2017-02-05,9.84,False
5,2017-02-06,20.5,False
6,2017-02-07,41.0,False
7,2017-02-08,38.129999999999995,False
8,2017-02-09,27.06,False
9,2017-02-10,25.009999999999998,False
10,2017-02-11,10.25,False
11,2017-02-12,6.56,False
12,2017-02-13,29.11,False
13,2017-02-14,32.39,False
14,2017-02-15,20.91,False
15,2017-02-16,17.63,False
16,2017-02-17,23.779999999999998,False
17,2017-02-18,13.53,False
18,2017-02-19,20.5,False
19,2017-02-20,11.889999999999999,False
20,2017-02-21,41.0,False
21,2017-02-22,14.76,False
22,2017-02-23,35.669999999999995,False
23,2017-02-24,36.9,False
24,2017-02-25,6.97,False
25,2017-02-26,6.56,False
26,2017-02-27,40.18,False
27,2017-02-28,23.369999999999997,False
0,2017-03-01,42.32,False
1,2017-03-02,46.0,False
2,2017-03-03,24.380000000000003,False
3,2017-03-04,8.280000000000001,False
4,2017-03-05,4.140000000000001,False
5,2017-03-06,11.96,False
6,2017-03-07,11.96,False
7,2017-03-08,7.36,False
8,2017-03-09,12.42,False
9,2017-03-10,18.86,False
10,2017-03-11,6.44,False
11,2017-03-12,4.140000000000001,False
12,2017-03-13,8.280000000000001,False
13,2017-03-14,11.040000000000001,False
14,2017-03-15,22.080000000000002,False
15,2017-03-16,25.76,False
16,2017-03-17,5.5200000000000005,False
17,2017-03-18,4.140000000000001,False
18,2017-03-19,5.98,False
19,2017-03-20,11.040000000000001,False
20,2017-03-21,17.94,False
21,2017-03-22,11.040000000000001,False
22,2017-03-23,27.6,False
23,2017-03-24,22.540000000000003,False
24,2017-03-25,4.140000000000001,False
25,2017-03-26,6.44,False
26,2017-03-27,21.62,False
27,2017-03-28,20.240000000000002,False
28,2017-03-29,12.88,False
29,2017-03-30,9.200000000000001,False
30,2017-03-31,28.52,False
0,2017-04-01,5.13,False
1,2017-04-02,5.13,False
2,2017-04-03,13.68,False
3,2017-04-04,15.389999999999999,False
4,2017-04-05,11.969999999999999,False
5,2017-04-06,14.819999999999999,False
6,2017-04-07,13.11,False
7,2017-04-08,6.84,False
8,2017-04-09,3.42,False
9,2017-04-10,17.669999999999998,False
10,2017-04-11,13.11,False
11,2017-04-12,10.26,False
12,2017-04-13,9.69,False
13,2017-04-14,6.84,False
14,2017-04-15,4.56,False
15,2017-04-16,6.84,False
16,2017-04-17,12.54,False
17,2017-04-18,16.529999999999998,False
18,2017-04-19,20.52,False
19,2017-04-20,13.68,False
20,2017-04-21,12.54,False
21,2017-04-22,3.42,False
22,2017-04-23,6.84,False
23,2017-04-24,22.799999999999997,False
24,2017-04-25,56.99999999999999,False
25,2017-04-26,45.029999999999994,False
26,2017-04-27,30.779999999999998,False
27,2017-04-28,23.369999999999997,False
28,2017-04-29,8.549999999999999,False
29,2017-04-30,3.42,False
0,2017-05-01,42.78,False
1,2017-05-02,31.0,False
2,2017-05-03,25.419999999999998,False
3,2017-05-04,34.72,False
4,2017-05-05,41.54,False
5,2017-05-06,9.92,False
6,2017-05-07,0.0,False
7,2017-05-08,45.26,False
8,2017-05-09,31.0,False
9,2017-05-10,45.26,False
10,2017-05-11,37.2,False
11,2017-05-12,32.86,False
12,2017-05-13,16.74,False
13,2017-05-14,9.92,False
14,2017-05-15,24.18,False
15,2017-05-16,45.88,False
16,2017-05-17,45.26,False
17,2017-05-18,21.08,False
18,2017-05-19,44.64,False
19,2017-05-20,29.14,False
20,2017-05-21,13.64,False
21,2017-05-22,30.38,False
22,2017-05-23,26.66,False
23,2017-05-24,58.28,False
24,2017-05-25,58.9,False
25,2017-05-26,62.0,False
26,2017-05-27,36.58,False
27,2017-05-28,14.879999999999999,False
28,2017-05-29,6.2,False
29,2017-05-30,26.66,False
30,2017-05-31,21.08,False
0,2017-06-01,59.85,False
1,2017-06-02,42.21,False
2,2017-06-03,10.71,False
3,2017-06-04,17.64,False
4,2017-06-05,36.54,False
5,2017-06-06,53.55,False
6,2017-06-07,59.85,False
7,2017-06-08,51.03,False
8,2017-06-09,63.0,False
9,2017-06-10,14.49,False
10,2017-06-11,22.05,False
11,2017-06-12,27.09,False
12,2017-06-13,53.55,False
13,2017-06-14,57.33,False
14,2017-06-15,15.75,False
15,2017-06-16,22.05,False
16,2017-06-17,22.05,False
17,2017-06-18,10.71,False
18,2017-06-19,30.240000000000002,False
19,2017-06-20,52.92,False
20,2017-06-21,29.61,False
21,2017-06-22,51.03,False
22,2017-06-23,34.02,False
23,2017-06-24,24.57,False
24,2017-06-25,6.93,False
25,2017-06-26,40.32,False
26,2017-06-27,63.0,False
27,2017-06-28,34.65,False
28,2017-06-29,34.65,False
29,2017-06-30,28.98,False
0,2017-07-01,2.9,False
1,2017-07-02,7.539999999999999,False
2,2017-07-03,10.44,False
3,2017-07-04,6.38,False
4,2017-07-05,20.299999999999997,False
5,2017-07-06,12.18,False
6,2017-07-07,15.079999999999998,False
7,2017-07-08,8.12,False
8,2017-07-09,7.539999999999999,False
9,2017-07-10,13.34,False
10,2017-07-11,13.34,False
11,2017-07-12,15.079999999999998,False
12,2017-07-13,12.18,False
13,2017-07-14,18.56,False
14,2017-07-15,5.22,False
15,2017-07-16,2.9,False
16,2017-07-17,13.919999999999998,False
17,2017-07-18,14.499999999999998,False
18,2017-07-19,12.18,False
19,2017-07-20,14.499999999999998,False
20,2017-07-21,13.919999999999998,False
21,2017-07-22,5.22,False
22,2017-07-23,4.64,False
23,2017-07-24,22.04,False
24,2017-07-25,57.99999999999999,False
25,2017-07-26,34.22,False
26,2017-07-27,22.04,False
27,2017-07-28,15.079999999999998,False
28,2017-07-29,7.539999999999999,False
29,2017-07-30,5.8,False
30,2017-07-31,13.34,False
0,2017-08-01,41.76,False
1,2017-08-02,51.04,False
2,2017-08-03,34.22,False
3,2017-08-04,35.379999999999995,False
4,2017-08-05,6.959999999999999,False
5,2017-08-06,6.38,False
6,2017-08-07,27.839999999999996,False
7,2017-08-08,38.279999999999994,False
8,2017-08-09,30.74,False
9,2017-08-10,57.99999999999999,False
10,2017-08-11,44.66,False
11,2017-08-12,13.34,False
12,2017-08-13,9.86,False
13,2017-08-14,26.099999999999998,False
14,2017-08-15,35.379999999999995,False
15,2017-08-16,26.099999999999998,False
16,2017-08-17,42.919999999999995,False
17,2017-08-18,50.459999999999994,False
18,2017-08-19,9.86,False
19,2017-08-20,6.38,False
20,2017-08-21,24.939999999999998,False
21,2017-08-22,30.74,False
22,2017-08-23,22.619999999999997,False
23,2017-08-24,11.6,False
24,2017-08-25,33.059999999999995,False
25,2017-08-26,13.34,False
26,2017-08-27,12.76,False
27,2017-08-28,22.619999999999997,False
28,2017-08-29,25.52,False
29,2017-08-30,19.72,False
30,2017-08-31,42.339999999999996,False
0,2017-09-01,21.42,False
1,2017-09-02,12.6,False
2,2017-09-03,10.71,False
3,2017-09-04,7.5600000000000005,False
4,2017-09-05,18.9,False
5,2017-09-06,25.830000000000002,False
6,2017-09-07,18.27,False
7,2017-09-08,24.57,False
8,2017-09-09,3.7800000000000002,False
9,2017-09-10,8.19,False
10,2017-09-11,17.64,False
11,2017-09-12,63.0,False
12,2017-09-13,37.17,False
13,2017-09-14,34.02,False
14,2017-09-15,20.79,False
15,2017-09-16,13.86,False
16,2017-09-17,3.7800000000000002,False
17,2017-09-18,23.31,False
18,2017-09-19,22.05,False
19,2017-09-20,20.16,False
20,2017-09-21,22.68,False
21,2017-09-22,24.57,False
22,2017-09-23,6.3,False
23,2017-09-24,8.19,False
24,2017-09-25,13.86,False
25,2017-09-26,30.240000000000002,False
26,2017-09-27,22.05,False
27,2017-09-28,28.35,False
28,2017-09-29,19.53,False
29,2017-09-30,6.3,False
0,2017-10-01,8.28,False
1,2017-10-02,21.389999999999997,False
2,2017-10-03,31.049999999999997,False
3,2017-10-04,23.459999999999997,False
4,2017-10-05,33.12,False
5,2017-10-06,31.74,False
6,2017-10-07,14.489999999999998,False
7,2017-10-08,12.419999999999998,False
8,2017-10-09,17.939999999999998,False
9,2017-10-10,31.74,False
10,2017-10-11,33.809999999999995,False
11,2017-10-12,29.669999999999998,False
12,2017-10-13,18.63,False
13,2017-10-14,10.35,False
14,2017-10-15,6.209999999999999,False
15,2017-10-16,25.529999999999998,False
16,2017-10-17,31.74,False
17,2017-10-18,24.839999999999996,False
18,2017-10-19,33.12,False
19,2017-10-20,33.809999999999995,False
20,2017-10-21,16.56,False
21,2017-10-22,8.28,False
22,2017-10-23,22.77,False
23,2017-10-24,69.0,False
24,2017-10-25,44.16,False
25,2017-10-26,24.839999999999996,False
26,2017-10-27,35.879999999999995,False
27,2017-10-28,4.14,False
28,2017-10-29,4.14,False
29,2017-10-30,21.389999999999997,False
30,2017-10-31,25.529999999999998,False
0,2017-11-01,65.96000000000001,False
1,2017-11-02,54.400000000000006,False
2,2017-11-03,46.24,False
3,2017-11-04,15.64,False
4,2017-11-05,12.24,False
5,2017-11-06,32.64,False
6,2017-11-07,68.0,False
7,2017-11-08,53.040000000000006,False
8,2017-11-09,44.2,False
9,2017-11-10,54.400000000000006,False
10,2017-11-11,9.520000000000001,False
11,2017-11-12,21.76,False
12,2017-11-13,48.96,False
13,2017-11-14,56.440000000000005,False
14,2017-11-15,32.64,False
15,2017-11-16,40.800000000000004,False
16,2017-11-17,54.400000000000006,False
17,2017-11-18,9.520000000000001,False
18,2017-11-19,12.24,False
19,2017-11-20,59.84,False
20,2017-11-21,32.64,False
21,2017-11-22,30.6,False
22,2017-11-23,11.56,False
23,2017-11-24,17.0,False
24,2017-11-25,19.040000000000003,False
25,2017-11-26,9.520000000000001,False
26,2017-11-27,29.240000000000002,False
27,2017-11-28,45.56,False
28,2017-11-29,35.36,False
29,2017-11-30,52.36000000000001,False
0,2017-12-01,63.0,False
1,2017-12-02,13.86,False
2,2017-12-03,6.93,False
3,2017-12-04,34.02,False
4,2017-12-05,45.99,False
5,2017-12-06,28.35,False
6,2017-12-07,21.42,False
7,2017-12-08,57.33,False
8,2017-12-09,12.6,False
9,2017-12-10,8.19,False
10,2017-12-11,26.46,False
11,2017-12-12,34.65,False
12,2017-12-13,31.5,False
13,2017-12-14,26.46,False
14,2017-12-15,39.69,False
15,2017-12-16,12.6,False
16,2017-12-17,8.82,False
17,2017-12-18,54.81,False
18,2017-12-19,29.61,False
19,2017-12-20,45.99,False
20,2017-12-21,32.76,False
21,2017-12-22,20.16,False
22,2017-12-23,8.19,False
23,2017-12-24,7.5600000000000005,False
24,2017-12-25,5.67,False
25,2017-12-26,23.94,False
26,2017-12-27,32.76,False
27,2017-12-28,27.72,False
28,2017-12-29,35.28,False
29,2017-12-30,16.38,False
30,2017-12-31,15.120000000000001,False
0,2018-01-01,5.84,False
1,2018-01-02,27.009999999999998,False
2,2018-01-03,21.169999999999998,False
3,2018-01-04,24.82,False
4,2018-01-05,27.009999999999998,False
5,2018-01-06,5.84,False
6,2018-01-07,14.6,False
7,2018-01-08,21.169999999999998,False
8,2018-01-09,22.63,False
9,2018-01-10,29.2,False
10,2018-01-11,21.169999999999998,False
11,2018-01-12,21.9,False
12,2018-01-13,10.95,False
13,2018-01-14,7.3,False
14,2018-01-15,8.03,False
15,2018-01-16,21.9,False
16,2018-01-17,23.36,False
17,2018-01-18,41.61,False
18,2018-01-19,29.93,False
19,2018-01-20,18.25,False
20,2018-01-21,7.3,False
21,2018-01-22,20.439999999999998,False
22,2018-01-23,21.9,False
23,2018-01-24,33.58,False
24,2018-01-25,33.58,False
25,2018-01-26,29.93,False
26,2018-01-27,12.41,False
27,2018-01-28,5.109999999999999,False
28,2018-01-29,33.58,False
29,2018-01-30,73.0,False
30,2018-01-31,61.32,False
0,2018-02-01,66.88,False
1,2018-02-02,78.32000000000001,False
2,2018-02-03,22.88,False
3,2018-02-04,8.8,False
4,2018-02-05,72.16,False
5,2018-02-06,88.0,False
6,2018-02-07,57.2,False
7,2018-02-08,65.12,False
8,2018-02-09,73.04,False
9,2018-02-10,24.64,False
10,2018-02-11,12.32,False
11,2018-02-12,47.52,False
12,2018-02-13,37.84,False
13,2018-02-14,52.8,False
14,2018-02-15,57.2,False
15,2018-02-16,56.32,False
16,2018-02-17,24.64,False
17,2018-02-18,12.32,False
18,2018-02-19,14.96,False
19,2018-02-20,66.0,False
20,2018-02-21,66.0,False
21,2018-02-22,55.44,False
22,2018-02-23,63.36,False
23,2018-02-24,24.64,False
24,2018-02-25,14.08,False
25,2018-02-26,44.0,False
26,2018-02-27,42.24,False
27,2018-02-28,55.44,False
0,2018-03-01,34.32,False
1,2018-03-02,88.0,False
2,2018-03-03,28.16,False
3,2018-03-04,19.36,False
4,2018-03-05,67.76,False
5,2018-03-06,67.76,False
6,2018-03-07,52.8,False
7,2018-03-08,47.52,False
8,2018-03-09,67.76,False
9,2018-03-10,23.76,False
10,2018-03-11,12.32,False
11,2018-03-12,40.48,False
12,2018-03-13,33.44,False
13,2018-03-14,42.24,False
14,2018-03-15,35.2,False
15,2018-03-16,47.52,False
16,2018-03-17,20.24,False
17,2018-03-18,9.68,False
18,2018-03-19,32.56,False
19,2018-03-20,40.48,False
20,2018-03-21,37.84,False
21,2018-03-22,53.68,False
22,2018-03-23,39.6,False
23,2018-03-24,18.48,False
24,2018-03-25,8.8,False
25,2018-03-26,37.84,False
26,2018-03-27,51.04,False
27,2018-03-28,37.84,False
28,2018-03-29,44.0,False
29,2018-03-30,20.24,False
30,2018-03-31,7.92,False
0,2018-04-01,5.67,False
1,2018-04-02,29.160000000000004,False
2,2018-04-03,34.830000000000005,False
3,2018-04-04,21.060000000000002,False
4,2018-04-05,36.45,False
5,2018-04-06,17.82,False
6,2018-04-07,16.200000000000003,False
7,2018-04-08,10.530000000000001,False
8,2018-04-09,26.73,False
9,2018-04-10,25.110000000000003,False
10,2018-04-11,28.35,False
11,2018-04-12,35.64,False
12,2018-04-13,14.580000000000002,False
13,2018-04-14,5.67,False
14,2018-04-15,6.48,False
15,2018-04-16,27.540000000000003,False
16,2018-04-17,24.3,False
17,2018-04-18,25.110000000000003,False
18,2018-04-19,23.490000000000002,False
19,2018-04-20,23.490000000000002,False
20,2018-04-21,3.24,False
21,2018-04-22,3.24,False
22,2018-04-23,16.200000000000003,False
23,2018-04-24,19.44,False
24,2018-04-25,25.110000000000003,False
25,2018-04-26,26.73,False
26,2018-04-27,31.590000000000003,False
27,2018-04-28,17.82,False
28,2018-04-29,8.100000000000001,False
29,2018-04-30,81.0,False
0,2018-05-01,69.0,False
1,2018-05-02,40.019999999999996,False
2,2018-05-03,40.709999999999994,False
3,2018-05-04,56.58,False
4,2018-05-05,18.63,False
5,2018-05-06,5.52,False
6,2018-05-07,42.779999999999994,False
7,2018-05-08,53.81999999999999,False
8,2018-05-09,40.709999999999994,False
9,2018-05-10,43.47,False
10,2018-05-11,35.19,False
11,2018-05-12,21.389999999999997,False
12,2018-05-13,10.35,False
13,2018-05-14,33.809999999999995,False
14,2018-05-15,28.979999999999997,False
15,2018-05-16,35.879999999999995,False
16,2018-05-17,22.77,False
17,2018-05-18,16.56,False
18,2018-05-19,5.52,False
19,2018-05-20,0.0,False
20,2018-05-21,18.63,False
21,2018-05-22,40.019999999999996,False
22,2018-05-23,31.74,False
23,2018-05-24,20.7,False
24,2018-05-25,45.54,False
25,2018-05-26,5.52,False
26,2018-05-27,10.35,False
27,2018-05-28,13.799999999999999,False
28,2018-05-29,31.049999999999997,False
29,2018-05-30,31.74,False
30,2018-05-31,25.529999999999998,False
0,2018-06-01,23.68,False
1,2018-06-02,12.16,False
2,2018-06-03,14.72,False
3,2018-06-04,24.32,False
4,2018-06-05,32.64,False
5,2018-06-06,23.04,False
6,2018-06-07,64.0,False
7,2018-06-08,60.160000000000004,False
8,2018-06-09,14.72,False
9,2018-06-10,14.72,False
10,2018-06-11,32.0,False
11,2018-06-12,33.92,False
12,2018-06-13,38.4,False
13,2018-06-14,17.92,False
14,2018-06-15,17.28,False
15,2018-06-16,14.72,False
16,2018-06-17,9.6,False
17,2018-06-18,21.76,False
18,2018-06-19,21.76,False
19,2018-06-20,28.16,False
20,2018-06-21,34.56,False
21,2018-06-22,33.92,False
22,2018-06-23,16.64,False
23,2018-06-24,14.08,False
24,2018-06-25,26.240000000000002,False
25,2018-06-26,32.0,False
26,2018-06-27,30.72,False
27,2018-06-28,28.8,False
28,2018-06-29,34.56,False
29,2018-06-30,11.52,False
0,2018-07-01,8.4,False
1,2018-07-02,16.8,False
2,2018-07-03,10.080000000000002,False
3,2018-07-04,7.280000000000001,False
4,2018-07-05,17.360000000000003,False
5,2018-07-06,10.080000000000002,False
6,2018-07-07,4.48,False
7,2018-07-08,3.3600000000000003,False
8,2018-07-09,11.760000000000002,False
9,2018-07-10,17.92,False
10,2018-07-11,8.4,False
11,2018-07-12,26.880000000000003,False
12,2018-07-13,33.040000000000006,False
13,2018-07-14,17.360000000000003,False
14,2018-07-15,8.96,False
15,2018-07-16,26.320000000000004,False
16,2018-07-17,21.28,False
17,2018-07-18,20.720000000000002,False
18,2018-07-19,15.680000000000001,False
19,2018-07-20,23.520000000000003,False
20,2018-07-21,8.4,False
21,2018-07-22,8.4,False
22,2018-07-23,23.520000000000003,False
23,2018-07-24,23.520000000000003,False
24,2018-07-25,25.76,False
25,2018-07-26,56.00000000000001,False
26,2018-07-27,22.96,False
27,2018-07-28,6.720000000000001,False
28,2018-07-29,8.96,False
29,2018-07-30,24.080000000000002,False
30,2018-07-31,19.6,False
0,2018-08-01,32.76,False
1,2018-08-02,38.480000000000004,False
2,2018-08-03,29.12,False
3,2018-08-04,17.16,False
4,2018-08-05,9.36,False
5,2018-08-06,42.64,False
6,2018-08-07,38.480000000000004,False
7,2018-08-08,34.32,False
8,2018-08-09,28.080000000000002,False
9,2018-08-10,25.48,False
10,2018-08-11,9.36,False
11,2018-08-12,8.32,False
12,2018-08-13,28.080000000000002,False
13,2018-08-14,31.200000000000003,False
14,2018-08-15,33.800000000000004,False
15,2018-08-16,36.92,False
16,2018-08-17,32.24,False
17,2018-08-18,14.56,False
18,2018-08-19,11.440000000000001,False
19,2018-08-20,21.84,False
20,2018-08-21,31.720000000000002,False
21,2018-08-22,23.92,False
22,2018-08-23,21.84,False
23,2018-08-24,52.0,False
24,2018-08-25,25.48,False
25,2018-08-26,9.36,False
26,2018-08-27,32.76,False
27,2018-08-28,34.32,False
28,2018-08-29,35.88,False
29,2018-08-30,34.32,False
30,2018-08-31,25.48,False
0,2018-09-01,30.68,False
1,2018-09-02,10.4,False
2,2018-09-03,6.76,False
3,2018-09-04,17.68,False
4,2018-09-05,32.76,False
5,2018-09-06,23.92,False
6,2018-09-07,30.16,False
7,2018-09-08,9.88,False
8,2018-09-09,5.2,False
9,2018-09-10,45.24,False
10,2018-09-11,23.92,False
11,2018-09-12,32.24,False
12,2018-09-13,31.200000000000003,False
13,2018-09-14,22.880000000000003,False
14,2018-09-15,12.48,False
15,2018-09-16,0.0,False
16,2018-09-17,17.68,False
17,2018-09-18,26.0,False
18,2018-09-19,28.080000000000002,False
19,2018-09-20,45.760000000000005,False
20,2018-09-21,52.0,False
21,2018-09-22,9.88,False
22,2018-09-23,15.08,False
23,2018-09-24,39.52,False
24,2018-09-25,43.68,False
25,2018-09-26,41.08,False
26,2018-09-27,24.44,False
27,2018-09-28,33.800000000000004,False
28,2018-09-29,12.48,False
29,2018-09-30,5.2,False
0,2018-10-01,25.2,False
1,2018-10-02,20.16,False
2,2018-10-03,21.84,False
3,2018-10-04,10.92,False
4,2018-10-05,16.8,False
5,2018-10-06,10.08,False
6,2018-10-07,4.2,False
7,2018-10-08,12.6,False
8,2018-10-09,17.64,False
9,2018-10-10,26.88,False
10,2018-10-11,26.04,False
11,2018-10-12,22.68,False
12,2018-10-13,10.08,False
13,2018-10-14,5.04,False
14,2018-10-15,21.84,False
15,2018-10-16,17.64,False
16,2018-10-17,22.68,False
17,2018-10-18,14.28,False
18,2018-10-19,27.72,False
19,2018-10-20,7.56,False
20,2018-10-21,4.2,False
21,2018-10-22,25.2,False
22,2018-10-23,84.0,False
23,2018-10-24,47.04,False
24,2018-10-25,38.64,False
25,2018-10-26,26.88,False
26,2018-10-27,7.56,False
27,2018-10-28,3.36,False
28,2018-10-29,21.0,False
29,2018-10-30,19.32,False
30,2018-10-31,33.6,False
0,2018-11-01,49.64,False
1,2018-11-02,52.36000000000001,False
2,2018-11-03,19.040000000000003,False
3,2018-11-04,8.84,False
4,2018-11-05,53.040000000000006,False
5,2018-11-06,36.04,False
6,2018-11-07,33.32,False
7,2018-11-08,46.92,False
8,2018-11-09,27.200000000000003,False
9,2018-11-10,22.44,False
10,2018-11-11,8.84,False
11,2018-11-12,57.120000000000005,False
12,2018-11-13,42.160000000000004,False
13,2018-11-14,36.04,False
14,2018-11-15,34.68,False
15,2018-11-16,45.56,False
16,2018-11-17,21.080000000000002,False
17,2018-11-18,10.88,False
18,2018-11-19,39.440000000000005,False
19,2018-11-20,34.0,False
20,2018-11-21,31.96,False
21,2018-11-22,21.76,False
22,2018-11-23,18.360000000000003,False
23,2018-11-24,5.44,False
24,2018-11-25,10.88,False
25,2018-11-26,29.92,False
26,2018-11-27,36.720000000000006,False
27,2018-11-28,46.92,False
28,2018-11-29,61.2,False
29,2018-11-30,68.0,False
0,2018-12-01,30.0,False
1,2018-12-02,18.0,False
2,2018-12-03,46.8,False
3,2018-12-04,60.0,False
4,2018-12-05,7.8,False
5,2018-12-06,58.199999999999996,False
6,2018-12-07,38.4,False
7,2018-12-08,21.0,False
8,2018-12-09,12.0,False
9,2018-12-10,44.4,False
10,2018-12-11,26.4,False
11,2018-12-12,34.8,False
12,2018-12-13,43.8,False
13,2018-12-14,18.599999999999998,False
14,2018-12-15,24.599999999999998,False
15,2018-12-16,18.599999999999998,False
16,2018-12-17,36.6,False
17,2018-12-18,35.4,False
18,2018-12-19,30.599999999999998,False
19,2018-12-20,22.2,False
20,2018-12-21,47.4,False
21,2018-12-22,9.6,False
22,2018-12-23,25.2,False
23,2018-12-24,51.0,False
24,2018-12-25,13.799999999999999,False
25,2018-12-26,50.4,False
26,2018-12-27,36.6,False
27,2018-12-28,31.799999999999997,False
28,2018-12-29,18.599999999999998,False
29,2018-12-30,18.599999999999998,False
30,2018-12-31,24.599999999999998,False
0,2019-01-01,6.4,False
1,2019-01-02,12.16,False
2,2019-01-03,23.68,False
3,2019-01-04,21.76,False
4,2019-01-05,9.6,False
5,2019-01-06,8.32,False
6,2019-01-07,23.04,False
7,2019-01-08,14.08,False
8,2019-01-09,16.0,False
9,2019-01-10,17.92,False
10,2019-01-11,16.64,False
11,2019-01-12,4.48,False
12,2019-01-13,5.76,False
13,2019-01-14,12.8,False
14,2019-01-15,16.64,False
15,2019-01-16,17.28,False
16,2019-01-17,18.56,False
17,2019-01-18,24.32,False
18,2019-01-19,8.32,False
19,2019-01-20,7.04,False
20,2019-01-21,6.4,False
21,2019-01-22,17.28,False
22,2019-01-23,15.36,False
23,2019-01-24,16.64,False
24,2019-01-25,21.76,False
25,2019-01-26,6.4,False
26,2019-01-27,7.68,False
27,2019-01-28,23.68,False
28,2019-01-29,23.68,False
29,2019-01-30,64.0,False
30,2019-01-31,21.76,False
0,2019-02-01,67.0,False
1,2019-02-02,13.4,False
2,2019-02-03,5.36,False
3,2019-02-04,46.900000000000006,False
4,2019-02-05,44.220000000000006,False
5,2019-02-06,46.230000000000004,False
6,2019-02-07,50.92,False
7,2019-02-08,38.190000000000005,False
8,2019-02-09,8.040000000000001,False
9,2019-02-10,8.040000000000001,False
10,2019-02-11,31.490000000000002,False
11,2019-02-12,31.490000000000002,False
12,2019-02-13,34.17,False
13,2019-02-14,34.84,False
14,2019-02-15,28.810000000000002,False
15,2019-02-16,16.080000000000002,False
16,2019-02-17,10.72,False
17,2019-02-18,16.080000000000002,False
18,2019-02-19,50.25,False
19,2019-02-20,52.93,False
20,2019-02-21,32.160000000000004,False
21,2019-02-22,54.940000000000005,False
22,2019-02-23,18.76,False
23,2019-02-24,5.36,False
24,2019-02-25,24.790000000000003,False
25,2019-02-26,20.77,False
26,2019-02-27,30.82,False
27,2019-02-28,37.52,False
0,2019-03-01,63.0,False
1,2019-03-02,25.830000000000002,False
2,2019-03-03,7.5600000000000005,False
3,2019-03-04,55.44,False
4,2019-03-05,39.06,False
5,2019-03-06,44.1,False
6,2019-03-07,39.06,False
7,2019-03-08,33.39,False
8,2019-03-09,15.75,False
9,2019-03-10,15.120000000000001,False
10,2019-03-11,15.75,False
11,2019-03-12,38.43,False
12,2019-03-13,49.14,False
13,2019-03-14,20.79,False
14,2019-03-15,30.240000000000002,False
15,2019-03-16,10.08,False
16,2019-03-17,5.04,False
17,2019-03-18,18.27,False
18,2019-03-19,35.28,False
19,2019-03-20,27.72,False
20,2019-03-21,39.69,False
21,2019-03-22,38.43,False
22,2019-03-23,13.23,False
23,2019-03-24,5.04,False
24,2019-03-25,38.43,False
25,2019-03-26,45.99,False
26,2019-03-27,44.1,False
27,2019-03-28,30.240000000000002,False
28,2019-03-29,55.44,False
29,2019-03-30,18.27,False
30,2019-03-31,10.71,False
