,date,MRVL stock,isPartial
0,2012-01-01,0.0,False
1,2012-01-02,0.0,False
2,2012-01-03,10.08,False
3,2012-01-04,0.0,False
4,2012-01-05,10.32,False
5,2012-01-06,10.559999999999999,False
6,2012-01-07,24.0,False
7,2012-01-08,0.0,False
8,2012-01-09,9.6,False
9,2012-01-10,9.6,False
10,2012-01-11,0.0,False
11,2012-01-12,0.0,False
12,2012-01-13,10.08,False
13,2012-01-14,0.0,False
14,2012-01-15,11.52,False
15,2012-01-16,0.0,False
16,2012-01-17,19.2,False
17,2012-01-18,18.96,False
18,2012-01-19,9.6,False
19,2012-01-20,10.08,False
20,2012-01-21,0.0,False
21,2012-01-22,0.0,False
22,2012-01-23,0.0,False
23,2012-01-24,9.6,False
24,2012-01-25,0.0,False
25,2012-01-26,0.0,False
26,2012-01-27,0.0,False
27,2012-01-28,0.0,False
28,2012-01-29,0.0,False
29,2012-01-30,9.36,False
30,2012-01-31,0.0,False
0,2012-02-01,0.0,False
1,2012-02-02,0.0,False
2,2012-02-03,0.0,False
3,2012-02-04,0.0,False
4,2012-02-05,0.0,False
5,2012-02-06,5.28,False
6,2012-02-07,0.0,False
7,2012-02-08,0.0,False
8,2012-02-09,0.0,False
9,2012-02-10,5.44,False
10,2012-02-11,0.0,False
11,2012-02-12,6.08,False
12,2012-02-13,0.0,False
13,2012-02-14,5.28,False
14,2012-02-15,16.0,False
15,2012-02-16,0.0,False
16,2012-02-17,5.6000000000000005,False
17,2012-02-18,0.0,False
18,2012-02-19,0.0,False
19,2012-02-20,0.0,False
20,2012-02-21,5.44,False
21,2012-02-22,0.0,False
22,2012-02-23,5.28,False
23,2012-02-24,0.0,False
24,2012-02-25,6.4,False
25,2012-02-26,0.0,False
26,2012-02-27,0.0,False
27,2012-02-28,5.12,False
28,2012-02-29,0.0,False
0,2012-03-01,0.0,False
1,2012-03-02,8.1,False
2,2012-03-03,0.0,False
3,2012-03-04,0.0,False
4,2012-03-05,0.0,False
5,2012-03-06,0.0,False
6,2012-03-07,7.35,False
7,2012-03-08,7.6499999999999995,False
8,2012-03-09,0.0,False
9,2012-03-10,0.0,False
10,2012-03-11,0.0,False
11,2012-03-12,0.0,False
12,2012-03-13,7.5,False
13,2012-03-14,7.5,False
14,2012-03-15,7.6499999999999995,False
15,2012-03-16,0.0,False
16,2012-03-17,0.0,False
17,2012-03-18,0.0,False
18,2012-03-19,14.7,False
19,2012-03-20,15.0,False
20,2012-03-21,0.0,False
21,2012-03-22,7.5,False
22,2012-03-23,8.1,False
23,2012-03-24,0.0,False
24,2012-03-25,0.0,False
25,2012-03-26,7.35,False
26,2012-03-27,0.0,False
27,2012-03-28,7.5,False
28,2012-03-29,7.6499999999999995,False
29,2012-03-30,0.0,False
30,2012-03-31,0.0,False
0,2012-04-01,0.0,False
1,2012-04-02,9.0,False
2,2012-04-03,18.0,False
3,2012-04-04,0.0,False
4,2012-04-05,0.0,False
5,2012-04-06,0.0,False
6,2012-04-07,11.52,False
7,2012-04-08,0.0,False
8,2012-04-09,0.0,False
9,2012-04-10,0.0,False
10,2012-04-11,17.82,False
11,2012-04-12,9.0,False
12,2012-04-13,0.0,False
13,2012-04-14,10.799999999999999,False
14,2012-04-15,0.0,False
15,2012-04-16,8.82,False
16,2012-04-17,0.0,False
17,2012-04-18,0.0,False
18,2012-04-19,0.0,False
19,2012-04-20,9.36,False
20,2012-04-21,0.0,False
21,2012-04-22,0.0,False
22,2012-04-23,8.82,False
23,2012-04-24,8.64,False
24,2012-04-25,0.0,False
25,2012-04-26,0.0,False
26,2012-04-27,0.0,False
27,2012-04-28,10.98,False
28,2012-04-29,0.0,False
29,2012-04-30,0.0,False
0,2012-05-01,0.0,False
1,2012-05-02,6.24,False
2,2012-05-03,6.24,False
3,2012-05-04,6.5,False
4,2012-05-05,0.0,False
5,2012-05-06,0.0,False
6,2012-05-07,12.22,False
7,2012-05-08,0.0,False
8,2012-05-09,5.98,False
9,2012-05-10,6.24,False
10,2012-05-11,0.0,False
11,2012-05-12,0.0,False
12,2012-05-13,0.0,False
13,2012-05-14,5.98,False
14,2012-05-15,6.24,False
15,2012-05-16,6.24,False
16,2012-05-17,26.0,False
17,2012-05-18,6.76,False
18,2012-05-19,0.0,False
19,2012-05-20,7.54,False
20,2012-05-21,0.0,False
21,2012-05-22,6.24,False
22,2012-05-23,12.48,False
23,2012-05-24,0.0,False
24,2012-05-25,6.76,False
25,2012-05-26,0.0,False
26,2012-05-27,0.0,False
27,2012-05-28,0.0,False
28,2012-05-29,12.22,False
29,2012-05-30,6.24,False
30,2012-05-31,6.24,False
0,2012-06-01,19.0,False
1,2012-06-02,11.21,False
2,2012-06-03,0.0,False
3,2012-06-04,0.0,False
4,2012-06-05,0.0,False
5,2012-06-06,0.0,False
6,2012-06-07,0.0,False
7,2012-06-08,18.81,False
8,2012-06-09,0.0,False
9,2012-06-10,0.0,False
10,2012-06-11,0.0,False
11,2012-06-12,0.0,False
12,2012-06-13,0.0,False
13,2012-06-14,0.0,False
14,2012-06-15,0.0,False
15,2012-06-16,0.0,False
16,2012-06-17,0.0,False
17,2012-06-18,8.93,False
18,2012-06-19,0.0,False
19,2012-06-20,0.0,False
20,2012-06-21,9.120000000000001,False
21,2012-06-22,9.5,False
22,2012-06-23,0.0,False
23,2012-06-24,0.0,False
24,2012-06-25,8.74,False
25,2012-06-26,8.93,False
26,2012-06-27,0.0,False
27,2012-06-28,9.120000000000001,False
28,2012-06-29,0.0,False
29,2012-06-30,11.4,False
0,2012-07-01,0.0,False
1,2012-07-02,10.049999999999999,False
2,2012-07-03,15.0,False
3,2012-07-04,0.0,False
4,2012-07-05,0.0,False
5,2012-07-06,10.65,False
6,2012-07-07,12.6,False
7,2012-07-08,0.0,False
8,2012-07-09,0.0,False
9,2012-07-10,9.9,False
10,2012-07-11,10.2,False
11,2012-07-12,10.2,False
12,2012-07-13,0.0,False
13,2012-07-14,0.0,False
14,2012-07-15,0.0,False
15,2012-07-16,10.2,False
16,2012-07-17,0.0,False
17,2012-07-18,0.0,False
18,2012-07-19,0.0,False
19,2012-07-20,0.0,False
20,2012-07-21,0.0,False
21,2012-07-22,0.0,False
22,2012-07-23,0.0,False
23,2012-07-24,10.2,False
24,2012-07-25,0.0,False
25,2012-07-26,0.0,False
26,2012-07-27,10.65,False
27,2012-07-28,12.75,False
28,2012-07-29,12.6,False
29,2012-07-30,10.049999999999999,False
30,2012-07-31,10.2,False
0,2012-08-01,12.22,False
1,2012-08-02,24.44,False
2,2012-08-03,0.0,False
3,2012-08-04,0.0,False
4,2012-08-05,0.0,False
5,2012-08-06,12.22,False
6,2012-08-07,12.22,False
7,2012-08-08,0.0,False
8,2012-08-09,0.0,False
9,2012-08-10,12.74,False
10,2012-08-11,15.08,False
11,2012-08-12,15.34,False
12,2012-08-13,12.22,False
13,2012-08-14,0.0,False
14,2012-08-15,12.48,False
15,2012-08-16,12.48,False
16,2012-08-17,26.0,False
17,2012-08-18,15.34,False
18,2012-08-19,0.0,False
19,2012-08-20,0.0,False
20,2012-08-21,0.0,False
21,2012-08-22,0.0,False
22,2012-08-23,12.22,False
23,2012-08-24,12.74,False
24,2012-08-25,0.0,False
25,2012-08-26,0.0,False
26,2012-08-27,0.0,False
27,2012-08-28,11.700000000000001,False
28,2012-08-29,11.96,False
29,2012-08-30,12.22,False
30,2012-08-31,0.0,False
0,2012-09-01,0.0,False
1,2012-09-02,0.0,False
2,2012-09-03,0.0,False
3,2012-09-04,0.0,False
4,2012-09-05,17.0,False
5,2012-09-06,8.67,False
6,2012-09-07,9.01,False
7,2012-09-08,10.370000000000001,False
8,2012-09-09,0.0,False
9,2012-09-10,0.0,False
10,2012-09-11,0.0,False
11,2012-09-12,8.16,False
12,2012-09-13,8.5,False
13,2012-09-14,0.0,False
14,2012-09-15,0.0,False
15,2012-09-16,0.0,False
16,2012-09-17,8.33,False
17,2012-09-18,8.16,False
18,2012-09-19,8.16,False
19,2012-09-20,0.0,False
20,2012-09-21,0.0,False
21,2012-09-22,0.0,False
22,2012-09-23,9.860000000000001,False
23,2012-09-24,0.0,False
24,2012-09-25,12.24,False
25,2012-09-26,8.16,False
26,2012-09-27,0.0,False
27,2012-09-28,8.67,False
28,2012-09-29,0.0,False
29,2012-09-30,0.0,False
0,2012-10-01,9.24,False
1,2012-10-02,9.24,False
2,2012-10-03,0.0,False
3,2012-10-04,9.24,False
4,2012-10-05,0.0,False
5,2012-10-06,0.0,False
6,2012-10-07,0.0,False
7,2012-10-08,0.0,False
8,2012-10-09,8.680000000000001,False
9,2012-10-10,0.0,False
10,2012-10-11,8.96,False
11,2012-10-12,9.520000000000001,False
12,2012-10-13,0.0,False
13,2012-10-14,0.0,False
14,2012-10-15,8.96,False
15,2012-10-16,13.160000000000002,False
16,2012-10-17,8.680000000000001,False
17,2012-10-18,8.96,False
18,2012-10-19,28.000000000000004,False
19,2012-10-20,10.64,False
20,2012-10-21,10.64,False
21,2012-10-22,8.680000000000001,False
22,2012-10-23,17.360000000000003,False
23,2012-10-24,8.96,False
24,2012-10-25,8.96,False
25,2012-10-26,9.520000000000001,False
26,2012-10-27,0.0,False
27,2012-10-28,0.0,False
28,2012-10-29,0.0,False
29,2012-10-30,8.680000000000001,False
30,2012-10-31,8.96,False
0,2012-11-01,13.23,False
1,2012-11-02,13.5,False
2,2012-11-03,11.07,False
3,2012-11-04,0.0,False
4,2012-11-05,18.36,False
5,2012-11-06,0.0,False
6,2012-11-07,0.0,False
7,2012-11-08,0.0,False
8,2012-11-09,9.72,False
9,2012-11-10,0.0,False
10,2012-11-11,0.0,False
11,2012-11-12,9.18,False
12,2012-11-13,9.450000000000001,False
13,2012-11-14,0.0,False
14,2012-11-15,15.66,False
15,2012-11-16,14.580000000000002,False
16,2012-11-17,0.0,False
17,2012-11-18,10.8,False
18,2012-11-19,0.0,False
19,2012-11-20,9.18,False
20,2012-11-21,0.0,False
21,2012-11-22,9.72,False
22,2012-11-23,9.72,False
23,2012-11-24,0.0,False
24,2012-11-25,0.0,False
25,2012-11-26,8.91,False
26,2012-11-27,27.0,False
27,2012-11-28,8.91,False
28,2012-11-29,8.91,False
29,2012-11-30,12.690000000000001,False
0,2012-12-01,14.850000000000001,False
1,2012-12-02,0.0,False
2,2012-12-03,0.0,False
3,2012-12-04,0.0,False
4,2012-12-05,12.420000000000002,False
5,2012-12-06,12.690000000000001,False
6,2012-12-07,19.44,False
7,2012-12-08,0.0,False
8,2012-12-09,0.0,False
9,2012-12-10,18.09,False
10,2012-12-11,18.36,False
11,2012-12-12,12.420000000000002,False
12,2012-12-13,0.0,False
13,2012-12-14,0.0,False
14,2012-12-15,0.0,False
15,2012-12-16,0.0,False
16,2012-12-17,12.420000000000002,False
17,2012-12-18,12.420000000000002,False
18,2012-12-19,12.690000000000001,False
19,2012-12-20,12.96,False
20,2012-12-21,13.770000000000001,False
21,2012-12-22,0.0,False
22,2012-12-23,0.0,False
23,2012-12-24,15.39,False
24,2012-12-25,0.0,False
25,2012-12-26,14.040000000000001,False
26,2012-12-27,26.46,False
27,2012-12-28,27.0,False
28,2012-12-29,15.120000000000001,False
29,2012-12-30,0.0,False
30,2012-12-31,15.120000000000001,False
0,2013-01-01,0.0,False
1,2013-01-02,18.400000000000002,False
2,2013-01-03,0.0,False
3,2013-01-04,0.0,False
4,2013-01-05,14.0,False
5,2013-01-06,0.0,False
6,2013-01-07,23.200000000000003,False
7,2013-01-08,11.600000000000001,False
8,2013-01-09,22.8,False
9,2013-01-10,0.0,False
10,2013-01-11,0.0,False
11,2013-01-12,13.600000000000001,False
12,2013-01-13,0.0,False
13,2013-01-14,11.200000000000001,False
14,2013-01-15,28.400000000000002,False
15,2013-01-16,22.8,False
16,2013-01-17,17.2,False
17,2013-01-18,12.0,False
18,2013-01-19,0.0,False
19,2013-01-20,0.0,False
20,2013-01-21,22.400000000000002,False
21,2013-01-22,11.200000000000001,False
22,2013-01-23,11.200000000000001,False
23,2013-01-24,40.0,False
24,2013-01-25,17.6,False
25,2013-01-26,13.200000000000001,False
26,2013-01-27,0.0,False
27,2013-01-28,0.0,False
28,2013-01-29,33.6,False
29,2013-01-30,16.8,False
30,2013-01-31,11.200000000000001,False
0,2013-02-01,0.0,False
1,2013-02-02,9.520000000000001,False
2,2013-02-03,18.48,False
3,2013-02-04,8.120000000000001,False
4,2013-02-05,28.000000000000004,False
5,2013-02-06,12.040000000000001,False
6,2013-02-07,8.120000000000001,False
7,2013-02-08,8.4,False
8,2013-02-09,0.0,False
9,2013-02-10,0.0,False
10,2013-02-11,8.120000000000001,False
11,2013-02-12,0.0,False
12,2013-02-13,16.240000000000002,False
13,2013-02-14,8.120000000000001,False
14,2013-02-15,0.0,False
15,2013-02-16,9.520000000000001,False
16,2013-02-17,0.0,False
17,2013-02-18,8.120000000000001,False
18,2013-02-19,0.0,False
19,2013-02-20,8.120000000000001,False
20,2013-02-21,8.120000000000001,False
21,2013-02-22,24.92,False
22,2013-02-23,0.0,False
23,2013-02-24,9.24,False
24,2013-02-25,0.0,False
25,2013-02-26,15.400000000000002,False
26,2013-02-27,7.840000000000001,False
27,2013-02-28,8.120000000000001,False
0,2013-03-01,19.2,False
1,2013-03-02,0.0,False
2,2013-03-03,0.0,False
3,2013-03-04,0.0,False
4,2013-03-05,6.0,False
5,2013-03-06,6.0,False
6,2013-03-07,6.24,False
7,2013-03-08,6.4799999999999995,False
8,2013-03-09,0.0,False
9,2013-03-10,7.199999999999999,False
10,2013-03-11,0.0,False
11,2013-03-12,6.0,False
12,2013-03-13,12.0,False
13,2013-03-14,6.0,False
14,2013-03-15,0.0,False
15,2013-03-16,0.0,False
16,2013-03-17,0.0,False
17,2013-03-18,24.0,False
18,2013-03-19,6.0,False
19,2013-03-20,6.0,False
20,2013-03-21,9.12,False
21,2013-03-22,0.0,False
22,2013-03-23,0.0,False
23,2013-03-24,0.0,False
24,2013-03-25,6.0,False
25,2013-03-26,6.0,False
26,2013-03-27,6.24,False
27,2013-03-28,6.4799999999999995,False
28,2013-03-29,0.0,False
29,2013-03-30,0.0,False
30,2013-03-31,0.0,False
0,2013-04-01,11.73,False
1,2013-04-02,16.560000000000002,False
2,2013-04-03,11.270000000000001,False
3,2013-04-04,22.540000000000003,False
4,2013-04-05,11.73,False
5,2013-04-06,0.0,False
6,2013-04-07,0.0,False
7,2013-04-08,11.040000000000001,False
8,2013-04-09,0.0,False
9,2013-04-10,22.310000000000002,False
10,2013-04-11,11.270000000000001,False
11,2013-04-12,11.73,False
12,2013-04-13,0.0,False
13,2013-04-14,0.0,False
14,2013-04-15,14.72,False
15,2013-04-16,0.0,False
16,2013-04-17,0.0,False
17,2013-04-18,22.310000000000002,False
18,2013-04-19,11.73,False
19,2013-04-20,0.0,False
20,2013-04-21,0.0,False
21,2013-04-22,11.270000000000001,False
22,2013-04-23,22.310000000000002,False
23,2013-04-24,17.02,False
24,2013-04-25,23.0,False
25,2013-04-26,11.96,False
26,2013-04-27,13.34,False
27,2013-04-28,0.0,False
28,2013-04-29,11.270000000000001,False
29,2013-04-30,11.270000000000001,False
0,2013-05-01,26.0,False
1,2013-05-02,12.22,False
2,2013-05-03,0.0,False
3,2013-05-04,14.56,False
4,2013-05-05,0.0,False
5,2013-05-06,12.22,False
6,2013-05-07,11.96,False
7,2013-05-08,0.0,False
8,2013-05-09,12.48,False
9,2013-05-10,0.0,False
10,2013-05-11,0.0,False
11,2013-05-12,0.0,False
12,2013-05-13,0.0,False
13,2013-05-14,23.66,False
14,2013-05-15,11.700000000000001,False
15,2013-05-16,11.96,False
16,2013-05-17,12.74,False
17,2013-05-18,14.82,False
18,2013-05-19,0.0,False
19,2013-05-20,23.92,False
20,2013-05-21,11.700000000000001,False
21,2013-05-22,11.700000000000001,False
22,2013-05-23,11.700000000000001,False
23,2013-05-24,24.96,False
24,2013-05-25,14.56,False
25,2013-05-26,0.0,False
26,2013-05-27,12.22,False
27,2013-05-28,0.0,False
28,2013-05-29,23.400000000000002,False
29,2013-05-30,12.22,False
30,2013-05-31,0.0,False
0,2013-06-01,0.0,False
1,2013-06-02,10.56,False
2,2013-06-03,17.38,False
3,2013-06-04,8.8,False
4,2013-06-05,8.8,False
5,2013-06-06,9.02,False
6,2013-06-07,9.24,False
7,2013-06-08,0.0,False
8,2013-06-09,0.0,False
9,2013-06-10,0.0,False
10,2013-06-11,8.58,False
11,2013-06-12,9.02,False
12,2013-06-13,9.02,False
13,2013-06-14,19.14,False
14,2013-06-15,0.0,False
15,2013-06-16,11.0,False
16,2013-06-17,14.74,False
17,2013-06-18,0.0,False
18,2013-06-19,9.02,False
19,2013-06-20,9.02,False
20,2013-06-21,9.46,False
21,2013-06-22,0.0,False
22,2013-06-23,0.0,False
23,2013-06-24,8.8,False
24,2013-06-25,22.0,False
25,2013-06-26,9.02,False
26,2013-06-27,0.0,False
27,2013-06-28,9.46,False
28,2013-06-29,0.0,False
29,2013-06-30,0.0,False
0,2013-07-01,17.92,False
1,2013-07-02,12.16,False
2,2013-07-03,12.16,False
3,2013-07-04,0.0,False
4,2013-07-05,13.120000000000001,False
5,2013-07-06,0.0,False
6,2013-07-07,0.0,False
7,2013-07-08,12.16,False
8,2013-07-09,12.16,False
9,2013-07-10,20.48,False
10,2013-07-11,12.16,False
11,2013-07-12,21.44,False
12,2013-07-13,0.0,False
13,2013-07-14,0.0,False
14,2013-07-15,12.16,False
15,2013-07-16,0.0,False
16,2013-07-17,16.32,False
17,2013-07-18,12.48,False
18,2013-07-19,0.0,False
19,2013-07-20,0.0,False
20,2013-07-21,0.0,False
21,2013-07-22,24.32,False
22,2013-07-23,0.0,False
23,2013-07-24,12.16,False
24,2013-07-25,12.48,False
25,2013-07-26,32.0,False
26,2013-07-27,14.72,False
27,2013-07-28,0.0,False
28,2013-07-29,11.84,False
29,2013-07-30,0.0,False
30,2013-07-31,18.240000000000002,False
0,2013-08-01,14.75,False
1,2013-08-02,0.0,False
2,2013-08-03,0.0,False
3,2013-08-04,0.0,False
4,2013-08-05,14.5,False
5,2013-08-06,14.5,False
6,2013-08-07,9.75,False
7,2013-08-08,10.0,False
8,2013-08-09,10.25,False
9,2013-08-10,11.75,False
10,2013-08-11,0.0,False
11,2013-08-12,19.25,False
12,2013-08-13,19.25,False
13,2013-08-14,0.0,False
14,2013-08-15,20.5,False
15,2013-08-16,10.25,False
16,2013-08-17,11.75,False
17,2013-08-18,0.0,False
18,2013-08-19,12.75,False
19,2013-08-20,9.5,False
20,2013-08-21,19.0,False
21,2013-08-22,0.0,False
22,2013-08-23,25.0,False
23,2013-08-24,0.0,False
24,2013-08-25,0.0,False
25,2013-08-26,9.25,False
26,2013-08-27,9.25,False
27,2013-08-28,9.25,False
28,2013-08-29,9.5,False
29,2013-08-30,9.75,False
30,2013-08-31,0.0,False
0,2013-09-01,0.0,False
1,2013-09-02,0.0,False
2,2013-09-03,10.0,False
3,2013-09-04,20.0,False
4,2013-09-05,0.0,False
5,2013-09-06,0.0,False
6,2013-09-07,0.0,False
7,2013-09-08,0.0,False
8,2013-09-09,0.0,False
9,2013-09-10,0.0,False
10,2013-09-11,9.8,False
11,2013-09-12,0.0,False
12,2013-09-13,0.0,False
13,2013-09-14,0.0,False
14,2013-09-15,0.0,False
15,2013-09-16,9.8,False
16,2013-09-17,9.8,False
17,2013-09-18,10.0,False
18,2013-09-19,0.0,False
19,2013-09-20,15.600000000000001,False
20,2013-09-21,0.0,False
21,2013-09-22,0.0,False
22,2013-09-23,9.8,False
23,2013-09-24,9.8,False
24,2013-09-25,0.0,False
25,2013-09-26,10.0,False
26,2013-09-27,0.0,False
27,2013-09-28,0.0,False
28,2013-09-29,0.0,False
29,2013-09-30,0.0,False
0,2013-10-01,20.0,False
1,2013-10-02,10.200000000000001,False
2,2013-10-03,10.200000000000001,False
3,2013-10-04,0.0,False
4,2013-10-05,12.0,False
5,2013-10-06,0.0,False
6,2013-10-07,10.0,False
7,2013-10-08,10.0,False
8,2013-10-09,0.0,False
9,2013-10-10,10.200000000000001,False
10,2013-10-11,0.0,False
11,2013-10-12,0.0,False
12,2013-10-13,0.0,False
13,2013-10-14,0.0,False
14,2013-10-15,17.0,False
15,2013-10-16,0.0,False
16,2013-10-17,10.4,False
17,2013-10-18,10.600000000000001,False
18,2013-10-19,0.0,False
19,2013-10-20,11.600000000000001,False
20,2013-10-21,10.0,False
21,2013-10-22,14.8,False
22,2013-10-23,9.8,False
23,2013-10-24,9.8,False
24,2013-10-25,10.600000000000001,False
25,2013-10-26,0.0,False
26,2013-10-27,0.0,False
27,2013-10-28,9.8,False
28,2013-10-29,9.8,False
29,2013-10-30,10.0,False
30,2013-10-31,0.0,False
0,2013-11-01,0.0,False
1,2013-11-02,0.0,False
2,2013-11-03,0.0,False
3,2013-11-04,22.44,False
4,2013-11-05,16.66,False
5,2013-11-06,33.660000000000004,False
6,2013-11-07,17.34,False
7,2013-11-08,19.720000000000002,False
8,2013-11-09,13.600000000000001,False
9,2013-11-10,0.0,False
10,2013-11-11,28.220000000000002,False
11,2013-11-12,17.0,False
12,2013-11-13,11.22,False
13,2013-11-14,11.56,False
14,2013-11-15,11.9,False
15,2013-11-16,13.260000000000002,False
16,2013-11-17,12.920000000000002,False
17,2013-11-18,11.22,False
18,2013-11-19,11.22,False
19,2013-11-20,0.0,False
20,2013-11-21,34.0,False
21,2013-11-22,29.240000000000002,False
22,2013-11-23,17.68,False
23,2013-11-24,12.920000000000002,False
24,2013-11-25,10.88,False
25,2013-11-26,10.88,False
26,2013-11-27,14.96,False
27,2013-11-28,0.0,False
28,2013-11-29,11.9,False
29,2013-11-30,0.0,False
0,2013-12-01,0.0,False
1,2013-12-02,8.06,False
2,2013-12-03,16.43,False
3,2013-12-04,8.37,False
4,2013-12-05,0.0,False
5,2013-12-06,0.0,False
6,2013-12-07,0.0,False
7,2013-12-08,0.0,False
8,2013-12-09,8.37,False
9,2013-12-10,12.4,False
10,2013-12-11,12.709999999999999,False
11,2013-12-12,8.68,False
12,2013-12-13,8.99,False
13,2013-12-14,0.0,False
14,2013-12-15,0.0,False
15,2013-12-16,8.37,False
16,2013-12-17,0.0,False
17,2013-12-18,8.68,False
18,2013-12-19,8.99,False
19,2013-12-20,0.0,False
20,2013-12-21,0.0,False
21,2013-12-22,0.0,False
22,2013-12-23,0.0,False
23,2013-12-24,15.5,False
24,2013-12-25,0.0,False
25,2013-12-26,0.0,False
26,2013-12-27,18.91,False
27,2013-12-28,0.0,False
28,2013-12-29,9.92,False
29,2013-12-30,9.3,False
30,2013-12-31,31.0,False
0,2014-01-01,15.079999999999998,False
1,2014-01-02,28.999999999999996,False
2,2014-01-03,12.469999999999999,False
3,2014-01-04,0.0,False
4,2014-01-05,0.0,False
5,2014-01-06,23.779999999999998,False
6,2014-01-07,11.6,False
7,2014-01-08,15.37,False
8,2014-01-09,17.4,False
9,2014-01-10,11.889999999999999,False
10,2014-01-11,13.629999999999999,False
11,2014-01-12,0.0,False
12,2014-01-13,11.309999999999999,False
13,2014-01-14,22.91,False
14,2014-01-15,11.309999999999999,False
15,2014-01-16,17.4,False
16,2014-01-17,11.889999999999999,False
17,2014-01-18,0.0,False
18,2014-01-19,0.0,False
19,2014-01-20,0.0,False
20,2014-01-21,22.619999999999997,False
21,2014-01-22,11.309999999999999,False
22,2014-01-23,17.4,False
23,2014-01-24,17.689999999999998,False
24,2014-01-25,13.34,False
25,2014-01-26,0.0,False
26,2014-01-27,22.33,False
27,2014-01-28,22.33,False
28,2014-01-29,22.91,False
29,2014-01-30,11.6,False
30,2014-01-31,11.889999999999999,False
0,2014-02-01,8.4,False
1,2014-02-02,0.0,False
2,2014-02-03,7.000000000000001,False
3,2014-02-04,7.000000000000001,False
4,2014-02-05,7.000000000000001,False
5,2014-02-06,9.8,False
6,2014-02-07,0.0,False
7,2014-02-08,8.120000000000001,False
8,2014-02-09,0.0,False
9,2014-02-10,7.000000000000001,False
10,2014-02-11,7.000000000000001,False
11,2014-02-12,10.64,False
12,2014-02-13,7.000000000000001,False
13,2014-02-14,0.0,False
14,2014-02-15,0.0,False
15,2014-02-16,0.0,False
16,2014-02-17,7.000000000000001,False
17,2014-02-18,7.000000000000001,False
18,2014-02-19,7.280000000000001,False
19,2014-02-20,7.280000000000001,False
20,2014-02-21,12.32,False
21,2014-02-22,8.120000000000001,False
22,2014-02-23,0.0,False
23,2014-02-24,28.000000000000004,False
24,2014-02-25,10.360000000000001,False
25,2014-02-26,0.0,False
26,2014-02-27,7.000000000000001,False
27,2014-02-28,0.0,False
0,2014-03-01,13.2,False
1,2014-03-02,0.0,False
2,2014-03-03,11.0,False
3,2014-03-04,0.0,False
4,2014-03-05,11.22,False
5,2014-03-06,11.22,False
6,2014-03-07,0.0,False
7,2014-03-08,0.0,False
8,2014-03-09,13.2,False
9,2014-03-10,11.22,False
10,2014-03-11,21.78,False
11,2014-03-12,11.0,False
12,2014-03-13,22.0,False
13,2014-03-14,0.0,False
14,2014-03-15,0.0,False
15,2014-03-16,0.0,False
16,2014-03-17,0.0,False
17,2014-03-18,11.0,False
18,2014-03-19,0.0,False
19,2014-03-20,0.0,False
20,2014-03-21,11.66,False
21,2014-03-22,0.0,False
22,2014-03-23,12.540000000000001,False
23,2014-03-24,21.56,False
24,2014-03-25,10.78,False
25,2014-03-26,0.0,False
26,2014-03-27,11.22,False
27,2014-03-28,0.0,False
28,2014-03-29,0.0,False
29,2014-03-30,12.98,False
30,2014-03-31,0.0,False
0,2014-04-01,15.4,False
1,2014-04-02,10.34,False
2,2014-04-03,20.9,False
3,2014-04-04,10.78,False
4,2014-04-05,0.0,False
5,2014-04-06,0.0,False
6,2014-04-07,10.12,False
7,2014-04-08,10.12,False
8,2014-04-09,10.34,False
9,2014-04-10,10.56,False
10,2014-04-11,0.0,False
11,2014-04-12,0.0,False
12,2014-04-13,0.0,False
13,2014-04-14,0.0,False
14,2014-04-15,0.0,False
15,2014-04-16,0.0,False
16,2014-04-17,11.0,False
17,2014-04-18,12.1,False
18,2014-04-19,0.0,False
19,2014-04-20,0.0,False
20,2014-04-21,0.0,False
21,2014-04-22,10.34,False
22,2014-04-23,10.34,False
23,2014-04-24,0.0,False
24,2014-04-25,22.0,False
25,2014-04-26,12.540000000000001,False
26,2014-04-27,0.0,False
27,2014-04-28,10.34,False
28,2014-04-29,10.12,False
29,2014-04-30,15.84,False
0,2014-05-01,10.45,False
1,2014-05-02,0.0,False
2,2014-05-03,0.0,False
3,2014-05-04,0.0,False
4,2014-05-05,0.0,False
5,2014-05-06,9.5,False
6,2014-05-07,18.81,False
7,2014-05-08,9.69,False
8,2014-05-09,0.0,False
9,2014-05-10,0.0,False
10,2014-05-11,0.0,False
11,2014-05-12,18.62,False
12,2014-05-13,9.31,False
13,2014-05-14,12.73,False
14,2014-05-15,19.0,False
15,2014-05-16,9.88,False
16,2014-05-17,11.59,False
17,2014-05-18,0.0,False
18,2014-05-19,9.69,False
19,2014-05-20,0.0,False
20,2014-05-21,10.26,False
21,2014-05-22,0.0,False
22,2014-05-23,16.34,False
23,2014-05-24,12.73,False
24,2014-05-25,0.0,False
25,2014-05-26,10.83,False
26,2014-05-27,10.26,False
27,2014-05-28,10.45,False
28,2014-05-29,10.64,False
29,2014-05-30,11.02,False
30,2014-05-31,0.0,False
0,2014-06-01,8.4,False
1,2014-06-02,13.86,False
2,2014-06-03,6.72,False
3,2014-06-04,6.72,False
4,2014-06-05,6.93,False
5,2014-06-06,9.87,False
6,2014-06-07,0.0,False
7,2014-06-08,8.61,False
8,2014-06-09,7.14,False
9,2014-06-10,7.14,False
10,2014-06-11,0.0,False
11,2014-06-12,21.0,False
12,2014-06-13,9.66,False
13,2014-06-14,0.0,False
14,2014-06-15,8.4,False
15,2014-06-16,6.93,False
16,2014-06-17,10.5,False
17,2014-06-18,10.5,False
18,2014-06-19,0.0,False
19,2014-06-20,7.56,False
20,2014-06-21,8.61,False
21,2014-06-22,0.0,False
22,2014-06-23,6.93,False
23,2014-06-24,13.86,False
24,2014-06-25,6.93,False
25,2014-06-26,14.07,False
26,2014-06-27,7.35,False
27,2014-06-28,8.61,False
28,2014-06-29,0.0,False
29,2014-06-30,6.93,False
0,2014-07-01,0.0,False
1,2014-07-02,10.45,False
2,2014-07-03,0.0,False
3,2014-07-04,0.0,False
4,2014-07-05,0.0,False
5,2014-07-06,0.0,False
6,2014-07-07,0.0,False
7,2014-07-08,0.0,False
8,2014-07-09,0.0,False
9,2014-07-10,0.0,False
10,2014-07-11,5.39,False
11,2014-07-12,6.2700000000000005,False
12,2014-07-13,0.0,False
13,2014-07-14,7.7,False
14,2014-07-15,5.06,False
15,2014-07-16,0.0,False
16,2014-07-17,0.0,False
17,2014-07-18,0.0,False
18,2014-07-19,0.0,False
19,2014-07-20,0.0,False
20,2014-07-21,0.0,False
21,2014-07-22,0.0,False
22,2014-07-23,0.0,False
23,2014-07-24,5.28,False
24,2014-07-25,11.0,False
25,2014-07-26,0.0,False
26,2014-07-27,0.0,False
27,2014-07-28,0.0,False
28,2014-07-29,10.56,False
29,2014-07-30,0.0,False
30,2014-07-31,5.39,False
0,2014-08-01,16.8,False
1,2014-08-02,0.0,False
2,2014-08-03,0.0,False
3,2014-08-04,0.0,False
4,2014-08-05,0.0,False
5,2014-08-06,10.4,False
6,2014-08-07,0.0,False
7,2014-08-08,11.0,False
8,2014-08-09,0.0,False
9,2014-08-10,12.4,False
10,2014-08-11,10.4,False
11,2014-08-12,10.4,False
12,2014-08-13,10.4,False
13,2014-08-14,10.600000000000001,False
14,2014-08-15,11.200000000000001,False
15,2014-08-16,12.600000000000001,False
16,2014-08-17,12.600000000000001,False
17,2014-08-18,15.600000000000001,False
18,2014-08-19,10.200000000000001,False
19,2014-08-20,10.4,False
20,2014-08-21,0.0,False
21,2014-08-22,10.600000000000001,False
22,2014-08-23,0.0,False
23,2014-08-24,0.0,False
24,2014-08-25,0.0,False
25,2014-08-26,20.0,False
26,2014-08-27,0.0,False
27,2014-08-28,0.0,False
28,2014-08-29,10.8,False
29,2014-08-30,0.0,False
30,2014-08-31,0.0,False
0,2014-09-01,13.0,False
1,2014-09-02,0.0,False
2,2014-09-03,0.0,False
3,2014-09-04,0.0,False
4,2014-09-05,6.63,False
5,2014-09-06,7.67,False
6,2014-09-07,0.0,False
7,2014-09-08,6.24,False
8,2014-09-09,6.24,False
9,2014-09-10,0.0,False
10,2014-09-11,6.37,False
11,2014-09-12,0.0,False
12,2014-09-13,0.0,False
13,2014-09-14,7.54,False
14,2014-09-15,6.24,False
15,2014-09-16,6.24,False
16,2014-09-17,9.49,False
17,2014-09-18,0.0,False
18,2014-09-19,6.63,False
19,2014-09-20,0.0,False
20,2014-09-21,0.0,False
21,2014-09-22,6.24,False
22,2014-09-23,6.24,False
23,2014-09-24,6.37,False
24,2014-09-25,12.870000000000001,False
25,2014-09-26,0.0,False
26,2014-09-27,0.0,False
27,2014-09-28,0.0,False
28,2014-09-29,0.0,False
29,2014-09-30,0.0,False
0,2014-10-01,10.0,False
1,2014-10-02,0.0,False
2,2014-10-03,0.0,False
3,2014-10-04,0.0,False
4,2014-10-05,0.0,False
5,2014-10-06,19.8,False
6,2014-10-07,0.0,False
7,2014-10-08,20.0,False
8,2014-10-09,0.0,False
9,2014-10-10,10.600000000000001,False
10,2014-10-11,12.200000000000001,False
11,2014-10-12,0.0,False
12,2014-10-13,9.8,False
13,2014-10-14,9.600000000000001,False
14,2014-10-15,10.0,False
15,2014-10-16,9.8,False
16,2014-10-17,0.0,False
17,2014-10-18,0.0,False
18,2014-10-19,0.0,False
19,2014-10-20,0.0,False
20,2014-10-21,9.8,False
21,2014-10-22,0.0,False
22,2014-10-23,19.8,False
23,2014-10-24,0.0,False
24,2014-10-25,0.0,False
25,2014-10-26,0.0,False
26,2014-10-27,9.8,False
27,2014-10-28,9.600000000000001,False
28,2014-10-29,19.6,False
29,2014-10-30,10.0,False
30,2014-10-31,10.4,False
0,2014-11-01,0.0,False
1,2014-11-02,0.0,False
2,2014-11-03,0.0,False
3,2014-11-04,5.76,False
4,2014-11-05,0.0,False
5,2014-11-06,5.76,False
6,2014-11-07,0.0,False
7,2014-11-08,0.0,False
8,2014-11-09,0.0,False
9,2014-11-10,0.0,False
10,2014-11-11,0.0,False
11,2014-11-12,5.76,False
12,2014-11-13,7.68,False
13,2014-11-14,0.0,False
14,2014-11-15,0.0,False
15,2014-11-16,0.0,False
16,2014-11-17,0.0,False
17,2014-11-18,0.0,False
18,2014-11-19,5.88,False
19,2014-11-20,11.639999999999999,False
20,2014-11-21,12.0,False
21,2014-11-22,6.72,False
22,2014-11-23,0.0,False
23,2014-11-24,5.64,False
24,2014-11-25,0.0,False
25,2014-11-26,5.76,False
26,2014-11-27,6.0,False
27,2014-11-28,0.0,False
28,2014-11-29,0.0,False
29,2014-11-30,0.0,False
0,2014-12-01,9.44,False
1,2014-12-02,6.4,False
2,2014-12-03,6.5600000000000005,False
3,2014-12-04,8.64,False
4,2014-12-05,6.72,False
5,2014-12-06,7.68,False
6,2014-12-07,7.68,False
7,2014-12-08,0.0,False
8,2014-12-09,6.4,False
9,2014-12-10,6.4,False
10,2014-12-11,0.0,False
11,2014-12-12,6.88,False
12,2014-12-13,0.0,False
13,2014-12-14,0.0,False
14,2014-12-15,6.5600000000000005,False
15,2014-12-16,6.5600000000000005,False
16,2014-12-17,6.72,False
17,2014-12-18,6.88,False
18,2014-12-19,0.0,False
19,2014-12-20,16.0,False
20,2014-12-21,0.0,False
21,2014-12-22,0.0,False
22,2014-12-23,7.2,False
23,2014-12-24,8.0,False
24,2014-12-25,8.64,False
25,2014-12-26,7.68,False
26,2014-12-27,0.0,False
27,2014-12-28,0.0,False
28,2014-12-29,6.88,False
29,2014-12-30,7.2,False
30,2014-12-31,7.84,False
0,2015-01-01,0.0,False
1,2015-01-02,0.0,False
2,2015-01-03,0.0,False
3,2015-01-04,0.0,False
4,2015-01-05,0.0,False
5,2015-01-06,9.5,False
6,2015-01-07,9.31,False
7,2015-01-08,13.870000000000001,False
8,2015-01-09,19.0,False
9,2015-01-10,10.83,False
10,2015-01-11,0.0,False
11,2015-01-12,18.43,False
12,2015-01-13,11.97,False
13,2015-01-14,9.120000000000001,False
14,2015-01-15,9.31,False
15,2015-01-16,9.31,False
16,2015-01-17,0.0,False
17,2015-01-18,0.0,False
18,2015-01-19,0.0,False
19,2015-01-20,15.01,False
20,2015-01-21,0.0,False
21,2015-01-22,9.120000000000001,False
22,2015-01-23,9.31,False
23,2015-01-24,0.0,False
24,2015-01-25,0.0,False
25,2015-01-26,8.93,False
26,2015-01-27,8.93,False
27,2015-01-28,0.0,False
28,2015-01-29,18.05,False
29,2015-01-30,0.0,False
30,2015-01-31,10.64,False
0,2015-02-01,0.0,False
1,2015-02-02,8.19,False
2,2015-02-03,8.19,False
3,2015-02-04,8.19,False
4,2015-02-05,10.92,False
5,2015-02-06,13.02,False
6,2015-02-07,9.66,False
7,2015-02-08,9.45,False
8,2015-02-09,0.0,False
9,2015-02-10,13.44,False
10,2015-02-11,8.19,False
11,2015-02-12,8.4,False
12,2015-02-13,8.61,False
13,2015-02-14,0.0,False
14,2015-02-15,0.0,False
15,2015-02-16,8.61,False
16,2015-02-17,8.4,False
17,2015-02-18,8.4,False
18,2015-02-19,21.0,False
19,2015-02-20,12.809999999999999,False
20,2015-02-21,9.66,False
21,2015-02-22,0.0,False
22,2015-02-23,7.9799999999999995,False
23,2015-02-24,12.18,False
24,2015-02-25,0.0,False
25,2015-02-26,12.389999999999999,False
26,2015-02-27,8.61,False
27,2015-02-28,0.0,False
0,2015-03-01,0.0,False
1,2015-03-02,13.0,False
2,2015-03-03,26.0,False
3,2015-03-04,13.26,False
4,2015-03-05,13.26,False
5,2015-03-06,13.780000000000001,False
6,2015-03-07,15.860000000000001,False
7,2015-03-08,15.600000000000001,False
8,2015-03-09,13.26,False
9,2015-03-10,13.0,False
10,2015-03-11,19.76,False
11,2015-03-12,0.0,False
12,2015-03-13,13.780000000000001,False
13,2015-03-14,15.34,False
14,2015-03-15,15.08,False
15,2015-03-16,13.26,False
16,2015-03-17,13.26,False
17,2015-03-18,0.0,False
18,2015-03-19,13.26,False
19,2015-03-20,13.52,False
20,2015-03-21,0.0,False
21,2015-03-22,0.0,False
22,2015-03-23,26.0,False
23,2015-03-24,0.0,False
24,2015-03-25,19.240000000000002,False
25,2015-03-26,22.880000000000003,False
26,2015-03-27,13.780000000000001,False
27,2015-03-28,0.0,False
28,2015-03-29,0.0,False
29,2015-03-30,17.42,False
30,2015-03-31,19.76,False
0,2015-04-01,5.61,False
1,2015-04-02,5.94,False
2,2015-04-03,6.2700000000000005,False
3,2015-04-04,0.0,False
4,2015-04-05,6.82,False
5,2015-04-06,5.94,False
6,2015-04-07,0.0,False
7,2015-04-08,0.0,False
8,2015-04-09,0.0,False
9,2015-04-10,5.83,False
10,2015-04-11,0.0,False
11,2015-04-12,0.0,False
12,2015-04-13,11.0,False
13,2015-04-14,5.5,False
14,2015-04-15,0.0,False
15,2015-04-16,5.61,False
16,2015-04-17,0.0,False
17,2015-04-18,0.0,False
18,2015-04-19,0.0,False
19,2015-04-20,5.5,False
20,2015-04-21,0.0,False
21,2015-04-22,0.0,False
22,2015-04-23,5.61,False
23,2015-04-24,0.0,False
24,2015-04-25,0.0,False
25,2015-04-26,0.0,False
26,2015-04-27,0.0,False
27,2015-04-28,5.5,False
28,2015-04-29,5.5,False
29,2015-04-30,0.0,False
0,2015-05-01,11.16,False
1,2015-05-02,0.0,False
2,2015-05-03,0.0,False
3,2015-05-04,9.84,False
4,2015-05-05,0.0,False
5,2015-05-06,9.84,False
6,2015-05-07,10.08,False
7,2015-05-08,0.0,False
8,2015-05-09,11.879999999999999,False
9,2015-05-10,0.0,False
10,2015-05-11,0.0,False
11,2015-05-12,9.719999999999999,False
12,2015-05-13,0.0,False
13,2015-05-14,0.0,False
14,2015-05-15,10.32,False
15,2015-05-16,0.0,False
16,2015-05-17,0.0,False
17,2015-05-18,0.0,False
18,2015-05-19,9.719999999999999,False
19,2015-05-20,0.0,False
20,2015-05-21,9.959999999999999,False
21,2015-05-22,10.44,False
22,2015-05-23,0.0,False
23,2015-05-24,12.0,False
24,2015-05-25,10.2,False
25,2015-05-26,9.719999999999999,False
26,2015-05-27,9.84,False
27,2015-05-28,9.84,False
28,2015-05-29,0.0,False
29,2015-05-30,11.639999999999999,False
30,2015-05-31,0.0,False
0,2015-06-01,6.720000000000001,False
1,2015-06-02,3.43,False
2,2015-06-03,3.3600000000000003,False
3,2015-06-04,3.5000000000000004,False
4,2015-06-05,3.6400000000000006,False
5,2015-06-06,4.0600000000000005,False
6,2015-06-07,0.0,False
7,2015-06-08,6.720000000000001,False
8,2015-06-09,3.3600000000000003,False
9,2015-06-10,3.3600000000000003,False
10,2015-06-11,7.000000000000001,False
11,2015-06-12,0.0,False
12,2015-06-13,0.0,False
13,2015-06-14,0.0,False
14,2015-06-15,3.3600000000000003,False
15,2015-06-16,3.3600000000000003,False
16,2015-06-17,0.0,False
17,2015-06-18,0.0,False
18,2015-06-19,0.0,False
19,2015-06-20,0.0,False
20,2015-06-21,0.0,False
21,2015-06-22,0.0,False
22,2015-06-23,0.0,False
23,2015-06-24,3.43,False
24,2015-06-25,0.0,False
25,2015-06-26,3.5700000000000003,False
26,2015-06-27,0.0,False
27,2015-06-28,4.130000000000001,False
28,2015-06-29,3.43,False
29,2015-06-30,3.43,False
0,2015-07-01,5.76,False
1,2015-07-02,8.76,False
2,2015-07-03,6.24,False
3,2015-07-04,0.0,False
4,2015-07-05,7.08,False
5,2015-07-06,5.76,False
6,2015-07-07,0.0,False
7,2015-07-08,0.0,False
8,2015-07-09,5.88,False
9,2015-07-10,12.0,False
10,2015-07-11,0.0,False
11,2015-07-12,0.0,False
12,2015-07-13,8.52,False
13,2015-07-14,5.76,False
14,2015-07-15,5.76,False
15,2015-07-16,0.0,False
16,2015-07-17,6.24,False
17,2015-07-18,0.0,False
18,2015-07-19,7.4399999999999995,False
19,2015-07-20,0.0,False
20,2015-07-21,0.0,False
21,2015-07-22,5.76,False
22,2015-07-23,11.76,False
23,2015-07-24,0.0,False
24,2015-07-25,0.0,False
25,2015-07-26,0.0,False
26,2015-07-27,0.0,False
27,2015-07-28,0.0,False
28,2015-07-29,0.0,False
29,2015-07-30,5.76,False
30,2015-07-31,6.12,False
0,2015-08-01,0.0,False
1,2015-08-02,11.16,False
2,2015-08-03,0.0,False
3,2015-08-04,9.36,False
4,2015-08-05,0.0,False
5,2015-08-06,9.54,False
6,2015-08-07,9.719999999999999,False
7,2015-08-08,0.0,False
8,2015-08-09,11.34,False
9,2015-08-10,9.36,False
10,2015-08-11,9.36,False
11,2015-08-12,9.36,False
12,2015-08-13,0.0,False
13,2015-08-14,9.719999999999999,False
14,2015-08-15,0.0,False
15,2015-08-16,0.0,False
16,2015-08-17,9.36,False
17,2015-08-18,0.0,False
18,2015-08-19,0.0,False
19,2015-08-20,9.36,False
20,2015-08-21,0.0,False
21,2015-08-22,0.0,False
22,2015-08-23,0.0,False
23,2015-08-24,9.0,False
24,2015-08-25,9.18,False
25,2015-08-26,13.68,False
26,2015-08-27,9.18,False
27,2015-08-28,9.719999999999999,False
28,2015-08-29,0.0,False
29,2015-08-30,0.0,False
30,2015-08-31,18.0,False
0,2015-09-01,6.800000000000001,False
1,2015-09-02,0.0,False
2,2015-09-03,7.0,False
3,2015-09-04,0.0,False
4,2015-09-05,0.0,False
5,2015-09-06,0.0,False
6,2015-09-07,0.0,False
7,2015-09-08,10.200000000000001,False
8,2015-09-09,0.0,False
9,2015-09-10,13.8,False
10,2015-09-11,14.4,False
11,2015-09-12,12.0,False
12,2015-09-13,7.800000000000001,False
13,2015-09-14,16.8,False
14,2015-09-15,6.6000000000000005,False
15,2015-09-16,6.800000000000001,False
16,2015-09-17,0.0,False
17,2015-09-18,0.0,False
18,2015-09-19,0.0,False
19,2015-09-20,0.0,False
20,2015-09-21,0.0,False
21,2015-09-22,6.800000000000001,False
22,2015-09-23,10.200000000000001,False
23,2015-09-24,7.0,False
24,2015-09-25,7.2,False
25,2015-09-26,0.0,False
26,2015-09-27,0.0,False
27,2015-09-28,6.6000000000000005,False
28,2015-09-29,6.6000000000000005,False
29,2015-09-30,20.0,False
0,2015-10-01,5.25,False
1,2015-10-02,0.0,False
2,2015-10-03,0.0,False
3,2015-10-04,6.09,False
4,2015-10-05,0.0,False
5,2015-10-06,0.0,False
6,2015-10-07,10.29,False
7,2015-10-08,5.25,False
8,2015-10-09,0.0,False
9,2015-10-10,0.0,False
10,2015-10-11,6.09,False
11,2015-10-12,5.25,False
12,2015-10-13,5.04,False
13,2015-10-14,10.29,False
14,2015-10-15,0.0,False
15,2015-10-16,5.46,False
16,2015-10-17,0.0,False
17,2015-10-18,6.09,False
18,2015-10-19,0.0,False
19,2015-10-20,7.77,False
20,2015-10-21,5.25,False
21,2015-10-22,0.0,False
22,2015-10-23,0.0,False
23,2015-10-24,6.09,False
24,2015-10-25,0.0,False
25,2015-10-26,5.04,False
26,2015-10-27,7.77,False
27,2015-10-28,7.56,False
28,2015-10-29,21.0,False
29,2015-10-30,5.46,False
30,2015-10-31,0.0,False
0,2015-11-01,0.0,False
1,2015-11-02,0.0,False
2,2015-11-03,4.8,False
3,2015-11-04,12.0,False
4,2015-11-05,4.92,False
5,2015-11-06,5.04,False
6,2015-11-07,0.0,False
7,2015-11-08,0.0,False
8,2015-11-09,4.68,False
9,2015-11-10,4.8,False
10,2015-11-11,5.04,False
11,2015-11-12,0.0,False
12,2015-11-13,5.16,False
13,2015-11-14,0.0,False
14,2015-11-15,0.0,False
15,2015-11-16,0.0,False
16,2015-11-17,4.8,False
17,2015-11-18,4.8,False
18,2015-11-19,4.92,False
19,2015-11-20,0.0,False
20,2015-11-21,0.0,False
21,2015-11-22,0.0,False
22,2015-11-23,4.8,False
23,2015-11-24,0.0,False
24,2015-11-25,0.0,False
25,2015-11-26,4.92,False
26,2015-11-27,0.0,False
27,2015-11-28,0.0,False
28,2015-11-29,0.0,False
29,2015-11-30,4.68,False
0,2015-12-01,4.7,False
1,2015-12-02,4.7,False
2,2015-12-03,0.0,False
3,2015-12-04,4.9,False
4,2015-12-05,5.7,False
5,2015-12-06,5.5,False
6,2015-12-07,7.9,False
7,2015-12-08,7.300000000000001,False
8,2015-12-09,6.300000000000001,False
9,2015-12-10,4.800000000000001,False
10,2015-12-11,5.0,False
11,2015-12-12,0.0,False
12,2015-12-13,0.0,False
13,2015-12-14,0.0,False
14,2015-12-15,0.0,False
15,2015-12-16,0.0,False
16,2015-12-17,10.0,False
17,2015-12-18,0.0,False
18,2015-12-19,0.0,False
19,2015-12-20,0.0,False
20,2015-12-21,5.1000000000000005,False
21,2015-12-22,5.2,False
22,2015-12-23,0.0,False
23,2015-12-24,6.0,False
24,2015-12-25,0.0,False
25,2015-12-26,0.0,False
26,2015-12-27,0.0,False
27,2015-12-28,0.0,False
28,2015-12-29,5.1000000000000005,False
29,2015-12-30,5.300000000000001,False
30,2015-12-31,0.0,False
0,2016-01-01,7.8,False
1,2016-01-02,0.0,False
2,2016-01-03,0.0,False
3,2016-01-04,0.0,False
4,2016-01-05,0.0,False
5,2016-01-06,0.0,False
6,2016-01-07,12.0,False
7,2016-01-08,0.0,False
8,2016-01-09,0.0,False
9,2016-01-10,0.0,False
10,2016-01-11,11.76,False
11,2016-01-12,5.88,False
12,2016-01-13,0.0,False
13,2016-01-14,5.88,False
14,2016-01-15,0.0,False
15,2016-01-16,0.0,False
16,2016-01-17,0.0,False
17,2016-01-18,6.0,False
18,2016-01-19,6.0,False
19,2016-01-20,0.0,False
20,2016-01-21,0.0,False
21,2016-01-22,0.0,False
22,2016-01-23,0.0,False
23,2016-01-24,0.0,False
24,2016-01-25,5.88,False
25,2016-01-26,6.0,False
26,2016-01-27,5.88,False
27,2016-01-28,6.0,False
28,2016-01-29,0.0,False
29,2016-01-30,6.96,False
30,2016-01-31,0.0,False
0,2016-02-01,10.78,False
1,2016-02-02,10.78,False
2,2016-02-03,16.28,False
3,2016-02-04,22.0,False
4,2016-02-05,0.0,False
5,2016-02-06,0.0,False
6,2016-02-07,12.32,False
7,2016-02-08,16.5,False
8,2016-02-09,11.0,False
9,2016-02-10,10.78,False
10,2016-02-11,10.78,False
11,2016-02-12,11.22,False
12,2016-02-13,0.0,False
13,2016-02-14,0.0,False
14,2016-02-15,10.78,False
15,2016-02-16,21.34,False
16,2016-02-17,10.78,False
17,2016-02-18,21.34,False
18,2016-02-19,11.0,False
19,2016-02-20,12.32,False
20,2016-02-21,0.0,False
21,2016-02-22,10.56,False
22,2016-02-23,15.84,False
23,2016-02-24,16.06,False
24,2016-02-25,21.34,False
25,2016-02-26,11.0,False
26,2016-02-27,12.32,False
27,2016-02-28,0.0,False
28,2016-02-29,20.68,False
0,2016-03-01,0.0,False
1,2016-03-02,9.200000000000001,False
2,2016-03-03,9.200000000000001,False
3,2016-03-04,19.0,False
4,2016-03-05,0.0,False
5,2016-03-06,10.4,False
6,2016-03-07,9.200000000000001,False
7,2016-03-08,9.200000000000001,False
8,2016-03-09,9.200000000000001,False
9,2016-03-10,9.600000000000001,False
10,2016-03-11,9.600000000000001,False
11,2016-03-12,0.0,False
12,2016-03-13,0.0,False
13,2016-03-14,9.200000000000001,False
14,2016-03-15,9.200000000000001,False
15,2016-03-16,0.0,False
16,2016-03-17,9.600000000000001,False
17,2016-03-18,9.8,False
18,2016-03-19,0.0,False
19,2016-03-20,0.0,False
20,2016-03-21,0.0,False
21,2016-03-22,9.4,False
22,2016-03-23,0.0,False
23,2016-03-24,20.0,False
24,2016-03-25,0.0,False
25,2016-03-26,11.200000000000001,False
26,2016-03-27,11.200000000000001,False
27,2016-03-28,9.8,False
28,2016-03-29,0.0,False
29,2016-03-30,9.4,False
30,2016-03-31,9.4,False
0,2016-04-01,14.82,False
1,2016-04-02,8.36,False
2,2016-04-03,8.17,False
3,2016-04-04,7.03,False
4,2016-04-05,19.0,False
5,2016-04-06,7.03,False
6,2016-04-07,0.0,False
7,2016-04-08,0.0,False
8,2016-04-09,8.17,False
9,2016-04-10,0.0,False
10,2016-04-11,7.22,False
11,2016-04-12,7.03,False
12,2016-04-13,0.0,False
13,2016-04-14,0.0,False
14,2016-04-15,0.0,False
15,2016-04-16,8.36,False
16,2016-04-17,0.0,False
17,2016-04-18,14.44,False
18,2016-04-19,7.03,False
19,2016-04-20,7.22,False
20,2016-04-21,7.22,False
21,2016-04-22,0.0,False
22,2016-04-23,0.0,False
23,2016-04-24,7.98,False
24,2016-04-25,7.03,False
25,2016-04-26,14.06,False
26,2016-04-27,10.64,False
27,2016-04-28,14.63,False
28,2016-04-29,7.41,False
29,2016-04-30,8.36,False
0,2016-05-01,0.0,False
1,2016-05-02,5.28,False
2,2016-05-03,0.0,False
3,2016-05-04,0.0,False
4,2016-05-05,0.0,False
5,2016-05-06,5.61,False
6,2016-05-07,0.0,False
7,2016-05-08,0.0,False
8,2016-05-09,10.45,False
9,2016-05-10,5.17,False
10,2016-05-11,5.06,False
11,2016-05-12,5.17,False
12,2016-05-13,0.0,False
13,2016-05-14,0.0,False
14,2016-05-15,0.0,False
15,2016-05-16,7.81,False
16,2016-05-17,5.17,False
17,2016-05-18,0.0,False
18,2016-05-19,0.0,False
19,2016-05-20,11.0,False
20,2016-05-21,0.0,False
21,2016-05-22,0.0,False
22,2016-05-23,0.0,False
23,2016-05-24,5.28,False
24,2016-05-25,5.17,False
25,2016-05-26,5.5,False
26,2016-05-27,5.5,False
27,2016-05-28,0.0,False
28,2016-05-29,0.0,False
29,2016-05-30,8.03,False
30,2016-05-31,5.17,False
0,2016-06-01,10.34,False
1,2016-06-02,7.92,False
2,2016-06-03,5.39,False
3,2016-06-04,6.16,False
4,2016-06-05,0.0,False
5,2016-06-06,0.0,False
6,2016-06-07,0.0,False
7,2016-06-08,5.17,False
8,2016-06-09,0.0,False
9,2016-06-10,0.0,False
10,2016-06-11,6.05,False
11,2016-06-12,0.0,False
12,2016-06-13,0.0,False
13,2016-06-14,5.06,False
14,2016-06-15,5.17,False
15,2016-06-16,0.0,False
16,2016-06-17,5.5,False
17,2016-06-18,6.16,False
18,2016-06-19,6.05,False
19,2016-06-20,7.81,False
20,2016-06-21,7.81,False
21,2016-06-22,5.28,False
22,2016-06-23,0.0,False
23,2016-06-24,11.0,False
24,2016-06-25,6.16,False
25,2016-06-26,0.0,False
26,2016-06-27,5.17,False
27,2016-06-28,5.17,False
28,2016-06-29,0.0,False
29,2016-06-30,5.28,False
0,2016-07-01,22.0,False
1,2016-07-02,0.0,False
2,2016-07-03,0.0,False
3,2016-07-04,0.0,False
4,2016-07-05,7.26,False
5,2016-07-06,7.48,False
6,2016-07-07,0.0,False
7,2016-07-08,7.7,False
8,2016-07-09,0.0,False
9,2016-07-10,8.36,False
10,2016-07-11,7.26,False
11,2016-07-12,7.04,False
12,2016-07-13,7.26,False
13,2016-07-14,6.82,False
14,2016-07-15,7.48,False
15,2016-07-16,0.0,False
16,2016-07-17,0.0,False
17,2016-07-18,14.74,False
18,2016-07-19,7.26,False
19,2016-07-20,11.0,False
20,2016-07-21,0.0,False
21,2016-07-22,14.74,False
22,2016-07-23,17.16,False
23,2016-07-24,8.36,False
24,2016-07-25,14.3,False
25,2016-07-26,0.0,False
26,2016-07-27,0.0,False
27,2016-07-28,11.0,False
28,2016-07-29,7.48,False
29,2016-07-30,8.36,False
30,2016-07-31,0.0,False
0,2016-08-01,8.74,False
1,2016-08-02,8.74,False
2,2016-08-03,0.0,False
3,2016-08-04,8.97,False
4,2016-08-05,0.0,False
5,2016-08-06,0.0,False
6,2016-08-07,0.0,False
7,2016-08-08,17.94,False
8,2016-08-09,0.0,False
9,2016-08-10,8.97,False
10,2016-08-11,9.200000000000001,False
11,2016-08-12,0.0,False
12,2016-08-13,0.0,False
13,2016-08-14,0.0,False
14,2016-08-15,9.66,False
15,2016-08-16,0.0,False
16,2016-08-17,9.43,False
17,2016-08-18,12.65,False
18,2016-08-19,0.0,False
19,2016-08-20,0.0,False
20,2016-08-21,0.0,False
21,2016-08-22,23.0,False
22,2016-08-23,15.41,False
23,2016-08-24,17.94,False
24,2016-08-25,8.74,False
25,2016-08-26,0.0,False
26,2016-08-27,0.0,False
27,2016-08-28,9.89,False
28,2016-08-29,8.51,False
29,2016-08-30,8.51,False
30,2016-08-31,17.25,False
0,2016-09-01,16.74,False
1,2016-09-02,15.5,False
2,2016-09-03,11.47,False
3,2016-09-04,11.47,False
4,2016-09-05,9.92,False
5,2016-09-06,24.49,False
6,2016-09-07,15.19,False
7,2016-09-08,10.23,False
8,2016-09-09,31.0,False
9,2016-09-10,0.0,False
10,2016-09-11,0.0,False
11,2016-09-12,20.46,False
12,2016-09-13,9.92,False
13,2016-09-14,9.92,False
14,2016-09-15,9.92,False
15,2016-09-16,10.23,False
16,2016-09-17,11.16,False
17,2016-09-18,0.0,False
18,2016-09-19,19.53,False
19,2016-09-20,9.61,False
20,2016-09-21,9.61,False
21,2016-09-22,9.92,False
22,2016-09-23,0.0,False
23,2016-09-24,0.0,False
24,2016-09-25,0.0,False
25,2016-09-26,9.61,False
26,2016-09-27,19.22,False
27,2016-09-28,9.92,False
28,2016-09-29,14.57,False
29,2016-09-30,10.23,False
0,2016-10-01,0.0,False
1,2016-10-02,12.42,False
2,2016-10-03,0.0,False
3,2016-10-04,11.040000000000001,False
4,2016-10-05,11.040000000000001,False
5,2016-10-06,0.0,False
6,2016-10-07,23.0,False
7,2016-10-08,12.88,False
8,2016-10-09,0.0,False
9,2016-10-10,11.270000000000001,False
10,2016-10-11,22.310000000000002,False
11,2016-10-12,11.270000000000001,False
12,2016-10-13,11.270000000000001,False
13,2016-10-14,0.0,False
14,2016-10-15,0.0,False
15,2016-10-16,0.0,False
16,2016-10-17,0.0,False
17,2016-10-18,0.0,False
18,2016-10-19,0.0,False
19,2016-10-20,11.040000000000001,False
20,2016-10-21,0.0,False
21,2016-10-22,13.110000000000001,False
22,2016-10-23,0.0,False
23,2016-10-24,11.040000000000001,False
24,2016-10-25,21.85,False
25,2016-10-26,11.040000000000001,False
26,2016-10-27,11.270000000000001,False
27,2016-10-28,11.73,False
28,2016-10-29,0.0,False
29,2016-10-30,0.0,False
30,2016-10-31,0.0,False
0,2016-11-01,6.63,False
1,2016-11-02,6.63,False
2,2016-11-03,13.26,False
3,2016-11-04,0.0,False
4,2016-11-05,7.41,False
5,2016-11-06,0.0,False
6,2016-11-07,6.24,False
7,2016-11-08,6.24,False
8,2016-11-09,14.82,False
9,2016-11-10,6.63,False
10,2016-11-11,17.16,False
11,2016-11-12,0.0,False
12,2016-11-13,0.0,False
13,2016-11-14,6.63,False
14,2016-11-15,6.63,False
15,2016-11-16,0.0,False
16,2016-11-17,39.0,False
17,2016-11-18,23.79,False
18,2016-11-19,7.41,False
19,2016-11-20,0.0,False
20,2016-11-21,0.0,False
21,2016-11-22,12.870000000000001,False
22,2016-11-23,0.0,False
23,2016-11-24,0.0,False
24,2016-11-25,6.63,False
25,2016-11-26,0.0,False
26,2016-11-27,0.0,False
27,2016-11-28,6.24,False
28,2016-11-29,0.0,False
29,2016-11-30,12.48,False
0,2016-12-01,18.900000000000002,False
1,2016-12-02,12.96,False
2,2016-12-03,0.0,False
3,2016-12-04,0.0,False
4,2016-12-05,17.01,False
5,2016-12-06,11.88,False
6,2016-12-07,12.15,False
7,2016-12-08,25.380000000000003,False
8,2016-12-09,13.23,False
9,2016-12-10,14.580000000000002,False
10,2016-12-11,0.0,False
11,2016-12-12,18.36,False
12,2016-12-13,12.15,False
13,2016-12-14,24.840000000000003,False
14,2016-12-15,0.0,False
15,2016-12-16,13.5,False
16,2016-12-17,0.0,False
17,2016-12-18,0.0,False
18,2016-12-19,25.92,False
19,2016-12-20,13.23,False
20,2016-12-21,13.23,False
21,2016-12-22,13.5,False
22,2016-12-23,0.0,False
23,2016-12-24,15.930000000000001,False
24,2016-12-25,0.0,False
25,2016-12-26,0.0,False
26,2016-12-27,26.73,False
27,2016-12-28,13.23,False
28,2016-12-29,27.0,False
29,2016-12-30,0.0,False
30,2016-12-31,0.0,False
0,2017-01-01,0.0,False
1,2017-01-02,0.0,False
2,2017-01-03,9.9,False
3,2017-01-04,7.48,False
4,2017-01-05,7.48,False
5,2017-01-06,7.48,False
6,2017-01-07,8.14,False
7,2017-01-08,8.36,False
8,2017-01-09,9.46,False
9,2017-01-10,7.04,False
10,2017-01-11,0.0,False
11,2017-01-12,7.26,False
12,2017-01-13,7.48,False
13,2017-01-14,0.0,False
14,2017-01-15,0.0,False
15,2017-01-16,0.0,False
16,2017-01-17,7.04,False
17,2017-01-18,17.38,False
18,2017-01-19,10.56,False
19,2017-01-20,11.0,False
20,2017-01-21,0.0,False
21,2017-01-22,0.0,False
22,2017-01-23,0.0,False
23,2017-01-24,7.04,False
24,2017-01-25,14.08,False
25,2017-01-26,7.04,False
26,2017-01-27,22.0,False
27,2017-01-28,0.0,False
28,2017-01-29,0.0,False
29,2017-01-30,0.0,False
30,2017-01-31,14.08,False
0,2017-02-01,10.24,False
1,2017-02-02,32.0,False
2,2017-02-03,10.88,False
3,2017-02-04,0.0,False
4,2017-02-05,11.52,False
5,2017-02-06,10.24,False
6,2017-02-07,20.48,False
7,2017-02-08,10.56,False
8,2017-02-09,10.56,False
9,2017-02-10,0.0,False
10,2017-02-11,24.0,False
11,2017-02-12,11.84,False
12,2017-02-13,9.92,False
13,2017-02-14,0.0,False
14,2017-02-15,15.68,False
15,2017-02-16,10.56,False
16,2017-02-17,0.0,False
17,2017-02-18,0.0,False
18,2017-02-19,0.0,False
19,2017-02-20,20.8,False
20,2017-02-21,15.36,False
21,2017-02-22,10.24,False
22,2017-02-23,15.68,False
23,2017-02-24,32.0,False
24,2017-02-25,11.84,False
25,2017-02-26,0.0,False
26,2017-02-27,30.400000000000002,False
27,2017-02-28,10.24,False
0,2017-03-01,17.85,False
1,2017-03-02,36.21,False
2,2017-03-03,51.0,False
3,2017-03-04,13.77,False
4,2017-03-05,0.0,False
5,2017-03-06,15.81,False
6,2017-03-07,27.54,False
7,2017-03-08,24.48,False
8,2017-03-09,36.72,False
9,2017-03-10,25.5,False
10,2017-03-11,21.42,False
11,2017-03-12,13.26,False
12,2017-03-13,27.03,False
13,2017-03-14,30.6,False
14,2017-03-15,12.24,False
15,2017-03-16,24.990000000000002,False
16,2017-03-17,13.26,False
17,2017-03-18,0.0,False
18,2017-03-19,20.91,False
19,2017-03-20,12.24,False
20,2017-03-21,37.230000000000004,False
21,2017-03-22,12.24,False
22,2017-03-23,24.990000000000002,False
23,2017-03-24,19.38,False
24,2017-03-25,14.790000000000001,False
25,2017-03-26,0.0,False
26,2017-03-27,24.990000000000002,False
27,2017-03-28,24.990000000000002,False
28,2017-03-29,20.91,False
29,2017-03-30,12.75,False
30,2017-03-31,13.26,False
0,2017-04-01,13.75,False
1,2017-04-02,14.25,False
2,2017-04-03,24.0,False
3,2017-04-04,12.0,False
4,2017-04-05,23.75,False
5,2017-04-06,12.25,False
6,2017-04-07,25.0,False
7,2017-04-08,0.0,False
8,2017-04-09,0.0,False
9,2017-04-10,18.25,False
10,2017-04-11,18.25,False
11,2017-04-12,12.5,False
12,2017-04-13,13.0,False
13,2017-04-14,13.75,False
14,2017-04-15,0.0,False
15,2017-04-16,0.0,False
16,2017-04-17,12.5,False
17,2017-04-18,23.5,False
18,2017-04-19,17.75,False
19,2017-04-20,18.0,False
20,2017-04-21,19.0,False
21,2017-04-22,0.0,False
22,2017-04-23,0.0,False
23,2017-04-24,20.0,False
24,2017-04-25,24.0,False
25,2017-04-26,18.0,False
26,2017-04-27,20.25,False
27,2017-04-28,21.0,False
28,2017-04-29,14.0,False
29,2017-04-30,14.25,False
0,2017-05-01,20.88,False
1,2017-05-02,11.6,False
2,2017-05-03,17.4,False
3,2017-05-04,27.259999999999998,False
4,2017-05-05,20.299999999999997,False
5,2017-05-06,0.0,False
6,2017-05-07,0.0,False
7,2017-05-08,11.6,False
8,2017-05-09,11.6,False
9,2017-05-10,46.4,False
10,2017-05-11,11.6,False
11,2017-05-12,20.299999999999997,False
12,2017-05-13,27.259999999999998,False
13,2017-05-14,13.919999999999998,False
14,2017-05-15,36.54,False
15,2017-05-16,12.18,False
16,2017-05-17,24.939999999999998,False
17,2017-05-18,12.76,False
18,2017-05-19,12.76,False
19,2017-05-20,0.0,False
20,2017-05-21,0.0,False
21,2017-05-22,12.18,False
22,2017-05-23,30.159999999999997,False
23,2017-05-24,24.939999999999998,False
24,2017-05-25,55.099999999999994,False
25,2017-05-26,57.99999999999999,False
26,2017-05-27,22.619999999999997,False
27,2017-05-28,0.0,False
28,2017-05-29,0.0,False
29,2017-05-30,52.779999999999994,False
30,2017-05-31,54.519999999999996,False
0,2017-06-01,20.74,False
1,2017-06-02,21.96,False
2,2017-06-03,23.79,False
3,2017-06-04,11.59,False
4,2017-06-05,61.0,False
5,2017-06-06,9.76,False
6,2017-06-07,20.13,False
7,2017-06-08,20.13,False
8,2017-06-09,20.74,False
9,2017-06-10,12.2,False
10,2017-06-11,0.0,False
11,2017-06-12,14.64,False
12,2017-06-13,29.28,False
13,2017-06-14,20.13,False
14,2017-06-15,15.25,False
15,2017-06-16,31.72,False
16,2017-06-17,0.0,False
17,2017-06-18,0.0,False
18,2017-06-19,15.25,False
19,2017-06-20,29.28,False
20,2017-06-21,24.4,False
21,2017-06-22,19.52,False
22,2017-06-23,10.37,False
23,2017-06-24,0.0,False
24,2017-06-25,0.0,False
25,2017-06-26,10.37,False
26,2017-06-27,20.74,False
27,2017-06-28,10.37,False
28,2017-06-29,31.72,False
29,2017-06-30,10.98,False
0,2017-07-01,12.76,False
1,2017-07-02,0.0,False
2,2017-07-03,11.44,False
3,2017-07-04,11.44,False
4,2017-07-05,22.88,False
5,2017-07-06,22.44,False
6,2017-07-07,23.32,False
7,2017-07-08,0.0,False
8,2017-07-09,0.0,False
9,2017-07-10,33.0,False
10,2017-07-11,16.28,False
11,2017-07-12,22.0,False
12,2017-07-13,28.16,False
13,2017-07-14,11.44,False
14,2017-07-15,12.76,False
15,2017-07-16,12.76,False
16,2017-07-17,22.0,False
17,2017-07-18,11.0,False
18,2017-07-19,22.0,False
19,2017-07-20,44.0,False
20,2017-07-21,34.32,False
21,2017-07-22,0.0,False
22,2017-07-23,12.76,False
23,2017-07-24,16.28,False
24,2017-07-25,11.0,False
25,2017-07-26,27.28,False
26,2017-07-27,11.0,False
27,2017-07-28,0.0,False
28,2017-07-29,12.76,False
29,2017-07-30,0.0,False
30,2017-07-31,11.0,False
0,2017-08-01,10.58,False
1,2017-08-02,24.380000000000003,False
2,2017-08-03,25.3,False
3,2017-08-04,28.52,False
4,2017-08-05,12.88,False
5,2017-08-06,0.0,False
6,2017-08-07,10.58,False
7,2017-08-08,15.64,False
8,2017-08-09,14.72,False
9,2017-08-10,22.080000000000002,False
10,2017-08-11,15.180000000000001,False
11,2017-08-12,12.88,False
12,2017-08-13,0.0,False
13,2017-08-14,18.400000000000002,False
14,2017-08-15,15.180000000000001,False
15,2017-08-16,16.560000000000002,False
16,2017-08-17,11.040000000000001,False
17,2017-08-18,17.02,False
18,2017-08-19,12.42,False
19,2017-08-20,0.0,False
20,2017-08-21,16.1,False
21,2017-08-22,32.660000000000004,False
22,2017-08-23,11.040000000000001,False
23,2017-08-24,40.480000000000004,False
24,2017-08-25,46.0,False
25,2017-08-26,12.88,False
26,2017-08-27,12.42,False
27,2017-08-28,14.72,False
28,2017-08-29,25.3,False
29,2017-08-30,17.94,False
30,2017-08-31,18.400000000000002,False
0,2017-09-01,11.22,False
1,2017-09-02,0.0,False
2,2017-09-03,0.0,False
3,2017-09-04,21.78,False
4,2017-09-05,10.56,False
5,2017-09-06,10.56,False
6,2017-09-07,10.89,False
7,2017-09-08,10.89,False
8,2017-09-09,11.88,False
9,2017-09-10,0.0,False
10,2017-09-11,10.23,False
11,2017-09-12,0.0,False
12,2017-09-13,10.23,False
13,2017-09-14,31.020000000000003,False
14,2017-09-15,16.17,False
15,2017-09-16,24.42,False
16,2017-09-17,29.700000000000003,False
17,2017-09-18,10.56,False
18,2017-09-19,20.790000000000003,False
19,2017-09-20,0.0,False
20,2017-09-21,15.84,False
21,2017-09-22,33.0,False
22,2017-09-23,12.21,False
23,2017-09-24,11.88,False
24,2017-09-25,10.23,False
25,2017-09-26,15.180000000000001,False
26,2017-09-27,10.23,False
27,2017-09-28,10.56,False
28,2017-09-29,10.89,False
29,2017-09-30,0.0,False
0,2017-10-01,0.0,False
1,2017-10-02,26.0,False
2,2017-10-03,9.88,False
3,2017-10-04,6.5,False
4,2017-10-05,6.5,False
5,2017-10-06,0.0,False
6,2017-10-07,0.0,False
7,2017-10-08,0.0,False
8,2017-10-09,6.5,False
9,2017-10-10,9.620000000000001,False
10,2017-10-11,0.0,False
11,2017-10-12,9.88,False
12,2017-10-13,0.0,False
13,2017-10-14,0.0,False
14,2017-10-15,0.0,False
15,2017-10-16,6.5,False
16,2017-10-17,0.0,False
17,2017-10-18,0.0,False
18,2017-10-19,13.0,False
19,2017-10-20,13.52,False
20,2017-10-21,0.0,False
21,2017-10-22,0.0,False
22,2017-10-23,6.5,False
23,2017-10-24,12.74,False
24,2017-10-25,6.5,False
25,2017-10-26,6.5,False
26,2017-10-27,0.0,False
27,2017-10-28,0.0,False
28,2017-10-29,0.0,False
29,2017-10-30,9.620000000000001,False
30,2017-10-31,16.38,False
0,2017-11-01,11.76,False
1,2017-11-02,17.64,False
2,2017-11-03,11.76,False
3,2017-11-04,0.0,False
4,2017-11-05,12.74,False
5,2017-11-06,42.14,False
6,2017-11-07,52.92,False
7,2017-11-08,41.16,False
8,2017-11-09,23.52,False
9,2017-11-10,18.62,False
10,2017-11-11,13.719999999999999,False
11,2017-11-12,19.6,False
12,2017-11-13,34.3,False
13,2017-11-14,22.54,False
14,2017-11-15,11.76,False
15,2017-11-16,18.62,False
16,2017-11-17,11.76,False
17,2017-11-18,0.0,False
18,2017-11-19,12.74,False
19,2017-11-20,49.98,False
20,2017-11-21,72.52,False
21,2017-11-22,85.26,False
22,2017-11-23,11.76,False
23,2017-11-24,39.2,False
24,2017-11-25,39.2,False
25,2017-11-26,0.0,False
26,2017-11-27,37.24,False
27,2017-11-28,98.0,False
28,2017-11-29,96.03999999999999,False
29,2017-11-30,53.9,False
0,2017-12-01,56.98,False
1,2017-12-02,28.86,False
2,2017-12-03,0.0,False
3,2017-12-04,54.019999999999996,False
4,2017-12-05,63.64,False
5,2017-12-06,44.4,False
6,2017-12-07,45.14,False
7,2017-12-08,63.64,False
8,2017-12-09,17.759999999999998,False
9,2017-12-10,0.0,False
10,2017-12-11,29.6,False
11,2017-12-12,74.0,False
12,2017-12-13,29.6,False
13,2017-12-14,45.88,False
14,2017-12-15,71.03999999999999,False
15,2017-12-16,17.759999999999998,False
16,2017-12-17,34.78,False
17,2017-12-18,35.519999999999996,False
18,2017-12-19,61.42,False
19,2017-12-20,26.64,False
20,2017-12-21,24.419999999999998,False
21,2017-12-22,58.46,False
22,2017-12-23,18.5,False
23,2017-12-24,19.24,False
24,2017-12-25,38.48,False
25,2017-12-26,17.02,False
26,2017-12-27,24.419999999999998,False
27,2017-12-28,48.839999999999996,False
28,2017-12-29,33.3,False
29,2017-12-30,17.759999999999998,False
30,2017-12-31,18.5,False
0,2018-01-01,19.169999999999998,False
1,2018-01-02,16.33,False
2,2018-01-03,39.05,False
3,2018-01-04,0.0,False
4,2018-01-05,63.9,False
5,2018-01-06,26.27,False
6,2018-01-07,17.75,False
7,2018-01-08,30.529999999999998,False
8,2018-01-09,45.44,False
9,2018-01-10,14.91,False
10,2018-01-11,22.72,False
11,2018-01-12,71.0,False
12,2018-01-13,17.75,False
13,2018-01-14,17.04,False
14,2018-01-15,14.91,False
15,2018-01-16,14.91,False
16,2018-01-17,44.73,False
17,2018-01-18,45.44,False
18,2018-01-19,31.24,False
19,2018-01-20,17.04,False
20,2018-01-21,34.08,False
21,2018-01-22,44.73,False
22,2018-01-23,59.64,False
23,2018-01-24,36.92,False
24,2018-01-25,52.54,False
25,2018-01-26,31.24,False
26,2018-01-27,17.04,False
27,2018-01-28,17.04,False
28,2018-01-29,29.82,False
29,2018-01-30,29.82,False
30,2018-01-31,29.82,False
0,2018-02-01,45.650000000000006,False
1,2018-02-02,44.0,False
2,2018-02-03,41.25,False
3,2018-02-04,20.35,False
4,2018-02-05,26.950000000000003,False
5,2018-02-06,41.800000000000004,False
6,2018-02-07,53.900000000000006,False
7,2018-02-08,42.35,False
8,2018-02-09,25.3,False
9,2018-02-10,20.900000000000002,False
10,2018-02-11,0.0,False
11,2018-02-12,55.00000000000001,False
12,2018-02-13,36.300000000000004,False
13,2018-02-14,45.650000000000006,False
14,2018-02-15,36.85,False
15,2018-02-16,37.95,False
16,2018-02-17,0.0,False
17,2018-02-18,0.0,False
18,2018-02-19,18.150000000000002,False
19,2018-02-20,35.75,False
20,2018-02-21,53.900000000000006,False
21,2018-02-22,53.900000000000006,False
22,2018-02-23,37.400000000000006,False
23,2018-02-24,30.800000000000004,False
24,2018-02-25,0.0,False
25,2018-02-26,29.150000000000002,False
26,2018-02-27,47.300000000000004,False
27,2018-02-28,44.550000000000004,False
0,2018-03-01,21.12,False
1,2018-03-02,29.04,False
2,2018-03-03,10.56,False
3,2018-03-04,0.0,False
4,2018-03-05,18.48,False
5,2018-03-06,27.28,False
6,2018-03-07,22.0,False
7,2018-03-08,44.0,False
8,2018-03-09,88.0,False
9,2018-03-10,31.68,False
10,2018-03-11,21.12,False
11,2018-03-12,42.24,False
12,2018-03-13,30.8,False
13,2018-03-14,39.6,False
14,2018-03-15,28.16,False
15,2018-03-16,38.72,False
16,2018-03-17,14.08,False
17,2018-03-18,10.56,False
18,2018-03-19,22.0,False
19,2018-03-20,27.28,False
20,2018-03-21,21.12,False
21,2018-03-22,22.0,False
22,2018-03-23,13.2,False
23,2018-03-24,10.56,False
24,2018-03-25,0.0,False
25,2018-03-26,14.08,False
26,2018-03-27,37.84,False
27,2018-03-28,13.2,False
28,2018-03-29,16.72,False
29,2018-03-30,15.84,False
30,2018-03-31,0.0,False
0,2018-04-01,0.0,False
1,2018-04-02,34.199999999999996,False
2,2018-04-03,43.31999999999999,False
3,2018-04-04,35.91,False
4,2018-04-05,51.3,False
5,2018-04-06,45.599999999999994,False
6,2018-04-07,0.0,False
7,2018-04-08,0.0,False
8,2018-04-09,50.16,False
9,2018-04-10,56.99999999999999,False
10,2018-04-11,42.74999999999999,False
11,2018-04-12,50.16,False
12,2018-04-13,30.209999999999997,False
13,2018-04-14,50.16,False
14,2018-04-15,0.0,False
15,2018-04-16,21.09,False
16,2018-04-17,50.16,False
17,2018-04-18,29.069999999999997,False
18,2018-04-19,33.629999999999995,False
19,2018-04-20,45.599999999999994,False
20,2018-04-21,25.65,False
21,2018-04-22,25.08,False
22,2018-04-23,56.42999999999999,False
23,2018-04-24,42.74999999999999,False
24,2018-04-25,50.16,False
25,2018-04-26,36.48,False
26,2018-04-27,30.779999999999998,False
27,2018-04-28,25.65,False
28,2018-04-29,25.08,False
29,2018-04-30,22.229999999999997,False
0,2018-05-01,22.14,False
1,2018-05-02,10.260000000000002,False
2,2018-05-03,25.92,False
3,2018-05-04,29.160000000000004,False
4,2018-05-05,0.0,False
5,2018-05-06,11.88,False
6,2018-05-07,10.260000000000002,False
7,2018-05-08,24.3,False
8,2018-05-09,24.3,False
9,2018-05-10,16.200000000000003,False
10,2018-05-11,21.6,False
11,2018-05-12,12.420000000000002,False
12,2018-05-13,0.0,False
13,2018-05-14,17.28,False
14,2018-05-15,15.66,False
15,2018-05-16,15.66,False
16,2018-05-17,10.8,False
17,2018-05-18,10.8,False
18,2018-05-19,0.0,False
19,2018-05-20,0.0,False
20,2018-05-21,17.82,False
21,2018-05-22,21.060000000000002,False
22,2018-05-23,31.860000000000003,False
23,2018-05-24,37.260000000000005,False
24,2018-05-25,37.260000000000005,False
25,2018-05-26,12.420000000000002,False
26,2018-05-27,12.420000000000002,False
27,2018-05-28,10.8,False
28,2018-05-29,21.060000000000002,False
29,2018-05-30,17.28,False
30,2018-05-31,54.0,False
0,2018-06-01,35.28,False
1,2018-06-02,15.12,False
2,2018-06-03,15.12,False
3,2018-06-04,38.16,False
4,2018-06-05,46.8,False
5,2018-06-06,25.2,False
6,2018-06-07,25.919999999999998,False
7,2018-06-08,30.959999999999997,False
8,2018-06-09,15.12,False
9,2018-06-10,15.12,False
10,2018-06-11,30.959999999999997,False
11,2018-06-12,52.559999999999995,False
12,2018-06-13,23.759999999999998,False
13,2018-06-14,16.56,False
14,2018-06-15,36.0,False
15,2018-06-16,15.12,False
16,2018-06-17,0.0,False
17,2018-06-18,18.72,False
18,2018-06-19,24.48,False
19,2018-06-20,41.76,False
20,2018-06-21,33.839999999999996,False
21,2018-06-22,26.64,False
22,2018-06-23,14.399999999999999,False
23,2018-06-24,0.0,False
24,2018-06-25,20.88,False
25,2018-06-26,37.44,False
26,2018-06-27,31.68,False
27,2018-06-28,72.0,False
28,2018-06-29,44.64,False
29,2018-06-30,14.399999999999999,False
0,2018-07-01,0.0,False
1,2018-07-02,49.82,False
2,2018-07-03,38.690000000000005,False
3,2018-07-04,17.490000000000002,False
4,2018-07-05,0.0,False
5,2018-07-06,45.050000000000004,False
6,2018-07-07,19.080000000000002,False
7,2018-07-08,19.080000000000002,False
8,2018-07-09,38.690000000000005,False
9,2018-07-10,37.1,False
10,2018-07-11,36.04,False
11,2018-07-12,28.62,False
12,2018-07-13,35.510000000000005,False
13,2018-07-14,19.61,False
14,2018-07-15,0.0,False
15,2018-07-16,16.96,False
16,2018-07-17,33.92,False
17,2018-07-18,25.970000000000002,False
18,2018-07-19,34.45,False
19,2018-07-20,53.0,False
20,2018-07-21,0.0,False
21,2018-07-22,39.75,False
22,2018-07-23,16.96,False
23,2018-07-24,42.400000000000006,False
24,2018-07-25,42.400000000000006,False
25,2018-07-26,25.44,False
26,2018-07-27,43.46,False
27,2018-07-28,19.080000000000002,False
28,2018-07-29,19.61,False
29,2018-07-30,22.26,False
30,2018-07-31,32.86,False
0,2018-08-01,34.199999999999996,False
1,2018-08-02,19.2,False
2,2018-08-03,30.599999999999998,False
3,2018-08-04,11.4,False
4,2018-08-05,0.0,False
5,2018-08-06,9.6,False
6,2018-08-07,9.6,False
7,2018-08-08,14.399999999999999,False
8,2018-08-09,19.8,False
9,2018-08-10,30.599999999999998,False
10,2018-08-11,16.8,False
11,2018-08-12,0.0,False
12,2018-08-13,19.8,False
13,2018-08-14,9.6,False
14,2018-08-15,40.199999999999996,False
15,2018-08-16,60.0,False
16,2018-08-17,30.599999999999998,False
17,2018-08-18,11.4,False
18,2018-08-19,11.4,False
19,2018-08-20,10.2,False
20,2018-08-21,15.0,False
21,2018-08-22,25.8,False
22,2018-08-23,25.2,False
23,2018-08-24,15.6,False
24,2018-08-25,11.4,False
25,2018-08-26,11.4,False
26,2018-08-27,0.0,False
27,2018-08-28,39.0,False
28,2018-08-29,29.4,False
29,2018-08-30,19.8,False
30,2018-08-31,10.2,False
0,2018-09-01,13.600000000000001,False
1,2018-09-02,0.0,False
2,2018-09-03,12.24,False
3,2018-09-04,23.8,False
4,2018-09-05,11.56,False
5,2018-09-06,46.92,False
6,2018-09-07,68.0,False
7,2018-09-08,27.200000000000003,False
8,2018-09-09,0.0,False
9,2018-09-10,29.240000000000002,False
10,2018-09-11,46.92,False
11,2018-09-12,23.12,False
12,2018-09-13,18.360000000000003,False
13,2018-09-14,36.720000000000006,False
14,2018-09-15,13.600000000000001,False
15,2018-09-16,27.200000000000003,False
16,2018-09-17,35.36,False
17,2018-09-18,40.800000000000004,False
18,2018-09-19,23.12,False
19,2018-09-20,35.36,False
20,2018-09-21,18.360000000000003,False
21,2018-09-22,0.0,False
22,2018-09-23,0.0,False
23,2018-09-24,47.6,False
24,2018-09-25,29.240000000000002,False
25,2018-09-26,35.36,False
26,2018-09-27,35.36,False
27,2018-09-28,42.84,False
28,2018-09-29,0.0,False
29,2018-09-30,0.0,False
0,2018-10-01,0.0,False
1,2018-10-02,14.03,False
2,2018-10-03,14.03,False
3,2018-10-04,43.31,False
4,2018-10-05,61.0,False
5,2018-10-06,16.47,False
6,2018-10-07,0.0,False
7,2018-10-08,14.64,False
8,2018-10-09,34.769999999999996,False
9,2018-10-10,57.949999999999996,False
10,2018-10-11,21.96,False
11,2018-10-12,30.5,False
12,2018-10-13,0.0,False
13,2018-10-14,0.0,False
14,2018-10-15,29.28,False
15,2018-10-16,50.629999999999995,False
16,2018-10-17,43.92,False
17,2018-10-18,44.53,False
18,2018-10-19,46.36,False
19,2018-10-20,0.0,False
20,2018-10-21,0.0,False
21,2018-10-22,14.64,False
22,2018-10-23,21.349999999999998,False
23,2018-10-24,28.669999999999998,False
24,2018-10-25,0.0,False
25,2018-10-26,45.75,False
26,2018-10-27,15.86,False
27,2018-10-28,0.0,False
28,2018-10-29,14.03,False
29,2018-10-30,42.699999999999996,False
30,2018-10-31,14.64,False
0,2018-11-01,32.5,False
1,2018-11-02,35.0,False
2,2018-11-03,14.0,False
3,2018-11-04,0.0,False
4,2018-11-05,23.5,False
5,2018-11-06,16.5,False
6,2018-11-07,28.0,False
7,2018-11-08,24.5,False
8,2018-11-09,26.0,False
9,2018-11-10,21.0,False
10,2018-11-11,14.0,False
11,2018-11-12,24.5,False
12,2018-11-13,24.5,False
13,2018-11-14,12.5,False
14,2018-11-15,25.0,False
15,2018-11-16,25.5,False
16,2018-11-17,14.5,False
17,2018-11-18,0.0,False
18,2018-11-19,37.5,False
19,2018-11-20,24.5,False
20,2018-11-21,31.5,False
21,2018-11-22,0.0,False
22,2018-11-23,12.5,False
23,2018-11-24,0.0,False
24,2018-11-25,28.0,False
25,2018-11-26,32.0,False
26,2018-11-27,36.5,False
27,2018-11-28,24.5,False
28,2018-11-29,50.0,False
29,2018-11-30,19.0,False
0,2018-12-01,0.0,False
1,2018-12-02,25.44,False
2,2018-12-03,30.21,False
3,2018-12-04,53.0,False
4,2018-12-05,14.84,False
5,2018-12-06,23.32,False
6,2018-12-07,15.9,False
7,2018-12-08,18.02,False
8,2018-12-09,16.96,False
9,2018-12-10,38.160000000000004,False
10,2018-12-11,22.790000000000003,False
11,2018-12-12,31.270000000000003,False
12,2018-12-13,31.270000000000003,False
13,2018-12-14,45.580000000000005,False
14,2018-12-15,36.04,False
15,2018-12-16,0.0,False
16,2018-12-17,14.31,False
17,2018-12-18,44.52,False
18,2018-12-19,40.28,False
19,2018-12-20,32.33,False
20,2018-12-21,33.92,False
21,2018-12-22,0.0,False
22,2018-12-23,18.55,False
23,2018-12-24,37.1,False
24,2018-12-25,0.0,False
25,2018-12-26,50.88,False
26,2018-12-27,16.43,False
27,2018-12-28,16.96,False
28,2018-12-29,18.02,False
29,2018-12-30,0.0,False
30,2018-12-31,18.02,False
0,2019-01-01,16.200000000000003,False
1,2019-01-02,27.540000000000003,False
2,2019-01-03,54.0,False
3,2019-01-04,20.520000000000003,False
4,2019-01-05,15.120000000000001,False
5,2019-01-06,0.0,False
6,2019-01-07,32.940000000000005,False
7,2019-01-08,38.88,False
8,2019-01-09,0.0,False
9,2019-01-10,44.28,False
10,2019-01-11,13.5,False
11,2019-01-12,0.0,False
12,2019-01-13,0.0,False
13,2019-01-14,34.56,False
14,2019-01-15,12.96,False
15,2019-01-16,45.900000000000006,False
16,2019-01-17,12.96,False
17,2019-01-18,19.98,False
18,2019-01-19,29.160000000000004,False
19,2019-01-20,0.0,False
20,2019-01-21,12.96,False
21,2019-01-22,21.060000000000002,False
22,2019-01-23,18.900000000000002,False
23,2019-01-24,46.980000000000004,False
24,2019-01-25,30.78,False
25,2019-01-26,14.580000000000002,False
26,2019-01-27,19.44,False
27,2019-01-28,31.860000000000003,False
28,2019-01-29,29.700000000000003,False
29,2019-01-30,38.34,False
30,2019-01-31,32.400000000000006,False
0,2019-02-01,17.98,False
1,2019-02-02,0.0,False
2,2019-02-03,0.0,False
3,2019-02-04,26.66,False
4,2019-02-05,35.339999999999996,False
5,2019-02-06,43.4,False
6,2019-02-07,44.02,False
7,2019-02-08,53.94,False
8,2019-02-09,39.68,False
9,2019-02-10,0.0,False
10,2019-02-11,33.48,False
11,2019-02-12,34.1,False
12,2019-02-13,60.76,False
13,2019-02-14,62.0,False
14,2019-02-15,45.26,False
15,2019-02-16,20.46,False
16,2019-02-17,0.0,False
17,2019-02-18,0.0,False
18,2019-02-19,43.4,False
19,2019-02-20,34.72,False
20,2019-02-21,26.04,False
21,2019-02-22,53.94,False
22,2019-02-23,0.0,False
23,2019-02-24,0.0,False
24,2019-02-25,60.14,False
25,2019-02-26,43.4,False
26,2019-02-27,16.74,False
27,2019-02-28,44.02,False
0,2019-03-01,19.8,False
1,2019-03-02,21.78,False
2,2019-03-03,11.22,False
3,2019-03-04,19.8,False
4,2019-03-05,29.040000000000003,False
5,2019-03-06,13.860000000000001,False
6,2019-03-07,43.56,False
7,2019-03-08,66.0,False
8,2019-03-09,11.22,False
9,2019-03-10,0.0,False
10,2019-03-11,9.9,False
11,2019-03-12,19.14,False
12,2019-03-13,23.76,False
13,2019-03-14,19.14,False
14,2019-03-15,19.8,False
15,2019-03-16,21.78,False
16,2019-03-17,11.22,False
17,2019-03-18,29.040000000000003,False
18,2019-03-19,37.620000000000005,False
19,2019-03-20,19.14,False
20,2019-03-21,39.6,False
21,2019-03-22,25.740000000000002,False
22,2019-03-23,11.22,False
23,2019-03-24,9.9,False
24,2019-03-25,19.14,False
25,2019-03-26,9.9,False
26,2019-03-27,9.9,False
27,2019-03-28,19.8,False
28,2019-03-29,20.46,False
29,2019-03-30,0.0,False
30,2019-03-31,22.44,False
