,date,MU stock,isPartial
0,2012-01-01,0.0,False
1,2012-01-02,0.0,False
2,2012-01-03,0.54,False
3,2012-01-04,0.8,False
4,2012-01-05,0.8,False
5,2012-01-06,0.0,False
6,2012-01-07,0.64,False
7,2012-01-08,0.62,False
8,2012-01-09,0.0,False
9,2012-01-10,0.76,False
10,2012-01-11,1.02,False
11,2012-01-12,0.0,False
12,2012-01-13,0.54,False
13,2012-01-14,0.0,False
14,2012-01-15,0.0,False
15,2012-01-16,0.5,False
16,2012-01-17,0.52,False
17,2012-01-18,0.5,False
18,2012-01-19,0.52,False
19,2012-01-20,1.06,False
20,2012-01-21,0.0,False
21,2012-01-22,0.6,False
22,2012-01-23,0.5,False
23,2012-01-24,0.0,False
24,2012-01-25,0.52,False
25,2012-01-26,1.04,False
26,2012-01-27,0.8,False
27,2012-01-28,0.0,False
28,2012-01-29,0.6,False
29,2012-01-30,0.5,False
30,2012-01-31,2.0,False
0,2012-02-01,1.28,False
1,2012-02-02,1.48,False
2,2012-02-03,2.0,False
3,2012-02-04,1.54,False
4,2012-02-05,0.5,False
5,2012-02-06,1.28,False
6,2012-02-07,0.42,False
7,2012-02-08,0.84,False
8,2012-02-09,0.42,False
9,2012-02-10,0.44,False
10,2012-02-11,0.52,False
11,2012-02-12,0.0,False
12,2012-02-13,1.26,False
13,2012-02-14,0.42,False
14,2012-02-15,0.0,False
15,2012-02-16,0.42,False
16,2012-02-17,0.68,False
17,2012-02-18,0.52,False
18,2012-02-19,0.0,False
19,2012-02-20,0.44,False
20,2012-02-21,1.32,False
21,2012-02-22,0.86,False
22,2012-02-23,1.7,False
23,2012-02-24,0.44,False
24,2012-02-25,0.5,False
25,2012-02-26,0.0,False
26,2012-02-27,0.42,False
27,2012-02-28,0.42,False
28,2012-02-29,0.62,False
0,2012-03-01,0.65,False
1,2012-03-02,0.68,False
2,2012-03-03,0.0,False
3,2012-03-04,0.38,False
4,2012-03-05,0.32,False
5,2012-03-06,0.46,False
6,2012-03-07,0.77,False
7,2012-03-08,0.64,False
8,2012-03-09,0.49,False
9,2012-03-10,0.37,False
10,2012-03-11,0.0,False
11,2012-03-12,0.46,False
12,2012-03-13,0.31,False
13,2012-03-14,0.41000000000000003,False
14,2012-03-15,0.32,False
15,2012-03-16,0.33,False
16,2012-03-17,0.0,False
17,2012-03-18,0.56,False
18,2012-03-19,0.61,False
19,2012-03-20,0.31,False
20,2012-03-21,0.73,False
21,2012-03-22,0.47000000000000003,False
22,2012-03-23,0.33,False
23,2012-03-24,0.38,False
24,2012-03-25,0.38,False
25,2012-03-26,0.61,False
26,2012-03-27,0.31,False
27,2012-03-28,0.31,False
28,2012-03-29,0.32,False
29,2012-03-30,1.0,False
30,2012-03-31,0.0,False
0,2012-04-01,0.0,False
1,2012-04-02,0.0,False
2,2012-04-03,0.35000000000000003,False
3,2012-04-04,0.44,False
4,2012-04-05,0.27,False
5,2012-04-06,0.3,False
6,2012-04-07,0.33,False
7,2012-04-08,0.0,False
8,2012-04-09,0.62,False
9,2012-04-10,0.45,False
10,2012-04-11,0.38,False
11,2012-04-12,0.65,False
12,2012-04-13,0.27,False
13,2012-04-14,0.0,False
14,2012-04-15,0.31,False
15,2012-04-16,0.25,False
16,2012-04-17,0.25,False
17,2012-04-18,0.38,False
18,2012-04-19,0.77,False
19,2012-04-20,0.27,False
20,2012-04-21,0.0,False
21,2012-04-22,0.3,False
22,2012-04-23,0.42,False
23,2012-04-24,1.0,False
24,2012-04-25,0.64,False
25,2012-04-26,0.26,False
26,2012-04-27,0.0,False
27,2012-04-28,0.47000000000000003,False
28,2012-04-29,0.31,False
29,2012-04-30,0.27,False
0,2012-05-01,0.0,False
1,2012-05-02,0.34,False
2,2012-05-03,0.34,False
3,2012-05-04,0.7000000000000001,False
4,2012-05-05,0.4,False
5,2012-05-06,0.0,False
6,2012-05-07,0.33,False
7,2012-05-08,0.33,False
8,2012-05-09,0.0,False
9,2012-05-10,0.6900000000000001,False
10,2012-05-11,0.36,False
11,2012-05-12,0.0,False
12,2012-05-13,0.41000000000000003,False
13,2012-05-14,0.0,False
14,2012-05-15,0.5,False
15,2012-05-16,0.33,False
16,2012-05-17,0.35000000000000003,False
17,2012-05-18,0.36,False
18,2012-05-19,0.0,False
19,2012-05-20,0.42,False
20,2012-05-21,0.5,False
21,2012-05-22,0.5,False
22,2012-05-23,1.0,False
23,2012-05-24,0.34,False
24,2012-05-25,0.36,False
25,2012-05-26,0.0,False
26,2012-05-27,0.0,False
27,2012-05-28,0.0,False
28,2012-05-29,0.66,False
29,2012-05-30,0.66,False
30,2012-05-31,0.8300000000000001,False
0,2012-06-01,0.35000000000000003,False
1,2012-06-02,0.0,False
2,2012-06-03,0.4,False
3,2012-06-04,0.0,False
4,2012-06-05,0.54,False
5,2012-06-06,0.44,False
6,2012-06-07,0.51,False
7,2012-06-08,0.35000000000000003,False
8,2012-06-09,0.0,False
9,2012-06-10,0.4,False
10,2012-06-11,0.32,False
11,2012-06-12,0.32,False
12,2012-06-13,0.55,False
13,2012-06-14,1.0,False
14,2012-06-15,0.6900000000000001,False
15,2012-06-16,0.62,False
16,2012-06-17,0.41000000000000003,False
17,2012-06-18,0.65,False
18,2012-06-19,0.65,False
19,2012-06-20,0.33,False
20,2012-06-21,0.55,False
21,2012-06-22,0.35000000000000003,False
22,2012-06-23,0.42,False
23,2012-06-24,0.0,False
24,2012-06-25,0.54,False
25,2012-06-26,0.0,False
26,2012-06-27,0.33,False
27,2012-06-28,0.34,False
28,2012-06-29,0.71,False
29,2012-06-30,0.0,False
0,2012-07-01,0.5,False
1,2012-07-02,0.8,False
2,2012-07-03,1.0,False
3,2012-07-04,0.63,False
4,2012-07-05,0.63,False
5,2012-07-06,0.43,False
6,2012-07-07,0.0,False
7,2012-07-08,0.0,False
8,2012-07-09,0.8,False
9,2012-07-10,0.39,False
10,2012-07-11,0.41000000000000003,False
11,2012-07-12,0.41000000000000003,False
12,2012-07-13,0.64,False
13,2012-07-14,0.0,False
14,2012-07-15,0.0,False
15,2012-07-16,0.0,False
16,2012-07-17,0.0,False
17,2012-07-18,0.4,False
18,2012-07-19,0.0,False
19,2012-07-20,0.65,False
20,2012-07-21,0.77,False
21,2012-07-22,0.51,False
22,2012-07-23,0.0,False
23,2012-07-24,0.41000000000000003,False
24,2012-07-25,0.8200000000000001,False
25,2012-07-26,0.8300000000000001,False
26,2012-07-27,0.0,False
27,2012-07-28,0.0,False
28,2012-07-29,0.0,False
29,2012-07-30,0.6,False
30,2012-07-31,0.41000000000000003,False
0,2012-08-01,1.32,False
1,2012-08-02,1.36,False
2,2012-08-03,0.7000000000000001,False
3,2012-08-04,0.0,False
4,2012-08-05,0.0,False
5,2012-08-06,0.66,False
6,2012-08-07,1.0,False
7,2012-08-08,1.0,False
8,2012-08-09,0.68,False
9,2012-08-10,1.74,False
10,2012-08-11,0.0,False
11,2012-08-12,0.0,False
12,2012-08-13,2.0,False
13,2012-08-14,1.32,False
14,2012-08-15,1.36,False
15,2012-08-16,0.68,False
16,2012-08-17,0.7000000000000001,False
17,2012-08-18,0.0,False
18,2012-08-19,0.0,False
19,2012-08-20,0.68,False
20,2012-08-21,0.66,False
21,2012-08-22,1.0,False
22,2012-08-23,0.0,False
23,2012-08-24,0.0,False
24,2012-08-25,0.8,False
25,2012-08-26,0.0,False
26,2012-08-27,0.64,False
27,2012-08-28,0.64,False
28,2012-08-29,1.3,False
29,2012-08-30,0.66,False
30,2012-08-31,1.0,False
0,2012-09-01,0.0,False
1,2012-09-02,0.0,False
2,2012-09-03,0.86,False
3,2012-09-04,1.22,False
4,2012-09-05,0.8200000000000001,False
5,2012-09-06,0.84,False
6,2012-09-07,0.0,False
7,2012-09-08,0.0,False
8,2012-09-09,0.0,False
9,2012-09-10,0.8200000000000001,False
10,2012-09-11,0.8,False
11,2012-09-12,1.6,False
12,2012-09-13,1.24,False
13,2012-09-14,0.86,False
14,2012-09-15,2.0,False
15,2012-09-16,0.0,False
16,2012-09-17,1.62,False
17,2012-09-18,1.6,False
18,2012-09-19,1.22,False
19,2012-09-20,0.8200000000000001,False
20,2012-09-21,0.84,False
21,2012-09-22,1.98,False
22,2012-09-23,0.96,False
23,2012-09-24,1.6,False
24,2012-09-25,1.2,False
25,2012-09-26,1.6,False
26,2012-09-27,1.6400000000000001,False
27,2012-09-28,1.7,False
28,2012-09-29,1.46,False
29,2012-09-30,1.92,False
0,2012-10-01,0.69,False
1,2012-10-02,0.75,False
2,2012-10-03,0.69,False
3,2012-10-04,0.8999999999999999,False
4,2012-10-05,0.48,False
5,2012-10-06,0.8099999999999999,False
6,2012-10-07,0.51,False
7,2012-10-08,1.53,False
8,2012-10-09,0.44999999999999996,False
9,2012-10-10,1.08,False
10,2012-10-11,0.6,False
11,2012-10-12,1.08,False
12,2012-10-13,0.0,False
13,2012-10-14,0.0,False
14,2012-10-15,0.42,False
15,2012-10-16,0.87,False
16,2012-10-17,0.42,False
17,2012-10-18,1.3199999999999998,False
18,2012-10-19,0.44999999999999996,False
19,2012-10-20,3.0,False
20,2012-10-21,1.05,False
21,2012-10-22,0.87,False
22,2012-10-23,0.99,False
23,2012-10-24,0.6599999999999999,False
24,2012-10-25,1.2,False
25,2012-10-26,0.48,False
26,2012-10-27,0.54,False
27,2012-10-28,0.51,False
28,2012-10-29,0.42,False
29,2012-10-30,0.42,False
30,2012-10-31,0.6599999999999999,False
0,2012-11-01,0.72,False
1,2012-11-02,0.55,False
2,2012-11-03,0.8200000000000001,False
3,2012-11-04,0.0,False
4,2012-11-05,0.34,False
5,2012-11-06,0.66,False
6,2012-11-07,0.8200000000000001,False
7,2012-11-08,0.85,False
8,2012-11-09,0.36,False
9,2012-11-10,0.0,False
10,2012-11-11,0.4,False
11,2012-11-12,0.34,False
12,2012-11-13,0.51,False
13,2012-11-14,0.67,False
14,2012-11-15,0.81,False
15,2012-11-16,0.71,False
16,2012-11-17,0.0,False
17,2012-11-18,0.0,False
18,2012-11-19,1.0,False
19,2012-11-20,0.99,False
20,2012-11-21,0.84,False
21,2012-11-22,0.53,False
22,2012-11-23,0.36,False
23,2012-11-24,0.4,False
24,2012-11-25,0.79,False
25,2012-11-26,0.0,False
26,2012-11-27,0.49,False
27,2012-11-28,0.49,False
28,2012-11-29,0.49,False
29,2012-11-30,0.35000000000000003,False
0,2012-12-01,0.0,False
1,2012-12-02,0.46,False
2,2012-12-03,0.78,False
3,2012-12-04,0.38,False
4,2012-12-05,1.18,False
5,2012-12-06,1.02,False
6,2012-12-07,0.84,False
7,2012-12-08,0.96,False
8,2012-12-09,0.46,False
9,2012-12-10,0.78,False
10,2012-12-11,0.4,False
11,2012-12-12,1.06,False
12,2012-12-13,2.0,False
13,2012-12-14,0.68,False
14,2012-12-15,0.0,False
15,2012-12-16,0.0,False
16,2012-12-17,1.18,False
17,2012-12-18,0.8,False
18,2012-12-19,0.4,False
19,2012-12-20,0.62,False
20,2012-12-21,0.88,False
21,2012-12-22,0.5,False
22,2012-12-23,0.0,False
23,2012-12-24,0.5,False
24,2012-12-25,0.54,False
25,2012-12-26,1.36,False
26,2012-12-27,0.64,False
27,2012-12-28,1.02,False
28,2012-12-29,0.48,False
29,2012-12-30,0.5,False
30,2012-12-31,0.98,False
0,2013-01-01,2.0,False
1,2013-01-02,1.28,False
2,2013-01-03,1.8800000000000001,False
3,2013-01-04,0.96,False
4,2013-01-05,1.06,False
5,2013-01-06,0.0,False
6,2013-01-07,1.82,False
7,2013-01-08,0.0,False
8,2013-01-09,1.2,False
9,2013-01-10,1.2,False
10,2013-01-11,1.86,False
11,2013-01-12,1.06,False
12,2013-01-13,0.0,False
13,2013-01-14,0.0,False
14,2013-01-15,0.58,False
15,2013-01-16,1.78,False
16,2013-01-17,1.48,False
17,2013-01-18,1.54,False
18,2013-01-19,1.04,False
19,2013-01-20,0.68,False
20,2013-01-21,0.58,False
21,2013-01-22,1.46,False
22,2013-01-23,0.88,False
23,2013-01-24,1.18,False
24,2013-01-25,0.92,False
25,2013-01-26,1.74,False
26,2013-01-27,0.0,False
27,2013-01-28,1.76,False
28,2013-01-29,1.72,False
29,2013-01-30,0.88,False
30,2013-01-31,0.58,False
0,2013-02-01,1.3800000000000001,False
1,2013-02-02,0.58,False
2,2013-02-03,0.0,False
3,2013-02-04,0.48,False
4,2013-02-05,1.3,False
5,2013-02-06,1.22,False
6,2013-02-07,2.0,False
7,2013-02-08,1.02,False
8,2013-02-09,0.6,False
9,2013-02-10,0.0,False
10,2013-02-11,0.5,False
11,2013-02-12,1.02,False
12,2013-02-13,0.98,False
13,2013-02-14,1.02,False
14,2013-02-15,0.86,False
15,2013-02-16,0.58,False
16,2013-02-17,0.58,False
17,2013-02-18,0.48,False
18,2013-02-19,0.48,False
19,2013-02-20,0.98,False
20,2013-02-21,1.7,False
21,2013-02-22,0.76,False
22,2013-02-23,0.58,False
23,2013-02-24,0.0,False
24,2013-02-25,0.9400000000000001,False
25,2013-02-26,0.72,False
26,2013-02-27,0.64,False
27,2013-02-28,0.8200000000000001,False
0,2013-03-01,0.8099999999999999,False
1,2013-03-02,0.8999999999999999,False
2,2013-03-03,0.8999999999999999,False
3,2013-03-04,1.26,False
4,2013-03-05,1.53,False
5,2013-03-06,2.28,False
6,2013-03-07,1.56,False
7,2013-03-08,2.13,False
8,2013-03-09,0.8999999999999999,False
9,2013-03-10,1.77,False
10,2013-03-11,1.74,False
11,2013-03-12,1.74,False
12,2013-03-13,1.98,False
13,2013-03-14,1.26,False
14,2013-03-15,2.88,False
15,2013-03-16,1.5,False
16,2013-03-17,0.87,False
17,2013-03-18,1.1099999999999999,False
18,2013-03-19,3.0,False
19,2013-03-20,1.14,False
20,2013-03-21,1.53,False
21,2013-03-22,2.88,False
22,2013-03-23,0.8999999999999999,False
23,2013-03-24,0.8999999999999999,False
24,2013-03-25,1.74,False
25,2013-03-26,1.89,False
26,2013-03-27,1.8299999999999998,False
27,2013-03-28,1.5899999999999999,False
28,2013-03-29,1.74,False
29,2013-03-30,1.8599999999999999,False
30,2013-03-31,0.0,False
0,2013-04-01,0.54,False
1,2013-04-02,1.3199999999999998,False
2,2013-04-03,0.99,False
3,2013-04-04,0.6599999999999999,False
4,2013-04-05,0.51,False
5,2013-04-06,0.39,False
6,2013-04-07,0.39,False
7,2013-04-08,0.6599999999999999,False
8,2013-04-09,0.6599999999999999,False
9,2013-04-10,0.51,False
10,2013-04-11,0.51,False
11,2013-04-12,0.54,False
12,2013-04-13,1.23,False
13,2013-04-14,3.0,False
14,2013-04-15,0.51,False
15,2013-04-16,0.0,False
16,2013-04-17,0.99,False
17,2013-04-18,0.99,False
18,2013-04-19,0.69,False
19,2013-04-20,0.0,False
20,2013-04-21,0.39,False
21,2013-04-22,0.99,False
22,2013-04-23,0.6599999999999999,False
23,2013-04-24,1.02,False
24,2013-04-25,0.36,False
25,2013-04-26,1.23,False
26,2013-04-27,0.39,False
27,2013-04-28,0.39,False
28,2013-04-29,0.6599999999999999,False
29,2013-04-30,0.32999999999999996,False
0,2013-05-01,0.48,False
1,2013-05-02,1.36,False
2,2013-05-03,0.9400000000000001,False
3,2013-05-04,1.08,False
4,2013-05-05,0.0,False
5,2013-05-06,1.8,False
6,2013-05-07,0.44,False
7,2013-05-08,0.0,False
8,2013-05-09,1.84,False
9,2013-05-10,0.7000000000000001,False
10,2013-05-11,0.0,False
11,2013-05-12,0.8,False
12,2013-05-13,0.66,False
13,2013-05-14,1.32,False
14,2013-05-15,0.66,False
15,2013-05-16,2.0,False
16,2013-05-17,1.16,False
17,2013-05-18,0.54,False
18,2013-05-19,1.06,False
19,2013-05-20,0.66,False
20,2013-05-21,0.44,False
21,2013-05-22,0.44,False
22,2013-05-23,1.76,False
23,2013-05-24,1.62,False
24,2013-05-25,0.54,False
25,2013-05-26,0.0,False
26,2013-05-27,0.46,False
27,2013-05-28,1.3,False
28,2013-05-29,0.64,False
29,2013-05-30,0.9,False
30,2013-05-31,1.3800000000000001,False
0,2013-06-01,0.56,False
1,2013-06-02,0.0,False
2,2013-06-03,0.48,False
3,2013-06-04,0.0,False
4,2013-06-05,1.4000000000000001,False
5,2013-06-06,1.44,False
6,2013-06-07,0.72,False
7,2013-06-08,1.16,False
8,2013-06-09,0.56,False
9,2013-06-10,1.16,False
10,2013-06-11,0.92,False
11,2013-06-12,1.4000000000000001,False
12,2013-06-13,1.4000000000000001,False
13,2013-06-14,1.0,False
14,2013-06-15,0.0,False
15,2013-06-16,0.56,False
16,2013-06-17,1.4000000000000001,False
17,2013-06-18,2.12,False
18,2013-06-19,4.0,False
19,2013-06-20,1.44,False
20,2013-06-21,2.24,False
21,2013-06-22,2.36,False
22,2013-06-23,1.16,False
23,2013-06-24,3.04,False
24,2013-06-25,1.8800000000000001,False
25,2013-06-26,1.8800000000000001,False
26,2013-06-27,1.92,False
27,2013-06-28,2.2800000000000002,False
28,2013-06-29,0.0,False
29,2013-06-30,1.16,False
0,2013-07-01,2.3000000000000003,False
1,2013-07-02,4.65,False
2,2013-07-03,3.35,False
3,2013-07-04,1.4000000000000001,False
4,2013-07-05,1.8,False
5,2013-07-06,2.5500000000000003,False
6,2013-07-07,2.5,False
7,2013-07-08,3.0,False
8,2013-07-09,5.0,False
9,2013-07-10,2.7,False
10,2013-07-11,4.75,False
11,2013-07-12,3.5500000000000003,False
12,2013-07-13,2.0500000000000003,False
13,2013-07-14,0.0,False
14,2013-07-15,3.0,False
15,2013-07-16,4.0,False
16,2013-07-17,2.7,False
17,2013-07-18,4.15,False
18,2013-07-19,3.1500000000000004,False
19,2013-07-20,1.25,False
20,2013-07-21,1.25,False
21,2013-07-22,2.35,False
22,2013-07-23,3.95,False
23,2013-07-24,4.05,False
24,2013-07-25,3.75,False
25,2013-07-26,4.6000000000000005,False
26,2013-07-27,2.45,False
27,2013-07-28,2.4000000000000004,False
28,2013-07-29,4.6000000000000005,False
29,2013-07-30,3.95,False
30,2013-07-31,4.7,False
0,2013-08-01,3.6,False
1,2013-08-02,1.52,False
2,2013-08-03,1.16,False
3,2013-08-04,1.76,False
4,2013-08-05,3.36,False
5,2013-08-06,2.84,False
6,2013-08-07,2.16,False
7,2013-08-08,2.44,False
8,2013-08-09,2.0,False
9,2013-08-10,0.88,False
10,2013-08-11,1.28,False
11,2013-08-12,4.0,False
12,2013-08-13,2.6,False
13,2013-08-14,2.6,False
14,2013-08-15,2.52,False
15,2013-08-16,1.52,False
16,2013-08-17,2.2800000000000002,False
17,2013-08-18,0.84,False
18,2013-08-19,1.8800000000000001,False
19,2013-08-20,3.24,False
20,2013-08-21,2.08,False
21,2013-08-22,2.12,False
22,2013-08-23,2.2,False
23,2013-08-24,0.84,False
24,2013-08-25,0.84,False
25,2013-08-26,2.04,False
26,2013-08-27,1.36,False
27,2013-08-28,2.4,False
28,2013-08-29,2.08,False
29,2013-08-30,2.16,False
30,2013-08-31,0.84,False
0,2013-09-01,1.0,False
1,2013-09-02,1.25,False
2,2013-09-03,2.7,False
3,2013-09-04,3.85,False
4,2013-09-05,5.0,False
5,2013-09-06,3.1500000000000004,False
6,2013-09-07,2.0,False
7,2013-09-08,0.9500000000000001,False
8,2013-09-09,1.2000000000000002,False
9,2013-09-10,4.25,False
10,2013-09-11,4.3,False
11,2013-09-12,3.5500000000000003,False
12,2013-09-13,2.5500000000000003,False
13,2013-09-14,2.6,False
14,2013-09-15,2.5,False
15,2013-09-16,3.45,False
16,2013-09-17,2.95,False
17,2013-09-18,4.6000000000000005,False
18,2013-09-19,4.1000000000000005,False
19,2013-09-20,4.0,False
20,2013-09-21,1.4500000000000002,False
21,2013-09-22,1.4500000000000002,False
22,2013-09-23,3.25,False
23,2013-09-24,2.8000000000000003,False
24,2013-09-25,2.75,False
25,2013-09-26,3.3000000000000003,False
26,2013-09-27,2.25,False
27,2013-09-28,1.3,False
28,2013-09-29,1.9000000000000001,False
29,2013-09-30,2.35,False
0,2013-10-01,3.08,False
1,2013-10-02,2.87,False
2,2013-10-03,2.66,False
3,2013-10-04,3.7100000000000004,False
4,2013-10-05,1.6800000000000002,False
5,2013-10-06,0.0,False
6,2013-10-07,3.08,False
7,2013-10-08,4.69,False
8,2013-10-09,4.550000000000001,False
9,2013-10-10,7.000000000000001,False
10,2013-10-11,4.2700000000000005,False
11,2013-10-12,2.31,False
12,2013-10-13,1.4000000000000001,False
13,2013-10-14,3.8500000000000005,False
14,2013-10-15,4.0600000000000005,False
15,2013-10-16,2.66,False
16,2013-10-17,3.43,False
17,2013-10-18,1.7500000000000002,False
18,2013-10-19,2.24,False
19,2013-10-20,0.8400000000000001,False
20,2013-10-21,3.99,False
21,2013-10-22,3.7100000000000004,False
22,2013-10-23,2.31,False
23,2013-10-24,1.8900000000000001,False
24,2013-10-25,2.24,False
25,2013-10-26,5.32,False
26,2013-10-27,0.8400000000000001,False
27,2013-10-28,3.0100000000000002,False
28,2013-10-29,2.8000000000000003,False
29,2013-10-30,2.1,False
30,2013-10-31,2.45,False
0,2013-11-01,2.75,False
1,2013-11-02,1.7000000000000002,False
2,2013-11-03,1.6500000000000001,False
3,2013-11-04,3.2,False
4,2013-11-05,2.45,False
5,2013-11-06,2.1,False
6,2013-11-07,2.85,False
7,2013-11-08,4.8500000000000005,False
8,2013-11-09,0.8500000000000001,False
9,2013-11-10,2.45,False
10,2013-11-11,2.1,False
11,2013-11-12,1.4000000000000001,False
12,2013-11-13,2.8000000000000003,False
13,2013-11-14,5.0,False
14,2013-11-15,3.75,False
15,2013-11-16,2.1,False
16,2013-11-17,1.25,False
17,2013-11-18,3.1500000000000004,False
18,2013-11-19,3.1500000000000004,False
19,2013-11-20,3.1500000000000004,False
20,2013-11-21,3.5500000000000003,False
21,2013-11-22,4.75,False
22,2013-11-23,1.6500000000000001,False
23,2013-11-24,1.6,False
24,2013-11-25,2.4000000000000004,False
25,2013-11-26,4.5,False
26,2013-11-27,3.85,False
27,2013-11-28,1.5,False
28,2013-11-29,4.5,False
29,2013-11-30,1.25,False
0,2013-12-01,0.72,False
1,2013-12-02,3.7600000000000002,False
2,2013-12-03,3.84,False
3,2013-12-04,1.92,False
4,2013-12-05,3.92,False
5,2013-12-06,3.7600000000000002,False
6,2013-12-07,1.52,False
7,2013-12-08,1.92,False
8,2013-12-09,4.88,False
9,2013-12-10,4.24,False
10,2013-12-11,5.2,False
11,2013-12-12,3.36,False
12,2013-12-13,8.0,False
13,2013-12-14,3.2,False
14,2013-12-15,1.6,False
15,2013-12-16,4.32,False
16,2013-12-17,4.4,False
17,2013-12-18,7.44,False
18,2013-12-19,5.6000000000000005,False
19,2013-12-20,2.56,False
20,2013-12-21,2.0,False
21,2013-12-22,0.8,False
22,2013-12-23,4.0,False
23,2013-12-24,2.8000000000000003,False
24,2013-12-25,1.36,False
25,2013-12-26,4.48,False
26,2013-12-27,2.96,False
27,2013-12-28,1.6,False
28,2013-12-29,0.0,False
29,2013-12-30,3.92,False
30,2013-12-31,4.4,False
0,2014-01-01,1.4000000000000001,False
1,2014-01-02,2.8000000000000003,False
2,2014-01-03,3.0100000000000002,False
3,2014-01-04,0.8400000000000001,False
4,2014-01-05,0.8400000000000001,False
5,2014-01-06,2.5200000000000005,False
6,2014-01-07,5.390000000000001,False
7,2014-01-08,7.000000000000001,False
8,2014-01-09,5.250000000000001,False
9,2014-01-10,3.6400000000000006,False
10,2014-01-11,1.4000000000000001,False
11,2014-01-12,1.61,False
12,2014-01-13,2.9400000000000004,False
13,2014-01-14,2.45,False
14,2014-01-15,2.5900000000000003,False
15,2014-01-16,2.5900000000000003,False
16,2014-01-17,3.22,False
17,2014-01-18,1.8200000000000003,False
18,2014-01-19,0.6300000000000001,False
19,2014-01-20,1.05,False
20,2014-01-21,2.0300000000000002,False
21,2014-01-22,3.43,False
22,2014-01-23,1.8900000000000001,False
23,2014-01-24,2.87,False
24,2014-01-25,1.61,False
25,2014-01-26,0.6300000000000001,False
26,2014-01-27,3.5700000000000003,False
27,2014-01-28,2.0300000000000002,False
28,2014-01-29,1.6800000000000002,False
29,2014-01-30,3.8500000000000005,False
30,2014-01-31,2.7300000000000004,False
0,2014-02-01,7.000000000000001,False
1,2014-02-02,0.56,False
2,2014-02-03,1.9600000000000002,False
3,2014-02-04,1.61,False
4,2014-02-05,2.31,False
5,2014-02-06,2.9400000000000004,False
6,2014-02-07,2.5900000000000003,False
7,2014-02-08,1.33,False
8,2014-02-09,0.8400000000000001,False
9,2014-02-10,3.7100000000000004,False
10,2014-02-11,2.9400000000000004,False
11,2014-02-12,5.250000000000001,False
12,2014-02-13,3.1500000000000004,False
13,2014-02-14,1.4000000000000001,False
14,2014-02-15,1.1900000000000002,False
15,2014-02-16,1.12,False
16,2014-02-17,1.6800000000000002,False
17,2014-02-18,3.22,False
18,2014-02-19,3.6400000000000006,False
19,2014-02-20,3.1500000000000004,False
20,2014-02-21,3.9200000000000004,False
21,2014-02-22,1.33,False
22,2014-02-23,1.12,False
23,2014-02-24,2.45,False
24,2014-02-25,2.1,False
25,2014-02-26,3.43,False
26,2014-02-27,1.8200000000000003,False
27,2014-02-28,1.54,False
0,2014-03-01,1.4000000000000001,False
1,2014-03-02,0.68,False
2,2014-03-03,3.52,False
3,2014-03-04,4.0,False
4,2014-03-05,3.7600000000000002,False
5,2014-03-06,2.56,False
6,2014-03-07,2.16,False
7,2014-03-08,1.4000000000000001,False
8,2014-03-09,2.08,False
9,2014-03-10,2.96,False
10,2014-03-11,2.12,False
11,2014-03-12,1.56,False
12,2014-03-13,2.96,False
13,2014-03-14,3.52,False
14,2014-03-15,0.68,False
15,2014-03-16,1.04,False
16,2014-03-17,3.72,False
17,2014-03-18,1.16,False
18,2014-03-19,1.96,False
19,2014-03-20,3.0,False
20,2014-03-21,2.48,False
21,2014-03-22,1.4000000000000001,False
22,2014-03-23,0.68,False
23,2014-03-24,1.72,False
24,2014-03-25,1.52,False
25,2014-03-26,2.32,False
26,2014-03-27,2.2,False
27,2014-03-28,3.08,False
28,2014-03-29,2.08,False
29,2014-03-30,1.36,False
30,2014-03-31,3.48,False
0,2014-04-01,3.43,False
1,2014-04-02,4.2700000000000005,False
2,2014-04-03,3.8500000000000005,False
3,2014-04-04,7.000000000000001,False
4,2014-04-05,3.43,False
5,2014-04-06,0.9100000000000001,False
6,2014-04-07,3.43,False
7,2014-04-08,3.22,False
8,2014-04-09,2.87,False
9,2014-04-10,3.3600000000000003,False
10,2014-04-11,2.45,False
11,2014-04-12,1.4000000000000001,False
12,2014-04-13,1.4000000000000001,False
13,2014-04-14,3.7100000000000004,False
14,2014-04-15,2.5200000000000005,False
15,2014-04-16,2.8000000000000003,False
16,2014-04-17,3.9200000000000004,False
17,2014-04-18,2.45,False
18,2014-04-19,0.7000000000000001,False
19,2014-04-20,2.24,False
20,2014-04-21,3.9200000000000004,False
21,2014-04-22,4.550000000000001,False
22,2014-04-23,4.0600000000000005,False
23,2014-04-24,4.2700000000000005,False
24,2014-04-25,0.9100000000000001,False
25,2014-04-26,2.5200000000000005,False
26,2014-04-27,2.0300000000000002,False
27,2014-04-28,1.8900000000000001,False
28,2014-04-29,3.7800000000000002,False
29,2014-04-30,2.1700000000000004,False
0,2014-05-01,4.9799999999999995,False
1,2014-05-02,4.08,False
2,2014-05-03,1.7999999999999998,False
3,2014-05-04,1.74,False
4,2014-05-05,3.54,False
5,2014-05-06,3.96,False
6,2014-05-07,3.6599999999999997,False
7,2014-05-08,5.22,False
8,2014-05-09,6.0,False
9,2014-05-10,1.5,False
10,2014-05-11,1.74,False
11,2014-05-12,3.6599999999999997,False
12,2014-05-13,4.62,False
13,2014-05-14,3.0,False
14,2014-05-15,4.5,False
15,2014-05-16,2.82,False
16,2014-05-17,0.8999999999999999,False
17,2014-05-18,2.6999999999999997,False
18,2014-05-19,4.4399999999999995,False
19,2014-05-20,3.48,False
20,2014-05-21,3.78,False
21,2014-05-22,3.54,False
22,2014-05-23,2.58,False
23,2014-05-24,1.3199999999999998,False
24,2014-05-25,1.02,False
25,2014-05-26,1.68,False
26,2014-05-27,3.7199999999999998,False
27,2014-05-28,3.54,False
28,2014-05-29,3.36,False
29,2014-05-30,4.02,False
30,2014-05-31,1.3199999999999998,False
0,2014-06-01,1.52,False
1,2014-06-02,1.84,False
2,2014-06-03,3.6,False
3,2014-06-04,2.0,False
4,2014-06-05,2.24,False
5,2014-06-06,2.96,False
6,2014-06-07,1.12,False
7,2014-06-08,1.12,False
8,2014-06-09,2.48,False
9,2014-06-10,3.6,False
10,2014-06-11,6.16,False
11,2014-06-12,4.32,False
12,2014-06-13,3.84,False
13,2014-06-14,1.52,False
14,2014-06-15,1.52,False
15,2014-06-16,3.68,False
16,2014-06-17,4.08,False
17,2014-06-18,3.36,False
18,2014-06-19,1.44,False
19,2014-06-20,3.04,False
20,2014-06-21,2.8000000000000003,False
21,2014-06-22,1.28,False
22,2014-06-23,5.84,False
23,2014-06-24,8.0,False
24,2014-06-25,4.72,False
25,2014-06-26,3.7600000000000002,False
26,2014-06-27,3.04,False
27,2014-06-28,1.12,False
28,2014-06-29,1.12,False
29,2014-06-30,3.2800000000000002,False
0,2014-07-01,5.04,False
1,2014-07-02,6.72,False
2,2014-07-03,4.64,False
3,2014-07-04,4.4,False
4,2014-07-05,2.24,False
5,2014-07-06,0.0,False
6,2014-07-07,4.8,False
7,2014-07-08,8.0,False
8,2014-07-09,6.24,False
9,2014-07-10,5.12,False
10,2014-07-11,2.8000000000000003,False
11,2014-07-12,1.6,False
12,2014-07-13,1.04,False
13,2014-07-14,3.2800000000000002,False
14,2014-07-15,7.68,False
15,2014-07-16,6.16,False
16,2014-07-17,6.4,False
17,2014-07-18,4.4,False
18,2014-07-19,3.36,False
19,2014-07-20,1.12,False
20,2014-07-21,4.16,False
21,2014-07-22,4.16,False
22,2014-07-23,5.5200000000000005,False
23,2014-07-24,6.72,False
24,2014-07-25,6.4,False
25,2014-07-26,1.84,False
26,2014-07-27,1.12,False
27,2014-07-28,5.76,False
28,2014-07-29,7.28,False
29,2014-07-30,4.24,False
30,2014-07-31,7.92,False
0,2014-08-01,4.26,False
1,2014-08-02,1.6199999999999999,False
2,2014-08-03,1.02,False
3,2014-08-04,4.02,False
4,2014-08-05,1.68,False
5,2014-08-06,2.88,False
6,2014-08-07,3.84,False
7,2014-08-08,2.4,False
8,2014-08-09,0.8999999999999999,False
9,2014-08-10,1.3199999999999998,False
10,2014-08-11,2.46,False
11,2014-08-12,3.36,False
12,2014-08-13,2.28,False
13,2014-08-14,2.1,False
14,2014-08-15,1.6199999999999999,False
15,2014-08-16,0.8999999999999999,False
16,2014-08-17,0.6599999999999999,False
17,2014-08-18,2.1,False
18,2014-08-19,3.0,False
19,2014-08-20,3.7199999999999998,False
20,2014-08-21,6.0,False
21,2014-08-22,2.6999999999999997,False
22,2014-08-23,1.14,False
23,2014-08-24,1.02,False
24,2014-08-25,2.76,False
25,2014-08-26,1.98,False
26,2014-08-27,3.12,False
27,2014-08-28,1.68,False
28,2014-08-29,2.16,False
29,2014-08-30,1.98,False
30,2014-08-31,0.8999999999999999,False
0,2014-09-01,0.6,False
1,2014-09-02,3.2399999999999998,False
2,2014-09-03,4.02,False
3,2014-09-04,3.9,False
4,2014-09-05,1.6199999999999999,False
5,2014-09-06,0.72,False
6,2014-09-07,0.72,False
7,2014-09-08,0.96,False
8,2014-09-09,2.2199999999999998,False
9,2014-09-10,2.6999999999999997,False
10,2014-09-11,2.34,False
11,2014-09-12,3.78,False
12,2014-09-13,0.72,False
13,2014-09-14,0.6599999999999999,False
14,2014-09-15,2.6399999999999997,False
15,2014-09-16,3.2399999999999998,False
16,2014-09-17,4.62,False
17,2014-09-18,2.52,False
18,2014-09-19,2.04,False
19,2014-09-20,0.8999999999999999,False
20,2014-09-21,1.02,False
21,2014-09-22,2.1,False
22,2014-09-23,2.1,False
23,2014-09-24,2.88,False
24,2014-09-25,6.0,False
25,2014-09-26,5.22,False
26,2014-09-27,2.76,False
27,2014-09-28,1.38,False
28,2014-09-29,3.96,False
29,2014-09-30,3.42,False
0,2014-10-01,1.44,False
1,2014-10-02,4.859999999999999,False
2,2014-10-03,4.859999999999999,False
3,2014-10-04,1.26,False
4,2014-10-05,1.44,False
5,2014-10-06,2.2199999999999998,False
6,2014-10-07,2.88,False
7,2014-10-08,3.9,False
8,2014-10-09,3.54,False
9,2014-10-10,6.0,False
10,2014-10-11,2.2199999999999998,False
11,2014-10-12,1.2,False
12,2014-10-13,2.46,False
13,2014-10-14,3.84,False
14,2014-10-15,3.42,False
15,2014-10-16,3.48,False
16,2014-10-17,2.76,False
17,2014-10-18,1.08,False
18,2014-10-19,0.0,False
19,2014-10-20,4.2,False
20,2014-10-21,3.5999999999999996,False
21,2014-10-22,2.82,False
22,2014-10-23,2.46,False
23,2014-10-24,2.16,False
24,2014-10-25,1.44,False
25,2014-10-26,0.72,False
26,2014-10-27,2.82,False
27,2014-10-28,2.76,False
28,2014-10-29,3.5999999999999996,False
29,2014-10-30,3.3,False
30,2014-10-31,2.58,False
0,2014-11-01,0.0,False
1,2014-11-02,2.56,False
2,2014-11-03,2.16,False
3,2014-11-04,2.44,False
4,2014-11-05,1.6,False
5,2014-11-06,3.52,False
6,2014-11-07,4.0,False
7,2014-11-08,0.64,False
8,2014-11-09,0.0,False
9,2014-11-10,2.16,False
10,2014-11-11,2.16,False
11,2014-11-12,2.96,False
12,2014-11-13,2.44,False
13,2014-11-14,1.4000000000000001,False
14,2014-11-15,0.0,False
15,2014-11-16,0.64,False
16,2014-11-17,1.08,False
17,2014-11-18,1.16,False
18,2014-11-19,2.52,False
19,2014-11-20,3.04,False
20,2014-11-21,2.52,False
21,2014-11-22,0.96,False
22,2014-11-23,1.24,False
23,2014-11-24,1.6,False
24,2014-11-25,1.08,False
25,2014-11-26,1.36,False
26,2014-11-27,1.68,False
27,2014-11-28,2.0,False
28,2014-11-29,1.56,False
29,2014-11-30,1.24,False
0,2014-12-01,1.6,False
1,2014-12-02,5.0,False
2,2014-12-03,3.1,False
3,2014-12-04,1.75,False
4,2014-12-05,1.85,False
5,2014-12-06,0.65,False
6,2014-12-07,0.45,False
7,2014-12-08,1.5,False
8,2014-12-09,1.75,False
9,2014-12-10,0.8500000000000001,False
10,2014-12-11,1.25,False
11,2014-12-12,1.2000000000000002,False
12,2014-12-13,1.5,False
13,2014-12-14,0.45,False
14,2014-12-15,1.75,False
15,2014-12-16,1.75,False
16,2014-12-17,1.8,False
17,2014-12-18,2.0,False
18,2014-12-19,1.5,False
19,2014-12-20,0.9500000000000001,False
20,2014-12-21,0.0,False
21,2014-12-22,1.2000000000000002,False
22,2014-12-23,1.8,False
23,2014-12-24,1.7000000000000002,False
24,2014-12-25,1.0,False
25,2014-12-26,1.35,False
26,2014-12-27,1.2000000000000002,False
27,2014-12-28,1.2000000000000002,False
28,2014-12-29,1.85,False
29,2014-12-30,1.35,False
30,2014-12-31,2.25,False
0,2015-01-01,6.0,False
1,2015-01-02,1.2,False
2,2015-01-03,0.72,False
3,2015-01-04,0.6599999999999999,False
4,2015-01-05,1.2,False
5,2015-01-06,2.58,False
6,2015-01-07,2.2199999999999998,False
7,2015-01-08,1.56,False
8,2015-01-09,1.2,False
9,2015-01-10,0.84,False
10,2015-01-11,1.2,False
11,2015-01-12,1.26,False
12,2015-01-13,1.7999999999999998,False
13,2015-01-14,0.6,False
14,2015-01-15,0.6599999999999999,False
15,2015-01-16,1.5,False
16,2015-01-17,0.78,False
17,2015-01-18,0.36,False
18,2015-01-19,0.84,False
19,2015-01-20,1.14,False
20,2015-01-21,1.3199999999999998,False
21,2015-01-22,2.28,False
22,2015-01-23,0.8999999999999999,False
23,2015-01-24,0.6599999999999999,False
24,2015-01-25,0.6599999999999999,False
25,2015-01-26,1.5,False
26,2015-01-27,0.84,False
27,2015-01-28,0.84,False
28,2015-01-29,1.7999999999999998,False
29,2015-01-30,1.08,False
30,2015-01-31,0.54,False
0,2015-02-01,0.65,False
1,2015-02-02,1.9000000000000001,False
2,2015-02-03,1.6,False
3,2015-02-04,3.25,False
4,2015-02-05,2.45,False
5,2015-02-06,2.0,False
6,2015-02-07,0.9500000000000001,False
7,2015-02-08,1.25,False
8,2015-02-09,2.2,False
9,2015-02-10,2.95,False
10,2015-02-11,3.85,False
11,2015-02-12,5.0,False
12,2015-02-13,2.0,False
13,2015-02-14,1.3,False
14,2015-02-15,1.6500000000000001,False
15,2015-02-16,1.4000000000000001,False
16,2015-02-17,3.1,False
17,2015-02-18,1.1,False
18,2015-02-19,2.8000000000000003,False
19,2015-02-20,2.85,False
20,2015-02-21,1.9000000000000001,False
21,2015-02-22,0.65,False
22,2015-02-23,1.85,False
23,2015-02-24,2.4000000000000004,False
24,2015-02-25,1.35,False
25,2015-02-26,2.2,False
26,2015-02-27,2.25,False
27,2015-02-28,0.65,False
0,2015-03-01,1.4500000000000002,False
1,2015-03-02,3.5,False
2,2015-03-03,3.75,False
3,2015-03-04,3.75,False
4,2015-03-05,3.8000000000000003,False
5,2015-03-06,2.85,False
6,2015-03-07,3.0,False
7,2015-03-08,0.75,False
8,2015-03-09,1.25,False
9,2015-03-10,2.5,False
10,2015-03-11,3.5500000000000003,False
11,2015-03-12,3.4000000000000004,False
12,2015-03-13,4.15,False
13,2015-03-14,1.4500000000000002,False
14,2015-03-15,1.05,False
15,2015-03-16,3.5500000000000003,False
16,2015-03-17,5.0,False
17,2015-03-18,3.35,False
18,2015-03-19,2.1,False
19,2015-03-20,2.6,False
20,2015-03-21,1.9500000000000002,False
21,2015-03-22,1.4500000000000002,False
22,2015-03-23,2.25,False
23,2015-03-24,2.25,False
24,2015-03-25,3.6500000000000004,False
25,2015-03-26,2.9000000000000004,False
26,2015-03-27,3.7,False
27,2015-03-28,2.35,False
28,2015-03-29,1.5,False
29,2015-03-30,1.85,False
30,2015-03-31,4.6000000000000005,False
0,2015-04-01,3.35,False
1,2015-04-02,5.0,False
2,2015-04-03,1.6,False
3,2015-04-04,0.0,False
4,2015-04-05,0.6000000000000001,False
5,2015-04-06,2.0,False
6,2015-04-07,1.6,False
7,2015-04-08,1.1500000000000001,False
8,2015-04-09,0.7000000000000001,False
9,2015-04-10,1.75,False
10,2015-04-11,2.25,False
11,2015-04-12,1.1,False
12,2015-04-13,0.9500000000000001,False
13,2015-04-14,2.3000000000000003,False
14,2015-04-15,2.35,False
15,2015-04-16,2.6,False
16,2015-04-17,1.2000000000000002,False
17,2015-04-18,1.1,False
18,2015-04-19,1.6500000000000001,False
19,2015-04-20,1.4000000000000001,False
20,2015-04-21,2.8000000000000003,False
21,2015-04-22,2.35,False
22,2015-04-23,2.4000000000000004,False
23,2015-04-24,3.2,False
24,2015-04-25,1.1,False
25,2015-04-26,0.55,False
26,2015-04-27,2.1,False
27,2015-04-28,2.3000000000000003,False
28,2015-04-29,3.5,False
29,2015-04-30,2.4000000000000004,False
0,2015-05-01,4.0,False
1,2015-05-02,1.96,False
2,2015-05-03,2.24,False
3,2015-05-04,1.08,False
4,2015-05-05,1.8800000000000001,False
5,2015-05-06,1.8800000000000001,False
6,2015-05-07,1.6400000000000001,False
7,2015-05-08,3.48,False
8,2015-05-09,1.0,False
9,2015-05-10,0.68,False
10,2015-05-11,2.44,False
11,2015-05-12,1.6,False
12,2015-05-13,1.6400000000000001,False
13,2015-05-14,3.3200000000000003,False
14,2015-05-15,1.68,False
15,2015-05-16,0.96,False
16,2015-05-17,0.64,False
17,2015-05-18,1.08,False
18,2015-05-19,1.6,False
19,2015-05-20,2.4,False
20,2015-05-21,3.2800000000000002,False
21,2015-05-22,3.12,False
22,2015-05-23,0.0,False
23,2015-05-24,1.32,False
24,2015-05-25,1.12,False
25,2015-05-26,2.92,False
26,2015-05-27,2.36,False
27,2015-05-28,1.8800000000000001,False
28,2015-05-29,1.96,False
29,2015-05-30,1.28,False
30,2015-05-31,1.28,False
0,2015-06-01,0.6300000000000001,False
1,2015-06-02,1.12,False
2,2015-06-03,0.9100000000000001,False
3,2015-06-04,1.1900000000000002,False
4,2015-06-05,0.8400000000000001,False
5,2015-06-06,0.6300000000000001,False
6,2015-06-07,0.49000000000000005,False
7,2015-06-08,1.8200000000000003,False
8,2015-06-09,1.7500000000000002,False
9,2015-06-10,1.4000000000000001,False
10,2015-06-11,1.05,False
11,2015-06-12,1.2600000000000002,False
12,2015-06-13,0.49000000000000005,False
13,2015-06-14,0.28,False
14,2015-06-15,1.6800000000000002,False
15,2015-06-16,1.4000000000000001,False
16,2015-06-17,1.2600000000000002,False
17,2015-06-18,1.1900000000000002,False
18,2015-06-19,2.45,False
19,2015-06-20,0.28,False
20,2015-06-21,0.6300000000000001,False
21,2015-06-22,0.9100000000000001,False
22,2015-06-23,1.8200000000000003,False
23,2015-06-24,0.6300000000000001,False
24,2015-06-25,1.9600000000000002,False
25,2015-06-26,7.000000000000001,False
26,2015-06-27,2.1700000000000004,False
27,2015-06-28,0.9100000000000001,False
28,2015-06-29,2.45,False
29,2015-06-30,1.9600000000000002,False
0,2015-07-01,3.92,False
1,2015-07-02,3.04,False
2,2015-07-03,0.96,False
3,2015-07-04,0.4,False
4,2015-07-05,0.0,False
5,2015-07-06,2.24,False
6,2015-07-07,1.2,False
7,2015-07-08,1.04,False
8,2015-07-09,2.16,False
9,2015-07-10,1.68,False
10,2015-07-11,0.72,False
11,2015-07-12,0.4,False
12,2015-07-13,2.08,False
13,2015-07-14,8.0,False
14,2015-07-15,4.08,False
15,2015-07-16,3.2800000000000002,False
16,2015-07-17,1.92,False
17,2015-07-18,1.92,False
18,2015-07-19,0.56,False
19,2015-07-20,1.6,False
20,2015-07-21,1.84,False
21,2015-07-22,2.0,False
22,2015-07-23,2.4,False
23,2015-07-24,0.64,False
24,2015-07-25,0.88,False
25,2015-07-26,0.56,False
26,2015-07-27,1.52,False
27,2015-07-28,4.16,False
28,2015-07-29,2.08,False
29,2015-07-30,2.72,False
30,2015-07-31,1.92,False
0,2015-08-01,1.7500000000000002,False
1,2015-08-02,1.2600000000000002,False
2,2015-08-03,4.760000000000001,False
3,2015-08-04,2.31,False
4,2015-08-05,4.83,False
5,2015-08-06,2.31,False
6,2015-08-07,3.5000000000000004,False
7,2015-08-08,1.4700000000000002,False
8,2015-08-09,2.5900000000000003,False
9,2015-08-10,4.550000000000001,False
10,2015-08-11,3.1500000000000004,False
11,2015-08-12,3.5700000000000003,False
12,2015-08-13,4.83,False
13,2015-08-14,6.0200000000000005,False
14,2015-08-15,0.77,False
15,2015-08-16,0.9800000000000001,False
16,2015-08-17,4.550000000000001,False
17,2015-08-18,3.2900000000000005,False
18,2015-08-19,3.99,False
19,2015-08-20,5.390000000000001,False
20,2015-08-21,4.9,False
21,2015-08-22,1.9600000000000002,False
22,2015-08-23,2.87,False
23,2015-08-24,7.000000000000001,False
24,2015-08-25,5.8100000000000005,False
25,2015-08-26,5.53,False
26,2015-08-27,5.53,False
27,2015-08-28,4.69,False
28,2015-08-29,1.8200000000000003,False
29,2015-08-30,1.6800000000000002,False
30,2015-08-31,3.99,False
0,2015-09-01,1.5,False
1,2015-09-02,4.56,False
2,2015-09-03,1.7999999999999998,False
3,2015-09-04,3.42,False
4,2015-09-05,1.5,False
5,2015-09-06,0.0,False
6,2015-09-07,0.78,False
7,2015-09-08,1.98,False
8,2015-09-09,6.0,False
9,2015-09-10,2.04,False
10,2015-09-11,2.1,False
11,2015-09-12,1.44,False
12,2015-09-13,0.54,False
13,2015-09-14,3.1799999999999997,False
14,2015-09-15,2.2199999999999998,False
15,2015-09-16,3.42,False
16,2015-09-17,1.26,False
17,2015-09-18,3.36,False
18,2015-09-19,1.2,False
19,2015-09-20,0.6,False
20,2015-09-21,2.6999999999999997,False
21,2015-09-22,2.6999999999999997,False
22,2015-09-23,3.48,False
23,2015-09-24,2.04,False
24,2015-09-25,2.1,False
25,2015-09-26,1.2,False
26,2015-09-27,0.6,False
27,2015-09-28,2.4,False
28,2015-09-29,4.14,False
29,2015-09-30,3.1799999999999997,False
0,2015-10-01,8.0,False
1,2015-10-02,6.0,False
2,2015-10-03,2.48,False
3,2015-10-04,0.72,False
4,2015-10-05,6.48,False
5,2015-10-06,6.4,False
6,2015-10-07,5.2,False
7,2015-10-08,5.28,False
8,2015-10-09,5.44,False
9,2015-10-10,1.44,False
10,2015-10-11,0.0,False
11,2015-10-12,4.48,False
12,2015-10-13,4.08,False
13,2015-10-14,4.5600000000000005,False
14,2015-10-15,6.08,False
15,2015-10-16,6.72,False
16,2015-10-17,1.2,False
17,2015-10-18,1.44,False
18,2015-10-19,4.96,False
19,2015-10-20,6.32,False
20,2015-10-21,4.08,False
21,2015-10-22,4.8,False
22,2015-10-23,5.04,False
23,2015-10-24,1.12,False
24,2015-10-25,0.72,False
25,2015-10-26,3.04,False
26,2015-10-27,3.12,False
27,2015-10-28,4.5600000000000005,False
28,2015-10-29,2.72,False
29,2015-10-30,3.7600000000000002,False
30,2015-10-31,0.72,False
0,2015-11-01,0.76,False
1,2015-11-02,3.7600000000000002,False
2,2015-11-03,2.8000000000000003,False
3,2015-11-04,2.48,False
4,2015-11-05,3.72,False
5,2015-11-06,2.6,False
6,2015-11-07,0.72,False
7,2015-11-08,1.08,False
8,2015-11-09,3.4,False
9,2015-11-10,2.48,False
10,2015-11-11,2.56,False
11,2015-11-12,3.52,False
12,2015-11-13,2.64,False
13,2015-11-14,1.08,False
14,2015-11-15,0.0,False
15,2015-11-16,2.48,False
16,2015-11-17,4.0,False
17,2015-11-18,3.12,False
18,2015-11-19,2.2,False
19,2015-11-20,3.88,False
20,2015-11-21,1.44,False
21,2015-11-22,0.72,False
22,2015-11-23,3.4,False
23,2015-11-24,3.4,False
24,2015-11-25,2.48,False
25,2015-11-26,0.64,False
26,2015-11-27,1.32,False
27,2015-11-28,0.72,False
28,2015-11-29,1.08,False
29,2015-11-30,3.64,False
0,2015-12-01,0.8400000000000001,False
1,2015-12-02,1.7500000000000002,False
2,2015-12-03,1.9600000000000002,False
3,2015-12-04,2.45,False
4,2015-12-05,1.54,False
5,2015-12-06,0.35000000000000003,False
6,2015-12-07,1.1900000000000002,False
7,2015-12-08,1.7500000000000002,False
8,2015-12-09,1.7500000000000002,False
9,2015-12-10,1.4000000000000001,False
10,2015-12-11,1.54,False
11,2015-12-12,0.35000000000000003,False
12,2015-12-13,0.7000000000000001,False
13,2015-12-14,2.31,False
14,2015-12-15,1.61,False
15,2015-12-16,1.4000000000000001,False
16,2015-12-17,3.1500000000000004,False
17,2015-12-18,2.3800000000000003,False
18,2015-12-19,0.56,False
19,2015-12-20,0.35000000000000003,False
20,2015-12-21,1.54,False
21,2015-12-22,3.9200000000000004,False
22,2015-12-23,2.8000000000000003,False
23,2015-12-24,1.9600000000000002,False
24,2015-12-25,1.1900000000000002,False
25,2015-12-26,7.000000000000001,False
26,2015-12-27,0.49000000000000005,False
27,2015-12-28,1.61,False
28,2015-12-29,1.2600000000000002,False
29,2015-12-30,1.8200000000000003,False
30,2015-12-31,1.1900000000000002,False
0,2016-01-01,1.61,False
1,2016-01-02,0.77,False
2,2016-01-03,0.7000000000000001,False
3,2016-01-04,3.0100000000000002,False
4,2016-01-05,4.2700000000000005,False
5,2016-01-06,5.180000000000001,False
6,2016-01-07,4.9,False
7,2016-01-08,5.250000000000001,False
8,2016-01-09,1.8900000000000001,False
9,2016-01-10,2.1,False
10,2016-01-11,4.760000000000001,False
11,2016-01-12,2.87,False
12,2016-01-13,2.7300000000000004,False
13,2016-01-14,4.340000000000001,False
14,2016-01-15,3.9200000000000004,False
15,2016-01-16,1.8200000000000003,False
16,2016-01-17,1.8200000000000003,False
17,2016-01-18,1.2600000000000002,False
18,2016-01-19,3.1500000000000004,False
19,2016-01-20,5.880000000000001,False
20,2016-01-21,7.000000000000001,False
21,2016-01-22,6.790000000000001,False
22,2016-01-23,2.1700000000000004,False
23,2016-01-24,1.4000000000000001,False
24,2016-01-25,4.130000000000001,False
25,2016-01-26,5.390000000000001,False
26,2016-01-27,4.130000000000001,False
27,2016-01-28,2.9400000000000004,False
28,2016-01-29,4.760000000000001,False
29,2016-01-30,1.1900000000000002,False
30,2016-01-31,1.4000000000000001,False
0,2016-02-01,2.45,False
1,2016-02-02,7.000000000000001,False
2,2016-02-03,3.6400000000000006,False
3,2016-02-04,2.66,False
4,2016-02-05,2.45,False
5,2016-02-06,0.49000000000000005,False
6,2016-02-07,0.77,False
7,2016-02-08,3.99,False
8,2016-02-09,1.8200000000000003,False
9,2016-02-10,2.5900000000000003,False
10,2016-02-11,2.7300000000000004,False
11,2016-02-12,2.1,False
12,2016-02-13,0.6300000000000001,False
13,2016-02-14,0.6300000000000001,False
14,2016-02-15,0.8400000000000001,False
15,2016-02-16,1.61,False
16,2016-02-17,3.9200000000000004,False
17,2016-02-18,1.7500000000000002,False
18,2016-02-19,3.08,False
19,2016-02-20,1.1900000000000002,False
20,2016-02-21,0.49000000000000005,False
21,2016-02-22,3.08,False
22,2016-02-23,2.66,False
23,2016-02-24,1.7500000000000002,False
24,2016-02-25,2.9400000000000004,False
25,2016-02-26,2.5200000000000005,False
26,2016-02-27,0.9100000000000001,False
27,2016-02-28,0.9100000000000001,False
28,2016-02-29,2.45,False
0,2016-03-01,4.760000000000001,False
1,2016-03-02,5.32,False
2,2016-03-03,2.7300000000000004,False
3,2016-03-04,5.6000000000000005,False
4,2016-03-05,1.05,False
5,2016-03-06,0.9100000000000001,False
6,2016-03-07,3.22,False
7,2016-03-08,3.08,False
8,2016-03-09,3.43,False
9,2016-03-10,3.8500000000000005,False
10,2016-03-11,4.130000000000001,False
11,2016-03-12,1.2600000000000002,False
12,2016-03-13,0.0,False
13,2016-03-14,2.31,False
14,2016-03-15,3.99,False
15,2016-03-16,3.7800000000000002,False
16,2016-03-17,3.1500000000000004,False
17,2016-03-18,4.0600000000000005,False
18,2016-03-19,0.9100000000000001,False
19,2016-03-20,0.9100000000000001,False
20,2016-03-21,3.2900000000000005,False
21,2016-03-22,3.1500000000000004,False
22,2016-03-23,2.24,False
23,2016-03-24,2.31,False
24,2016-03-25,2.45,False
25,2016-03-26,0.8400000000000001,False
26,2016-03-27,0.0,False
27,2016-03-28,3.08,False
28,2016-03-29,4.550000000000001,False
29,2016-03-30,7.000000000000001,False
30,2016-03-31,6.090000000000001,False
0,2016-04-01,4.41,False
1,2016-04-02,1.7500000000000002,False
2,2016-04-03,0.7000000000000001,False
3,2016-04-04,3.2900000000000005,False
4,2016-04-05,1.1900000000000002,False
5,2016-04-06,3.5700000000000003,False
6,2016-04-07,3.0100000000000002,False
7,2016-04-08,4.0600000000000005,False
8,2016-04-09,2.1,False
9,2016-04-10,1.6800000000000002,False
10,2016-04-11,2.7300000000000004,False
11,2016-04-12,3.2900000000000005,False
12,2016-04-13,6.300000000000001,False
13,2016-04-14,7.000000000000001,False
14,2016-04-15,4.760000000000001,False
15,2016-04-16,0.7000000000000001,False
16,2016-04-17,0.7000000000000001,False
17,2016-04-18,5.040000000000001,False
18,2016-04-19,5.670000000000001,False
19,2016-04-20,3.2900000000000005,False
20,2016-04-21,3.08,False
21,2016-04-22,5.040000000000001,False
22,2016-04-23,1.4000000000000001,False
23,2016-04-24,1.33,False
24,2016-04-25,4.41,False
25,2016-04-26,5.250000000000001,False
26,2016-04-27,5.74,False
27,2016-04-28,3.3600000000000003,False
28,2016-04-29,5.390000000000001,False
29,2016-04-30,1.7500000000000002,False
0,2016-05-01,2.32,False
1,2016-05-02,4.0,False
2,2016-05-03,3.92,False
3,2016-05-04,6.32,False
4,2016-05-05,7.2,False
5,2016-05-06,4.5600000000000005,False
6,2016-05-07,0.8,False
7,2016-05-08,0.8,False
8,2016-05-09,4.0,False
9,2016-05-10,3.2800000000000002,False
10,2016-05-11,7.84,False
11,2016-05-12,3.68,False
12,2016-05-13,4.8,False
13,2016-05-14,0.8,False
14,2016-05-15,1.12,False
15,2016-05-16,4.24,False
16,2016-05-17,4.88,False
17,2016-05-18,4.24,False
18,2016-05-19,3.6,False
19,2016-05-20,8.0,False
20,2016-05-21,2.72,False
21,2016-05-22,1.52,False
22,2016-05-23,6.24,False
23,2016-05-24,4.88,False
24,2016-05-25,6.0,False
25,2016-05-26,6.24,False
26,2016-05-27,7.36,False
27,2016-05-28,1.52,False
28,2016-05-29,1.6,False
29,2016-05-30,2.08,False
30,2016-05-31,7.28,False
0,2016-06-01,5.1000000000000005,False
1,2016-06-02,5.1000000000000005,False
2,2016-06-03,6.0,False
3,2016-06-04,1.0,False
4,2016-06-05,0.5,False
5,2016-06-06,2.3000000000000003,False
6,2016-06-07,4.0,False
7,2016-06-08,3.6,False
8,2016-06-09,3.6,False
9,2016-06-10,3.6,False
10,2016-06-11,1.0,False
11,2016-06-12,1.0,False
12,2016-06-13,3.1,False
13,2016-06-14,2.5,False
14,2016-06-15,2.5,False
15,2016-06-16,4.2,False
16,2016-06-17,3.5,False
17,2016-06-18,2.0,False
18,2016-06-19,0.5,False
19,2016-06-20,2.3000000000000003,False
20,2016-06-21,2.8000000000000003,False
21,2016-06-22,3.2,False
22,2016-06-23,5.2,False
23,2016-06-24,7.800000000000001,False
24,2016-06-25,2.8000000000000003,False
25,2016-06-26,0.5,False
26,2016-06-27,3.2,False
27,2016-06-28,5.5,False
28,2016-06-29,4.5,False
29,2016-06-30,10.0,False
0,2016-07-01,9.0,False
1,2016-07-02,2.07,False
2,2016-07-03,0.72,False
3,2016-07-04,0.8999999999999999,False
4,2016-07-05,4.95,False
5,2016-07-06,7.47,False
6,2016-07-07,6.93,False
7,2016-07-08,6.84,False
8,2016-07-09,0.72,False
9,2016-07-10,1.44,False
10,2016-07-11,5.13,False
11,2016-07-12,5.76,False
12,2016-07-13,5.58,False
13,2016-07-14,5.04,False
14,2016-07-15,5.9399999999999995,False
15,2016-07-16,2.16,False
16,2016-07-17,0.72,False
17,2016-07-18,4.32,False
18,2016-07-19,2.4299999999999997,False
19,2016-07-20,6.21,False
20,2016-07-21,2.16,False
21,2016-07-22,3.15,False
22,2016-07-23,1.08,False
23,2016-07-24,1.08,False
24,2016-07-25,4.859999999999999,False
25,2016-07-26,6.66,False
26,2016-07-27,6.75,False
27,2016-07-28,7.739999999999999,False
28,2016-07-29,7.02,False
29,2016-07-30,1.08,False
30,2016-07-31,1.08,False
0,2016-08-01,4.59,False
1,2016-08-02,5.3999999999999995,False
2,2016-08-03,5.13,False
3,2016-08-04,4.5,False
4,2016-08-05,3.78,False
5,2016-08-06,2.79,False
6,2016-08-07,1.3499999999999999,False
7,2016-08-08,4.32,False
8,2016-08-09,4.05,False
9,2016-08-10,3.42,False
10,2016-08-11,3.51,False
11,2016-08-12,3.5999999999999996,False
12,2016-08-13,1.89,False
13,2016-08-14,0.8099999999999999,False
14,2016-08-15,4.05,False
15,2016-08-16,4.41,False
16,2016-08-17,4.2299999999999995,False
17,2016-08-18,4.68,False
18,2016-08-19,8.459999999999999,False
19,2016-08-20,1.6199999999999999,False
20,2016-08-21,1.08,False
21,2016-08-22,5.22,False
22,2016-08-23,4.41,False
23,2016-08-24,4.05,False
24,2016-08-25,9.0,False
25,2016-08-26,5.04,False
26,2016-08-27,2.52,False
27,2016-08-28,2.25,False
28,2016-08-29,8.82,False
29,2016-08-30,6.39,False
30,2016-08-31,6.21,False
0,2016-09-01,7.56,False
1,2016-09-02,7.02,False
2,2016-09-03,1.53,False
3,2016-09-04,0.8999999999999999,False
4,2016-09-05,1.3499999999999999,False
5,2016-09-06,6.569999999999999,False
6,2016-09-07,6.4799999999999995,False
7,2016-09-08,7.56,False
8,2016-09-09,7.02,False
9,2016-09-10,1.89,False
10,2016-09-11,1.53,False
11,2016-09-12,4.68,False
12,2016-09-13,6.84,False
13,2016-09-14,7.109999999999999,False
14,2016-09-15,7.29,False
15,2016-09-16,7.739999999999999,False
16,2016-09-17,2.6999999999999997,False
17,2016-09-18,0.8999999999999999,False
18,2016-09-19,4.95,False
19,2016-09-20,5.22,False
20,2016-09-21,5.22,False
21,2016-09-22,6.12,False
22,2016-09-23,6.66,False
23,2016-09-24,2.34,False
24,2016-09-25,1.3499999999999999,False
25,2016-09-26,4.14,False
26,2016-09-27,8.01,False
27,2016-09-28,7.92,False
28,2016-09-29,7.6499999999999995,False
29,2016-09-30,9.0,False
0,2016-10-01,1.7000000000000002,False
1,2016-10-02,10.0,False
2,2016-10-03,3.6,False
3,2016-10-04,7.300000000000001,False
4,2016-10-05,9.0,False
5,2016-10-06,3.2,False
6,2016-10-07,5.800000000000001,False
7,2016-10-08,1.0,False
8,2016-10-09,0.5,False
9,2016-10-10,3.8000000000000003,False
10,2016-10-11,4.3,False
11,2016-10-12,4.4,False
12,2016-10-13,2.7,False
13,2016-10-14,2.5,False
14,2016-10-15,0.8,False
15,2016-10-16,0.9,False
16,2016-10-17,3.4000000000000004,False
17,2016-10-18,3.7,False
18,2016-10-19,4.9,False
19,2016-10-20,4.5,False
20,2016-10-21,2.0,False
21,2016-10-22,0.7000000000000001,False
22,2016-10-23,0.5,False
23,2016-10-24,3.3000000000000003,False
24,2016-10-25,3.0,False
25,2016-10-26,2.7,False
26,2016-10-27,3.9000000000000004,False
27,2016-10-28,2.9000000000000004,False
28,2016-10-29,1.1,False
29,2016-10-30,1.0,False
30,2016-10-31,2.9000000000000004,False
0,2016-11-01,4.88,False
1,2016-11-02,2.72,False
2,2016-11-03,4.72,False
3,2016-11-04,3.2,False
4,2016-11-05,1.2,False
5,2016-11-06,0.0,False
6,2016-11-07,2.96,False
7,2016-11-08,5.6000000000000005,False
8,2016-11-09,8.0,False
9,2016-11-10,7.2,False
10,2016-11-11,2.48,False
11,2016-11-12,1.92,False
12,2016-11-13,1.52,False
13,2016-11-14,3.04,False
14,2016-11-15,3.36,False
15,2016-11-16,4.0,False
16,2016-11-17,7.12,False
17,2016-11-18,7.68,False
18,2016-11-19,2.32,False
19,2016-11-20,1.12,False
20,2016-11-21,5.92,False
21,2016-11-22,6.96,False
22,2016-11-23,6.4,False
23,2016-11-24,1.04,False
24,2016-11-25,3.12,False
25,2016-11-26,1.84,False
26,2016-11-27,2.16,False
27,2016-11-28,5.04,False
28,2016-11-29,5.76,False
29,2016-11-30,6.4,False
0,2016-12-01,4.42,False
1,2016-12-02,2.6,False
2,2016-12-03,0.91,False
3,2016-12-04,0.52,False
4,2016-12-05,2.99,False
5,2016-12-06,2.8600000000000003,False
6,2016-12-07,3.9000000000000004,False
7,2016-12-08,4.16,False
8,2016-12-09,3.9000000000000004,False
9,2016-12-10,1.4300000000000002,False
10,2016-12-11,0.65,False
11,2016-12-12,2.73,False
12,2016-12-13,2.99,False
13,2016-12-14,4.03,False
14,2016-12-15,2.8600000000000003,False
15,2016-12-16,2.8600000000000003,False
16,2016-12-17,2.08,False
17,2016-12-18,0.78,False
18,2016-12-19,3.9000000000000004,False
19,2016-12-20,5.07,False
20,2016-12-21,7.15,False
21,2016-12-22,13.0,False
22,2016-12-23,11.440000000000001,False
23,2016-12-24,2.6,False
24,2016-12-25,0.65,False
25,2016-12-26,2.08,False
26,2016-12-27,4.8100000000000005,False
27,2016-12-28,5.07,False
28,2016-12-29,3.5100000000000002,False
29,2016-12-30,3.38,False
30,2016-12-31,1.56,False
0,2017-01-01,0.88,False
1,2017-01-02,1.32,False
2,2017-01-03,4.84,False
3,2017-01-04,4.18,False
4,2017-01-05,3.96,False
5,2017-01-06,3.52,False
6,2017-01-07,1.43,False
7,2017-01-08,1.1,False
8,2017-01-09,3.19,False
9,2017-01-10,4.95,False
10,2017-01-11,4.62,False
11,2017-01-12,4.62,False
12,2017-01-13,3.74,False
13,2017-01-14,1.21,False
14,2017-01-15,1.54,False
15,2017-01-16,0.77,False
16,2017-01-17,2.75,False
17,2017-01-18,3.19,False
18,2017-01-19,3.08,False
19,2017-01-20,4.4,False
20,2017-01-21,11.0,False
21,2017-01-22,0.99,False
22,2017-01-23,3.63,False
23,2017-01-24,3.85,False
24,2017-01-25,4.18,False
25,2017-01-26,4.18,False
26,2017-01-27,3.96,False
27,2017-01-28,1.76,False
28,2017-01-29,1.98,False
29,2017-01-30,4.29,False
30,2017-01-31,5.5,False
0,2017-02-01,9.75,False
1,2017-02-02,11.18,False
2,2017-02-03,10.66,False
3,2017-02-04,1.69,False
4,2017-02-05,2.21,False
5,2017-02-06,7.67,False
6,2017-02-07,8.32,False
7,2017-02-08,4.94,False
8,2017-02-09,9.23,False
9,2017-02-10,8.450000000000001,False
10,2017-02-11,1.3,False
11,2017-02-12,1.4300000000000002,False
12,2017-02-13,8.06,False
13,2017-02-14,9.1,False
14,2017-02-15,9.620000000000001,False
15,2017-02-16,8.450000000000001,False
16,2017-02-17,10.4,False
17,2017-02-18,2.73,False
18,2017-02-19,1.3,False
19,2017-02-20,2.6,False
20,2017-02-21,7.0200000000000005,False
21,2017-02-22,11.440000000000001,False
22,2017-02-23,8.97,False
23,2017-02-24,9.88,False
24,2017-02-25,1.9500000000000002,False
25,2017-02-26,1.69,False
26,2017-02-27,11.18,False
27,2017-02-28,13.0,False
0,2017-03-01,6.24,False
1,2017-03-02,6.96,False
2,2017-03-03,8.4,False
3,2017-03-04,2.16,False
4,2017-03-05,1.2,False
5,2017-03-06,5.52,False
6,2017-03-07,6.24,False
7,2017-03-08,7.68,False
8,2017-03-09,5.04,False
9,2017-03-10,6.4799999999999995,False
10,2017-03-11,1.68,False
11,2017-03-12,0.96,False
12,2017-03-13,3.84,False
13,2017-03-14,6.24,False
14,2017-03-15,5.76,False
15,2017-03-16,3.36,False
16,2017-03-17,5.279999999999999,False
17,2017-03-18,0.48,False
18,2017-03-19,0.72,False
19,2017-03-20,5.76,False
20,2017-03-21,7.199999999999999,False
21,2017-03-22,7.92,False
22,2017-03-23,18.48,False
23,2017-03-24,24.0,False
24,2017-03-25,5.04,False
25,2017-03-26,2.88,False
26,2017-03-27,11.04,False
27,2017-03-28,9.12,False
28,2017-03-29,8.4,False
29,2017-03-30,8.16,False
30,2017-03-31,9.12,False
0,2017-04-01,6.29,False
1,2017-04-02,1.7000000000000002,False
2,2017-04-03,14.110000000000001,False
3,2017-04-04,12.07,False
4,2017-04-05,9.690000000000001,False
5,2017-04-06,11.39,False
6,2017-04-07,12.41,False
7,2017-04-08,3.06,False
8,2017-04-09,1.36,False
9,2017-04-10,12.41,False
10,2017-04-11,17.0,False
11,2017-04-12,11.56,False
12,2017-04-13,15.64,False
13,2017-04-14,2.3800000000000003,False
14,2017-04-15,1.02,False
15,2017-04-16,1.02,False
16,2017-04-17,10.88,False
17,2017-04-18,10.540000000000001,False
18,2017-04-19,10.540000000000001,False
19,2017-04-20,9.01,False
20,2017-04-21,13.600000000000001,False
21,2017-04-22,3.4000000000000004,False
22,2017-04-23,1.7000000000000002,False
23,2017-04-24,15.98,False
24,2017-04-25,9.180000000000001,False
25,2017-04-26,11.73,False
26,2017-04-27,15.3,False
27,2017-04-28,12.41,False
28,2017-04-29,1.7000000000000002,False
29,2017-04-30,2.04,False
0,2017-05-01,13.139999999999999,False
1,2017-05-02,13.86,False
2,2017-05-03,14.399999999999999,False
3,2017-05-04,12.959999999999999,False
4,2017-05-05,10.08,False
5,2017-05-06,2.6999999999999997,False
6,2017-05-07,4.5,False
7,2017-05-08,13.139999999999999,False
8,2017-05-09,13.139999999999999,False
9,2017-05-10,18.0,False
10,2017-05-11,10.799999999999999,False
11,2017-05-12,11.52,False
12,2017-05-13,0.72,False
13,2017-05-14,3.78,False
14,2017-05-15,13.32,False
15,2017-05-16,9.36,False
16,2017-05-17,15.479999999999999,False
17,2017-05-18,14.58,False
18,2017-05-19,14.94,False
19,2017-05-20,3.5999999999999996,False
20,2017-05-21,1.98,False
21,2017-05-22,7.199999999999999,False
22,2017-05-23,10.44,False
23,2017-05-24,10.799999999999999,False
24,2017-05-25,15.84,False
25,2017-05-26,12.24,False
26,2017-05-27,2.52,False
27,2017-05-28,3.78,False
28,2017-05-29,2.16,False
29,2017-05-30,14.219999999999999,False
30,2017-05-31,16.38,False
0,2017-06-01,6.2,False
1,2017-06-02,9.3,False
2,2017-06-03,2.17,False
3,2017-06-04,1.55,False
4,2017-06-05,6.51,False
5,2017-06-06,9.61,False
6,2017-06-07,12.09,False
7,2017-06-08,7.4399999999999995,False
8,2017-06-09,12.09,False
9,2017-06-10,2.48,False
10,2017-06-11,1.24,False
11,2017-06-12,10.85,False
12,2017-06-13,10.23,False
13,2017-06-14,7.4399999999999995,False
14,2017-06-15,9.61,False
15,2017-06-16,8.06,False
16,2017-06-17,2.79,False
17,2017-06-18,1.8599999999999999,False
18,2017-06-19,8.06,False
19,2017-06-20,8.68,False
20,2017-06-21,8.99,False
21,2017-06-22,10.54,False
22,2017-06-23,9.3,False
23,2017-06-24,3.1,False
24,2017-06-25,0.9299999999999999,False
25,2017-06-26,11.78,False
26,2017-06-27,11.78,False
27,2017-06-28,13.33,False
28,2017-06-29,31.0,False
29,2017-06-30,30.69,False
0,2017-07-01,11.16,False
1,2017-07-02,3.7199999999999998,False
2,2017-07-03,25.419999999999998,False
3,2017-07-04,9.92,False
4,2017-07-05,31.0,False
5,2017-07-06,28.52,False
6,2017-07-07,21.08,False
7,2017-07-08,6.82,False
8,2017-07-09,3.1,False
9,2017-07-10,22.32,False
10,2017-07-11,20.15,False
11,2017-07-12,19.22,False
12,2017-07-13,19.84,False
13,2017-07-14,17.669999999999998,False
14,2017-07-15,7.13,False
15,2017-07-16,2.17,False
16,2017-07-17,15.19,False
17,2017-07-18,17.669999999999998,False
18,2017-07-19,16.43,False
19,2017-07-20,22.63,False
20,2017-07-21,16.74,False
21,2017-07-22,3.1,False
22,2017-07-23,2.17,False
23,2017-07-24,14.26,False
24,2017-07-25,18.6,False
25,2017-07-26,22.63,False
26,2017-07-27,26.35,False
27,2017-07-28,25.73,False
28,2017-07-29,3.7199999999999998,False
29,2017-07-30,2.48,False
30,2017-07-31,20.46,False
0,2017-08-01,23.0,False
1,2017-08-02,22.0,False
2,2017-08-03,23.5,False
3,2017-08-04,19.0,False
4,2017-08-05,4.75,False
5,2017-08-06,3.0,False
6,2017-08-07,23.0,False
7,2017-08-08,25.0,False
8,2017-08-09,19.75,False
9,2017-08-10,20.25,False
10,2017-08-11,17.0,False
11,2017-08-12,3.0,False
12,2017-08-13,3.25,False
13,2017-08-14,17.0,False
14,2017-08-15,19.5,False
15,2017-08-16,20.0,False
16,2017-08-17,20.75,False
17,2017-08-18,24.5,False
18,2017-08-19,3.75,False
19,2017-08-20,2.75,False
20,2017-08-21,18.5,False
21,2017-08-22,18.75,False
22,2017-08-23,16.5,False
23,2017-08-24,16.5,False
24,2017-08-25,11.75,False
25,2017-08-26,6.0,False
26,2017-08-27,1.5,False
27,2017-08-28,17.0,False
28,2017-08-29,22.5,False
29,2017-08-30,17.5,False
30,2017-08-31,19.25,False
0,2017-09-01,14.35,False
1,2017-09-02,3.5,False
2,2017-09-03,2.0999999999999996,False
3,2017-09-04,2.4499999999999997,False
4,2017-09-05,7.35,False
5,2017-09-06,9.799999999999999,False
6,2017-09-07,9.45,False
7,2017-09-08,11.2,False
8,2017-09-09,11.2,False
9,2017-09-10,2.4499999999999997,False
10,2017-09-11,13.299999999999999,False
11,2017-09-12,14.7,False
12,2017-09-13,14.35,False
13,2017-09-14,16.099999999999998,False
14,2017-09-15,10.5,False
15,2017-09-16,1.75,False
16,2017-09-17,2.0999999999999996,False
17,2017-09-18,11.549999999999999,False
18,2017-09-19,15.049999999999999,False
19,2017-09-20,14.35,False
20,2017-09-21,13.299999999999999,False
21,2017-09-22,13.649999999999999,False
22,2017-09-23,3.5,False
23,2017-09-24,5.25,False
24,2017-09-25,15.749999999999998,False
25,2017-09-26,31.849999999999998,False
26,2017-09-27,35.0,False
27,2017-09-28,21.0,False
28,2017-09-29,24.15,False
29,2017-09-30,4.8999999999999995,False
0,2017-10-01,7.6000000000000005,False
1,2017-10-02,26.8,False
2,2017-10-03,37.6,False
3,2017-10-04,33.2,False
4,2017-10-05,30.8,False
5,2017-10-06,20.8,False
6,2017-10-07,6.0,False
7,2017-10-08,5.2,False
8,2017-10-09,25.6,False
9,2017-10-10,39.6,False
10,2017-10-11,40.0,False
11,2017-10-12,32.0,False
12,2017-10-13,24.8,False
13,2017-10-14,8.0,False
14,2017-10-15,3.2,False
15,2017-10-16,26.400000000000002,False
16,2017-10-17,28.400000000000002,False
17,2017-10-18,27.200000000000003,False
18,2017-10-19,29.6,False
19,2017-10-20,24.0,False
20,2017-10-21,10.0,False
21,2017-10-22,4.800000000000001,False
22,2017-10-23,27.200000000000003,False
23,2017-10-24,26.8,False
24,2017-10-25,25.6,False
25,2017-10-26,23.6,False
26,2017-10-27,22.0,False
27,2017-10-28,6.4,False
28,2017-10-29,3.6,False
29,2017-10-30,22.8,False
30,2017-10-31,38.0,False
0,2017-11-01,22.68,False
1,2017-11-02,21.84,False
2,2017-11-03,22.259999999999998,False
3,2017-11-04,4.62,False
4,2017-11-05,2.52,False
5,2017-11-06,18.48,False
6,2017-11-07,21.419999999999998,False
7,2017-11-08,17.22,False
8,2017-11-09,18.48,False
9,2017-11-10,22.259999999999998,False
10,2017-11-11,5.04,False
11,2017-11-12,4.2,False
12,2017-11-13,18.06,False
13,2017-11-14,21.419999999999998,False
14,2017-11-15,18.06,False
15,2017-11-16,17.64,False
16,2017-11-17,21.84,False
17,2017-11-18,5.46,False
18,2017-11-19,3.78,False
19,2017-11-20,24.36,False
20,2017-11-21,23.52,False
21,2017-11-22,29.82,False
22,2017-11-23,7.14,False
23,2017-11-24,15.12,False
24,2017-11-25,5.46,False
25,2017-11-26,3.78,False
26,2017-11-27,24.779999999999998,False
27,2017-11-28,23.099999999999998,False
28,2017-11-29,36.12,False
29,2017-11-30,42.0,False
0,2017-12-01,30.09,False
1,2017-12-02,11.209999999999999,False
2,2017-12-03,2.9499999999999997,False
3,2017-12-04,31.27,False
4,2017-12-05,26.549999999999997,False
5,2017-12-06,26.549999999999997,False
6,2017-12-07,30.09,False
7,2017-12-08,24.779999999999998,False
8,2017-12-09,8.26,False
9,2017-12-10,3.54,False
10,2017-12-11,20.06,False
11,2017-12-12,25.959999999999997,False
12,2017-12-13,23.009999999999998,False
13,2017-12-14,21.83,False
14,2017-12-15,21.24,False
15,2017-12-16,7.08,False
16,2017-12-17,4.72,False
17,2017-12-18,26.549999999999997,False
18,2017-12-19,50.15,False
19,2017-12-20,59.0,False
20,2017-12-21,31.86,False
21,2017-12-22,35.4,False
22,2017-12-23,8.26,False
23,2017-12-24,4.72,False
24,2017-12-25,5.8999999999999995,False
25,2017-12-26,28.32,False
26,2017-12-27,28.91,False
27,2017-12-28,23.599999999999998,False
28,2017-12-29,30.68,False
29,2017-12-30,8.85,False
30,2017-12-31,5.31,False
0,2018-01-01,6.050000000000001,False
1,2018-01-02,39.6,False
2,2018-01-03,53.900000000000006,False
3,2018-01-04,50.050000000000004,False
4,2018-01-05,50.6,False
5,2018-01-06,9.350000000000001,False
6,2018-01-07,8.25,False
7,2018-01-08,43.45,False
8,2018-01-09,53.35,False
9,2018-01-10,55.00000000000001,False
10,2018-01-11,46.2,False
11,2018-01-12,44.0,False
12,2018-01-13,11.0,False
13,2018-01-14,8.25,False
14,2018-01-15,20.35,False
15,2018-01-16,33.550000000000004,False
16,2018-01-17,34.650000000000006,False
17,2018-01-18,37.400000000000006,False
18,2018-01-19,32.45,False
19,2018-01-20,9.9,False
20,2018-01-21,8.25,False
21,2018-01-22,33.550000000000004,False
22,2018-01-23,48.95,False
23,2018-01-24,35.75,False
24,2018-01-25,41.800000000000004,False
25,2018-01-26,33.550000000000004,False
26,2018-01-27,9.350000000000001,False
27,2018-01-28,3.8500000000000005,False
28,2018-01-29,31.900000000000002,False
29,2018-01-30,30.250000000000004,False
30,2018-01-31,36.85,False
0,2018-02-01,36.4,False
1,2018-02-02,34.32,False
2,2018-02-03,6.76,False
3,2018-02-04,4.16,False
4,2018-02-05,33.28,False
5,2018-02-06,52.0,False
6,2018-02-07,44.72,False
7,2018-02-08,37.96,False
8,2018-02-09,42.64,False
9,2018-02-10,9.36,False
10,2018-02-11,5.720000000000001,False
11,2018-02-12,26.52,False
12,2018-02-13,33.28,False
13,2018-02-14,31.200000000000003,False
14,2018-02-15,31.200000000000003,False
15,2018-02-16,30.16,False
16,2018-02-17,12.48,False
17,2018-02-18,3.64,False
18,2018-02-19,10.92,False
19,2018-02-20,31.200000000000003,False
20,2018-02-21,29.12,False
21,2018-02-22,29.12,False
22,2018-02-23,38.480000000000004,False
23,2018-02-24,10.92,False
24,2018-02-25,5.720000000000001,False
25,2018-02-26,36.92,False
26,2018-02-27,42.120000000000005,False
27,2018-02-28,37.96,False
0,2018-03-01,27.259999999999998,False
1,2018-03-02,28.2,False
2,2018-03-03,9.399999999999999,False
3,2018-03-04,5.64,False
4,2018-03-05,37.599999999999994,False
5,2018-03-06,59.22,False
6,2018-03-07,51.699999999999996,False
7,2018-03-08,33.839999999999996,False
8,2018-03-09,47.0,False
9,2018-03-10,7.52,False
10,2018-03-11,5.64,False
11,2018-03-12,69.56,False
12,2018-03-13,78.96,False
13,2018-03-14,62.98,False
14,2018-03-15,51.699999999999996,False
15,2018-03-16,43.239999999999995,False
16,2018-03-17,13.16,False
17,2018-03-18,10.34,False
18,2018-03-19,54.519999999999996,False
19,2018-03-20,48.879999999999995,False
20,2018-03-21,60.16,False
21,2018-03-22,94.0,False
22,2018-03-23,92.11999999999999,False
23,2018-03-24,16.919999999999998,False
24,2018-03-25,11.28,False
25,2018-03-26,61.099999999999994,False
26,2018-03-27,58.279999999999994,False
27,2018-03-28,53.58,False
28,2018-03-29,46.059999999999995,False
29,2018-03-30,17.86,False
30,2018-03-31,4.699999999999999,False
0,2018-04-01,3.4499999999999997,False
1,2018-04-02,50.37,False
2,2018-04-03,48.3,False
3,2018-04-04,41.4,False
4,2018-04-05,69.0,False
5,2018-04-06,54.51,False
6,2018-04-07,13.799999999999999,False
7,2018-04-08,6.209999999999999,False
8,2018-04-09,37.26,False
9,2018-04-10,43.47,False
10,2018-04-11,42.779999999999994,False
11,2018-04-12,46.919999999999995,False
12,2018-04-13,43.47,False
13,2018-04-14,9.66,False
14,2018-04-15,4.14,False
15,2018-04-16,33.12,False
16,2018-04-17,37.949999999999996,False
17,2018-04-18,44.849999999999994,False
18,2018-04-19,40.019999999999996,False
19,2018-04-20,37.26,False
20,2018-04-21,8.969999999999999,False
21,2018-04-22,6.209999999999999,False
22,2018-04-23,37.949999999999996,False
23,2018-04-24,36.57,False
24,2018-04-25,37.949999999999996,False
25,2018-04-26,44.16,False
26,2018-04-27,44.849999999999994,False
27,2018-04-28,10.35,False
28,2018-04-29,4.83,False
29,2018-04-30,40.019999999999996,False
0,2018-05-01,39.01,False
1,2018-05-02,39.839999999999996,False
2,2018-05-03,34.86,False
3,2018-05-04,32.37,False
4,2018-05-05,6.64,False
5,2018-05-06,4.1499999999999995,False
6,2018-05-07,34.03,False
7,2018-05-08,30.709999999999997,False
8,2018-05-09,31.54,False
9,2018-05-10,45.65,False
10,2018-05-11,41.5,False
11,2018-05-12,7.47,False
12,2018-05-13,4.1499999999999995,False
13,2018-05-14,29.88,False
14,2018-05-15,35.69,False
15,2018-05-16,46.48,False
16,2018-05-17,53.949999999999996,False
17,2018-05-18,43.16,False
18,2018-05-19,8.299999999999999,False
19,2018-05-20,6.64,False
20,2018-05-21,57.269999999999996,False
21,2018-05-22,83.0,False
22,2018-05-23,65.57,False
23,2018-05-24,69.72,False
24,2018-05-25,62.25,False
25,2018-05-26,14.11,False
26,2018-05-27,8.299999999999999,False
27,2018-05-28,11.62,False
28,2018-05-29,60.589999999999996,False
29,2018-05-30,58.93,False
30,2018-05-31,80.50999999999999,False
0,2018-06-01,67.0,False
1,2018-06-02,11.0,False
2,2018-06-03,10.0,False
3,2018-06-04,55.0,False
4,2018-06-05,50.0,False
5,2018-06-06,45.0,False
6,2018-06-07,44.0,False
7,2018-06-08,45.0,False
8,2018-06-09,9.0,False
9,2018-06-10,7.0,False
10,2018-06-11,46.0,False
11,2018-06-12,44.0,False
12,2018-06-13,44.0,False
13,2018-06-14,39.0,False
14,2018-06-15,44.0,False
15,2018-06-16,10.0,False
16,2018-06-17,6.0,False
17,2018-06-18,40.0,False
18,2018-06-19,52.0,False
19,2018-06-20,100.0,False
20,2018-06-21,98.0,False
21,2018-06-22,65.0,False
22,2018-06-23,13.0,False
23,2018-06-24,7.0,False
24,2018-06-25,53.0,False
25,2018-06-26,62.0,False
26,2018-06-27,52.0,False
27,2018-06-28,47.0,False
28,2018-06-29,52.0,False
29,2018-06-30,13.0,False
0,2018-07-01,5.6,False
1,2018-07-02,48.3,False
2,2018-07-03,70.0,False
3,2018-07-04,27.299999999999997,False
4,2018-07-05,70.0,False
5,2018-07-06,54.599999999999994,False
6,2018-07-07,11.899999999999999,False
7,2018-07-08,7.699999999999999,False
8,2018-07-09,42.699999999999996,False
9,2018-07-10,53.9,False
10,2018-07-11,55.3,False
11,2018-07-12,48.3,False
12,2018-07-13,44.099999999999994,False
13,2018-07-14,9.1,False
14,2018-07-15,4.199999999999999,False
15,2018-07-16,43.4,False
16,2018-07-17,47.599999999999994,False
17,2018-07-18,43.4,False
18,2018-07-19,42.699999999999996,False
19,2018-07-20,41.3,False
20,2018-07-21,9.799999999999999,False
21,2018-07-22,7.699999999999999,False
22,2018-07-23,50.4,False
23,2018-07-24,49.699999999999996,False
24,2018-07-25,42.699999999999996,False
25,2018-07-26,49.0,False
26,2018-07-27,46.199999999999996,False
27,2018-07-28,8.399999999999999,False
28,2018-07-29,7.0,False
29,2018-07-30,39.199999999999996,False
30,2018-07-31,36.4,False
0,2018-08-01,45.26,False
1,2018-08-02,50.37,False
2,2018-08-03,48.18,False
3,2018-08-04,10.219999999999999,False
4,2018-08-05,8.03,False
5,2018-08-06,48.18,False
6,2018-08-07,46.72,False
7,2018-08-08,45.26,False
8,2018-08-09,55.48,False
9,2018-08-10,51.1,False
10,2018-08-11,13.14,False
11,2018-08-12,3.65,False
12,2018-08-13,44.53,False
13,2018-08-14,48.18,False
14,2018-08-15,68.62,False
15,2018-08-16,73.0,False
16,2018-08-17,62.78,False
17,2018-08-18,12.41,False
18,2018-08-19,8.76,False
19,2018-08-20,50.37,False
20,2018-08-21,66.42999999999999,False
21,2018-08-22,67.16,False
22,2018-08-23,56.94,False
23,2018-08-24,58.4,False
24,2018-08-25,14.6,False
25,2018-08-26,5.84,False
26,2018-08-27,55.48,False
27,2018-08-28,62.05,False
28,2018-08-29,59.86,False
29,2018-08-30,56.94,False
30,2018-08-31,56.21,False
0,2018-09-01,5.4,False
1,2018-09-02,4.5,False
2,2018-09-03,5.4,False
3,2018-09-04,25.2,False
4,2018-09-05,27.0,False
5,2018-09-06,51.300000000000004,False
6,2018-09-07,42.300000000000004,False
7,2018-09-08,10.8,False
8,2018-09-09,5.4,False
9,2018-09-10,30.6,False
10,2018-09-11,42.300000000000004,False
11,2018-09-12,45.0,False
12,2018-09-13,52.2,False
13,2018-09-14,45.0,False
14,2018-09-15,9.9,False
15,2018-09-16,4.5,False
16,2018-09-17,31.5,False
17,2018-09-18,36.9,False
18,2018-09-19,41.4,False
19,2018-09-20,90.0,False
20,2018-09-21,78.3,False
21,2018-09-22,9.9,False
22,2018-09-23,4.5,False
23,2018-09-24,35.1,False
24,2018-09-25,29.7,False
25,2018-09-26,25.2,False
26,2018-09-27,27.900000000000002,False
27,2018-09-28,23.400000000000002,False
28,2018-09-29,6.3,False
29,2018-09-30,3.6,False
0,2018-10-01,43.88999999999999,False
1,2018-10-02,48.449999999999996,False
2,2018-10-03,41.04,False
3,2018-10-04,47.879999999999995,False
4,2018-10-05,37.62,False
5,2018-10-06,10.829999999999998,False
6,2018-10-07,3.42,False
7,2018-10-08,35.91,False
8,2018-10-09,33.629999999999995,False
9,2018-10-10,50.16,False
10,2018-10-11,46.169999999999995,False
11,2018-10-12,43.31999999999999,False
12,2018-10-13,9.69,False
13,2018-10-14,5.13,False
14,2018-10-15,36.48,False
15,2018-10-16,33.629999999999995,False
16,2018-10-17,31.919999999999998,False
17,2018-10-18,34.769999999999996,False
18,2018-10-19,35.91,False
19,2018-10-20,7.409999999999999,False
20,2018-10-21,6.84,False
21,2018-10-22,35.339999999999996,False
22,2018-10-23,47.879999999999995,False
23,2018-10-24,42.74999999999999,False
24,2018-10-25,56.99999999999999,False
25,2018-10-26,36.48,False
26,2018-10-27,11.399999999999999,False
27,2018-10-28,10.26,False
28,2018-10-29,34.199999999999996,False
29,2018-10-30,34.769999999999996,False
30,2018-10-31,38.76,False
0,2018-11-01,39.56,False
1,2018-11-02,43.0,False
2,2018-11-03,7.74,False
3,2018-11-04,3.44,False
4,2018-11-05,25.37,False
5,2018-11-06,27.52,False
6,2018-11-07,34.4,False
7,2018-11-08,30.53,False
8,2018-11-09,22.36,False
9,2018-11-10,5.59,False
10,2018-11-11,3.44,False
11,2018-11-12,22.36,False
12,2018-11-13,23.65,False
13,2018-11-14,27.95,False
14,2018-11-15,30.099999999999998,False
15,2018-11-16,29.24,False
16,2018-11-17,5.16,False
17,2018-11-18,3.87,False
18,2018-11-19,25.37,False
19,2018-11-20,33.54,False
20,2018-11-21,24.509999999999998,False
21,2018-11-22,6.02,False
22,2018-11-23,15.049999999999999,False
23,2018-11-24,5.59,False
24,2018-11-25,3.01,False
25,2018-11-26,23.65,False
26,2018-11-27,20.64,False
27,2018-11-28,27.95,False
28,2018-11-29,24.94,False
29,2018-11-30,24.08,False
0,2018-12-01,3.36,False
1,2018-12-02,3.78,False
2,2018-12-03,25.619999999999997,False
3,2018-12-04,15.54,False
4,2018-12-05,8.82,False
5,2018-12-06,14.7,False
6,2018-12-07,17.64,False
7,2018-12-08,2.94,False
8,2018-12-09,3.36,False
9,2018-12-10,12.18,False
10,2018-12-11,13.86,False
11,2018-12-12,19.74,False
12,2018-12-13,16.38,False
13,2018-12-14,13.02,False
14,2018-12-15,5.88,False
15,2018-12-16,2.52,False
16,2018-12-17,15.54,False
17,2018-12-18,28.98,False
18,2018-12-19,42.0,False
19,2018-12-20,22.259999999999998,False
20,2018-12-21,18.9,False
21,2018-12-22,3.78,False
22,2018-12-23,3.36,False
23,2018-12-24,10.92,False
24,2018-12-25,4.62,False
25,2018-12-26,18.06,False
26,2018-12-27,17.64,False
27,2018-12-28,13.44,False
28,2018-12-29,4.2,False
29,2018-12-30,2.52,False
30,2018-12-31,13.44,False
0,2019-01-01,8.82,False
1,2019-01-02,29.82,False
2,2019-01-03,31.919999999999998,False
3,2019-01-04,30.66,False
4,2019-01-05,7.9799999999999995,False
5,2019-01-06,3.36,False
6,2019-01-07,34.86,False
7,2019-01-08,30.24,False
8,2019-01-09,36.96,False
9,2019-01-10,38.64,False
10,2019-01-11,28.98,False
11,2019-01-12,7.14,False
12,2019-01-13,5.88,False
13,2019-01-14,27.72,False
14,2019-01-15,30.24,False
15,2019-01-16,25.2,False
16,2019-01-17,26.04,False
17,2019-01-18,31.919999999999998,False
18,2019-01-19,10.5,False
19,2019-01-20,4.62,False
20,2019-01-21,10.08,False
21,2019-01-22,24.779999999999998,False
22,2019-01-23,25.619999999999997,False
23,2019-01-24,37.379999999999995,False
24,2019-01-25,42.0,False
25,2019-01-26,10.92,False
26,2019-01-27,7.56,False
27,2019-01-28,31.919999999999998,False
28,2019-01-29,31.5,False
29,2019-01-30,33.18,False
30,2019-01-31,33.18,False
0,2019-02-01,25.740000000000002,False
1,2019-02-02,6.63,False
2,2019-02-03,4.29,False
3,2019-02-04,28.86,False
4,2019-02-05,23.79,False
5,2019-02-06,37.83,False
6,2019-02-07,27.69,False
7,2019-02-08,29.64,False
8,2019-02-09,8.19,False
9,2019-02-10,3.12,False
10,2019-02-11,23.79,False
11,2019-02-12,23.01,False
12,2019-02-13,37.83,False
13,2019-02-14,39.0,False
14,2019-02-15,32.370000000000005,False
15,2019-02-16,9.36,False
16,2019-02-17,2.73,False
17,2019-02-18,10.530000000000001,False
18,2019-02-19,23.400000000000002,False
19,2019-02-20,28.470000000000002,False
20,2019-02-21,24.18,False
21,2019-02-22,24.96,False
22,2019-02-23,8.58,False
23,2019-02-24,3.12,False
24,2019-02-25,31.200000000000003,False
25,2019-02-26,31.59,False
26,2019-02-27,21.45,False
27,2019-02-28,25.740000000000002,False
0,2019-03-01,12.4,False
1,2019-03-02,4.0,False
2,2019-03-03,2.0,False
3,2019-03-04,10.8,False
4,2019-03-05,13.200000000000001,False
5,2019-03-06,12.8,False
6,2019-03-07,14.0,False
7,2019-03-08,12.4,False
8,2019-03-09,2.8000000000000003,False
9,2019-03-10,2.4000000000000004,False
10,2019-03-11,11.200000000000001,False
11,2019-03-12,8.8,False
12,2019-03-13,10.8,False
13,2019-03-14,10.0,False
14,2019-03-15,13.600000000000001,False
15,2019-03-16,3.2,False
16,2019-03-17,2.8000000000000003,False
17,2019-03-18,10.8,False
18,2019-03-19,16.8,False
19,2019-03-20,29.200000000000003,False
20,2019-03-21,40.0,False
21,2019-03-22,22.400000000000002,False
22,2019-03-23,3.6,False
23,2019-03-24,2.4000000000000004,False
24,2019-03-25,12.0,False
25,2019-03-26,14.0,False
26,2019-03-27,12.8,False
27,2019-03-28,12.8,False
28,2019-03-29,15.200000000000001,False
29,2019-03-30,4.0,False
30,2019-03-31,3.2,False
