,date,NFLX stock,isPartial
0,2012-01-01,1.26,False
1,2012-01-02,0.0,False
2,2012-01-03,1.7999999999999998,False
3,2012-01-04,0.8999999999999999,False
4,2012-01-05,2.6999999999999997,False
5,2012-01-06,0.8999999999999999,False
6,2012-01-07,0.0,False
7,2012-01-08,0.0,False
8,2012-01-09,0.8999999999999999,False
9,2012-01-10,5.16,False
10,2012-01-11,5.16,False
11,2012-01-12,1.74,False
12,2012-01-13,0.8999999999999999,False
13,2012-01-14,1.02,False
14,2012-01-15,0.0,False
15,2012-01-16,0.0,False
16,2012-01-17,1.68,False
17,2012-01-18,1.68,False
18,2012-01-19,5.1,False
19,2012-01-20,0.0,False
20,2012-01-21,1.02,False
21,2012-01-22,1.02,False
22,2012-01-23,4.14,False
23,2012-01-24,0.84,False
24,2012-01-25,1.68,False
25,2012-01-26,6.0,False
26,2012-01-27,3.54,False
27,2012-01-28,0.0,False
28,2012-01-29,1.02,False
29,2012-01-30,1.68,False
30,2012-01-31,4.2,False
0,2012-02-01,5.0,False
1,2012-02-02,3.9000000000000004,False
2,2012-02-03,4.6000000000000005,False
3,2012-02-04,2.7,False
4,2012-02-05,0.0,False
5,2012-02-06,4.4,False
6,2012-02-07,3.3000000000000003,False
7,2012-02-08,3.3000000000000003,False
8,2012-02-09,4.45,False
9,2012-02-10,2.9000000000000004,False
10,2012-02-11,1.35,False
11,2012-02-12,1.3,False
12,2012-02-13,1.1,False
13,2012-02-14,3.35,False
14,2012-02-15,1.1,False
15,2012-02-16,3.35,False
16,2012-02-17,3.5,False
17,2012-02-18,1.35,False
18,2012-02-19,0.0,False
19,2012-02-20,1.1500000000000001,False
20,2012-02-21,4.0,False
21,2012-02-22,4.45,False
22,2012-02-23,2.25,False
23,2012-02-24,2.9000000000000004,False
24,2012-02-25,2.7,False
25,2012-02-26,1.3,False
26,2012-02-27,4.3500000000000005,False
27,2012-02-28,1.1,False
28,2012-02-29,4.9,False
0,2012-03-01,0.8,False
1,2012-03-02,0.84,False
2,2012-03-03,0.0,False
3,2012-03-04,0.0,False
4,2012-03-05,0.8,False
5,2012-03-06,1.52,False
6,2012-03-07,0.76,False
7,2012-03-08,3.84,False
8,2012-03-09,4.0,False
9,2012-03-10,0.0,False
10,2012-03-11,0.92,False
11,2012-03-12,0.0,False
12,2012-03-13,2.2800000000000002,False
13,2012-03-14,1.52,False
14,2012-03-15,0.76,False
15,2012-03-16,0.8,False
16,2012-03-17,0.92,False
17,2012-03-18,0.0,False
18,2012-03-19,2.2800000000000002,False
19,2012-03-20,0.76,False
20,2012-03-21,0.76,False
21,2012-03-22,3.16,False
22,2012-03-23,0.0,False
23,2012-03-24,0.0,False
24,2012-03-25,0.0,False
25,2012-03-26,1.52,False
26,2012-03-27,2.2800000000000002,False
27,2012-03-28,1.52,False
28,2012-03-29,0.76,False
29,2012-03-30,1.6400000000000001,False
30,2012-03-31,0.0,False
0,2012-04-01,0.58,False
1,2012-04-02,0.48,False
2,2012-04-03,0.0,False
3,2012-04-04,2.0,False
4,2012-04-05,0.0,False
5,2012-04-06,0.56,False
6,2012-04-07,0.0,False
7,2012-04-08,0.0,False
8,2012-04-09,0.0,False
9,2012-04-10,0.0,False
10,2012-04-11,0.0,False
11,2012-04-12,0.98,False
12,2012-04-13,1.02,False
13,2012-04-14,0.0,False
14,2012-04-15,0.58,False
15,2012-04-16,0.0,False
16,2012-04-17,0.0,False
17,2012-04-18,0.48,False
18,2012-04-19,0.0,False
19,2012-04-20,0.0,False
20,2012-04-21,0.0,False
21,2012-04-22,0.0,False
22,2012-04-23,1.4000000000000001,False
23,2012-04-24,1.9000000000000001,False
24,2012-04-25,0.0,False
25,2012-04-26,1.46,False
26,2012-04-27,1.02,False
27,2012-04-28,1.2,False
28,2012-04-29,0.0,False
29,2012-04-30,1.0,False
0,2012-05-01,1.65,False
1,2012-05-02,0.75,False
2,2012-05-03,1.89,False
3,2012-05-04,0.8099999999999999,False
4,2012-05-05,0.0,False
5,2012-05-06,0.0,False
6,2012-05-07,1.8599999999999999,False
7,2012-05-08,1.47,False
8,2012-05-09,3.0,False
9,2012-05-10,1.14,False
10,2012-05-11,1.5899999999999999,False
11,2012-05-12,0.0,False
12,2012-05-13,0.0,False
13,2012-05-14,1.47,False
14,2012-05-15,2.58,False
15,2012-05-16,1.14,False
16,2012-05-17,1.56,False
17,2012-05-18,2.4299999999999997,False
18,2012-05-19,0.96,False
19,2012-05-20,0.0,False
20,2012-05-21,2.2199999999999998,False
21,2012-05-22,1.1099999999999999,False
22,2012-05-23,1.14,False
23,2012-05-24,1.89,False
24,2012-05-25,0.8099999999999999,False
25,2012-05-26,0.0,False
26,2012-05-27,1.92,False
27,2012-05-28,0.0,False
28,2012-05-29,1.1099999999999999,False
29,2012-05-30,0.75,False
30,2012-05-31,0.0,False
0,2012-06-01,0.0,False
1,2012-06-02,2.0,False
2,2012-06-03,0.0,False
3,2012-06-04,1.98,False
4,2012-06-05,0.8,False
5,2012-06-06,0.8,False
6,2012-06-07,0.8200000000000001,False
7,2012-06-08,0.84,False
8,2012-06-09,0.0,False
9,2012-06-10,0.0,False
10,2012-06-11,1.18,False
11,2012-06-12,1.58,False
12,2012-06-13,0.8,False
13,2012-06-14,1.6,False
14,2012-06-15,0.0,False
15,2012-06-16,0.0,False
16,2012-06-17,0.0,False
17,2012-06-18,1.98,False
18,2012-06-19,0.8,False
19,2012-06-20,1.2,False
20,2012-06-21,1.62,False
21,2012-06-22,1.72,False
22,2012-06-23,1.02,False
23,2012-06-24,0.0,False
24,2012-06-25,1.58,False
25,2012-06-26,1.98,False
26,2012-06-27,0.0,False
27,2012-06-28,0.8200000000000001,False
28,2012-06-29,1.72,False
29,2012-06-30,1.02,False
0,2012-07-01,0.0,False
1,2012-07-02,0.6,False
2,2012-07-03,0.0,False
3,2012-07-04,0.0,False
4,2012-07-05,1.23,False
5,2012-07-06,1.89,False
6,2012-07-07,0.75,False
7,2012-07-08,0.72,False
8,2012-07-09,1.17,False
9,2012-07-10,1.14,False
10,2012-07-11,0.6,False
11,2012-07-12,0.0,False
12,2012-07-13,2.4899999999999998,False
13,2012-07-14,0.0,False
14,2012-07-15,0.75,False
15,2012-07-16,1.77,False
16,2012-07-17,0.0,False
17,2012-07-18,1.2,False
18,2012-07-19,0.6,False
19,2012-07-20,0.0,False
20,2012-07-21,0.75,False
21,2012-07-22,0.0,False
22,2012-07-23,0.6,False
23,2012-07-24,1.7999999999999998,False
24,2012-07-25,3.0,False
25,2012-07-26,1.2,False
26,2012-07-27,1.26,False
27,2012-07-28,0.0,False
28,2012-07-29,0.0,False
29,2012-07-30,0.0,False
30,2012-07-31,1.17,False
0,2012-08-01,2.4,False
1,2012-08-02,1.92,False
2,2012-08-03,1.02,False
3,2012-08-04,1.17,False
4,2012-08-05,0.0,False
5,2012-08-06,1.92,False
6,2012-08-07,2.88,False
7,2012-08-08,1.44,False
8,2012-08-09,0.96,False
9,2012-08-10,1.5,False
10,2012-08-11,0.0,False
11,2012-08-12,1.7999999999999998,False
12,2012-08-13,0.96,False
13,2012-08-14,2.37,False
14,2012-08-15,3.0,False
15,2012-08-16,2.4299999999999997,False
16,2012-08-17,2.04,False
17,2012-08-18,1.2,False
18,2012-08-19,1.23,False
19,2012-08-20,1.98,False
20,2012-08-21,2.4,False
21,2012-08-22,1.89,False
22,2012-08-23,0.96,False
23,2012-08-24,2.01,False
24,2012-08-25,1.17,False
25,2012-08-26,0.0,False
26,2012-08-27,2.31,False
27,2012-08-28,1.8299999999999998,False
28,2012-08-29,0.0,False
29,2012-08-30,0.96,False
30,2012-08-31,1.44,False
0,2012-09-01,0.0,False
1,2012-09-02,0.0,False
2,2012-09-03,1.3800000000000001,False
3,2012-09-04,0.66,False
4,2012-09-05,1.32,False
5,2012-09-06,2.0,False
6,2012-09-07,0.7000000000000001,False
7,2012-09-08,0.0,False
8,2012-09-09,0.0,False
9,2012-09-10,0.0,False
10,2012-09-11,0.66,False
11,2012-09-12,0.0,False
12,2012-09-13,0.0,False
13,2012-09-14,0.68,False
14,2012-09-15,0.0,False
15,2012-09-16,0.0,False
16,2012-09-17,0.66,False
17,2012-09-18,0.0,False
18,2012-09-19,0.64,False
19,2012-09-20,0.66,False
20,2012-09-21,0.68,False
21,2012-09-22,0.0,False
22,2012-09-23,0.0,False
23,2012-09-24,0.64,False
24,2012-09-25,0.64,False
25,2012-09-26,1.3,False
26,2012-09-27,0.0,False
27,2012-09-28,0.68,False
28,2012-09-29,0.0,False
29,2012-09-30,0.0,False
0,2012-10-01,2.48,False
1,2012-10-02,0.84,False
2,2012-10-03,2.52,False
3,2012-10-04,1.6400000000000001,False
4,2012-10-05,1.68,False
5,2012-10-06,1.48,False
6,2012-10-07,0.0,False
7,2012-10-08,1.2,False
8,2012-10-09,2.0,False
9,2012-10-10,2.84,False
10,2012-10-11,1.6,False
11,2012-10-12,1.28,False
12,2012-10-13,1.48,False
13,2012-10-14,0.0,False
14,2012-10-15,1.16,False
15,2012-10-16,1.2,False
16,2012-10-17,1.6,False
17,2012-10-18,1.2,False
18,2012-10-19,1.24,False
19,2012-10-20,0.0,False
20,2012-10-21,0.96,False
21,2012-10-22,1.2,False
22,2012-10-23,2.7600000000000002,False
23,2012-10-24,4.0,False
24,2012-10-25,2.44,False
25,2012-10-26,1.28,False
26,2012-10-27,0.96,False
27,2012-10-28,0.0,False
28,2012-10-29,1.52,False
29,2012-10-30,1.56,False
30,2012-10-31,2.44,False
0,2012-11-01,2.0,False
1,2012-11-02,1.76,False
2,2012-11-03,1.12,False
3,2012-11-04,0.54,False
4,2012-11-05,1.1400000000000001,False
5,2012-11-06,1.1400000000000001,False
6,2012-11-07,1.1400000000000001,False
7,2012-11-08,1.18,False
8,2012-11-09,1.46,False
9,2012-11-10,0.56,False
10,2012-11-11,0.0,False
11,2012-11-12,0.46,False
12,2012-11-13,0.46,False
13,2012-11-14,0.9400000000000001,False
14,2012-11-15,1.18,False
15,2012-11-16,0.48,False
16,2012-11-17,0.8200000000000001,False
17,2012-11-18,0.54,False
18,2012-11-19,1.82,False
19,2012-11-20,0.9,False
20,2012-11-21,1.4000000000000001,False
21,2012-11-22,0.48,False
22,2012-11-23,0.5,False
23,2012-11-24,0.0,False
24,2012-11-25,0.0,False
25,2012-11-26,0.68,False
26,2012-11-27,0.44,False
27,2012-11-28,0.9,False
28,2012-11-29,0.68,False
29,2012-11-30,0.48,False
0,2012-12-01,0.72,False
1,2012-12-02,0.0,False
2,2012-12-03,2.12,False
3,2012-12-04,1.8,False
4,2012-12-05,4.0,False
5,2012-12-06,2.2,False
6,2012-12-07,1.6400000000000001,False
7,2012-12-08,1.48,False
8,2012-12-09,0.0,False
9,2012-12-10,0.6,False
10,2012-12-11,0.0,False
11,2012-12-12,2.16,False
12,2012-12-13,0.92,False
13,2012-12-14,2.6,False
14,2012-12-15,1.48,False
15,2012-12-16,0.0,False
16,2012-12-17,0.92,False
17,2012-12-18,1.84,False
18,2012-12-19,0.64,False
19,2012-12-20,1.6,False
20,2012-12-21,0.0,False
21,2012-12-22,0.0,False
22,2012-12-23,0.0,False
23,2012-12-24,1.52,False
24,2012-12-25,0.84,False
25,2012-12-26,0.72,False
26,2012-12-27,0.68,False
27,2012-12-28,1.36,False
28,2012-12-29,0.76,False
29,2012-12-30,0.76,False
30,2012-12-31,1.52,False
0,2013-01-01,0.0,False
1,2013-01-02,0.49000000000000005,False
2,2013-01-03,0.0,False
3,2013-01-04,0.49000000000000005,False
4,2013-01-05,0.49000000000000005,False
5,2013-01-06,0.56,False
6,2013-01-07,0.9100000000000001,False
7,2013-01-08,0.9100000000000001,False
8,2013-01-09,0.0,False
9,2013-01-10,0.42000000000000004,False
10,2013-01-11,1.4000000000000001,False
11,2013-01-12,0.0,False
12,2013-01-13,0.0,False
13,2013-01-14,0.8400000000000001,False
14,2013-01-15,0.8400000000000001,False
15,2013-01-16,0.8400000000000001,False
16,2013-01-17,0.9100000000000001,False
17,2013-01-18,0.49000000000000005,False
18,2013-01-19,0.0,False
19,2013-01-20,0.49000000000000005,False
20,2013-01-21,0.0,False
21,2013-01-22,0.42000000000000004,False
22,2013-01-23,1.33,False
23,2013-01-24,7.000000000000001,False
24,2013-01-25,6.370000000000001,False
25,2013-01-26,0.0,False
26,2013-01-27,0.9800000000000001,False
27,2013-01-28,3.0100000000000002,False
28,2013-01-29,1.2600000000000002,False
29,2013-01-30,0.42000000000000004,False
30,2013-01-31,0.8400000000000001,False
0,2013-02-01,5.390000000000001,False
1,2013-02-02,2.0300000000000002,False
2,2013-02-03,1.33,False
3,2013-02-04,3.43,False
4,2013-02-05,6.23,False
5,2013-02-06,5.74,False
6,2013-02-07,7.000000000000001,False
7,2013-02-08,3.5700000000000003,False
8,2013-02-09,1.4000000000000001,False
9,2013-02-10,1.4000000000000001,False
10,2013-02-11,5.250000000000001,False
11,2013-02-12,4.0600000000000005,False
12,2013-02-13,5.74,False
13,2013-02-14,5.880000000000001,False
14,2013-02-15,5.390000000000001,False
15,2013-02-16,1.33,False
16,2013-02-17,2.0300000000000002,False
17,2013-02-18,3.43,False
18,2013-02-19,4.48,False
19,2013-02-20,6.790000000000001,False
20,2013-02-21,4.550000000000001,False
21,2013-02-22,2.3800000000000003,False
22,2013-02-23,1.9600000000000002,False
23,2013-02-24,1.33,False
24,2013-02-25,2.7300000000000004,False
25,2013-02-26,4.970000000000001,False
26,2013-02-27,3.3600000000000003,False
27,2013-02-28,2.87,False
0,2013-03-01,2.25,False
1,2013-03-02,0.8500000000000001,False
2,2013-03-03,1.7000000000000002,False
3,2013-03-04,2.85,False
4,2013-03-05,5.0,False
5,2013-03-06,3.5500000000000003,False
6,2013-03-07,2.15,False
7,2013-03-08,2.25,False
8,2013-03-09,2.5,False
9,2013-03-10,0.0,False
10,2013-03-11,0.7000000000000001,False
11,2013-03-12,1.4000000000000001,False
12,2013-03-13,3.45,False
13,2013-03-14,4.2,False
14,2013-03-15,2.2,False
15,2013-03-16,0.0,False
16,2013-03-17,0.8,False
17,2013-03-18,2.1,False
18,2013-03-19,1.4000000000000001,False
19,2013-03-20,0.7000000000000001,False
20,2013-03-21,1.4500000000000002,False
21,2013-03-22,1.4500000000000002,False
22,2013-03-23,0.0,False
23,2013-03-24,0.8500000000000001,False
24,2013-03-25,2.85,False
25,2013-03-26,2.85,False
26,2013-03-27,1.4500000000000002,False
27,2013-03-28,3.0,False
28,2013-03-29,0.8,False
29,2013-03-30,0.8500000000000001,False
30,2013-03-31,0.0,False
0,2013-04-01,0.36,False
1,2013-04-02,0.27,False
2,2013-04-03,0.8999999999999999,False
3,2013-04-04,1.53,False
4,2013-04-05,0.27,False
5,2013-04-06,0.0,False
6,2013-04-07,0.0,False
7,2013-04-08,1.71,False
8,2013-04-09,0.8999999999999999,False
9,2013-04-10,0.27,False
10,2013-04-11,2.6999999999999997,False
11,2013-04-12,0.27,False
12,2013-04-13,0.36,False
13,2013-04-14,0.0,False
14,2013-04-15,2.07,False
15,2013-04-16,1.53,False
16,2013-04-17,0.63,False
17,2013-04-18,2.07,False
18,2013-04-19,1.53,False
19,2013-04-20,0.36,False
20,2013-04-21,0.0,False
21,2013-04-22,3.8699999999999997,False
22,2013-04-23,9.0,False
23,2013-04-24,3.8699999999999997,False
24,2013-04-25,3.78,False
25,2013-04-26,1.89,False
26,2013-04-27,1.08,False
27,2013-04-28,0.0,False
28,2013-04-29,1.53,False
29,2013-04-30,1.7999999999999998,False
0,2013-05-01,2.88,False
1,2013-05-02,4.02,False
2,2013-05-03,4.2,False
3,2013-05-04,0.0,False
4,2013-05-05,1.08,False
5,2013-05-06,1.7999999999999998,False
6,2013-05-07,3.06,False
7,2013-05-08,3.54,False
8,2013-05-09,5.88,False
9,2013-05-10,2.34,False
10,2013-05-11,1.08,False
11,2013-05-12,1.08,False
12,2013-05-13,4.8,False
13,2013-05-14,5.16,False
14,2013-05-15,3.9,False
15,2013-05-16,5.279999999999999,False
16,2013-05-17,3.6599999999999997,False
17,2013-05-18,0.0,False
18,2013-05-19,1.08,False
19,2013-05-20,3.06,False
20,2013-05-21,2.58,False
21,2013-05-22,2.58,False
22,2013-05-23,2.16,False
23,2013-05-24,3.1799999999999997,False
24,2013-05-25,2.1,False
25,2013-05-26,2.1,False
26,2013-05-27,2.6999999999999997,False
27,2013-05-28,5.52,False
28,2013-05-29,6.0,False
29,2013-05-30,4.4399999999999995,False
30,2013-05-31,3.1799999999999997,False
0,2013-06-01,2.2,False
1,2013-06-02,0.88,False
2,2013-06-03,2.52,False
3,2013-06-04,2.52,False
4,2013-06-05,2.16,False
5,2013-06-06,2.2,False
6,2013-06-07,1.12,False
7,2013-06-08,0.0,False
8,2013-06-09,1.76,False
9,2013-06-10,1.44,False
10,2013-06-11,1.4000000000000001,False
11,2013-06-12,3.24,False
12,2013-06-13,1.8,False
13,2013-06-14,1.56,False
14,2013-06-15,1.32,False
15,2013-06-16,0.88,False
16,2013-06-17,3.6,False
17,2013-06-18,1.8,False
18,2013-06-19,4.0,False
19,2013-06-20,1.48,False
20,2013-06-21,1.56,False
21,2013-06-22,1.36,False
22,2013-06-23,0.88,False
23,2013-06-24,0.72,False
24,2013-06-25,2.88,False
25,2013-06-26,0.72,False
26,2013-06-27,2.2,False
27,2013-06-28,1.56,False
28,2013-06-29,0.92,False
29,2013-06-30,1.8,False
0,2013-07-01,3.33,False
1,2013-07-02,3.06,False
2,2013-07-03,0.99,False
3,2013-07-04,0.72,False
4,2013-07-05,1.7999999999999998,False
5,2013-07-06,0.8099999999999999,False
6,2013-07-07,0.0,False
7,2013-07-08,2.07,False
8,2013-07-09,4.41,False
9,2013-07-10,3.42,False
10,2013-07-11,3.42,False
11,2013-07-12,3.5999999999999996,False
12,2013-07-13,1.71,False
13,2013-07-14,0.8099999999999999,False
14,2013-07-15,1.71,False
15,2013-07-16,4.05,False
16,2013-07-17,5.13,False
17,2013-07-18,3.06,False
18,2013-07-19,3.96,False
19,2013-07-20,0.0,False
20,2013-07-21,0.0,False
21,2013-07-22,5.76,False
22,2013-07-23,9.0,False
23,2013-07-24,3.69,False
24,2013-07-25,5.22,False
25,2013-07-26,3.8699999999999997,False
26,2013-07-27,0.8099999999999999,False
27,2013-07-28,0.8099999999999999,False
28,2013-07-29,2.6999999999999997,False
29,2013-07-30,1.6199999999999999,False
30,2013-07-31,2.34,False
0,2013-08-01,3.3,False
1,2013-08-02,1.92,False
2,2013-08-03,0.0,False
3,2013-08-04,0.0,False
4,2013-08-05,2.16,False
5,2013-08-06,3.3,False
6,2013-08-07,1.8599999999999999,False
7,2013-08-08,1.14,False
8,2013-08-09,1.14,False
9,2013-08-10,1.3199999999999998,False
10,2013-08-11,0.0,False
11,2013-08-12,0.72,False
12,2013-08-13,2.88,False
13,2013-08-14,1.5,False
14,2013-08-15,2.28,False
15,2013-08-16,3.84,False
16,2013-08-17,0.8999999999999999,False
17,2013-08-18,0.0,False
18,2013-08-19,1.44,False
19,2013-08-20,3.1799999999999997,False
20,2013-08-21,4.62,False
21,2013-08-22,3.5999999999999996,False
22,2013-08-23,6.0,False
23,2013-08-24,2.58,False
24,2013-08-25,2.52,False
25,2013-08-26,3.12,False
26,2013-08-27,3.48,False
27,2013-08-28,1.74,False
28,2013-08-29,1.44,False
29,2013-08-30,1.5,False
30,2013-08-31,0.84,False
0,2013-09-01,0.0,False
1,2013-09-02,1.26,False
2,2013-09-03,4.859999999999999,False
3,2013-09-04,1.8599999999999999,False
4,2013-09-05,2.52,False
5,2013-09-06,1.3199999999999998,False
6,2013-09-07,0.0,False
7,2013-09-08,0.72,False
8,2013-09-09,3.5999999999999996,False
9,2013-09-10,6.0,False
10,2013-09-11,4.26,False
11,2013-09-12,4.26,False
12,2013-09-13,2.52,False
13,2013-09-14,1.44,False
14,2013-09-15,0.0,False
15,2013-09-16,3.0,False
16,2013-09-17,2.4,False
17,2013-09-18,1.7999999999999998,False
18,2013-09-19,2.46,False
19,2013-09-20,0.6599999999999999,False
20,2013-09-21,0.0,False
21,2013-09-22,0.0,False
22,2013-09-23,2.4,False
23,2013-09-24,0.6,False
24,2013-09-25,1.2,False
25,2013-09-26,0.0,False
26,2013-09-27,1.92,False
27,2013-09-28,0.72,False
28,2013-09-29,0.72,False
29,2013-09-30,1.7999999999999998,False
0,2013-10-01,2.04,False
1,2013-10-02,1.44,False
2,2013-10-03,2.6399999999999997,False
3,2013-10-04,2.6399999999999997,False
4,2013-10-05,0.48,False
5,2013-10-06,0.96,False
6,2013-10-07,1.68,False
7,2013-10-08,2.28,False
8,2013-10-09,3.0,False
9,2013-10-10,3.5999999999999996,False
10,2013-10-11,2.04,False
11,2013-10-12,0.72,False
12,2013-10-13,0.0,False
13,2013-10-14,2.6399999999999997,False
14,2013-10-15,2.76,False
15,2013-10-16,1.92,False
16,2013-10-17,2.16,False
17,2013-10-18,2.28,False
18,2013-10-19,1.2,False
19,2013-10-20,0.48,False
20,2013-10-21,7.08,False
21,2013-10-22,12.0,False
22,2013-10-23,5.64,False
23,2013-10-24,3.84,False
24,2013-10-25,4.8,False
25,2013-10-26,1.2,False
26,2013-10-27,0.48,False
27,2013-10-28,1.68,False
28,2013-10-29,2.88,False
29,2013-10-30,2.16,False
30,2013-10-31,2.16,False
0,2013-11-01,4.0600000000000005,False
1,2013-11-02,0.9800000000000001,False
2,2013-11-03,2.45,False
3,2013-11-04,4.130000000000001,False
4,2013-11-05,2.45,False
5,2013-11-06,7.000000000000001,False
6,2013-11-07,5.390000000000001,False
7,2013-11-08,4.340000000000001,False
8,2013-11-09,0.9800000000000001,False
9,2013-11-10,0.9800000000000001,False
10,2013-11-11,2.87,False
11,2013-11-12,4.48,False
12,2013-11-13,3.7100000000000004,False
13,2013-11-14,3.7100000000000004,False
14,2013-11-15,2.5900000000000003,False
15,2013-11-16,2.9400000000000004,False
16,2013-11-17,0.9800000000000001,False
17,2013-11-18,4.0600000000000005,False
18,2013-11-19,2.45,False
19,2013-11-20,4.0600000000000005,False
20,2013-11-21,4.130000000000001,False
21,2013-11-22,2.5200000000000005,False
22,2013-11-23,2.3800000000000003,False
23,2013-11-24,0.9800000000000001,False
24,2013-11-25,2.0300000000000002,False
25,2013-11-26,2.45,False
26,2013-11-27,3.7100000000000004,False
27,2013-11-28,0.9100000000000001,False
28,2013-11-29,3.5000000000000004,False
29,2013-11-30,0.9800000000000001,False
0,2013-12-01,0.84,False
1,2013-12-02,3.54,False
2,2013-12-03,0.72,False
3,2013-12-04,2.16,False
4,2013-12-05,5.16,False
5,2013-12-06,3.06,False
6,2013-12-07,0.8999999999999999,False
7,2013-12-08,0.84,False
8,2013-12-09,0.72,False
9,2013-12-10,0.72,False
10,2013-12-11,2.2199999999999998,False
11,2013-12-12,2.28,False
12,2013-12-13,3.12,False
13,2013-12-14,2.6999999999999997,False
14,2013-12-15,0.0,False
15,2013-12-16,2.2199999999999998,False
16,2013-12-17,6.0,False
17,2013-12-18,5.34,False
18,2013-12-19,3.12,False
19,2013-12-20,1.6199999999999999,False
20,2013-12-21,0.0,False
21,2013-12-22,3.6599999999999997,False
22,2013-12-23,4.08,False
23,2013-12-24,2.76,False
24,2013-12-25,1.98,False
25,2013-12-26,3.36,False
26,2013-12-27,1.6199999999999999,False
27,2013-12-28,2.6399999999999997,False
28,2013-12-29,0.0,False
29,2013-12-30,2.4,False
30,2013-12-31,2.6999999999999997,False
0,2014-01-01,0.9,False
1,2014-01-02,2.6,False
2,2014-01-03,1.7000000000000002,False
3,2014-01-04,0.4,False
4,2014-01-05,1.3,False
5,2014-01-06,0.9,False
6,2014-01-07,3.6,False
7,2014-01-08,1.6,False
8,2014-01-09,1.6,False
9,2014-01-10,1.8,False
10,2014-01-11,0.8,False
11,2014-01-12,0.0,False
12,2014-01-13,1.2000000000000002,False
13,2014-01-14,1.9000000000000001,False
14,2014-01-15,1.4000000000000001,False
15,2014-01-16,1.8,False
16,2014-01-17,1.8,False
17,2014-01-18,0.4,False
18,2014-01-19,0.8,False
19,2014-01-20,0.30000000000000004,False
20,2014-01-21,0.5,False
21,2014-01-22,3.3000000000000003,False
22,2014-01-23,10.0,False
23,2014-01-24,4.0,False
24,2014-01-25,1.0,False
25,2014-01-26,0.4,False
26,2014-01-27,1.5,False
27,2014-01-28,3.8000000000000003,False
28,2014-01-29,3.1,False
29,2014-01-30,2.1,False
30,2014-01-31,2.2,False
0,2014-02-01,1.6199999999999999,False
1,2014-02-02,3.15,False
2,2014-02-03,3.5999999999999996,False
3,2014-02-04,6.39,False
4,2014-02-05,5.04,False
5,2014-02-06,4.95,False
6,2014-02-07,4.59,False
7,2014-02-08,1.6199999999999999,False
8,2014-02-09,1.53,False
9,2014-02-10,5.85,False
10,2014-02-11,4.05,False
11,2014-02-12,2.6999999999999997,False
12,2014-02-13,5.9399999999999995,False
13,2014-02-14,5.67,False
14,2014-02-15,2.16,False
15,2014-02-16,1.6199999999999999,False
16,2014-02-17,1.7999999999999998,False
17,2014-02-18,4.5,False
18,2014-02-19,5.49,False
19,2014-02-20,6.029999999999999,False
20,2014-02-21,6.12,False
21,2014-02-22,2.16,False
22,2014-02-23,2.07,False
23,2014-02-24,8.459999999999999,False
24,2014-02-25,9.0,False
25,2014-02-26,7.6499999999999995,False
26,2014-02-27,4.59,False
27,2014-02-28,7.6499999999999995,False
0,2014-03-01,2.24,False
1,2014-03-02,1.12,False
2,2014-03-03,2.3800000000000003,False
3,2014-03-04,5.8100000000000005,False
4,2014-03-05,3.8500000000000005,False
5,2014-03-06,4.83,False
6,2014-03-07,5.53,False
7,2014-03-08,2.8000000000000003,False
8,2014-03-09,1.12,False
9,2014-03-10,3.3600000000000003,False
10,2014-03-11,2.87,False
11,2014-03-12,5.74,False
12,2014-03-13,2.3800000000000003,False
13,2014-03-14,7.000000000000001,False
14,2014-03-15,2.24,False
15,2014-03-16,3.2900000000000005,False
16,2014-03-17,3.3600000000000003,False
17,2014-03-18,2.3800000000000003,False
18,2014-03-19,3.8500000000000005,False
19,2014-03-20,1.4700000000000002,False
20,2014-03-21,2.0300000000000002,False
21,2014-03-22,2.24,False
22,2014-03-23,0.0,False
23,2014-03-24,2.8000000000000003,False
24,2014-03-25,5.11,False
25,2014-03-26,3.7800000000000002,False
26,2014-03-27,4.340000000000001,False
27,2014-03-28,3.99,False
28,2014-03-29,2.24,False
29,2014-03-30,2.24,False
30,2014-03-31,2.3800000000000003,False
0,2014-04-01,2.07,False
1,2014-04-02,2.34,False
2,2014-04-03,1.7999999999999998,False
3,2014-04-04,3.2399999999999998,False
4,2014-04-05,1.26,False
5,2014-04-06,1.17,False
6,2014-04-07,3.06,False
7,2014-04-08,1.53,False
8,2014-04-09,2.07,False
9,2014-04-10,2.07,False
10,2014-04-11,4.14,False
11,2014-04-12,1.26,False
12,2014-04-13,0.63,False
13,2014-04-14,1.7999999999999998,False
14,2014-04-15,1.26,False
15,2014-04-16,2.6999999999999997,False
16,2014-04-17,2.25,False
17,2014-04-18,1.17,False
18,2014-04-19,0.63,False
19,2014-04-20,1.3499999999999999,False
20,2014-04-21,9.0,False
21,2014-04-22,7.199999999999999,False
22,2014-04-23,4.14,False
23,2014-04-24,3.42,False
24,2014-04-25,5.49,False
25,2014-04-26,1.26,False
26,2014-04-27,0.63,False
27,2014-04-28,2.88,False
28,2014-04-29,3.06,False
29,2014-04-30,3.96,False
0,2014-05-01,6.4,False
1,2014-05-02,3.6,False
2,2014-05-03,1.52,False
3,2014-05-04,0.96,False
4,2014-05-05,1.68,False
5,2014-05-06,3.7600000000000002,False
6,2014-05-07,4.5600000000000005,False
7,2014-05-08,3.36,False
8,2014-05-09,3.92,False
9,2014-05-10,2.0,False
10,2014-05-11,1.44,False
11,2014-05-12,4.88,False
12,2014-05-13,3.68,False
13,2014-05-14,4.5600000000000005,False
14,2014-05-15,3.7600000000000002,False
15,2014-05-16,3.44,False
16,2014-05-17,3.04,False
17,2014-05-18,0.0,False
18,2014-05-19,7.5200000000000005,False
19,2014-05-20,4.5600000000000005,False
20,2014-05-21,5.92,False
21,2014-05-22,5.04,False
22,2014-05-23,4.8,False
23,2014-05-24,1.12,False
24,2014-05-25,1.12,False
25,2014-05-26,1.84,False
26,2014-05-27,6.72,False
27,2014-05-28,3.2,False
28,2014-05-29,8.0,False
29,2014-05-30,5.28,False
30,2014-05-31,1.12,False
0,2014-06-01,1.02,False
1,2014-06-02,0.84,False
2,2014-06-03,2.46,False
3,2014-06-04,4.9799999999999995,False
4,2014-06-05,6.0,False
5,2014-06-06,3.5999999999999996,False
6,2014-06-07,1.08,False
7,2014-06-08,2.1,False
8,2014-06-09,4.32,False
9,2014-06-10,2.6399999999999997,False
10,2014-06-11,3.36,False
11,2014-06-12,2.58,False
12,2014-06-13,5.34,False
13,2014-06-14,0.0,False
14,2014-06-15,1.02,False
15,2014-06-16,1.68,False
16,2014-06-17,4.2,False
17,2014-06-18,5.1,False
18,2014-06-19,3.48,False
19,2014-06-20,1.7999999999999998,False
20,2014-06-21,2.1,False
21,2014-06-22,1.02,False
22,2014-06-23,2.58,False
23,2014-06-24,2.52,False
24,2014-06-25,3.36,False
25,2014-06-26,2.58,False
26,2014-06-27,0.8999999999999999,False
27,2014-06-28,1.08,False
28,2014-06-29,0.0,False
29,2014-06-30,1.74,False
0,2014-07-01,3.7100000000000004,False
1,2014-07-02,3.2900000000000005,False
2,2014-07-03,0.0,False
3,2014-07-04,0.9100000000000001,False
4,2014-07-05,0.0,False
5,2014-07-06,0.0,False
6,2014-07-07,0.42000000000000004,False
7,2014-07-08,1.61,False
8,2014-07-09,1.2600000000000002,False
9,2014-07-10,1.2600000000000002,False
10,2014-07-11,3.0100000000000002,False
11,2014-07-12,1.4700000000000002,False
12,2014-07-13,0.0,False
13,2014-07-14,0.8400000000000001,False
14,2014-07-15,1.61,False
15,2014-07-16,0.8400000000000001,False
16,2014-07-17,1.6800000000000002,False
17,2014-07-18,0.8400000000000001,False
18,2014-07-19,0.0,False
19,2014-07-20,0.49000000000000005,False
20,2014-07-21,3.2900000000000005,False
21,2014-07-22,7.000000000000001,False
22,2014-07-23,1.2600000000000002,False
23,2014-07-24,1.2600000000000002,False
24,2014-07-25,1.33,False
25,2014-07-26,0.0,False
26,2014-07-27,0.49000000000000005,False
27,2014-07-28,0.42000000000000004,False
28,2014-07-29,1.6800000000000002,False
29,2014-07-30,2.5200000000000005,False
30,2014-07-31,2.5200000000000005,False
0,2014-08-01,2.84,False
1,2014-08-02,1.6400000000000001,False
2,2014-08-03,0.84,False
3,2014-08-04,2.0,False
4,2014-08-05,0.68,False
5,2014-08-06,0.68,False
6,2014-08-07,0.96,False
7,2014-08-08,1.44,False
8,2014-08-09,0.0,False
9,2014-08-10,0.8,False
10,2014-08-11,0.68,False
11,2014-08-12,0.68,False
12,2014-08-13,1.36,False
13,2014-08-14,2.7600000000000002,False
14,2014-08-15,1.44,False
15,2014-08-16,1.6,False
16,2014-08-17,0.0,False
17,2014-08-18,3.36,False
18,2014-08-19,0.68,False
19,2014-08-20,2.0,False
20,2014-08-21,4.0,False
21,2014-08-22,1.4000000000000001,False
22,2014-08-23,0.0,False
23,2014-08-24,1.6,False
24,2014-08-25,1.92,False
25,2014-08-26,2.64,False
26,2014-08-27,1.96,False
27,2014-08-28,1.32,False
28,2014-08-29,0.68,False
29,2014-08-30,1.6,False
30,2014-08-31,0.0,False
0,2014-09-01,0.0,False
1,2014-09-02,0.0,False
2,2014-09-03,0.68,False
3,2014-09-04,2.08,False
4,2014-09-05,1.44,False
5,2014-09-06,0.84,False
6,2014-09-07,0.0,False
7,2014-09-08,2.0,False
8,2014-09-09,4.0,False
9,2014-09-10,0.0,False
10,2014-09-11,1.36,False
11,2014-09-12,0.72,False
12,2014-09-13,0.0,False
13,2014-09-14,0.0,False
14,2014-09-15,1.36,False
15,2014-09-16,2.72,False
16,2014-09-17,1.36,False
17,2014-09-18,0.68,False
18,2014-09-19,0.0,False
19,2014-09-20,1.6400000000000001,False
20,2014-09-21,0.8,False
21,2014-09-22,3.36,False
22,2014-09-23,2.04,False
23,2014-09-24,2.0,False
24,2014-09-25,2.72,False
25,2014-09-26,0.0,False
26,2014-09-27,0.0,False
27,2014-09-28,1.6,False
28,2014-09-29,2.0,False
29,2014-09-30,0.68,False
0,2014-10-01,1.7000000000000002,False
1,2014-10-02,2.0,False
2,2014-10-03,0.9,False
3,2014-10-04,0.5,False
4,2014-10-05,0.5,False
5,2014-10-06,1.1,False
6,2014-10-07,0.9,False
7,2014-10-08,1.1,False
8,2014-10-09,1.1,False
9,2014-10-10,0.7000000000000001,False
10,2014-10-11,0.5,False
11,2014-10-12,0.5,False
12,2014-10-13,2.1,False
13,2014-10-14,2.7,False
14,2014-10-15,7.6000000000000005,False
15,2014-10-16,10.0,False
16,2014-10-17,6.7,False
17,2014-10-18,1.0,False
18,2014-10-19,1.5,False
19,2014-10-20,1.9000000000000001,False
20,2014-10-21,2.7,False
21,2014-10-22,3.0,False
22,2014-10-23,4.3,False
23,2014-10-24,2.4000000000000004,False
24,2014-10-25,0.8,False
25,2014-10-26,0.5,False
26,2014-10-27,1.9000000000000001,False
27,2014-10-28,1.7000000000000002,False
28,2014-10-29,1.9000000000000001,False
29,2014-10-30,1.7000000000000002,False
30,2014-10-31,3.8000000000000003,False
0,2014-11-01,0.0,False
1,2014-11-02,3.6,False
2,2014-11-03,2.0500000000000003,False
3,2014-11-04,4.0,False
4,2014-11-05,3.0,False
5,2014-11-06,5.0,False
6,2014-11-07,2.1,False
7,2014-11-08,1.2000000000000002,False
8,2014-11-09,1.1500000000000001,False
9,2014-11-10,2.0,False
10,2014-11-11,4.0,False
11,2014-11-12,2.0,False
12,2014-11-13,3.0,False
13,2014-11-14,3.1,False
14,2014-11-15,0.0,False
15,2014-11-16,1.1500000000000001,False
16,2014-11-17,0.0,False
17,2014-11-18,1.1,False
18,2014-11-19,3.1,False
19,2014-11-20,2.0,False
20,2014-11-21,4.2,False
21,2014-11-22,1.1500000000000001,False
22,2014-11-23,1.1500000000000001,False
23,2014-11-24,1.9500000000000002,False
24,2014-11-25,4.9,False
25,2014-11-26,4.0,False
26,2014-11-27,0.0,False
27,2014-11-28,1.05,False
28,2014-11-29,1.2000000000000002,False
29,2014-11-30,0.0,False
0,2014-12-01,3.12,False
1,2014-12-02,2.36,False
2,2014-12-03,4.0,False
3,2014-12-04,1.2,False
4,2014-12-05,1.68,False
5,2014-12-06,1.44,False
6,2014-12-07,1.8800000000000001,False
7,2014-12-08,2.04,False
8,2014-12-09,2.0,False
9,2014-12-10,3.2,False
10,2014-12-11,1.6400000000000001,False
11,2014-12-12,2.96,False
12,2014-12-13,0.96,False
13,2014-12-14,0.0,False
14,2014-12-15,0.8,False
15,2014-12-16,1.6400000000000001,False
16,2014-12-17,2.88,False
17,2014-12-18,2.56,False
18,2014-12-19,3.52,False
19,2014-12-20,1.52,False
20,2014-12-21,0.0,False
21,2014-12-22,1.72,False
22,2014-12-23,3.56,False
23,2014-12-24,3.48,False
24,2014-12-25,1.08,False
25,2014-12-26,2.4,False
26,2014-12-27,0.0,False
27,2014-12-28,0.96,False
28,2014-12-29,3.0,False
29,2014-12-30,2.64,False
30,2014-12-31,0.96,False
0,2015-01-01,0.35000000000000003,False
1,2015-01-02,0.8400000000000001,False
2,2015-01-03,0.8400000000000001,False
3,2015-01-04,0.0,False
4,2015-01-05,0.28,False
5,2015-01-06,0.49000000000000005,False
6,2015-01-07,0.28,False
7,2015-01-08,0.77,False
8,2015-01-09,1.2600000000000002,False
9,2015-01-10,0.28,False
10,2015-01-11,0.28,False
11,2015-01-12,0.9800000000000001,False
12,2015-01-13,0.7000000000000001,False
13,2015-01-14,0.9800000000000001,False
14,2015-01-15,0.28,False
15,2015-01-16,0.49000000000000005,False
16,2015-01-17,0.0,False
17,2015-01-18,0.0,False
18,2015-01-19,0.21000000000000002,False
19,2015-01-20,2.1700000000000004,False
20,2015-01-21,7.000000000000001,False
21,2015-01-22,3.8500000000000005,False
22,2015-01-23,1.54,False
23,2015-01-24,0.56,False
24,2015-01-25,0.56,False
25,2015-01-26,1.1900000000000002,False
26,2015-01-27,0.7000000000000001,False
27,2015-01-28,2.3800000000000003,False
28,2015-01-29,2.3800000000000003,False
29,2015-01-30,1.2600000000000002,False
30,2015-01-31,0.28,False
0,2015-02-01,0.0,False
1,2015-02-02,3.2,False
2,2015-02-03,1.28,False
3,2015-02-04,3.2,False
4,2015-02-05,0.64,False
5,2015-02-06,2.72,False
6,2015-02-07,0.76,False
7,2015-02-08,0.0,False
8,2015-02-09,0.64,False
9,2015-02-10,1.92,False
10,2015-02-11,1.92,False
11,2015-02-12,3.2800000000000002,False
12,2015-02-13,2.72,False
13,2015-02-14,0.0,False
14,2015-02-15,0.76,False
15,2015-02-16,0.68,False
16,2015-02-17,4.0,False
17,2015-02-18,1.96,False
18,2015-02-19,2.64,False
19,2015-02-20,2.72,False
20,2015-02-21,0.76,False
21,2015-02-22,0.76,False
22,2015-02-23,2.56,False
23,2015-02-24,1.92,False
24,2015-02-25,1.92,False
25,2015-02-26,2.6,False
26,2015-02-27,2.68,False
27,2015-02-28,1.48,False
0,2015-03-01,0.6,False
1,2015-03-02,1.32,False
2,2015-03-03,2.4,False
3,2015-03-04,1.08,False
4,2015-03-05,2.2,False
5,2015-03-06,4.0,False
6,2015-03-07,0.96,False
7,2015-03-08,0.64,False
8,2015-03-09,1.36,False
9,2015-03-10,1.32,False
10,2015-03-11,1.8800000000000001,False
11,2015-03-12,1.92,False
12,2015-03-13,1.12,False
13,2015-03-14,0.0,False
14,2015-03-15,0.0,False
15,2015-03-16,2.72,False
16,2015-03-17,0.56,False
17,2015-03-18,2.72,False
18,2015-03-19,2.16,False
19,2015-03-20,1.68,False
20,2015-03-21,0.64,False
21,2015-03-22,0.0,False
22,2015-03-23,1.36,False
23,2015-03-24,2.68,False
24,2015-03-25,2.7600000000000002,False
25,2015-03-26,2.52,False
26,2015-03-27,2.0,False
27,2015-03-28,0.68,False
28,2015-03-29,0.0,False
29,2015-03-30,0.8,False
30,2015-03-31,1.6400000000000001,False
0,2015-04-01,0.8,False
1,2015-04-02,1.1,False
2,2015-04-03,0.7000000000000001,False
3,2015-04-04,0.0,False
4,2015-04-05,0.0,False
5,2015-04-06,0.8,False
6,2015-04-07,1.2000000000000002,False
7,2015-04-08,0.6000000000000001,False
8,2015-04-09,0.6000000000000001,False
9,2015-04-10,1.3,False
10,2015-04-11,0.9,False
11,2015-04-12,0.7000000000000001,False
12,2015-04-13,2.8000000000000003,False
13,2015-04-14,1.8,False
14,2015-04-15,5.7,False
15,2015-04-16,10.0,False
16,2015-04-17,6.0,False
17,2015-04-18,1.6,False
18,2015-04-19,1.1,False
19,2015-04-20,2.4000000000000004,False
20,2015-04-21,2.4000000000000004,False
21,2015-04-22,3.2,False
22,2015-04-23,1.4000000000000001,False
23,2015-04-24,1.3,False
24,2015-04-25,0.0,False
25,2015-04-26,1.4000000000000001,False
26,2015-04-27,1.6,False
27,2015-04-28,2.1,False
28,2015-04-29,1.2000000000000002,False
29,2015-04-30,1.4000000000000001,False
0,2015-05-01,3.5700000000000003,False
1,2015-05-02,0.8400000000000001,False
2,2015-05-03,0.8400000000000001,False
3,2015-05-04,2.5200000000000005,False
4,2015-05-05,4.2700000000000005,False
5,2015-05-06,4.2700000000000005,False
6,2015-05-07,2.5200000000000005,False
7,2015-05-08,1.54,False
8,2015-05-09,1.7500000000000002,False
9,2015-05-10,0.8400000000000001,False
10,2015-05-11,3.9200000000000004,False
11,2015-05-12,3.1500000000000004,False
12,2015-05-13,3.22,False
13,2015-05-14,4.340000000000001,False
14,2015-05-15,6.370000000000001,False
15,2015-05-16,4.62,False
16,2015-05-17,2.5200000000000005,False
17,2015-05-18,3.8500000000000005,False
18,2015-05-19,7.000000000000001,False
19,2015-05-20,4.2,False
20,2015-05-21,5.74,False
21,2015-05-22,5.6000000000000005,False
22,2015-05-23,0.8400000000000001,False
23,2015-05-24,0.8400000000000001,False
24,2015-05-25,0.7000000000000001,False
25,2015-05-26,1.7500000000000002,False
26,2015-05-27,3.1500000000000004,False
27,2015-05-28,4.2700000000000005,False
28,2015-05-29,2.9400000000000004,False
29,2015-05-30,0.0,False
30,2015-05-31,0.8400000000000001,False
0,2015-06-01,1.56,False
1,2015-06-02,2.6399999999999997,False
2,2015-06-03,1.7999999999999998,False
3,2015-06-04,3.0,False
4,2015-06-05,2.4,False
5,2015-06-06,1.68,False
6,2015-06-07,1.08,False
7,2015-06-08,1.56,False
8,2015-06-09,2.6399999999999997,False
9,2015-06-10,6.0,False
10,2015-06-11,6.12,False
11,2015-06-12,3.5999999999999996,False
12,2015-06-13,1.68,False
13,2015-06-14,0.48,False
14,2015-06-15,1.3199999999999998,False
15,2015-06-16,3.7199999999999998,False
16,2015-06-17,2.04,False
17,2015-06-18,3.5999999999999996,False
18,2015-06-19,2.4,False
19,2015-06-20,0.6,False
20,2015-06-21,0.6,False
21,2015-06-22,3.36,False
22,2015-06-23,5.76,False
23,2015-06-24,12.0,False
24,2015-06-25,6.84,False
25,2015-06-26,6.359999999999999,False
26,2015-06-27,1.3199999999999998,False
27,2015-06-28,1.3199999999999998,False
28,2015-06-29,6.6,False
29,2015-06-30,4.68,False
0,2015-07-01,3.0,False
1,2015-07-02,2.25,False
2,2015-07-03,1.25,False
3,2015-07-04,1.5,False
4,2015-07-05,1.5,False
5,2015-07-06,3.75,False
6,2015-07-07,3.0,False
7,2015-07-08,3.75,False
8,2015-07-09,3.5,False
9,2015-07-10,4.25,False
10,2015-07-11,1.5,False
11,2015-07-12,1.75,False
12,2015-07-13,5.5,False
13,2015-07-14,7.0,False
14,2015-07-15,19.5,False
15,2015-07-16,25.0,False
16,2015-07-17,15.0,False
17,2015-07-18,4.0,False
18,2015-07-19,2.75,False
19,2015-07-20,7.0,False
20,2015-07-21,7.25,False
21,2015-07-22,9.5,False
22,2015-07-23,6.25,False
23,2015-07-24,9.0,False
24,2015-07-25,3.5,False
25,2015-07-26,0.5,False
26,2015-07-27,6.0,False
27,2015-07-28,7.0,False
28,2015-07-29,5.75,False
29,2015-07-30,4.5,False
30,2015-07-31,5.5,False
0,2015-08-01,1.5,False
1,2015-08-02,2.4,False
2,2015-08-03,7.199999999999999,False
3,2015-08-04,18.3,False
4,2015-08-05,19.2,False
5,2015-08-06,13.5,False
6,2015-08-07,9.0,False
7,2015-08-08,0.8999999999999999,False
8,2015-08-09,2.4,False
9,2015-08-10,11.1,False
10,2015-08-11,12.6,False
11,2015-08-12,8.7,False
12,2015-08-13,9.299999999999999,False
13,2015-08-14,10.2,False
14,2015-08-15,4.8,False
15,2015-08-16,0.8999999999999999,False
16,2015-08-17,7.199999999999999,False
17,2015-08-18,7.8,False
18,2015-08-19,11.1,False
19,2015-08-20,10.5,False
20,2015-08-21,18.9,False
21,2015-08-22,5.3999999999999995,False
22,2015-08-23,3.0,False
23,2015-08-24,24.3,False
24,2015-08-25,30.0,False
25,2015-08-26,20.099999999999998,False
26,2015-08-27,26.7,False
27,2015-08-28,22.8,False
28,2015-08-29,3.0,False
29,2015-08-30,1.5,False
30,2015-08-31,14.399999999999999,False
0,2015-09-01,21.000000000000004,False
1,2015-09-02,27.44,False
2,2015-09-03,22.400000000000002,False
3,2015-09-04,28.000000000000004,False
4,2015-09-05,4.48,False
5,2015-09-06,2.5200000000000005,False
6,2015-09-07,3.9200000000000004,False
7,2015-09-08,24.360000000000003,False
8,2015-09-09,22.680000000000003,False
9,2015-09-10,20.44,False
10,2015-09-11,19.32,False
11,2015-09-12,3.9200000000000004,False
12,2015-09-13,2.5200000000000005,False
13,2015-09-14,11.48,False
14,2015-09-15,13.160000000000002,False
15,2015-09-16,15.400000000000002,False
16,2015-09-17,15.680000000000001,False
17,2015-09-18,15.400000000000002,False
18,2015-09-19,5.6000000000000005,False
19,2015-09-20,0.8400000000000001,False
20,2015-09-21,12.32,False
21,2015-09-22,15.400000000000002,False
22,2015-09-23,10.64,False
23,2015-09-24,15.120000000000001,False
24,2015-09-25,15.400000000000002,False
25,2015-09-26,1.6800000000000002,False
26,2015-09-27,3.3600000000000003,False
27,2015-09-28,11.48,False
28,2015-09-29,13.72,False
29,2015-09-30,11.48,False
0,2015-10-01,8.91,False
1,2015-10-02,14.31,False
2,2015-10-03,2.16,False
3,2015-10-04,0.81,False
4,2015-10-05,8.100000000000001,False
5,2015-10-06,9.72,False
6,2015-10-07,8.91,False
7,2015-10-08,12.420000000000002,False
8,2015-10-09,14.580000000000002,False
9,2015-10-10,2.16,False
10,2015-10-11,1.35,False
11,2015-10-12,12.690000000000001,False
12,2015-10-13,9.72,False
13,2015-10-14,19.71,False
14,2015-10-15,27.0,False
15,2015-10-16,14.580000000000002,False
16,2015-10-17,2.7,False
17,2015-10-18,2.7,False
18,2015-10-19,14.580000000000002,False
19,2015-10-20,6.75,False
20,2015-10-21,6.210000000000001,False
21,2015-10-22,11.88,False
22,2015-10-23,10.260000000000002,False
23,2015-10-24,4.050000000000001,False
24,2015-10-25,0.54,False
25,2015-10-26,5.130000000000001,False
26,2015-10-27,8.64,False
27,2015-10-28,10.8,False
28,2015-10-29,11.610000000000001,False
29,2015-10-30,4.32,False
30,2015-10-31,2.16,False
0,2015-11-01,0.95,False
1,2015-11-02,16.34,False
2,2015-11-03,7.6,False
3,2015-11-04,15.58,False
4,2015-11-05,10.07,False
5,2015-11-06,11.4,False
6,2015-11-07,2.66,False
7,2015-11-08,1.71,False
8,2015-11-09,13.68,False
9,2015-11-10,12.35,False
10,2015-11-11,7.22,False
11,2015-11-12,10.26,False
12,2015-11-13,9.69,False
13,2015-11-14,4.5600000000000005,False
14,2015-11-15,1.71,False
15,2015-11-16,15.58,False
16,2015-11-17,12.16,False
17,2015-11-18,16.91,False
18,2015-11-19,19.0,False
19,2015-11-20,15.2,False
20,2015-11-21,4.5600000000000005,False
21,2015-11-22,3.61,False
22,2015-11-23,9.88,False
23,2015-11-24,14.63,False
24,2015-11-25,15.39,False
25,2015-11-26,0.76,False
26,2015-11-27,7.22,False
27,2015-11-28,0.0,False
28,2015-11-29,0.95,False
29,2015-11-30,9.88,False
0,2015-12-01,10.370000000000001,False
1,2015-12-02,17.0,False
2,2015-12-03,9.01,False
3,2015-12-04,13.430000000000001,False
4,2015-12-05,4.930000000000001,False
5,2015-12-06,4.760000000000001,False
6,2015-12-07,16.150000000000002,False
7,2015-12-08,13.940000000000001,False
8,2015-12-09,12.07,False
9,2015-12-10,9.860000000000001,False
10,2015-12-11,14.450000000000001,False
11,2015-12-12,1.87,False
12,2015-12-13,1.02,False
13,2015-12-14,10.370000000000001,False
14,2015-12-15,8.33,False
15,2015-12-16,11.9,False
16,2015-12-17,8.67,False
17,2015-12-18,8.16,False
18,2015-12-19,3.06,False
19,2015-12-20,1.02,False
20,2015-12-21,13.940000000000001,False
21,2015-12-22,9.690000000000001,False
22,2015-12-23,3.74,False
23,2015-12-24,8.33,False
24,2015-12-25,3.4000000000000004,False
25,2015-12-26,1.02,False
26,2015-12-27,3.06,False
27,2015-12-28,9.860000000000001,False
28,2015-12-29,11.73,False
29,2015-12-30,8.16,False
30,2015-12-31,6.970000000000001,False
0,2016-01-01,1.6500000000000001,False
1,2016-01-02,0.0,False
2,2016-01-03,0.0,False
3,2016-01-04,12.21,False
4,2016-01-05,11.88,False
5,2016-01-06,23.76,False
6,2016-01-07,23.1,False
7,2016-01-08,15.180000000000001,False
8,2016-01-09,4.29,False
9,2016-01-10,1.98,False
10,2016-01-11,7.590000000000001,False
11,2016-01-12,8.25,False
12,2016-01-13,15.510000000000002,False
13,2016-01-14,14.850000000000001,False
14,2016-01-15,18.810000000000002,False
15,2016-01-16,1.98,False
16,2016-01-17,1.98,False
17,2016-01-18,0.66,False
18,2016-01-19,25.41,False
19,2016-01-20,33.0,False
20,2016-01-21,21.12,False
21,2016-01-22,17.82,False
22,2016-01-23,0.66,False
23,2016-01-24,0.66,False
24,2016-01-25,12.540000000000001,False
25,2016-01-26,15.84,False
26,2016-01-27,16.5,False
27,2016-01-28,20.790000000000003,False
28,2016-01-29,13.200000000000001,False
29,2016-01-30,5.61,False
30,2016-01-31,1.98,False
0,2016-02-01,19.5,False
1,2016-02-02,11.700000000000001,False
2,2016-02-03,18.72,False
3,2016-02-04,16.64,False
4,2016-02-05,22.36,False
5,2016-02-06,4.16,False
6,2016-02-07,1.82,False
7,2016-02-08,26.0,False
8,2016-02-09,20.28,False
9,2016-02-10,22.62,False
10,2016-02-11,20.8,False
11,2016-02-12,16.38,False
12,2016-02-13,3.12,False
13,2016-02-14,0.78,False
14,2016-02-15,2.08,False
15,2016-02-16,9.620000000000001,False
16,2016-02-17,16.38,False
17,2016-02-18,22.1,False
18,2016-02-19,10.4,False
19,2016-02-20,2.8600000000000003,False
20,2016-02-21,1.82,False
21,2016-02-22,14.3,False
22,2016-02-23,15.600000000000001,False
23,2016-02-24,13.52,False
24,2016-02-25,15.600000000000001,False
25,2016-02-26,15.08,False
26,2016-02-27,1.3,False
27,2016-02-28,1.3,False
28,2016-02-29,12.48,False
0,2016-03-01,10.92,False
1,2016-03-02,17.009999999999998,False
2,2016-03-03,13.02,False
3,2016-03-04,9.24,False
4,2016-03-05,4.62,False
5,2016-03-06,1.89,False
6,2016-03-07,10.5,False
7,2016-03-08,21.0,False
8,2016-03-09,14.7,False
9,2016-03-10,14.07,False
10,2016-03-11,11.969999999999999,False
11,2016-03-12,1.05,False
12,2016-03-13,2.73,False
13,2016-03-14,12.18,False
14,2016-03-15,8.19,False
15,2016-03-16,14.49,False
16,2016-03-17,14.91,False
17,2016-03-18,11.969999999999999,False
18,2016-03-19,0.0,False
19,2016-03-20,1.89,False
20,2016-03-21,8.19,False
21,2016-03-22,12.18,False
22,2016-03-23,15.75,False
23,2016-03-24,6.09,False
24,2016-03-25,4.62,False
25,2016-03-26,1.89,False
26,2016-03-27,5.04,False
27,2016-03-28,9.24,False
28,2016-03-29,19.32,False
29,2016-03-30,16.38,False
30,2016-03-31,12.389999999999999,False
0,2016-04-01,4.93,False
1,2016-04-02,1.45,False
2,2016-04-03,0.58,False
3,2016-04-04,8.12,False
4,2016-04-05,4.06,False
5,2016-04-06,7.249999999999999,False
6,2016-04-07,6.38,False
7,2016-04-08,5.22,False
8,2016-04-09,2.9,False
9,2016-04-10,0.58,False
10,2016-04-11,4.35,False
11,2016-04-12,6.959999999999999,False
12,2016-04-13,10.149999999999999,False
13,2016-04-14,7.829999999999999,False
14,2016-04-15,6.67,False
15,2016-04-16,0.8699999999999999,False
16,2016-04-17,1.16,False
17,2016-04-18,20.299999999999997,False
18,2016-04-19,28.999999999999996,False
19,2016-04-20,16.529999999999998,False
20,2016-04-21,18.56,False
21,2016-04-22,11.6,False
22,2016-04-23,2.03,False
23,2016-04-24,1.16,False
24,2016-04-25,9.569999999999999,False
25,2016-04-26,7.829999999999999,False
26,2016-04-27,11.889999999999999,False
27,2016-04-28,10.44,False
28,2016-04-29,7.829999999999999,False
29,2016-04-30,1.45,False
0,2016-05-01,1.54,False
1,2016-05-02,14.08,False
2,2016-05-03,16.5,False
3,2016-05-04,14.52,False
4,2016-05-05,12.76,False
5,2016-05-06,15.4,False
6,2016-05-07,1.98,False
7,2016-05-08,2.42,False
8,2016-05-09,13.64,False
9,2016-05-10,17.16,False
10,2016-05-11,22.0,False
11,2016-05-12,22.0,False
12,2016-05-13,17.16,False
13,2016-05-14,2.86,False
14,2016-05-15,0.88,False
15,2016-05-16,11.0,False
16,2016-05-17,15.18,False
17,2016-05-18,12.540000000000001,False
18,2016-05-19,8.36,False
19,2016-05-20,12.98,False
20,2016-05-21,1.98,False
21,2016-05-22,0.88,False
22,2016-05-23,12.98,False
23,2016-05-24,20.68,False
24,2016-05-25,17.16,False
25,2016-05-26,18.7,False
26,2016-05-27,19.580000000000002,False
27,2016-05-28,3.08,False
28,2016-05-29,1.1,False
29,2016-05-30,2.64,False
30,2016-05-31,9.24,False
0,2016-06-01,14.06,False
1,2016-06-02,10.64,False
2,2016-06-03,12.92,False
3,2016-06-04,2.2800000000000002,False
4,2016-06-05,1.1400000000000001,False
5,2016-06-06,11.78,False
6,2016-06-07,9.5,False
7,2016-06-08,12.35,False
8,2016-06-09,9.69,False
9,2016-06-10,12.35,False
10,2016-06-11,2.66,False
11,2016-06-12,3.23,False
12,2016-06-13,14.82,False
13,2016-06-14,12.92,False
14,2016-06-15,15.58,False
15,2016-06-16,11.78,False
16,2016-06-17,7.41,False
17,2016-06-18,4.5600000000000005,False
18,2016-06-19,1.1400000000000001,False
19,2016-06-20,7.6,False
20,2016-06-21,15.39,False
21,2016-06-22,9.88,False
22,2016-06-23,16.72,False
23,2016-06-24,16.91,False
24,2016-06-25,1.71,False
25,2016-06-26,2.2800000000000002,False
26,2016-06-27,15.01,False
27,2016-06-28,19.0,False
28,2016-06-29,15.39,False
29,2016-06-30,17.1,False
0,2016-07-01,7.260000000000001,False
1,2016-07-02,3.3000000000000003,False
2,2016-07-03,0.0,False
3,2016-07-04,0.99,False
4,2016-07-05,5.61,False
5,2016-07-06,8.25,False
6,2016-07-07,4.62,False
7,2016-07-08,3.6300000000000003,False
8,2016-07-09,0.33,False
9,2016-07-10,0.99,False
10,2016-07-11,6.6000000000000005,False
11,2016-07-12,9.57,False
12,2016-07-13,5.28,False
13,2016-07-14,7.260000000000001,False
14,2016-07-15,6.2700000000000005,False
15,2016-07-16,0.99,False
16,2016-07-17,1.32,False
17,2016-07-18,15.180000000000001,False
18,2016-07-19,33.0,False
19,2016-07-20,18.150000000000002,False
20,2016-07-21,14.850000000000001,False
21,2016-07-22,12.870000000000001,False
22,2016-07-23,0.99,False
23,2016-07-24,0.99,False
24,2016-07-25,8.25,False
25,2016-07-26,11.55,False
26,2016-07-27,9.24,False
27,2016-07-28,14.520000000000001,False
28,2016-07-29,5.28,False
29,2016-07-30,0.33,False
30,2016-07-31,0.33,False
0,2016-08-01,13.139999999999999,False
1,2016-08-02,9.36,False
2,2016-08-03,10.98,False
3,2016-08-04,9.0,False
4,2016-08-05,16.02,False
5,2016-08-06,2.6999999999999997,False
6,2016-08-07,4.5,False
7,2016-08-08,5.22,False
8,2016-08-09,12.78,False
9,2016-08-10,7.56,False
10,2016-08-11,18.0,False
11,2016-08-12,14.58,False
12,2016-08-13,0.8999999999999999,False
13,2016-08-14,0.0,False
14,2016-08-15,7.199999999999999,False
15,2016-08-16,11.7,False
16,2016-08-17,8.64,False
17,2016-08-18,11.879999999999999,False
18,2016-08-19,7.92,False
19,2016-08-20,1.7999999999999998,False
20,2016-08-21,0.8999999999999999,False
21,2016-08-22,3.06,False
22,2016-08-23,6.84,False
23,2016-08-24,6.66,False
24,2016-08-25,6.66,False
25,2016-08-26,11.34,False
26,2016-08-27,0.8999999999999999,False
27,2016-08-28,0.8999999999999999,False
28,2016-08-29,9.9,False
29,2016-08-30,6.4799999999999995,False
30,2016-08-31,7.199999999999999,False
0,2016-09-01,6.16,False
1,2016-09-02,7.140000000000001,False
2,2016-09-03,0.0,False
3,2016-09-04,0.8400000000000001,False
4,2016-09-05,2.1,False
5,2016-09-06,7.420000000000001,False
6,2016-09-07,10.360000000000001,False
7,2016-09-08,7.5600000000000005,False
8,2016-09-09,4.9,False
9,2016-09-10,1.54,False
10,2016-09-11,1.54,False
11,2016-09-12,7.000000000000001,False
12,2016-09-13,5.460000000000001,False
13,2016-09-14,9.520000000000001,False
14,2016-09-15,6.16,False
15,2016-09-16,6.300000000000001,False
16,2016-09-17,0.0,False
17,2016-09-18,0.0,False
18,2016-09-19,3.9200000000000004,False
19,2016-09-20,6.0200000000000005,False
20,2016-09-21,8.680000000000001,False
21,2016-09-22,4.760000000000001,False
22,2016-09-23,9.940000000000001,False
23,2016-09-24,0.0,False
24,2016-09-25,0.7000000000000001,False
25,2016-09-26,6.580000000000001,False
26,2016-09-27,14.000000000000002,False
27,2016-09-28,6.0200000000000005,False
28,2016-09-29,5.460000000000001,False
29,2016-09-30,7.000000000000001,False
0,2016-10-01,1.08,False
1,2016-10-02,0.81,False
2,2016-10-03,8.91,False
3,2016-10-04,7.0200000000000005,False
4,2016-10-05,7.5600000000000005,False
5,2016-10-06,5.67,False
6,2016-10-07,9.72,False
7,2016-10-08,1.08,False
8,2016-10-09,0.0,False
9,2016-10-10,3.7800000000000002,False
10,2016-10-11,3.24,False
11,2016-10-12,3.7800000000000002,False
12,2016-10-13,3.5100000000000002,False
13,2016-10-14,5.4,False
14,2016-10-15,0.54,False
15,2016-10-16,1.8900000000000001,False
16,2016-10-17,20.520000000000003,False
17,2016-10-18,27.0,False
18,2016-10-19,12.96,False
19,2016-10-20,7.0200000000000005,False
20,2016-10-21,9.99,False
21,2016-10-22,1.8900000000000001,False
22,2016-10-23,1.8900000000000001,False
23,2016-10-24,10.8,False
24,2016-10-25,6.75,False
25,2016-10-26,7.83,False
26,2016-10-27,5.4,False
27,2016-10-28,5.67,False
28,2016-10-29,0.54,False
29,2016-10-30,0.54,False
30,2016-10-31,5.67,False
0,2016-11-01,10.35,False
1,2016-11-02,9.75,False
2,2016-11-03,10.049999999999999,False
3,2016-11-04,5.3999999999999995,False
4,2016-11-05,3.0,False
5,2016-11-06,0.8999999999999999,False
6,2016-11-07,9.45,False
7,2016-11-08,9.45,False
8,2016-11-09,15.0,False
9,2016-11-10,14.549999999999999,False
10,2016-11-11,15.0,False
11,2016-11-12,4.95,False
12,2016-11-13,1.95,False
13,2016-11-14,13.35,False
14,2016-11-15,12.6,False
15,2016-11-16,10.799999999999999,False
16,2016-11-17,13.049999999999999,False
17,2016-11-18,8.549999999999999,False
18,2016-11-19,1.5,False
19,2016-11-20,2.85,False
20,2016-11-21,10.2,False
21,2016-11-22,13.2,False
22,2016-11-23,8.7,False
23,2016-11-24,0.8999999999999999,False
24,2016-11-25,4.95,False
25,2016-11-26,0.8999999999999999,False
26,2016-11-27,1.95,False
27,2016-11-28,6.45,False
28,2016-11-29,6.1499999999999995,False
29,2016-11-30,12.45,False
0,2016-12-01,9.48,False
1,2016-12-02,6.72,False
2,2016-12-03,2.52,False
3,2016-12-04,0.84,False
4,2016-12-05,7.8,False
5,2016-12-06,7.68,False
6,2016-12-07,6.359999999999999,False
7,2016-12-08,10.92,False
8,2016-12-09,12.0,False
9,2016-12-10,2.52,False
10,2016-12-11,1.56,False
11,2016-12-12,4.2,False
12,2016-12-13,10.799999999999999,False
13,2016-12-14,5.04,False
14,2016-12-15,9.48,False
15,2016-12-16,6.24,False
16,2016-12-17,2.52,False
17,2016-12-18,0.84,False
18,2016-12-19,5.88,False
19,2016-12-20,8.28,False
20,2016-12-21,6.84,False
21,2016-12-22,8.64,False
22,2016-12-23,8.04,False
23,2016-12-24,0.96,False
24,2016-12-25,0.96,False
25,2016-12-26,0.0,False
26,2016-12-27,7.68,False
27,2016-12-28,6.96,False
28,2016-12-29,3.12,False
29,2016-12-30,5.64,False
30,2016-12-31,2.6399999999999997,False
0,2017-01-01,0.42,False
1,2017-01-02,0.42,False
2,2017-01-03,3.36,False
3,2017-01-04,5.88,False
4,2017-01-05,4.2,False
5,2017-01-06,5.67,False
6,2017-01-07,1.05,False
7,2017-01-08,0.0,False
8,2017-01-09,3.9899999999999998,False
9,2017-01-10,3.9899999999999998,False
10,2017-01-11,2.73,False
11,2017-01-12,2.1,False
12,2017-01-13,2.31,False
13,2017-01-14,2.1,False
14,2017-01-15,1.05,False
15,2017-01-16,3.78,False
16,2017-01-17,7.9799999999999995,False
17,2017-01-18,15.33,False
18,2017-01-19,21.0,False
19,2017-01-20,10.29,False
20,2017-01-21,2.1,False
21,2017-01-22,1.47,False
22,2017-01-23,6.51,False
23,2017-01-24,3.15,False
24,2017-01-25,6.3,False
25,2017-01-26,5.88,False
26,2017-01-27,5.46,False
27,2017-01-28,0.63,False
28,2017-01-29,1.47,False
29,2017-01-30,3.36,False
30,2017-01-31,3.36,False
0,2017-02-01,13.139999999999999,False
1,2017-02-02,11.16,False
2,2017-02-03,12.059999999999999,False
3,2017-02-04,7.02,False
4,2017-02-05,2.52,False
5,2017-02-06,14.219999999999999,False
6,2017-02-07,15.66,False
7,2017-02-08,18.0,False
8,2017-02-09,16.38,False
9,2017-02-10,12.959999999999999,False
10,2017-02-11,3.2399999999999998,False
11,2017-02-12,2.16,False
12,2017-02-13,10.44,False
13,2017-02-14,14.76,False
14,2017-02-15,15.479999999999999,False
15,2017-02-16,17.099999999999998,False
16,2017-02-17,8.64,False
17,2017-02-18,3.78,False
18,2017-02-19,2.6999999999999997,False
19,2017-02-20,7.02,False
20,2017-02-21,10.08,False
21,2017-02-22,16.02,False
22,2017-02-23,16.38,False
23,2017-02-24,12.42,False
24,2017-02-25,2.6999999999999997,False
25,2017-02-26,1.08,False
26,2017-02-27,10.799999999999999,False
27,2017-02-28,11.34,False
0,2017-03-01,16.0,False
1,2017-03-02,12.0,False
2,2017-03-03,13.120000000000001,False
3,2017-03-04,2.08,False
4,2017-03-05,1.6,False
5,2017-03-06,14.08,False
6,2017-03-07,12.16,False
7,2017-03-08,11.84,False
8,2017-03-09,9.44,False
9,2017-03-10,8.64,False
10,2017-03-11,2.56,False
11,2017-03-12,3.04,False
12,2017-03-13,8.0,False
13,2017-03-14,9.6,False
14,2017-03-15,14.72,False
15,2017-03-16,12.16,False
16,2017-03-17,10.72,False
17,2017-03-18,1.12,False
18,2017-03-19,1.6,False
19,2017-03-20,11.52,False
20,2017-03-21,13.280000000000001,False
21,2017-03-22,12.8,False
22,2017-03-23,10.24,False
23,2017-03-24,8.16,False
24,2017-03-25,3.2,False
25,2017-03-26,2.08,False
26,2017-03-27,12.32,False
27,2017-03-28,8.32,False
28,2017-03-29,12.48,False
29,2017-03-30,15.68,False
30,2017-03-31,12.48,False
0,2017-04-01,1.6,False
1,2017-04-02,0.0,False
2,2017-04-03,2.2,False
3,2017-04-04,4.2,False
4,2017-04-05,2.6,False
5,2017-04-06,3.0,False
6,2017-04-07,3.6,False
7,2017-04-08,0.4,False
8,2017-04-09,0.8,False
9,2017-04-10,4.2,False
10,2017-04-11,4.0,False
11,2017-04-12,2.6,False
12,2017-04-13,4.2,False
13,2017-04-14,1.8,False
14,2017-04-15,0.4,False
15,2017-04-16,1.6,False
16,2017-04-17,20.0,False
17,2017-04-18,14.200000000000001,False
18,2017-04-19,9.600000000000001,False
19,2017-04-20,8.6,False
20,2017-04-21,3.8000000000000003,False
21,2017-04-22,0.4,False
22,2017-04-23,0.4,False
23,2017-04-24,4.2,False
24,2017-04-25,6.800000000000001,False
25,2017-04-26,5.4,False
26,2017-04-27,5.6000000000000005,False
27,2017-04-28,4.4,False
28,2017-04-29,1.2000000000000002,False
29,2017-04-30,0.4,False
0,2017-05-01,20.0,False
1,2017-05-02,17.0,False
2,2017-05-03,10.0,False
3,2017-05-04,12.4,False
4,2017-05-05,6.4,False
5,2017-05-06,1.0,False
6,2017-05-07,1.8,False
7,2017-05-08,8.4,False
8,2017-05-09,12.200000000000001,False
9,2017-05-10,17.8,False
10,2017-05-11,15.600000000000001,False
11,2017-05-12,10.600000000000001,False
12,2017-05-13,4.6000000000000005,False
13,2017-05-14,3.6,False
14,2017-05-15,8.8,False
15,2017-05-16,11.600000000000001,False
16,2017-05-17,14.8,False
17,2017-05-18,12.4,False
18,2017-05-19,18.2,False
19,2017-05-20,2.8000000000000003,False
20,2017-05-21,0.0,False
21,2017-05-22,11.600000000000001,False
22,2017-05-23,5.6000000000000005,False
23,2017-05-24,12.4,False
24,2017-05-25,17.8,False
25,2017-05-26,13.200000000000001,False
26,2017-05-27,3.0,False
27,2017-05-28,2.0,False
28,2017-05-29,2.6,False
29,2017-05-30,13.0,False
30,2017-05-31,11.200000000000001,False
0,2017-06-01,9.87,False
1,2017-06-02,13.65,False
2,2017-06-03,4.83,False
3,2017-06-04,2.73,False
4,2017-06-05,12.389999999999999,False
5,2017-06-06,9.45,False
6,2017-06-07,11.969999999999999,False
7,2017-06-08,13.02,False
8,2017-06-09,17.009999999999998,False
9,2017-06-10,5.46,False
10,2017-06-11,1.05,False
11,2017-06-12,21.0,False
12,2017-06-13,14.28,False
13,2017-06-14,21.0,False
14,2017-06-15,15.959999999999999,False
15,2017-06-16,19.11,False
16,2017-06-17,6.72,False
17,2017-06-18,2.1,False
18,2017-06-19,14.07,False
19,2017-06-20,10.08,False
20,2017-06-21,11.34,False
21,2017-06-22,13.44,False
22,2017-06-23,13.44,False
23,2017-06-24,3.78,False
24,2017-06-25,2.73,False
25,2017-06-26,2.73,False
26,2017-06-27,12.809999999999999,False
27,2017-06-28,15.959999999999999,False
28,2017-06-29,10.29,False
29,2017-06-30,17.009999999999998,False
0,2017-07-01,1.24,False
1,2017-07-02,0.31,False
2,2017-07-03,4.34,False
3,2017-07-04,2.48,False
4,2017-07-05,4.96,False
5,2017-07-06,4.34,False
6,2017-07-07,4.03,False
7,2017-07-08,0.62,False
8,2017-07-09,1.24,False
9,2017-07-10,5.89,False
10,2017-07-11,4.65,False
11,2017-07-12,4.03,False
12,2017-07-13,3.7199999999999998,False
13,2017-07-14,6.2,False
14,2017-07-15,0.9299999999999999,False
15,2017-07-16,0.62,False
16,2017-07-17,17.98,False
17,2017-07-18,31.0,False
18,2017-07-19,19.84,False
19,2017-07-20,9.3,False
20,2017-07-21,6.51,False
21,2017-07-22,2.17,False
22,2017-07-23,1.24,False
23,2017-07-24,8.06,False
24,2017-07-25,6.82,False
25,2017-07-26,7.13,False
26,2017-07-27,7.75,False
27,2017-07-28,8.99,False
28,2017-07-29,1.24,False
29,2017-07-30,0.9299999999999999,False
30,2017-07-31,5.58,False
0,2017-08-01,10.75,False
1,2017-08-02,13.0,False
2,2017-08-03,7.0,False
3,2017-08-04,10.75,False
4,2017-08-05,2.5,False
5,2017-08-06,1.25,False
6,2017-08-07,9.5,False
7,2017-08-08,19.5,False
8,2017-08-09,25.0,False
9,2017-08-10,10.5,False
10,2017-08-11,8.5,False
11,2017-08-12,2.0,False
12,2017-08-13,2.0,False
13,2017-08-14,14.5,False
14,2017-08-15,12.75,False
15,2017-08-16,8.75,False
16,2017-08-17,9.25,False
17,2017-08-18,10.25,False
18,2017-08-19,1.25,False
19,2017-08-20,0.5,False
20,2017-08-21,3.75,False
21,2017-08-22,9.25,False
22,2017-08-23,6.5,False
23,2017-08-24,8.0,False
24,2017-08-25,6.25,False
25,2017-08-26,0.0,False
26,2017-08-27,1.75,False
27,2017-08-28,6.0,False
28,2017-08-29,7.0,False
29,2017-08-30,7.5,False
30,2017-08-31,8.75,False
0,2017-09-01,14.04,False
1,2017-09-02,1.7999999999999998,False
2,2017-09-03,3.5999999999999996,False
3,2017-09-04,1.6199999999999999,False
4,2017-09-05,8.28,False
5,2017-09-06,10.62,False
6,2017-09-07,14.76,False
7,2017-09-08,8.82,False
8,2017-09-09,0.8999999999999999,False
9,2017-09-10,3.42,False
10,2017-09-11,9.18,False
11,2017-09-12,16.56,False
12,2017-09-13,9.719999999999999,False
13,2017-09-14,10.62,False
14,2017-09-15,11.879999999999999,False
15,2017-09-16,2.6999999999999997,False
16,2017-09-17,3.42,False
17,2017-09-18,8.28,False
18,2017-09-19,10.44,False
19,2017-09-20,12.959999999999999,False
20,2017-09-21,7.739999999999999,False
21,2017-09-22,14.399999999999999,False
22,2017-09-23,4.5,False
23,2017-09-24,2.52,False
24,2017-09-25,11.34,False
25,2017-09-26,16.02,False
26,2017-09-27,18.0,False
27,2017-09-28,11.52,False
28,2017-09-29,8.1,False
29,2017-09-30,1.7999999999999998,False
0,2017-10-01,0.66,False
1,2017-10-02,5.94,False
2,2017-10-03,7.260000000000001,False
3,2017-10-04,6.6000000000000005,False
4,2017-10-05,16.830000000000002,False
5,2017-10-06,18.810000000000002,False
6,2017-10-07,3.3000000000000003,False
7,2017-10-08,2.31,False
8,2017-10-09,9.57,False
9,2017-10-10,7.260000000000001,False
10,2017-10-11,6.930000000000001,False
11,2017-10-12,9.57,False
12,2017-10-13,15.510000000000002,False
13,2017-10-14,1.6500000000000001,False
14,2017-10-15,0.99,False
15,2017-10-16,31.020000000000003,False
16,2017-10-17,33.0,False
17,2017-10-18,20.46,False
18,2017-10-19,16.5,False
19,2017-10-20,13.200000000000001,False
20,2017-10-21,3.3000000000000003,False
21,2017-10-22,0.99,False
22,2017-10-23,7.590000000000001,False
23,2017-10-24,9.57,False
24,2017-10-25,15.510000000000002,False
25,2017-10-26,11.88,False
26,2017-10-27,19.14,False
27,2017-10-28,3.3000000000000003,False
28,2017-10-29,1.6500000000000001,False
29,2017-10-30,10.89,False
30,2017-10-31,9.9,False
0,2017-11-01,20.470000000000002,False
1,2017-11-02,19.09,False
2,2017-11-03,19.09,False
3,2017-11-04,5.75,False
4,2017-11-05,1.84,False
5,2017-11-06,18.17,False
6,2017-11-07,21.62,False
7,2017-11-08,22.77,False
8,2017-11-09,13.8,False
9,2017-11-10,17.71,False
10,2017-11-11,3.45,False
11,2017-11-12,3.22,False
12,2017-11-13,13.57,False
13,2017-11-14,14.030000000000001,False
14,2017-11-15,12.42,False
15,2017-11-16,16.560000000000002,False
16,2017-11-17,10.81,False
17,2017-11-18,4.6000000000000005,False
18,2017-11-19,0.0,False
19,2017-11-20,11.5,False
20,2017-11-21,18.17,False
21,2017-11-22,12.88,False
22,2017-11-23,2.5300000000000002,False
23,2017-11-24,6.44,False
24,2017-11-25,2.7600000000000002,False
25,2017-11-26,1.84,False
26,2017-11-27,9.200000000000001,False
27,2017-11-28,11.73,False
28,2017-11-29,22.77,False
29,2017-11-30,23.0,False
0,2017-12-01,13.11,False
1,2017-12-02,3.99,False
2,2017-12-03,2.66,False
3,2017-12-04,16.34,False
4,2017-12-05,18.81,False
5,2017-12-06,14.44,False
6,2017-12-07,13.11,False
7,2017-12-08,12.16,False
8,2017-12-09,3.04,False
9,2017-12-10,0.95,False
10,2017-12-11,15.77,False
11,2017-12-12,7.98,False
12,2017-12-13,11.4,False
13,2017-12-14,14.44,False
14,2017-12-15,19.0,False
15,2017-12-16,2.2800000000000002,False
16,2017-12-17,2.2800000000000002,False
17,2017-12-18,10.45,False
18,2017-12-19,9.69,False
19,2017-12-20,11.59,False
20,2017-12-21,10.26,False
21,2017-12-22,6.46,False
22,2017-12-23,2.85,False
23,2017-12-24,1.9,False
24,2017-12-25,0.95,False
25,2017-12-26,7.22,False
26,2017-12-27,7.03,False
27,2017-12-28,15.39,False
28,2017-12-29,14.25,False
29,2017-12-30,3.99,False
30,2017-12-31,2.85,False
0,2018-01-01,0.84,False
1,2018-01-02,9.24,False
2,2018-01-03,8.82,False
3,2018-01-04,10.08,False
4,2018-01-05,8.4,False
5,2018-01-06,1.26,False
6,2018-01-07,1.26,False
7,2018-01-08,10.08,False
8,2018-01-09,6.72,False
9,2018-01-10,6.72,False
10,2018-01-11,10.5,False
11,2018-01-12,9.24,False
12,2018-01-13,1.68,False
13,2018-01-14,1.26,False
14,2018-01-15,1.26,False
15,2018-01-16,9.66,False
16,2018-01-17,9.66,False
17,2018-01-18,9.24,False
18,2018-01-19,10.08,False
19,2018-01-20,2.52,False
20,2018-01-21,2.1,False
21,2018-01-22,29.82,False
22,2018-01-23,42.0,False
23,2018-01-24,20.16,False
24,2018-01-25,18.48,False
25,2018-01-26,18.06,False
26,2018-01-27,2.52,False
27,2018-01-28,2.52,False
28,2018-01-29,16.8,False
29,2018-01-30,18.9,False
30,2018-01-31,15.54,False
0,2018-02-01,29.48,False
1,2018-02-02,36.96,False
2,2018-02-03,7.92,False
3,2018-02-04,4.4,False
4,2018-02-05,35.2,False
5,2018-02-06,44.0,False
6,2018-02-07,26.84,False
7,2018-02-08,25.080000000000002,False
8,2018-02-09,35.2,False
9,2018-02-10,7.92,False
10,2018-02-11,2.64,False
11,2018-02-12,22.88,False
12,2018-02-13,20.68,False
13,2018-02-14,18.04,False
14,2018-02-15,25.96,False
15,2018-02-16,28.6,False
16,2018-02-17,4.4,False
17,2018-02-18,5.28,False
18,2018-02-19,7.48,False
19,2018-02-20,21.12,False
20,2018-02-21,24.2,False
21,2018-02-22,30.8,False
22,2018-02-23,29.04,False
23,2018-02-24,7.92,False
24,2018-02-25,5.72,False
25,2018-02-26,28.16,False
26,2018-02-27,30.36,False
27,2018-02-28,27.28,False
0,2018-03-01,20.28,False
1,2018-03-02,23.92,False
2,2018-03-03,8.84,False
3,2018-03-04,2.6,False
4,2018-03-05,39.0,False
5,2018-03-06,47.32,False
6,2018-03-07,48.36,False
7,2018-03-08,30.68,False
8,2018-03-09,41.08,False
9,2018-03-10,5.720000000000001,False
10,2018-03-11,3.12,False
11,2018-03-12,40.56,False
12,2018-03-13,34.32,False
13,2018-03-14,33.28,False
14,2018-03-15,42.120000000000005,False
15,2018-03-16,29.12,False
16,2018-03-17,4.68,False
17,2018-03-18,4.16,False
18,2018-03-19,30.68,False
19,2018-03-20,30.68,False
20,2018-03-21,27.04,False
21,2018-03-22,26.0,False
22,2018-03-23,22.36,False
23,2018-03-24,9.88,False
24,2018-03-25,3.12,False
25,2018-03-26,37.96,False
26,2018-03-27,23.92,False
27,2018-03-28,34.32,False
28,2018-03-29,52.0,False
29,2018-03-30,11.440000000000001,False
30,2018-03-31,5.2,False
0,2018-04-01,3.25,False
1,2018-04-02,18.2,False
2,2018-04-03,18.2,False
3,2018-04-04,20.8,False
4,2018-04-05,18.2,False
5,2018-04-06,17.55,False
6,2018-04-07,3.9000000000000004,False
7,2018-04-08,1.9500000000000002,False
8,2018-04-09,16.25,False
9,2018-04-10,19.5,False
10,2018-04-11,18.2,False
11,2018-04-12,19.5,False
12,2018-04-13,20.8,False
13,2018-04-14,6.5,False
14,2018-04-15,3.9000000000000004,False
15,2018-04-16,48.75,False
16,2018-04-17,65.0,False
17,2018-04-18,29.900000000000002,False
18,2018-04-19,25.35,False
19,2018-04-20,19.5,False
20,2018-04-21,3.25,False
21,2018-04-22,1.9500000000000002,False
22,2018-04-23,16.25,False
23,2018-04-24,21.45,False
24,2018-04-25,18.2,False
25,2018-04-26,20.8,False
26,2018-04-27,16.25,False
27,2018-04-28,2.6,False
28,2018-04-29,2.6,False
29,2018-04-30,19.5,False
0,2018-05-01,25.419999999999998,False
1,2018-05-02,18.45,False
2,2018-05-03,19.68,False
3,2018-05-04,28.7,False
4,2018-05-05,4.1,False
5,2018-05-06,2.05,False
6,2018-05-07,26.65,False
7,2018-05-08,20.91,False
8,2018-05-09,29.11,False
9,2018-05-10,18.45,False
10,2018-05-11,16.4,False
11,2018-05-12,1.23,False
12,2018-05-13,0.82,False
13,2018-05-14,17.63,False
14,2018-05-15,14.35,False
15,2018-05-16,14.35,False
16,2018-05-17,18.86,False
17,2018-05-18,19.68,False
18,2018-05-19,2.8699999999999997,False
19,2018-05-20,2.05,False
20,2018-05-21,13.12,False
21,2018-05-22,21.32,False
22,2018-05-23,24.599999999999998,False
23,2018-05-24,41.0,False
24,2018-05-25,31.569999999999997,False
25,2018-05-26,6.1499999999999995,False
26,2018-05-27,2.8699999999999997,False
27,2018-05-28,6.1499999999999995,False
28,2018-05-29,22.139999999999997,False
29,2018-05-30,16.4,False
30,2018-05-31,22.549999999999997,False
0,2018-06-01,31.36,False
1,2018-06-02,3.84,False
2,2018-06-03,5.76,False
3,2018-06-04,25.6,False
4,2018-06-05,32.64,False
5,2018-06-06,35.84,False
6,2018-06-07,28.16,False
7,2018-06-08,27.52,False
8,2018-06-09,8.96,False
9,2018-06-10,3.84,False
10,2018-06-11,23.04,False
11,2018-06-12,27.52,False
12,2018-06-13,48.0,False
13,2018-06-14,46.72,False
14,2018-06-15,37.12,False
15,2018-06-16,8.32,False
16,2018-06-17,3.2,False
17,2018-06-18,27.52,False
18,2018-06-19,49.92,False
19,2018-06-20,61.44,False
20,2018-06-21,55.04,False
21,2018-06-22,47.36,False
22,2018-06-23,8.32,False
23,2018-06-24,4.48,False
24,2018-06-25,57.6,False
25,2018-06-26,64.0,False
26,2018-06-27,50.56,False
27,2018-06-28,46.72,False
28,2018-06-29,42.24,False
29,2018-06-30,7.68,False
0,2018-07-01,1.0,False
1,2018-07-02,14.0,False
2,2018-07-03,14.0,False
3,2018-07-04,5.0,False
4,2018-07-05,13.0,False
5,2018-07-06,15.0,False
6,2018-07-07,3.0,False
7,2018-07-08,4.0,False
8,2018-07-09,16.0,False
9,2018-07-10,17.0,False
10,2018-07-11,21.0,False
11,2018-07-12,25.0,False
12,2018-07-13,25.0,False
13,2018-07-14,5.0,False
14,2018-07-15,5.0,False
15,2018-07-16,61.0,False
16,2018-07-17,100.0,False
17,2018-07-18,45.0,False
18,2018-07-19,40.0,False
19,2018-07-20,24.0,False
20,2018-07-21,6.0,False
21,2018-07-22,5.0,False
22,2018-07-23,25.0,False
23,2018-07-24,21.0,False
24,2018-07-25,25.0,False
25,2018-07-26,29.0,False
26,2018-07-27,25.0,False
27,2018-07-28,4.0,False
28,2018-07-29,1.0,False
29,2018-07-30,34.0,False
30,2018-07-31,27.0,False
0,2018-08-01,60.72,False
1,2018-08-02,56.58,False
2,2018-08-03,51.059999999999995,False
3,2018-08-04,9.66,False
4,2018-08-05,6.8999999999999995,False
5,2018-08-06,52.44,False
6,2018-08-07,54.51,False
7,2018-08-08,53.129999999999995,False
8,2018-08-09,39.33,False
9,2018-08-10,48.3,False
10,2018-08-11,8.969999999999999,False
11,2018-08-12,8.969999999999999,False
12,2018-08-13,44.849999999999994,False
13,2018-08-14,47.61,False
14,2018-08-15,42.779999999999994,False
15,2018-08-16,55.199999999999996,False
16,2018-08-17,59.339999999999996,False
17,2018-08-18,13.11,False
18,2018-08-19,4.14,False
19,2018-08-20,45.54,False
20,2018-08-21,69.0,False
21,2018-08-22,55.199999999999996,False
22,2018-08-23,44.16,False
23,2018-08-24,58.65,False
24,2018-08-25,14.489999999999998,False
25,2018-08-26,6.8999999999999995,False
26,2018-08-27,69.0,False
27,2018-08-28,58.65,False
28,2018-08-29,47.61,False
29,2018-08-30,53.81999999999999,False
30,2018-08-31,38.64,False
0,2018-09-01,7.140000000000001,False
1,2018-09-02,7.65,False
2,2018-09-03,5.1,False
3,2018-09-04,35.19,False
4,2018-09-05,49.980000000000004,False
5,2018-09-06,51.0,False
6,2018-09-07,34.68,False
7,2018-09-08,4.08,False
8,2018-09-09,6.12,False
9,2018-09-10,32.13,False
10,2018-09-11,38.76,False
11,2018-09-12,34.68,False
12,2018-09-13,32.13,False
13,2018-09-14,26.52,False
14,2018-09-15,4.59,False
15,2018-09-16,4.59,False
16,2018-09-17,26.52,False
17,2018-09-18,37.74,False
18,2018-09-19,38.25,False
19,2018-09-20,45.39,False
20,2018-09-21,29.07,False
21,2018-09-22,5.61,False
22,2018-09-23,1.53,False
23,2018-09-24,31.11,False
24,2018-09-25,33.660000000000004,False
25,2018-09-26,36.21,False
26,2018-09-27,28.560000000000002,False
27,2018-09-28,26.52,False
28,2018-09-29,4.59,False
29,2018-09-30,1.02,False
0,2018-10-01,26.4,False
1,2018-10-02,22.88,False
2,2018-10-03,18.48,False
3,2018-10-04,21.12,False
4,2018-10-05,29.04,False
5,2018-10-06,3.52,False
6,2018-10-07,3.52,False
7,2018-10-08,22.88,False
8,2018-10-09,18.48,False
9,2018-10-10,32.56,False
10,2018-10-11,40.48,False
11,2018-10-12,41.36,False
12,2018-10-13,5.28,False
13,2018-10-14,2.64,False
14,2018-10-15,33.44,False
15,2018-10-16,81.84,False
16,2018-10-17,88.0,False
17,2018-10-18,44.0,False
18,2018-10-19,31.68,False
19,2018-10-20,6.16,False
20,2018-10-21,3.52,False
21,2018-10-22,26.4,False
22,2018-10-23,31.68,False
23,2018-10-24,34.32,False
24,2018-10-25,43.12,False
25,2018-10-26,36.08,False
26,2018-10-27,10.56,False
27,2018-10-28,5.28,False
28,2018-10-29,32.56,False
29,2018-10-30,38.72,False
30,2018-10-31,30.8,False
0,2018-11-01,53.36,False
1,2018-11-02,56.839999999999996,False
2,2018-11-03,5.8,False
3,2018-11-04,5.8,False
4,2018-11-05,45.239999999999995,False
5,2018-11-06,45.239999999999995,False
6,2018-11-07,48.72,False
7,2018-11-08,48.72,False
8,2018-11-09,57.99999999999999,False
9,2018-11-10,7.539999999999999,False
10,2018-11-11,6.38,False
11,2018-11-12,41.76,False
12,2018-11-13,33.64,False
13,2018-11-14,40.019999999999996,False
14,2018-11-15,42.919999999999995,False
15,2018-11-16,36.54,False
16,2018-11-17,6.959999999999999,False
17,2018-11-18,8.7,False
18,2018-11-19,40.019999999999996,False
19,2018-11-20,55.67999999999999,False
20,2018-11-21,37.12,False
21,2018-11-22,6.959999999999999,False
22,2018-11-23,23.779999999999998,False
23,2018-11-24,8.7,False
24,2018-11-25,2.9,False
25,2018-11-26,40.599999999999994,False
26,2018-11-27,20.88,False
27,2018-11-28,42.339999999999996,False
28,2018-11-29,44.66,False
29,2018-11-30,32.48,False
0,2018-12-01,9.450000000000001,False
1,2018-12-02,3.15,False
2,2018-12-03,45.0,False
3,2018-12-04,35.1,False
4,2018-12-05,16.2,False
5,2018-12-06,40.95,False
6,2018-12-07,36.45,False
7,2018-12-08,9.450000000000001,False
8,2018-12-09,5.4,False
9,2018-12-10,27.0,False
10,2018-12-11,38.7,False
11,2018-12-12,36.0,False
12,2018-12-13,31.5,False
13,2018-12-14,28.35,False
14,2018-12-15,9.9,False
15,2018-12-16,4.5,False
16,2018-12-17,30.150000000000002,False
17,2018-12-18,34.2,False
18,2018-12-19,36.45,False
19,2018-12-20,31.05,False
20,2018-12-21,39.6,False
21,2018-12-22,13.950000000000001,False
22,2018-12-23,8.55,False
23,2018-12-24,32.4,False
24,2018-12-25,10.8,False
25,2018-12-26,32.4,False
26,2018-12-27,34.2,False
27,2018-12-28,34.65,False
28,2018-12-29,8.55,False
29,2018-12-30,3.6,False
30,2018-12-31,37.800000000000004,False
0,2019-01-01,6.4,False
1,2019-01-02,26.400000000000002,False
2,2019-01-03,25.6,False
3,2019-01-04,33.6,False
4,2019-01-05,4.800000000000001,False
5,2019-01-06,5.6000000000000005,False
6,2019-01-07,28.0,False
7,2019-01-08,24.8,False
8,2019-01-09,30.400000000000002,False
9,2019-01-10,26.400000000000002,False
10,2019-01-11,36.0,False
11,2019-01-12,12.8,False
12,2019-01-13,4.0,False
13,2019-01-14,20.8,False
14,2019-01-15,45.6,False
15,2019-01-16,41.6,False
16,2019-01-17,69.60000000000001,False
17,2019-01-18,80.0,False
18,2019-01-19,7.2,False
19,2019-01-20,4.800000000000001,False
20,2019-01-21,8.8,False
21,2019-01-22,24.8,False
22,2019-01-23,30.400000000000002,False
23,2019-01-24,20.8,False
24,2019-01-25,17.6,False
25,2019-01-26,8.8,False
26,2019-01-27,1.6,False
27,2019-01-28,16.0,False
28,2019-01-29,16.0,False
29,2019-01-30,22.400000000000002,False
30,2019-01-31,24.0,False
0,2019-02-01,32.56,False
1,2019-02-02,7.92,False
2,2019-02-03,3.08,False
3,2019-02-04,28.6,False
4,2019-02-05,44.0,False
5,2019-02-06,31.68,False
6,2019-02-07,20.68,False
7,2019-02-08,24.64,False
8,2019-02-09,5.28,False
9,2019-02-10,1.76,False
10,2019-02-11,22.0,False
11,2019-02-12,25.52,False
12,2019-02-13,33.0,False
13,2019-02-14,29.48,False
14,2019-02-15,31.68,False
15,2019-02-16,5.72,False
16,2019-02-17,3.08,False
17,2019-02-18,7.04,False
18,2019-02-19,26.4,False
19,2019-02-20,32.56,False
20,2019-02-21,18.92,False
21,2019-02-22,23.76,False
22,2019-02-23,6.16,False
23,2019-02-24,3.08,False
24,2019-02-25,26.84,False
25,2019-02-26,21.56,False
26,2019-02-27,15.4,False
27,2019-02-28,21.12,False
0,2019-03-01,22.4,False
1,2019-03-02,5.6,False
2,2019-03-03,1.75,False
3,2019-03-04,26.95,False
4,2019-03-05,30.799999999999997,False
5,2019-03-06,29.749999999999996,False
6,2019-03-07,24.5,False
7,2019-03-08,27.299999999999997,False
8,2019-03-09,3.8499999999999996,False
9,2019-03-10,1.75,False
10,2019-03-11,26.599999999999998,False
11,2019-03-12,29.049999999999997,False
12,2019-03-13,18.9,False
13,2019-03-14,25.9,False
14,2019-03-15,35.0,False
15,2019-03-16,4.55,False
