,date,PFE stock,isPartial
0,2012-01-01,0.0,False
1,2012-01-02,0.0,False
2,2012-01-03,6.72,False
3,2012-01-04,3.36,False
4,2012-01-05,3.36,False
5,2012-01-06,10.56,False
6,2012-01-07,0.0,False
7,2012-01-08,0.0,False
8,2012-01-09,0.0,False
9,2012-01-10,0.0,False
10,2012-01-11,12.96,False
11,2012-01-12,6.5600000000000005,False
12,2012-01-13,3.36,False
13,2012-01-14,3.84,False
14,2012-01-15,0.0,False
15,2012-01-16,0.0,False
16,2012-01-17,6.24,False
17,2012-01-18,3.2,False
18,2012-01-19,3.2,False
19,2012-01-20,6.5600000000000005,False
20,2012-01-21,3.84,False
21,2012-01-22,0.0,False
22,2012-01-23,0.0,False
23,2012-01-24,3.2,False
24,2012-01-25,16.0,False
25,2012-01-26,3.2,False
26,2012-01-27,0.0,False
27,2012-01-28,3.84,False
28,2012-01-29,0.0,False
29,2012-01-30,3.2,False
30,2012-01-31,3.2,False
0,2012-02-01,17.0,False
1,2012-02-02,5.61,False
2,2012-02-03,2.89,False
3,2012-02-04,0.0,False
4,2012-02-05,3.4000000000000004,False
5,2012-02-06,5.61,False
6,2012-02-07,11.22,False
7,2012-02-08,2.89,False
8,2012-02-09,2.89,False
9,2012-02-10,2.89,False
10,2012-02-11,0.0,False
11,2012-02-12,0.0,False
12,2012-02-13,11.05,False
13,2012-02-14,0.0,False
14,2012-02-15,5.78,False
15,2012-02-16,2.89,False
16,2012-02-17,5.95,False
17,2012-02-18,6.970000000000001,False
18,2012-02-19,0.0,False
19,2012-02-20,5.95,False
20,2012-02-21,0.0,False
21,2012-02-22,5.78,False
22,2012-02-23,11.39,False
23,2012-02-24,2.89,False
24,2012-02-25,3.4000000000000004,False
25,2012-02-26,3.4000000000000004,False
26,2012-02-27,8.33,False
27,2012-02-28,0.0,False
28,2012-02-29,0.0,False
0,2012-03-01,5.2,False
1,2012-03-02,6.7,False
2,2012-03-03,0.0,False
3,2012-03-04,3.0,False
4,2012-03-05,2.6,False
5,2012-03-06,4.9,False
6,2012-03-07,4.9,False
7,2012-03-08,5.1000000000000005,False
8,2012-03-09,2.6,False
9,2012-03-10,0.0,False
10,2012-03-11,0.0,False
11,2012-03-12,2.4000000000000004,False
12,2012-03-13,2.4000000000000004,False
13,2012-03-14,3.7,False
14,2012-03-15,2.5,False
15,2012-03-16,2.6,False
16,2012-03-17,0.0,False
17,2012-03-18,0.0,False
18,2012-03-19,4.9,False
19,2012-03-20,4.9,False
20,2012-03-21,0.0,False
21,2012-03-22,5.1000000000000005,False
22,2012-03-23,2.7,False
23,2012-03-24,0.0,False
24,2012-03-25,0.0,False
25,2012-03-26,5.0,False
26,2012-03-27,2.5,False
27,2012-03-28,10.0,False
28,2012-03-29,2.5,False
29,2012-03-30,0.0,False
30,2012-03-31,3.0,False
0,2012-04-01,0.0,False
1,2012-04-02,5.28,False
2,2012-04-03,5.28,False
3,2012-04-04,5.39,False
4,2012-04-05,11.0,False
5,2012-04-06,6.16,False
6,2012-04-07,6.6,False
7,2012-04-08,0.0,False
8,2012-04-09,0.0,False
9,2012-04-10,5.39,False
10,2012-04-11,10.34,False
11,2012-04-12,10.56,False
12,2012-04-13,8.25,False
13,2012-04-14,6.2700000000000005,False
14,2012-04-15,0.0,False
15,2012-04-16,7.7,False
16,2012-04-17,5.17,False
17,2012-04-18,7.7,False
18,2012-04-19,10.45,False
19,2012-04-20,5.5,False
20,2012-04-21,0.0,False
21,2012-04-22,6.05,False
22,2012-04-23,5.06,False
23,2012-04-24,5.17,False
24,2012-04-25,5.17,False
25,2012-04-26,5.28,False
26,2012-04-27,5.5,False
27,2012-04-28,6.38,False
28,2012-04-29,6.38,False
29,2012-04-30,8.14,False
0,2012-05-01,5.72,False
1,2012-05-02,5.17,False
2,2012-05-03,0.0,False
3,2012-05-04,0.0,False
4,2012-05-05,0.0,False
5,2012-05-06,0.0,False
6,2012-05-07,5.17,False
7,2012-05-08,10.23,False
8,2012-05-09,0.0,False
9,2012-05-10,10.56,False
10,2012-05-11,11.0,False
11,2012-05-12,0.0,False
12,2012-05-13,0.0,False
13,2012-05-14,5.06,False
14,2012-05-15,5.06,False
15,2012-05-16,5.17,False
16,2012-05-17,0.0,False
17,2012-05-18,5.5,False
18,2012-05-19,0.0,False
19,2012-05-20,6.38,False
20,2012-05-21,0.0,False
21,2012-05-22,0.0,False
22,2012-05-23,5.06,False
23,2012-05-24,0.0,False
24,2012-05-25,0.0,False
25,2012-05-26,0.0,False
26,2012-05-27,6.6,False
27,2012-05-28,5.5,False
28,2012-05-29,10.12,False
29,2012-05-30,0.0,False
30,2012-05-31,5.17,False
0,2012-06-01,0.0,False
1,2012-06-02,0.0,False
2,2012-06-03,0.0,False
3,2012-06-04,3.5999999999999996,False
4,2012-06-05,0.0,False
5,2012-06-06,7.29,False
6,2012-06-07,3.78,False
7,2012-06-08,3.8699999999999997,False
8,2012-06-09,4.59,False
9,2012-06-10,9.0,False
10,2012-06-11,0.0,False
11,2012-06-12,0.0,False
12,2012-06-13,3.69,False
13,2012-06-14,0.0,False
14,2012-06-15,0.0,False
15,2012-06-16,0.0,False
16,2012-06-17,0.0,False
17,2012-06-18,0.0,False
18,2012-06-19,7.29,False
19,2012-06-20,0.0,False
20,2012-06-21,0.0,False
21,2012-06-22,7.83,False
22,2012-06-23,4.68,False
23,2012-06-24,0.0,False
24,2012-06-25,0.0,False
25,2012-06-26,3.5999999999999996,False
26,2012-06-27,3.69,False
27,2012-06-28,3.69,False
28,2012-06-29,8.01,False
29,2012-06-30,0.0,False
0,2012-07-01,0.0,False
1,2012-07-02,0.0,False
2,2012-07-03,5.52,False
3,2012-07-04,3.0,False
4,2012-07-05,5.76,False
5,2012-07-06,12.0,False
6,2012-07-07,3.48,False
7,2012-07-08,0.0,False
8,2012-07-09,2.76,False
9,2012-07-10,2.76,False
10,2012-07-11,2.88,False
11,2012-07-12,5.76,False
12,2012-07-13,5.88,False
13,2012-07-14,0.0,False
14,2012-07-15,0.0,False
15,2012-07-16,7.08,False
16,2012-07-17,5.64,False
17,2012-07-18,2.88,False
18,2012-07-19,2.88,False
19,2012-07-20,6.0,False
20,2012-07-21,3.5999999999999996,False
21,2012-07-22,0.0,False
22,2012-07-23,5.64,False
23,2012-07-24,5.64,False
24,2012-07-25,4.32,False
25,2012-07-26,2.88,False
26,2012-07-27,6.0,False
27,2012-07-28,0.0,False
28,2012-07-29,0.0,False
29,2012-07-30,2.76,False
30,2012-07-31,7.08,False
0,2012-08-01,7.5200000000000005,False
1,2012-08-02,10.08,False
2,2012-08-03,10.56,False
3,2012-08-04,0.0,False
4,2012-08-05,6.08,False
5,2012-08-06,12.48,False
6,2012-08-07,10.08,False
7,2012-08-08,9.92,False
8,2012-08-09,12.64,False
9,2012-08-10,10.56,False
10,2012-08-11,6.24,False
11,2012-08-12,6.24,False
12,2012-08-13,10.08,False
13,2012-08-14,0.0,False
14,2012-08-15,7.84,False
15,2012-08-16,12.64,False
16,2012-08-17,16.0,False
17,2012-08-18,0.0,False
18,2012-08-19,0.0,False
19,2012-08-20,10.24,False
20,2012-08-21,0.0,False
21,2012-08-22,4.96,False
22,2012-08-23,15.200000000000001,False
23,2012-08-24,10.4,False
24,2012-08-25,5.92,False
25,2012-08-26,5.92,False
26,2012-08-27,14.56,False
27,2012-08-28,4.8,False
28,2012-08-29,7.36,False
29,2012-08-30,9.92,False
30,2012-08-31,4.96,False
0,2012-09-01,0.0,False
1,2012-09-02,6.970000000000001,False
2,2012-09-03,0.0,False
3,2012-09-04,5.61,False
4,2012-09-05,11.39,False
5,2012-09-06,0.0,False
6,2012-09-07,12.24,False
7,2012-09-08,7.140000000000001,False
8,2012-09-09,0.0,False
9,2012-09-10,5.61,False
10,2012-09-11,16.830000000000002,False
11,2012-09-12,5.61,False
12,2012-09-13,0.0,False
13,2012-09-14,11.9,False
14,2012-09-15,6.970000000000001,False
15,2012-09-16,6.800000000000001,False
16,2012-09-17,11.56,False
17,2012-09-18,11.05,False
18,2012-09-19,11.05,False
19,2012-09-20,17.0,False
20,2012-09-21,11.9,False
21,2012-09-22,6.800000000000001,False
22,2012-09-23,0.0,False
23,2012-09-24,5.61,False
24,2012-09-25,5.61,False
25,2012-09-26,11.22,False
26,2012-09-27,5.61,False
27,2012-09-28,11.9,False
28,2012-09-29,0.0,False
29,2012-09-30,0.0,False
0,2012-10-01,0.0,False
1,2012-10-02,8.5,False
2,2012-10-03,13.090000000000002,False
3,2012-10-04,17.0,False
4,2012-10-05,13.090000000000002,False
5,2012-10-06,5.1000000000000005,False
6,2012-10-07,4.930000000000001,False
7,2012-10-08,8.33,False
8,2012-10-09,12.41,False
9,2012-10-10,4.25,False
10,2012-10-11,4.25,False
11,2012-10-12,0.0,False
12,2012-10-13,5.1000000000000005,False
13,2012-10-14,4.930000000000001,False
14,2012-10-15,8.16,False
15,2012-10-16,8.16,False
16,2012-10-17,0.0,False
17,2012-10-18,4.08,False
18,2012-10-19,8.67,False
19,2012-10-20,5.1000000000000005,False
20,2012-10-21,0.0,False
21,2012-10-22,4.08,False
22,2012-10-23,4.08,False
23,2012-10-24,0.0,False
24,2012-10-25,4.25,False
25,2012-10-26,4.42,False
26,2012-10-27,0.0,False
27,2012-10-28,0.0,False
28,2012-10-29,0.0,False
29,2012-10-30,0.0,False
30,2012-10-31,8.5,False
0,2012-11-01,9.1,False
1,2012-11-02,9.23,False
2,2012-11-03,10.14,False
3,2012-11-04,0.0,False
4,2012-11-05,10.4,False
5,2012-11-06,4.16,False
6,2012-11-07,8.32,False
7,2012-11-08,4.16,False
8,2012-11-09,6.63,False
9,2012-11-10,0.0,False
10,2012-11-11,4.94,False
11,2012-11-12,6.37,False
12,2012-11-13,6.37,False
13,2012-11-14,6.37,False
14,2012-11-15,8.71,False
15,2012-11-16,11.05,False
16,2012-11-17,0.0,False
17,2012-11-18,4.94,False
18,2012-11-19,6.24,False
19,2012-11-20,4.16,False
20,2012-11-21,6.37,False
21,2012-11-22,4.42,False
22,2012-11-23,4.42,False
23,2012-11-24,5.07,False
24,2012-11-25,9.88,False
25,2012-11-26,8.32,False
26,2012-11-27,6.11,False
27,2012-11-28,4.03,False
28,2012-11-29,8.19,False
29,2012-11-30,13.0,False
0,2012-12-01,0.0,False
1,2012-12-02,3.9000000000000004,False
2,2012-12-03,3.3000000000000003,False
3,2012-12-04,3.3000000000000003,False
4,2012-12-05,6.7,False
5,2012-12-06,0.0,False
6,2012-12-07,5.300000000000001,False
7,2012-12-08,0.0,False
8,2012-12-09,0.0,False
9,2012-12-10,6.6000000000000005,False
10,2012-12-11,3.3000000000000003,False
11,2012-12-12,3.4000000000000004,False
12,2012-12-13,3.4000000000000004,False
13,2012-12-14,3.5,False
14,2012-12-15,0.0,False
15,2012-12-16,0.0,False
16,2012-12-17,10.0,False
17,2012-12-18,3.4000000000000004,False
18,2012-12-19,3.4000000000000004,False
19,2012-12-20,5.2,False
20,2012-12-21,7.4,False
21,2012-12-22,4.1000000000000005,False
22,2012-12-23,0.0,False
23,2012-12-24,0.0,False
24,2012-12-25,0.0,False
25,2012-12-26,3.8000000000000003,False
26,2012-12-27,9.0,False
27,2012-12-28,3.7,False
28,2012-12-29,4.1000000000000005,False
29,2012-12-30,0.0,False
30,2012-12-31,8.200000000000001,False
0,2013-01-01,0.0,False
1,2013-01-02,15.479999999999999,False
2,2013-01-03,0.0,False
3,2013-01-04,7.739999999999999,False
4,2013-01-05,4.32,False
5,2013-01-06,4.32,False
6,2013-01-07,3.78,False
7,2013-01-08,7.38,False
8,2013-01-09,7.199999999999999,False
9,2013-01-10,3.5999999999999996,False
10,2013-01-11,11.34,False
11,2013-01-12,0.0,False
12,2013-01-13,0.0,False
13,2013-01-14,3.5999999999999996,False
14,2013-01-15,7.199999999999999,False
15,2013-01-16,0.0,False
16,2013-01-17,10.799999999999999,False
17,2013-01-18,0.0,False
18,2013-01-19,0.0,False
19,2013-01-20,8.459999999999999,False
20,2013-01-21,0.0,False
21,2013-01-22,10.62,False
22,2013-01-23,18.0,False
23,2013-01-24,7.199999999999999,False
24,2013-01-25,14.94,False
25,2013-01-26,0.0,False
26,2013-01-27,0.0,False
27,2013-01-28,7.02,False
28,2013-01-29,7.02,False
29,2013-01-30,7.02,False
30,2013-01-31,14.219999999999999,False
0,2013-02-01,13.44,False
1,2013-02-02,10.29,False
2,2013-02-03,5.04,False
3,2013-02-04,8.61,False
4,2013-02-05,6.3,False
5,2013-02-06,10.709999999999999,False
6,2013-02-07,4.41,False
7,2013-02-08,4.41,False
8,2013-02-09,10.29,False
9,2013-02-10,5.04,False
10,2013-02-11,8.61,False
11,2013-02-12,6.51,False
12,2013-02-13,8.61,False
13,2013-02-14,0.0,False
14,2013-02-15,13.65,False
15,2013-02-16,5.04,False
16,2013-02-17,5.04,False
17,2013-02-18,6.3,False
18,2013-02-19,12.6,False
19,2013-02-20,8.4,False
20,2013-02-21,6.3,False
21,2013-02-22,13.229999999999999,False
22,2013-02-23,9.87,False
23,2013-02-24,4.83,False
24,2013-02-25,8.19,False
25,2013-02-26,12.6,False
26,2013-02-27,21.0,False
27,2013-02-28,17.009999999999998,False
0,2013-03-01,2.99,False
1,2013-03-02,3.22,False
2,2013-03-03,3.22,False
3,2013-03-04,8.280000000000001,False
4,2013-03-05,5.5200000000000005,False
5,2013-03-06,6.9,False
6,2013-03-07,11.040000000000001,False
7,2013-03-08,23.0,False
8,2013-03-09,3.22,False
9,2013-03-10,3.22,False
10,2013-03-11,8.05,False
11,2013-03-12,11.96,False
12,2013-03-13,5.29,False
13,2013-03-14,6.9,False
14,2013-03-15,7.13,False
15,2013-03-16,0.0,False
16,2013-03-17,0.0,False
17,2013-03-18,9.43,False
18,2013-03-19,6.67,False
19,2013-03-20,2.7600000000000002,False
20,2013-03-21,8.280000000000001,False
21,2013-03-22,4.140000000000001,False
22,2013-03-23,4.83,False
23,2013-03-24,0.0,False
24,2013-03-25,4.140000000000001,False
25,2013-03-26,4.140000000000001,False
26,2013-03-27,14.030000000000001,False
27,2013-03-28,7.36,False
28,2013-03-29,4.6000000000000005,False
29,2013-03-30,0.0,False
30,2013-03-31,3.45,False
0,2013-04-01,19.2,False
1,2013-04-02,11.4,False
2,2013-04-03,22.5,False
3,2013-04-04,18.599999999999998,False
4,2013-04-05,11.7,False
5,2013-04-06,5.3999999999999995,False
6,2013-04-07,0.0,False
7,2013-04-08,11.1,False
8,2013-04-09,11.1,False
9,2013-04-10,22.8,False
10,2013-04-11,15.899999999999999,False
11,2013-04-12,19.2,False
12,2013-04-13,5.3999999999999995,False
13,2013-04-14,11.1,False
14,2013-04-15,18.0,False
15,2013-04-16,20.4,False
16,2013-04-17,18.3,False
17,2013-04-18,23.099999999999998,False
18,2013-04-19,7.199999999999999,False
19,2013-04-20,5.3999999999999995,False
20,2013-04-21,5.3999999999999995,False
21,2013-04-22,11.4,False
22,2013-04-23,18.3,False
23,2013-04-24,15.899999999999999,False
24,2013-04-25,16.5,False
25,2013-04-26,21.3,False
26,2013-04-27,5.3999999999999995,False
27,2013-04-28,5.3999999999999995,False
28,2013-04-29,6.8999999999999995,False
29,2013-04-30,30.0,False
0,2013-05-01,15.81,False
1,2013-05-02,14.879999999999999,False
2,2013-05-03,31.0,False
3,2013-05-04,5.89,False
4,2013-05-05,0.0,False
5,2013-05-06,4.96,False
6,2013-05-07,19.53,False
7,2013-05-08,9.92,False
8,2013-05-09,0.0,False
9,2013-05-10,10.23,False
10,2013-05-11,5.89,False
11,2013-05-12,0.0,False
12,2013-05-13,9.61,False
13,2013-05-14,14.26,False
14,2013-05-15,18.91,False
15,2013-05-16,24.49,False
16,2013-05-17,20.15,False
17,2013-05-18,11.78,False
18,2013-05-19,17.36,False
19,2013-05-20,14.57,False
20,2013-05-21,4.65,False
21,2013-05-22,28.52,False
22,2013-05-23,9.61,False
23,2013-05-24,20.46,False
24,2013-05-25,0.0,False
25,2013-05-26,0.0,False
26,2013-05-27,0.0,False
27,2013-05-28,23.56,False
28,2013-05-29,4.65,False
29,2013-05-30,19.53,False
30,2013-05-31,20.15,False
0,2013-06-01,4.050000000000001,False
1,2013-06-02,4.050000000000001,False
2,2013-06-03,27.0,False
3,2013-06-04,18.630000000000003,False
4,2013-06-05,5.130000000000001,False
5,2013-06-06,17.28,False
6,2013-06-07,5.4,False
7,2013-06-08,4.050000000000001,False
8,2013-06-09,4.050000000000001,False
9,2013-06-10,9.99,False
10,2013-06-11,8.370000000000001,False
11,2013-06-12,11.88,False
12,2013-06-13,8.64,False
13,2013-06-14,7.290000000000001,False
14,2013-06-15,6.210000000000001,False
15,2013-06-16,4.050000000000001,False
16,2013-06-17,6.75,False
17,2013-06-18,6.75,False
18,2013-06-19,8.64,False
19,2013-06-20,10.260000000000002,False
20,2013-06-21,18.09,False
21,2013-06-22,4.32,False
22,2013-06-23,0.0,False
23,2013-06-24,13.5,False
24,2013-06-25,10.260000000000002,False
25,2013-06-26,5.130000000000001,False
26,2013-06-27,13.770000000000001,False
27,2013-06-28,14.580000000000002,False
28,2013-06-29,12.690000000000001,False
29,2013-06-30,4.32,False
0,2013-07-01,3.3600000000000003,False
1,2013-07-02,14.000000000000002,False
2,2013-07-03,7.280000000000001,False
3,2013-07-04,0.0,False
4,2013-07-05,19.32,False
5,2013-07-06,4.48,False
6,2013-07-07,0.0,False
7,2013-07-08,0.0,False
8,2013-07-09,7.280000000000001,False
9,2013-07-10,14.560000000000002,False
10,2013-07-11,7.280000000000001,False
11,2013-07-12,11.48,False
12,2013-07-13,0.0,False
13,2013-07-14,0.0,False
14,2013-07-15,3.6400000000000006,False
15,2013-07-16,0.0,False
16,2013-07-17,3.6400000000000006,False
17,2013-07-18,10.920000000000002,False
18,2013-07-19,15.120000000000001,False
19,2013-07-20,0.0,False
20,2013-07-21,0.0,False
21,2013-07-22,3.6400000000000006,False
22,2013-07-23,17.64,False
23,2013-07-24,17.92,False
24,2013-07-25,3.6400000000000006,False
25,2013-07-26,11.200000000000001,False
26,2013-07-27,0.0,False
27,2013-07-28,4.48,False
28,2013-07-29,21.000000000000004,False
29,2013-07-30,28.000000000000004,False
30,2013-07-31,14.280000000000001,False
0,2013-08-01,13.02,False
1,2013-08-02,16.169999999999998,False
2,2013-08-03,0.0,False
3,2013-08-04,6.3,False
4,2013-08-05,10.29,False
5,2013-08-06,5.25,False
6,2013-08-07,7.77,False
7,2013-08-08,5.25,False
8,2013-08-09,10.92,False
9,2013-08-10,0.0,False
10,2013-08-11,0.0,False
11,2013-08-12,7.77,False
12,2013-08-13,10.29,False
13,2013-08-14,5.25,False
14,2013-08-15,8.19,False
15,2013-08-16,5.46,False
16,2013-08-17,0.0,False
17,2013-08-18,0.0,False
18,2013-08-19,5.04,False
19,2013-08-20,5.04,False
20,2013-08-21,0.0,False
21,2013-08-22,5.04,False
22,2013-08-23,13.44,False
23,2013-08-24,6.09,False
24,2013-08-25,0.0,False
25,2013-08-26,7.35,False
26,2013-08-27,0.0,False
27,2013-08-28,2.52,False
28,2013-08-29,9.87,False
29,2013-08-30,21.0,False
30,2013-08-31,0.0,False
0,2013-09-01,5.1000000000000005,False
1,2013-09-02,8.67,False
2,2013-09-03,8.33,False
3,2013-09-04,16.830000000000002,False
4,2013-09-05,4.25,False
5,2013-09-06,4.42,False
6,2013-09-07,5.1000000000000005,False
7,2013-09-08,4.930000000000001,False
8,2013-09-09,8.33,False
9,2013-09-10,8.16,False
10,2013-09-11,12.58,False
11,2013-09-12,4.08,False
12,2013-09-13,12.920000000000002,False
13,2013-09-14,0.0,False
14,2013-09-15,0.0,False
15,2013-09-16,12.41,False
16,2013-09-17,8.16,False
17,2013-09-18,4.08,False
18,2013-09-19,17.0,False
19,2013-09-20,8.84,False
20,2013-09-21,0.0,False
21,2013-09-22,4.930000000000001,False
22,2013-09-23,8.16,False
23,2013-09-24,8.16,False
24,2013-09-25,12.58,False
25,2013-09-26,0.0,False
26,2013-09-27,8.84,False
27,2013-09-28,0.0,False
28,2013-09-29,4.930000000000001,False
29,2013-09-30,4.08,False
0,2013-10-01,4.0,False
1,2013-10-02,0.0,False
2,2013-10-03,4.2,False
3,2013-10-04,8.6,False
4,2013-10-05,5.0,False
5,2013-10-06,4.800000000000001,False
6,2013-10-07,4.2,False
7,2013-10-08,16.2,False
8,2013-10-09,0.0,False
9,2013-10-10,12.600000000000001,False
10,2013-10-11,13.0,False
11,2013-10-12,10.200000000000001,False
12,2013-10-13,0.0,False
13,2013-10-14,12.600000000000001,False
14,2013-10-15,4.2,False
15,2013-10-16,0.0,False
16,2013-10-17,12.8,False
17,2013-10-18,8.8,False
18,2013-10-19,5.0,False
19,2013-10-20,4.800000000000001,False
20,2013-10-21,8.0,False
21,2013-10-22,8.0,False
22,2013-10-23,8.0,False
23,2013-10-24,8.200000000000001,False
24,2013-10-25,8.6,False
25,2013-10-26,0.0,False
26,2013-10-27,0.0,False
27,2013-10-28,8.0,False
28,2013-10-29,20.0,False
29,2013-10-30,12.200000000000001,False
30,2013-10-31,4.2,False
0,2013-11-01,7.56,False
1,2013-11-02,2.6999999999999997,False
2,2013-11-03,0.0,False
3,2013-11-04,6.84,False
4,2013-11-05,2.34,False
5,2013-11-06,2.34,False
6,2013-11-07,9.18,False
7,2013-11-08,2.34,False
8,2013-11-09,2.6999999999999997,False
9,2013-11-10,2.6999999999999997,False
10,2013-11-11,0.0,False
11,2013-11-12,4.5,False
12,2013-11-13,4.5,False
13,2013-11-14,6.84,False
14,2013-11-15,4.859999999999999,False
15,2013-11-16,0.0,False
16,2013-11-17,5.3999999999999995,False
17,2013-11-18,18.0,False
18,2013-11-19,4.5,False
19,2013-11-20,4.5,False
20,2013-11-21,4.68,False
21,2013-11-22,7.02,False
22,2013-11-23,2.6999999999999997,False
23,2013-11-24,5.22,False
24,2013-11-25,11.16,False
25,2013-11-26,4.5,False
26,2013-11-27,4.5,False
27,2013-11-28,0.0,False
28,2013-11-29,2.52,False
29,2013-11-30,8.1,False
0,2013-12-01,0.0,False
1,2013-12-02,2.55,False
2,2013-12-03,13.35,False
3,2013-12-04,5.3999999999999995,False
4,2013-12-05,0.0,False
5,2013-12-06,5.55,False
6,2013-12-07,3.15,False
7,2013-12-08,0.0,False
8,2013-12-09,2.6999999999999997,False
9,2013-12-10,5.3999999999999995,False
10,2013-12-11,5.3999999999999995,False
11,2013-12-12,2.6999999999999997,False
12,2013-12-13,8.7,False
13,2013-12-14,3.3,False
14,2013-12-15,0.0,False
15,2013-12-16,8.25,False
16,2013-12-17,2.6999999999999997,False
17,2013-12-18,5.55,False
18,2013-12-19,5.7,False
19,2013-12-20,15.0,False
20,2013-12-21,0.0,False
21,2013-12-22,0.0,False
22,2013-12-23,0.0,False
23,2013-12-24,3.3,False
24,2013-12-25,10.95,False
25,2013-12-26,6.3,False
26,2013-12-27,3.0,False
27,2013-12-28,3.3,False
28,2013-12-29,3.3,False
29,2013-12-30,3.0,False
30,2013-12-31,0.0,False
0,2014-01-01,10.8,False
1,2014-01-02,13.200000000000001,False
2,2014-01-03,11.0,False
3,2014-01-04,5.0,False
4,2014-01-05,9.8,False
5,2014-01-06,12.8,False
6,2014-01-07,8.200000000000001,False
7,2014-01-08,8.200000000000001,False
8,2014-01-09,18.6,False
9,2014-01-10,8.6,False
10,2014-01-11,7.2,False
11,2014-01-12,4.800000000000001,False
12,2014-01-13,12.0,False
13,2014-01-14,16.400000000000002,False
14,2014-01-15,10.200000000000001,False
15,2014-01-16,4.2,False
16,2014-01-17,10.600000000000001,False
17,2014-01-18,5.0,False
18,2014-01-19,0.0,False
19,2014-01-20,0.0,False
20,2014-01-21,0.0,False
21,2014-01-22,8.0,False
22,2014-01-23,14.200000000000001,False
23,2014-01-24,10.600000000000001,False
24,2014-01-25,9.4,False
25,2014-01-26,0.0,False
26,2014-01-27,12.0,False
27,2014-01-28,20.0,False
28,2014-01-29,8.0,False
29,2014-01-30,16.400000000000002,False
30,2014-01-31,17.0,False
0,2014-02-01,9.89,False
1,2014-02-02,0.0,False
2,2014-02-03,4.140000000000001,False
3,2014-02-04,12.42,False
4,2014-02-05,16.79,False
5,2014-02-06,23.0,False
6,2014-02-07,18.630000000000003,False
7,2014-02-08,0.0,False
8,2014-02-09,0.0,False
9,2014-02-10,0.0,False
10,2014-02-11,4.140000000000001,False
11,2014-02-12,8.280000000000001,False
12,2014-02-13,12.65,False
13,2014-02-14,4.37,False
14,2014-02-15,0.0,False
15,2014-02-16,0.0,False
16,2014-02-17,0.0,False
17,2014-02-18,16.560000000000002,False
18,2014-02-19,4.140000000000001,False
19,2014-02-20,12.88,False
20,2014-02-21,13.110000000000001,False
21,2014-02-22,4.83,False
22,2014-02-23,0.0,False
23,2014-02-24,8.280000000000001,False
24,2014-02-25,8.51,False
25,2014-02-26,16.560000000000002,False
26,2014-02-27,4.140000000000001,False
27,2014-02-28,4.37,False
0,2014-03-01,4.08,False
1,2014-03-02,4.08,False
2,2014-03-03,17.04,False
3,2014-03-04,14.16,False
4,2014-03-05,17.52,False
5,2014-03-06,13.92,False
6,2014-03-07,16.32,False
7,2014-03-08,4.08,False
8,2014-03-09,4.08,False
9,2014-03-10,12.24,False
10,2014-03-11,12.0,False
11,2014-03-12,17.28,False
12,2014-03-13,12.0,False
13,2014-03-14,14.399999999999999,False
14,2014-03-15,4.08,False
15,2014-03-16,4.08,False
16,2014-03-17,12.24,False
17,2014-03-18,13.68,False
18,2014-03-19,5.279999999999999,False
19,2014-03-20,5.279999999999999,False
20,2014-03-21,7.199999999999999,False
21,2014-03-22,7.92,False
22,2014-03-23,4.08,False
23,2014-03-24,5.04,False
24,2014-03-25,8.4,False
25,2014-03-26,6.96,False
26,2014-03-27,8.64,False
27,2014-03-28,18.0,False
28,2014-03-29,4.08,False
29,2014-03-30,0.0,False
30,2014-03-31,24.0,False
0,2014-04-01,3.08,False
1,2014-04-02,15.96,False
2,2014-04-03,6.44,False
3,2014-04-04,16.240000000000002,False
4,2014-04-05,11.200000000000001,False
5,2014-04-06,3.6400000000000006,False
6,2014-04-07,21.840000000000003,False
7,2014-04-08,28.000000000000004,False
8,2014-04-09,9.520000000000001,False
9,2014-04-10,15.96,False
10,2014-04-11,13.440000000000001,False
11,2014-04-12,0.0,False
12,2014-04-13,0.0,False
13,2014-04-14,15.96,False
14,2014-04-15,9.24,False
15,2014-04-16,19.32,False
16,2014-04-17,6.720000000000001,False
17,2014-04-18,3.6400000000000006,False
18,2014-04-19,0.0,False
19,2014-04-20,0.0,False
20,2014-04-21,13.72,False
21,2014-04-22,15.680000000000001,False
22,2014-04-23,3.08,False
23,2014-04-24,9.520000000000001,False
24,2014-04-25,6.720000000000001,False
25,2014-04-26,0.0,False
26,2014-04-27,7.280000000000001,False
27,2014-04-28,6.16,False
28,2014-04-29,21.840000000000003,False
29,2014-04-30,19.32,False
0,2014-05-01,13.440000000000001,False
1,2014-05-02,11.200000000000001,False
2,2014-05-03,5.040000000000001,False
3,2014-05-04,4.760000000000001,False
4,2014-05-05,16.520000000000003,False
5,2014-05-06,20.44,False
6,2014-05-07,18.200000000000003,False
7,2014-05-08,16.8,False
8,2014-05-09,28.000000000000004,False
9,2014-05-10,4.760000000000001,False
10,2014-05-11,4.760000000000001,False
11,2014-05-12,18.200000000000003,False
12,2014-05-13,20.160000000000004,False
13,2014-05-14,24.360000000000003,False
14,2014-05-15,16.520000000000003,False
15,2014-05-16,14.840000000000002,False
16,2014-05-17,10.080000000000002,False
17,2014-05-18,7.280000000000001,False
18,2014-05-19,14.280000000000001,False
19,2014-05-20,12.32,False
20,2014-05-21,11.200000000000001,False
21,2014-05-22,13.440000000000001,False
22,2014-05-23,18.76,False
23,2014-05-24,5.6000000000000005,False
24,2014-05-25,10.920000000000002,False
25,2014-05-26,9.24,False
26,2014-05-27,8.680000000000001,False
27,2014-05-28,11.200000000000001,False
28,2014-05-29,7.000000000000001,False
29,2014-05-30,16.520000000000003,False
30,2014-05-31,11.200000000000001,False
0,2014-06-01,5.6000000000000005,False
1,2014-06-02,9.24,False
2,2014-06-03,13.72,False
3,2014-06-04,18.48,False
4,2014-06-05,19.040000000000003,False
5,2014-06-06,24.92,False
6,2014-06-07,0.0,False
7,2014-06-08,0.0,False
8,2014-06-09,9.520000000000001,False
9,2014-06-10,4.760000000000001,False
10,2014-06-11,28.000000000000004,False
11,2014-06-12,9.520000000000001,False
12,2014-06-13,24.64,False
13,2014-06-14,0.0,False
14,2014-06-15,5.6000000000000005,False
15,2014-06-16,14.000000000000002,False
16,2014-06-17,9.24,False
17,2014-06-18,19.040000000000003,False
18,2014-06-19,14.560000000000002,False
19,2014-06-20,15.120000000000001,False
20,2014-06-21,5.880000000000001,False
21,2014-06-22,0.0,False
22,2014-06-23,14.000000000000002,False
23,2014-06-24,4.760000000000001,False
24,2014-06-25,14.000000000000002,False
25,2014-06-26,9.520000000000001,False
26,2014-06-27,15.120000000000001,False
27,2014-06-28,0.0,False
28,2014-06-29,0.0,False
29,2014-06-30,14.280000000000001,False
0,2014-07-01,27.160000000000004,False
1,2014-07-02,15.120000000000001,False
2,2014-07-03,12.88,False
3,2014-07-04,16.240000000000002,False
4,2014-07-05,0.0,False
5,2014-07-06,0.0,False
6,2014-07-07,17.360000000000003,False
7,2014-07-08,14.560000000000002,False
8,2014-07-09,19.6,False
9,2014-07-10,5.040000000000001,False
10,2014-07-11,15.680000000000001,False
11,2014-07-12,5.880000000000001,False
12,2014-07-13,5.880000000000001,False
13,2014-07-14,22.12,False
14,2014-07-15,12.32,False
15,2014-07-16,10.080000000000002,False
16,2014-07-17,28.000000000000004,False
17,2014-07-18,21.000000000000004,False
18,2014-07-19,9.24,False
19,2014-07-20,0.0,False
20,2014-07-21,12.32,False
21,2014-07-22,9.8,False
22,2014-07-23,12.600000000000001,False
23,2014-07-24,12.600000000000001,False
24,2014-07-25,15.680000000000001,False
25,2014-07-26,6.16,False
26,2014-07-27,12.040000000000001,False
27,2014-07-28,10.080000000000002,False
28,2014-07-29,22.400000000000002,False
29,2014-07-30,15.120000000000001,False
30,2014-07-31,22.680000000000003,False
0,2014-08-01,16.64,False
1,2014-08-02,3.9000000000000004,False
2,2014-08-03,0.0,False
3,2014-08-04,10.92,False
4,2014-08-05,6.24,False
5,2014-08-06,8.06,False
6,2014-08-07,9.1,False
7,2014-08-08,21.580000000000002,False
8,2014-08-09,7.54,False
9,2014-08-10,3.64,False
10,2014-08-11,9.36,False
11,2014-08-12,6.24,False
12,2014-08-13,6.24,False
13,2014-08-14,9.620000000000001,False
14,2014-08-15,8.58,False
15,2014-08-16,0.0,False
16,2014-08-17,3.64,False
17,2014-08-18,4.68,False
18,2014-08-19,6.24,False
19,2014-08-20,15.34,False
20,2014-08-21,9.36,False
21,2014-08-22,26.0,False
22,2014-08-23,3.64,False
23,2014-08-24,3.64,False
24,2014-08-25,7.54,False
25,2014-08-26,10.66,False
26,2014-08-27,12.22,False
27,2014-08-28,6.24,False
28,2014-08-29,3.12,False
29,2014-08-30,3.64,False
30,2014-08-31,0.0,False
0,2014-09-01,0.0,False
1,2014-09-02,17.6,False
2,2014-09-03,7.04,False
3,2014-09-04,21.56,False
4,2014-09-05,3.74,False
5,2014-09-06,4.18,False
6,2014-09-07,0.0,False
7,2014-09-08,7.04,False
8,2014-09-09,3.52,False
9,2014-09-10,10.56,False
10,2014-09-11,10.56,False
11,2014-09-12,3.74,False
12,2014-09-13,0.0,False
13,2014-09-14,0.0,False
14,2014-09-15,10.56,False
15,2014-09-16,14.08,False
16,2014-09-17,14.08,False
17,2014-09-18,3.52,False
18,2014-09-19,22.0,False
19,2014-09-20,4.18,False
20,2014-09-21,0.0,False
21,2014-09-22,17.16,False
22,2014-09-23,3.52,False
23,2014-09-24,7.04,False
24,2014-09-25,7.04,False
25,2014-09-26,11.22,False
26,2014-09-27,4.18,False
27,2014-09-28,4.18,False
28,2014-09-29,7.04,False
29,2014-09-30,10.34,False
0,2014-10-01,9.1,False
1,2014-10-02,14.82,False
2,2014-10-03,7.800000000000001,False
3,2014-10-04,4.42,False
4,2014-10-05,4.42,False
5,2014-10-06,10.66,False
6,2014-10-07,16.12,False
7,2014-10-08,14.3,False
8,2014-10-09,9.1,False
9,2014-10-10,0.0,False
10,2014-10-11,8.58,False
11,2014-10-12,4.16,False
12,2014-10-13,7.0200000000000005,False
13,2014-10-14,10.66,False
14,2014-10-15,15.860000000000001,False
15,2014-10-16,24.96,False
16,2014-10-17,11.18,False
17,2014-10-18,0.0,False
18,2014-10-19,4.16,False
19,2014-10-20,5.2,False
20,2014-10-21,17.42,False
21,2014-10-22,12.48,False
22,2014-10-23,12.48,False
23,2014-10-24,13.0,False
24,2014-10-25,8.58,False
25,2014-10-26,4.16,False
26,2014-10-27,20.8,False
27,2014-10-28,26.0,False
28,2014-10-29,10.66,False
29,2014-10-30,7.28,False
30,2014-10-31,13.0,False
0,2014-11-01,4.94,False
1,2014-11-02,4.68,False
2,2014-11-03,20.28,False
3,2014-11-04,9.88,False
4,2014-11-05,8.06,False
5,2014-11-06,17.94,False
6,2014-11-07,18.98,False
7,2014-11-08,9.620000000000001,False
8,2014-11-09,0.0,False
9,2014-11-10,11.96,False
10,2014-11-11,26.0,False
11,2014-11-12,17.68,False
12,2014-11-13,14.040000000000001,False
13,2014-11-14,12.48,False
14,2014-11-15,7.0200000000000005,False
15,2014-11-16,4.68,False
16,2014-11-17,15.600000000000001,False
17,2014-11-18,10.66,False
18,2014-11-19,8.32,False
19,2014-11-20,14.040000000000001,False
20,2014-11-21,24.96,False
21,2014-11-22,4.68,False
22,2014-11-23,9.1,False
23,2014-11-24,11.700000000000001,False
24,2014-11-25,13.52,False
25,2014-11-26,14.040000000000001,False
26,2014-11-27,0.0,False
27,2014-11-28,12.48,False
28,2014-11-29,0.0,False
29,2014-11-30,9.1,False
0,2014-12-01,9.36,False
1,2014-12-02,7.800000000000001,False
2,2014-12-03,9.620000000000001,False
3,2014-12-04,19.5,False
4,2014-12-05,23.400000000000002,False
5,2014-12-06,3.9000000000000004,False
6,2014-12-07,5.720000000000001,False
7,2014-12-08,9.88,False
8,2014-12-09,12.74,False
9,2014-12-10,11.18,False
10,2014-12-11,8.06,False
11,2014-12-12,10.14,False
12,2014-12-13,0.0,False
13,2014-12-14,0.0,False
14,2014-12-15,9.620000000000001,False
15,2014-12-16,14.56,False
16,2014-12-17,9.88,False
17,2014-12-18,8.58,False
18,2014-12-19,14.040000000000001,False
19,2014-12-20,8.06,False
20,2014-12-21,0.0,False
21,2014-12-22,8.58,False
22,2014-12-23,14.3,False
23,2014-12-24,26.0,False
24,2014-12-25,4.42,False
25,2014-12-26,7.800000000000001,False
26,2014-12-27,3.9000000000000004,False
27,2014-12-28,0.0,False
28,2014-12-29,10.4,False
29,2014-12-30,10.4,False
30,2014-12-31,7.800000000000001,False
0,2015-01-01,5.94,False
1,2015-01-02,20.24,False
2,2015-01-03,5.28,False
3,2015-01-04,5.28,False
4,2015-01-05,13.64,False
5,2015-01-06,16.06,False
6,2015-01-07,11.22,False
7,2015-01-08,20.24,False
8,2015-01-09,9.24,False
9,2015-01-10,0.0,False
10,2015-01-11,5.06,False
11,2015-01-12,22.0,False
12,2015-01-13,22.0,False
13,2015-01-14,11.0,False
14,2015-01-15,17.82,False
15,2015-01-16,9.24,False
16,2015-01-17,10.56,False
17,2015-01-18,7.7,False
18,2015-01-19,8.8,False
19,2015-01-20,8.8,False
20,2015-01-21,12.98,False
21,2015-01-22,15.4,False
22,2015-01-23,9.02,False
23,2015-01-24,10.34,False
24,2015-01-25,5.06,False
25,2015-01-26,19.580000000000002,False
26,2015-01-27,21.56,False
27,2015-01-28,17.6,False
28,2015-01-29,15.4,False
29,2015-01-30,15.84,False
30,2015-01-31,5.06,False
0,2015-02-01,3.84,False
1,2015-02-02,12.8,False
2,2015-02-03,3.2,False
3,2015-02-04,32.0,False
4,2015-02-05,13.120000000000001,False
5,2015-02-06,20.16,False
6,2015-02-07,0.0,False
7,2015-02-08,0.0,False
8,2015-02-09,19.2,False
9,2015-02-10,9.6,False
10,2015-02-11,9.6,False
11,2015-02-12,19.84,False
12,2015-02-13,17.28,False
13,2015-02-14,3.84,False
14,2015-02-15,0.0,False
15,2015-02-16,0.0,False
16,2015-02-17,20.16,False
17,2015-02-18,16.64,False
18,2015-02-19,26.560000000000002,False
19,2015-02-20,16.96,False
20,2015-02-21,0.0,False
21,2015-02-22,0.0,False
22,2015-02-23,6.4,False
23,2015-02-24,19.2,False
24,2015-02-25,3.2,False
25,2015-02-26,12.8,False
26,2015-02-27,3.2,False
27,2015-02-28,3.84,False
0,2015-03-01,10.149999999999999,False
1,2015-03-02,15.659999999999998,False
2,2015-03-03,6.67,False
3,2015-03-04,26.97,False
4,2015-03-05,8.99,False
5,2015-03-06,16.529999999999998,False
6,2015-03-07,5.22,False
7,2015-03-08,10.729999999999999,False
8,2015-03-09,8.99,False
9,2015-03-10,8.99,False
10,2015-03-11,24.65,False
11,2015-03-12,6.67,False
12,2015-03-13,11.6,False
13,2015-03-14,10.44,False
14,2015-03-15,7.829999999999999,False
15,2015-03-16,8.99,False
16,2015-03-17,17.98,False
17,2015-03-18,8.99,False
18,2015-03-19,22.33,False
19,2015-03-20,16.24,False
20,2015-03-21,13.34,False
21,2015-03-22,5.22,False
22,2015-03-23,28.999999999999996,False
23,2015-03-24,28.999999999999996,False
24,2015-03-25,16.529999999999998,False
25,2015-03-26,23.49,False
26,2015-03-27,18.849999999999998,False
27,2015-03-28,11.309999999999999,False
28,2015-03-29,0.0,False
29,2015-03-30,13.629999999999999,False
30,2015-03-31,22.619999999999997,False
0,2015-04-01,23.76,False
1,2015-04-02,17.82,False
2,2015-04-03,7.5600000000000005,False
3,2015-04-04,8.100000000000001,False
4,2015-04-05,4.050000000000001,False
5,2015-04-06,17.82,False
6,2015-04-07,23.220000000000002,False
7,2015-04-08,6.75,False
8,2015-04-09,27.0,False
9,2015-04-10,7.0200000000000005,False
10,2015-04-11,0.0,False
11,2015-04-12,0.0,False
12,2015-04-13,13.23,False
13,2015-04-14,9.99,False
14,2015-04-15,13.5,False
15,2015-04-16,13.5,False
16,2015-04-17,3.5100000000000002,False
17,2015-04-18,0.0,False
18,2015-04-19,4.050000000000001,False
19,2015-04-20,0.0,False
20,2015-04-21,16.740000000000002,False
21,2015-04-22,16.740000000000002,False
22,2015-04-23,13.5,False
23,2015-04-24,7.0200000000000005,False
24,2015-04-25,4.050000000000001,False
25,2015-04-26,4.050000000000001,False
26,2015-04-27,16.470000000000002,False
27,2015-04-28,16.200000000000003,False
28,2015-04-29,9.99,False
29,2015-04-30,6.75,False
0,2015-05-01,9.25,False
1,2015-05-02,0.0,False
2,2015-05-03,7.75,False
3,2015-05-04,19.5,False
4,2015-05-05,13.0,False
5,2015-05-06,11.25,False
6,2015-05-07,13.25,False
7,2015-05-08,5.25,False
8,2015-05-09,4.0,False
9,2015-05-10,6.0,False
10,2015-05-11,8.0,False
11,2015-05-12,11.25,False
12,2015-05-13,9.75,False
13,2015-05-14,25.0,False
14,2015-05-15,17.0,False
15,2015-05-16,0.0,False
16,2015-05-17,3.75,False
17,2015-05-18,16.0,False
18,2015-05-19,24.0,False
19,2015-05-20,8.0,False
20,2015-05-21,9.75,False
21,2015-05-22,13.75,False
22,2015-05-23,5.75,False
23,2015-05-24,7.75,False
24,2015-05-25,5.0,False
25,2015-05-26,11.25,False
26,2015-05-27,11.25,False
27,2015-05-28,13.0,False
28,2015-05-29,12.0,False
29,2015-05-30,4.0,False
30,2015-05-31,3.75,False
0,2015-06-01,2.99,False
1,2015-06-02,12.42,False
2,2015-06-03,15.64,False
3,2015-06-04,9.89,False
4,2015-06-05,6.67,False
5,2015-06-06,3.68,False
6,2015-06-07,0.0,False
7,2015-06-08,2.99,False
8,2015-06-09,6.21,False
9,2015-06-10,9.43,False
10,2015-06-11,15.870000000000001,False
11,2015-06-12,13.110000000000001,False
12,2015-06-13,0.0,False
13,2015-06-14,3.68,False
14,2015-06-15,6.21,False
15,2015-06-16,15.180000000000001,False
16,2015-06-17,6.21,False
17,2015-06-18,15.870000000000001,False
18,2015-06-19,9.89,False
19,2015-06-20,3.68,False
20,2015-06-21,3.91,False
21,2015-06-22,12.42,False
22,2015-06-23,6.21,False
23,2015-06-24,12.65,False
24,2015-06-25,12.65,False
25,2015-06-26,23.0,False
26,2015-06-27,3.68,False
27,2015-06-28,0.0,False
28,2015-06-29,3.22,False
29,2015-06-30,21.85,False
0,2015-07-01,7.199999999999999,False
1,2015-07-02,9.84,False
2,2015-07-03,0.0,False
3,2015-07-04,2.88,False
4,2015-07-05,0.0,False
5,2015-07-06,11.76,False
6,2015-07-07,4.8,False
7,2015-07-08,7.199999999999999,False
8,2015-07-09,9.84,False
9,2015-07-10,17.52,False
10,2015-07-11,2.88,False
11,2015-07-12,2.88,False
12,2015-07-13,14.399999999999999,False
13,2015-07-14,7.199999999999999,False
14,2015-07-15,14.639999999999999,False
15,2015-07-16,0.0,False
16,2015-07-17,12.959999999999999,False
17,2015-07-18,6.24,False
18,2015-07-19,3.12,False
19,2015-07-20,7.68,False
20,2015-07-21,4.8,False
21,2015-07-22,12.0,False
22,2015-07-23,9.6,False
23,2015-07-24,17.759999999999998,False
24,2015-07-25,2.88,False
25,2015-07-26,0.0,False
26,2015-07-27,2.4,False
27,2015-07-28,9.6,False
28,2015-07-29,24.0,False
29,2015-07-30,4.8,False
30,2015-07-31,5.04,False
0,2015-08-01,3.3,False
1,2015-08-02,3.3,False
2,2015-08-03,5.7,False
3,2015-08-04,11.4,False
4,2015-08-05,10.2,False
5,2015-08-06,14.7,False
6,2015-08-07,15.0,False
7,2015-08-08,8.4,False
8,2015-08-09,6.8999999999999995,False
9,2015-08-10,14.399999999999999,False
10,2015-08-11,8.4,False
11,2015-08-12,10.2,False
12,2015-08-13,8.7,False
13,2015-08-14,18.0,False
14,2015-08-15,3.3,False
15,2015-08-16,3.3,False
16,2015-08-17,8.4,False
17,2015-08-18,7.199999999999999,False
18,2015-08-19,5.7,False
19,2015-08-20,15.899999999999999,False
20,2015-08-21,19.2,False
21,2015-08-22,5.1,False
22,2015-08-23,9.9,False
23,2015-08-24,30.0,False
24,2015-08-25,22.2,False
25,2015-08-26,19.5,False
26,2015-08-27,19.8,False
27,2015-08-28,14.7,False
28,2015-08-29,6.6,False
29,2015-08-30,3.3,False
30,2015-08-31,10.799999999999999,False
0,2015-09-01,9.02,False
1,2015-09-02,22.0,False
2,2015-09-03,9.24,False
3,2015-09-04,15.18,False
4,2015-09-05,8.58,False
5,2015-09-06,0.0,False
6,2015-09-07,7.7,False
7,2015-09-08,10.78,False
8,2015-09-09,14.3,False
9,2015-09-10,12.76,False
10,2015-09-11,9.46,False
11,2015-09-12,8.58,False
12,2015-09-13,8.14,False
13,2015-09-14,16.06,False
14,2015-09-15,14.3,False
15,2015-09-16,10.78,False
16,2015-09-17,10.78,False
17,2015-09-18,14.96,False
18,2015-09-19,4.18,False
19,2015-09-20,0.0,False
20,2015-09-21,10.56,False
21,2015-09-22,12.32,False
22,2015-09-23,10.78,False
23,2015-09-24,11.0,False
24,2015-09-25,15.18,False
25,2015-09-26,8.58,False
26,2015-09-27,4.18,False
27,2015-09-28,10.56,False
28,2015-09-29,19.36,False
29,2015-09-30,14.08,False
0,2015-10-01,14.280000000000001,False
1,2015-10-02,34.0,False
2,2015-10-03,12.58,False
3,2015-10-04,4.08,False
4,2015-10-05,18.02,False
5,2015-10-06,24.82,False
6,2015-10-07,21.76,False
7,2015-10-08,10.88,False
8,2015-10-09,7.48,False
9,2015-10-10,4.42,False
10,2015-10-11,0.0,False
11,2015-10-12,7.48,False
12,2015-10-13,17.68,False
13,2015-10-14,3.74,False
14,2015-10-15,18.02,False
15,2015-10-16,14.96,False
16,2015-10-17,17.0,False
17,2015-10-18,4.08,False
18,2015-10-19,14.280000000000001,False
19,2015-10-20,10.540000000000001,False
20,2015-10-21,18.02,False
21,2015-10-22,21.76,False
22,2015-10-23,7.48,False
23,2015-10-24,0.0,False
24,2015-10-25,8.16,False
25,2015-10-26,7.140000000000001,False
26,2015-10-27,10.540000000000001,False
27,2015-10-28,17.68,False
28,2015-10-29,32.64,False
29,2015-10-30,26.180000000000003,False
30,2015-10-31,4.08,False
0,2015-11-01,5.0600000000000005,False
1,2015-11-02,9.66,False
2,2015-11-03,16.560000000000002,False
3,2015-11-04,3.22,False
4,2015-11-05,13.8,False
5,2015-11-06,14.26,False
6,2015-11-07,3.68,False
7,2015-11-08,3.68,False
8,2015-11-09,9.200000000000001,False
9,2015-11-10,8.280000000000001,False
10,2015-11-11,4.140000000000001,False
11,2015-11-12,11.040000000000001,False
12,2015-11-13,7.82,False
13,2015-11-14,0.0,False
14,2015-11-15,2.3000000000000003,False
15,2015-11-16,8.280000000000001,False
16,2015-11-17,17.94,False
17,2015-11-18,8.280000000000001,False
18,2015-11-19,18.400000000000002,False
19,2015-11-20,19.78,False
20,2015-11-21,8.74,False
21,2015-11-22,7.36,False
22,2015-11-23,46.0,False
23,2015-11-24,28.52,False
24,2015-11-25,22.080000000000002,False
25,2015-11-26,6.44,False
26,2015-11-27,12.42,False
27,2015-11-28,5.0600000000000005,False
28,2015-11-29,3.68,False
29,2015-11-30,13.34,False
0,2015-12-01,19.8,False
1,2015-12-02,22.77,False
2,2015-12-03,33.0,False
3,2015-12-04,14.190000000000001,False
4,2015-12-05,3.3000000000000003,False
5,2015-12-06,3.3000000000000003,False
6,2015-12-07,16.17,False
7,2015-12-08,10.89,False
8,2015-12-09,8.25,False
9,2015-12-10,12.21,False
10,2015-12-11,16.830000000000002,False
11,2015-12-12,7.92,False
12,2015-12-13,0.0,False
13,2015-12-14,6.6000000000000005,False
14,2015-12-15,6.930000000000001,False
15,2015-12-16,11.22,False
16,2015-12-17,20.130000000000003,False
17,2015-12-18,5.94,False
18,2015-12-19,3.3000000000000003,False
19,2015-12-20,0.0,False
20,2015-12-21,8.58,False
21,2015-12-22,17.490000000000002,False
22,2015-12-23,16.830000000000002,False
23,2015-12-24,13.860000000000001,False
24,2015-12-25,7.590000000000001,False
25,2015-12-26,3.3000000000000003,False
26,2015-12-27,0.0,False
27,2015-12-28,10.23,False
28,2015-12-29,17.82,False
29,2015-12-30,9.24,False
30,2015-12-31,9.9,False
0,2016-01-01,4.29,False
1,2016-01-02,3.9000000000000004,False
2,2016-01-03,3.9000000000000004,False
3,2016-01-04,15.600000000000001,False
4,2016-01-05,17.16,False
5,2016-01-06,10.530000000000001,False
6,2016-01-07,29.25,False
7,2016-01-08,17.55,False
8,2016-01-09,3.9000000000000004,False
9,2016-01-10,0.0,False
10,2016-01-11,13.26,False
11,2016-01-12,26.91,False
12,2016-01-13,18.330000000000002,False
13,2016-01-14,36.660000000000004,False
14,2016-01-15,21.060000000000002,False
15,2016-01-16,3.9000000000000004,False
16,2016-01-17,5.8500000000000005,False
17,2016-01-18,6.63,False
18,2016-01-19,18.330000000000002,False
19,2016-01-20,39.0,False
20,2016-01-21,20.67,False
21,2016-01-22,23.01,False
22,2016-01-23,0.0,False
23,2016-01-24,5.8500000000000005,False
24,2016-01-25,15.21,False
25,2016-01-26,16.77,False
26,2016-01-27,21.84,False
27,2016-01-28,20.67,False
28,2016-01-29,28.080000000000002,False
29,2016-01-30,5.8500000000000005,False
30,2016-01-31,3.9000000000000004,False
0,2016-02-01,28.09,False
1,2016-02-02,27.560000000000002,False
2,2016-02-03,23.85,False
3,2016-02-04,30.740000000000002,False
4,2016-02-05,15.9,False
5,2016-02-06,12.72,False
6,2016-02-07,14.84,False
7,2016-02-08,34.980000000000004,False
8,2016-02-09,30.740000000000002,False
9,2016-02-10,36.57,False
10,2016-02-11,21.73,False
11,2016-02-12,40.28,False
12,2016-02-13,24.380000000000003,False
13,2016-02-14,9.540000000000001,False
14,2016-02-15,10.600000000000001,False
15,2016-02-16,27.560000000000002,False
16,2016-02-17,38.690000000000005,False
17,2016-02-18,23.85,False
18,2016-02-19,32.86,False
19,2016-02-20,19.61,False
20,2016-02-21,4.7700000000000005,False
21,2016-02-22,46.11,False
22,2016-02-23,27.03,False
23,2016-02-24,53.0,False
24,2016-02-25,45.050000000000004,False
25,2016-02-26,33.39,False
26,2016-02-27,9.540000000000001,False
27,2016-02-28,0.0,False
28,2016-02-29,27.03,False
0,2016-03-01,47.84,False
1,2016-03-02,36.4,False
2,2016-03-03,34.32,False
3,2016-03-04,19.76,False
4,2016-03-05,7.28,False
5,2016-03-06,0.0,False
6,2016-03-07,25.48,False
7,2016-03-08,25.48,False
8,2016-03-09,34.32,False
9,2016-03-10,21.84,False
10,2016-03-11,42.64,False
11,2016-03-12,9.88,False
12,2016-03-13,9.36,False
13,2016-03-14,51.480000000000004,False
14,2016-03-15,30.16,False
15,2016-03-16,46.800000000000004,False
16,2016-03-17,32.76,False
17,2016-03-18,22.880000000000003,False
18,2016-03-19,9.88,False
19,2016-03-20,4.68,False
20,2016-03-21,23.92,False
21,2016-03-22,32.76,False
22,2016-03-23,50.440000000000005,False
23,2016-03-24,47.84,False
24,2016-03-25,17.16,False
25,2016-03-26,15.600000000000001,False
26,2016-03-27,13.0,False
27,2016-03-28,11.440000000000001,False
28,2016-03-29,28.080000000000002,False
29,2016-03-30,52.0,False
30,2016-03-31,30.16,False
0,2016-04-01,28.98,False
1,2016-04-02,15.75,False
2,2016-04-03,15.75,False
3,2016-04-04,27.72,False
4,2016-04-05,41.58,False
5,2016-04-06,62.37,False
6,2016-04-07,63.0,False
7,2016-04-08,35.910000000000004,False
8,2016-04-09,3.7800000000000002,False
9,2016-04-10,11.97,False
10,2016-04-11,13.86,False
11,2016-04-12,23.94,False
12,2016-04-13,38.43,False
13,2016-04-14,31.5,False
14,2016-04-15,14.49,False
15,2016-04-16,20.16,False
16,2016-04-17,0.0,False
17,2016-04-18,17.64,False
18,2016-04-19,23.94,False
19,2016-04-20,17.01,False
20,2016-04-21,45.99,False
21,2016-04-22,22.05,False
22,2016-04-23,3.7800000000000002,False
23,2016-04-24,3.7800000000000002,False
24,2016-04-25,13.23,False
25,2016-04-26,23.94,False
26,2016-04-27,10.08,False
27,2016-04-28,31.5,False
28,2016-04-29,40.32,False
29,2016-04-30,0.0,False
0,2016-05-01,7.65,False
1,2016-05-02,27.03,False
2,2016-05-03,44.88,False
3,2016-05-04,40.8,False
4,2016-05-05,35.19,False
5,2016-05-06,40.8,False
6,2016-05-07,13.26,False
7,2016-05-08,5.1,False
8,2016-05-09,38.25,False
9,2016-05-10,51.0,False
10,2016-05-11,19.89,False
11,2016-05-12,29.580000000000002,False
12,2016-05-13,34.68,False
13,2016-05-14,10.71,False
14,2016-05-15,12.75,False
15,2016-05-16,35.7,False
16,2016-05-17,28.560000000000002,False
17,2016-05-18,26.52,False
18,2016-05-19,29.07,False
19,2016-05-20,44.88,False
20,2016-05-21,10.71,False
21,2016-05-22,10.2,False
22,2016-05-23,15.81,False
23,2016-05-24,33.660000000000004,False
24,2016-05-25,24.990000000000002,False
25,2016-05-26,33.15,False
26,2016-05-27,28.560000000000002,False
27,2016-05-28,10.71,False
28,2016-05-29,0.0,False
29,2016-05-30,9.18,False
30,2016-05-31,33.660000000000004,False
0,2016-06-01,26.880000000000003,False
1,2016-06-02,50.96000000000001,False
2,2016-06-03,28.000000000000004,False
3,2016-06-04,10.64,False
4,2016-06-05,5.040000000000001,False
5,2016-06-06,22.400000000000002,False
6,2016-06-07,31.360000000000003,False
7,2016-06-08,31.360000000000003,False
8,2016-06-09,55.440000000000005,False
9,2016-06-10,33.040000000000006,False
10,2016-06-11,10.64,False
11,2016-06-12,5.040000000000001,False
12,2016-06-13,44.24,False
13,2016-06-14,39.760000000000005,False
14,2016-06-15,26.880000000000003,False
15,2016-06-16,31.360000000000003,False
16,2016-06-17,52.080000000000005,False
17,2016-06-18,5.6000000000000005,False
18,2016-06-19,5.040000000000001,False
19,2016-06-20,17.92,False
20,2016-06-21,44.800000000000004,False
21,2016-06-22,26.880000000000003,False
22,2016-06-23,28.000000000000004,False
23,2016-06-24,47.6,False
24,2016-06-25,5.6000000000000005,False
25,2016-06-26,5.040000000000001,False
26,2016-06-27,26.880000000000003,False
27,2016-06-28,17.92,False
28,2016-06-29,41.440000000000005,False
29,2016-06-30,56.00000000000001,False
0,2016-07-01,37.92,False
1,2016-07-02,8.16,False
2,2016-07-03,5.279999999999999,False
3,2016-07-04,4.8,False
4,2016-07-05,45.12,False
5,2016-07-06,48.0,False
6,2016-07-07,36.48,False
7,2016-07-08,42.239999999999995,False
8,2016-07-09,13.92,False
9,2016-07-10,8.16,False
10,2016-07-11,30.72,False
11,2016-07-12,44.64,False
12,2016-07-13,42.72,False
13,2016-07-14,31.68,False
14,2016-07-15,46.08,False
15,2016-07-16,11.04,False
16,2016-07-17,5.76,False
17,2016-07-18,33.12,False
18,2016-07-19,23.52,False
19,2016-07-20,25.919999999999998,False
20,2016-07-21,26.4,False
21,2016-07-22,46.559999999999995,False
22,2016-07-23,8.16,False
23,2016-07-24,5.279999999999999,False
24,2016-07-25,16.32,False
25,2016-07-26,32.64,False
26,2016-07-27,23.52,False
27,2016-07-28,18.72,False
28,2016-07-29,46.559999999999995,False
29,2016-07-30,11.04,False
30,2016-07-31,5.279999999999999,False
0,2016-08-01,34.16,False
1,2016-08-02,59.78,False
2,2016-08-03,44.53,False
3,2016-08-04,40.87,False
4,2016-08-05,39.04,False
5,2016-08-06,7.32,False
6,2016-08-07,0.0,False
7,2016-08-08,47.58,False
8,2016-08-09,28.669999999999998,False
9,2016-08-10,33.55,False
10,2016-08-11,40.26,False
11,2016-08-12,28.669999999999998,False
12,2016-08-13,4.88,False
13,2016-08-14,9.76,False
14,2016-08-15,15.25,False
15,2016-08-16,25.62,False
16,2016-08-17,23.79,False
17,2016-08-18,25.62,False
18,2016-08-19,28.669999999999998,False
19,2016-08-20,9.76,False
20,2016-08-21,7.32,False
21,2016-08-22,61.0,False
22,2016-08-23,37.82,False
23,2016-08-24,40.87,False
24,2016-08-25,26.23,False
25,2016-08-26,35.38,False
26,2016-08-27,4.88,False
27,2016-08-28,4.88,False
28,2016-08-29,21.349999999999998,False
29,2016-08-30,19.52,False
30,2016-08-31,41.48,False
0,2016-09-01,33.54,False
1,2016-09-02,26.23,False
2,2016-09-03,4.7299999999999995,False
3,2016-09-04,0.0,False
4,2016-09-05,0.0,False
5,2016-09-06,24.509999999999998,False
6,2016-09-07,33.97,False
7,2016-09-08,25.37,False
8,2016-09-09,17.2,False
9,2016-09-10,19.78,False
10,2016-09-11,0.0,False
11,2016-09-12,16.77,False
12,2016-09-13,33.11,False
13,2016-09-14,16.77,False
14,2016-09-15,33.54,False
15,2016-09-16,43.0,False
16,2016-09-17,9.459999999999999,False
17,2016-09-18,0.0,False
18,2016-09-19,36.55,False
19,2016-09-20,16.34,False
20,2016-09-21,28.38,False
21,2016-09-22,37.839999999999996,False
22,2016-09-23,4.3,False
23,2016-09-24,0.0,False
24,2016-09-25,0.0,False
25,2016-09-26,3.87,False
26,2016-09-27,40.85,False
27,2016-09-28,24.509999999999998,False
28,2016-09-29,33.11,False
29,2016-09-30,34.4,False
0,2016-10-01,12.48,False
1,2016-10-02,14.82,False
2,2016-10-03,17.55,False
3,2016-10-04,21.84,False
4,2016-10-05,26.130000000000003,False
5,2016-10-06,22.23,False
6,2016-10-07,23.01,False
7,2016-10-08,10.14,False
8,2016-10-09,5.07,False
9,2016-10-10,33.15,False
10,2016-10-11,17.55,False
11,2016-10-12,26.91,False
12,2016-10-13,33.15,False
13,2016-10-14,34.32,False
14,2016-10-15,10.14,False
15,2016-10-16,0.0,False
16,2016-10-17,17.16,False
17,2016-10-18,25.740000000000002,False
18,2016-10-19,17.16,False
19,2016-10-20,39.0,False
20,2016-10-21,33.93,False
21,2016-10-22,10.14,False
22,2016-10-23,5.07,False
23,2016-10-24,23.79,False
24,2016-10-25,30.42,False
25,2016-10-26,21.45,False
26,2016-10-27,24.57,False
27,2016-10-28,27.69,False
28,2016-10-29,15.21,False
29,2016-10-30,5.07,False
30,2016-10-31,31.200000000000003,False
0,2016-11-01,24.7,False
1,2016-11-02,39.65,False
2,2016-11-03,39.65,False
3,2016-11-04,20.8,False
4,2016-11-05,18.2,False
5,2016-11-06,0.0,False
6,2016-11-07,39.0,False
7,2016-11-08,23.400000000000002,False
8,2016-11-09,65.0,False
9,2016-11-10,59.800000000000004,False
10,2016-11-11,41.6,False
11,2016-11-12,13.65,False
12,2016-11-13,4.55,False
13,2016-11-14,39.65,False
14,2016-11-15,63.050000000000004,False
15,2016-11-16,24.05,False
16,2016-11-17,35.75,False
17,2016-11-18,37.050000000000004,False
18,2016-11-19,0.0,False
19,2016-11-20,0.0,False
20,2016-11-21,35.1,False
21,2016-11-22,23.400000000000002,False
22,2016-11-23,43.550000000000004,False
23,2016-11-24,3.9000000000000004,False
24,2016-11-25,20.8,False
25,2016-11-26,13.0,False
26,2016-11-27,13.0,False
27,2016-11-28,18.85,False
28,2016-11-29,33.800000000000004,False
29,2016-11-30,41.6,False
0,2016-12-01,16.5,False
1,2016-12-02,39.6,False
2,2016-12-03,10.56,False
3,2016-12-04,5.28,False
4,2016-12-05,42.9,False
5,2016-12-06,50.82,False
6,2016-12-07,58.74,False
7,2016-12-08,62.7,False
8,2016-12-09,61.38,False
9,2016-12-10,11.22,False
10,2016-12-11,15.84,False
11,2016-12-12,38.940000000000005,False
12,2016-12-13,44.22,False
13,2016-12-14,66.0,False
14,2016-12-15,50.160000000000004,False
15,2016-12-16,27.720000000000002,False
16,2016-12-17,22.44,False
17,2016-12-18,5.28,False
18,2016-12-19,53.46,False
19,2016-12-20,46.86,False
20,2016-12-21,42.9,False
21,2016-12-22,31.020000000000003,False
22,2016-12-23,63.36,False
23,2016-12-24,17.82,False
24,2016-12-25,12.540000000000001,False
25,2016-12-26,15.84,False
26,2016-12-27,50.82,False
27,2016-12-28,27.720000000000002,False
28,2016-12-29,40.92,False
29,2016-12-30,34.32,False
30,2016-12-31,5.94,False
0,2017-01-01,8.58,False
1,2017-01-02,7.260000000000001,False
2,2017-01-03,36.300000000000004,False
3,2017-01-04,38.28,False
4,2017-01-05,34.980000000000004,False
5,2017-01-06,35.64,False
6,2017-01-07,5.94,False
7,2017-01-08,7.92,False
8,2017-01-09,26.400000000000002,False
9,2017-01-10,30.360000000000003,False
10,2017-01-11,34.980000000000004,False
11,2017-01-12,52.14,False
12,2017-01-13,33.0,False
13,2017-01-14,17.16,False
14,2017-01-15,5.94,False
15,2017-01-16,9.9,False
16,2017-01-17,27.720000000000002,False
17,2017-01-18,42.9,False
18,2017-01-19,29.700000000000003,False
19,2017-01-20,25.740000000000002,False
20,2017-01-21,5.94,False
21,2017-01-22,3.96,False
22,2017-01-23,36.300000000000004,False
23,2017-01-24,24.42,False
24,2017-01-25,44.88,False
25,2017-01-26,40.92,False
26,2017-01-27,39.6,False
27,2017-01-28,7.92,False
28,2017-01-29,9.24,False
29,2017-01-30,24.42,False
30,2017-01-31,66.0,False
0,2017-02-01,38.69,False
1,2017-02-02,43.8,False
2,2017-02-03,51.83,False
3,2017-02-04,11.68,False
4,2017-02-05,6.57,False
5,2017-02-06,29.2,False
6,2017-02-07,48.91,False
7,2017-02-08,21.9,False
8,2017-02-09,49.64,False
9,2017-02-10,43.07,False
10,2017-02-11,10.95,False
11,2017-02-12,8.76,False
12,2017-02-13,42.339999999999996,False
13,2017-02-14,48.91,False
14,2017-02-15,67.89,False
15,2017-02-16,73.0,False
16,2017-02-17,58.4,False
17,2017-02-18,0.0,False
18,2017-02-19,8.76,False
19,2017-02-20,5.84,False
20,2017-02-21,43.07,False
21,2017-02-22,43.07,False
22,2017-02-23,41.61,False
23,2017-02-24,51.1,False
24,2017-02-25,6.57,False
25,2017-02-26,8.76,False
26,2017-02-27,42.339999999999996,False
27,2017-02-28,40.879999999999995,False
0,2017-03-01,56.58,False
1,2017-03-02,51.059999999999995,False
2,2017-03-03,69.0,False
3,2017-03-04,9.66,False
4,2017-03-05,6.8999999999999995,False
5,2017-03-06,33.809999999999995,False
6,2017-03-07,49.67999999999999,False
7,2017-03-08,35.19,False
8,2017-03-09,47.61,False
9,2017-03-10,48.3,False
10,2017-03-11,9.66,False
11,2017-03-12,8.969999999999999,False
12,2017-03-13,46.919999999999995,False
13,2017-03-14,31.74,False
14,2017-03-15,50.37,False
15,2017-03-16,44.849999999999994,False
16,2017-03-17,44.16,False
17,2017-03-18,14.489999999999998,False
18,2017-03-19,11.729999999999999,False
19,2017-03-20,46.23,False
20,2017-03-21,35.879999999999995,False
21,2017-03-22,31.049999999999997,False
22,2017-03-23,27.599999999999998,False
23,2017-03-24,39.33,False
24,2017-03-25,24.839999999999996,False
25,2017-03-26,4.83,False
26,2017-03-27,50.37,False
27,2017-03-28,40.709999999999994,False
28,2017-03-29,44.16,False
29,2017-03-30,43.47,False
30,2017-03-31,24.15,False
0,2017-04-01,9.18,False
1,2017-04-02,0.0,False
2,2017-04-03,46.92,False
3,2017-04-04,35.19,False
4,2017-04-05,23.46,False
5,2017-04-06,47.43,False
6,2017-04-07,40.29,False
7,2017-04-08,9.18,False
8,2017-04-09,0.0,False
9,2017-04-10,46.92,False
10,2017-04-11,36.21,False
11,2017-04-12,28.05,False
12,2017-04-13,42.33,False
13,2017-04-14,9.18,False
14,2017-04-15,4.59,False
15,2017-04-16,4.59,False
16,2017-04-17,16.32,False
17,2017-04-18,30.6,False
18,2017-04-19,27.03,False
19,2017-04-20,51.0,False
20,2017-04-21,20.4,False
21,2017-04-22,18.36,False
22,2017-04-23,0.0,False
23,2017-04-24,19.38,False
24,2017-04-25,27.03,False
25,2017-04-26,34.68,False
26,2017-04-27,15.81,False
27,2017-04-28,24.48,False
28,2017-04-29,9.18,False
29,2017-04-30,18.36,False
0,2017-05-01,24.64,False
1,2017-05-02,32.480000000000004,False
2,2017-05-03,30.800000000000004,False
3,2017-05-04,56.00000000000001,False
4,2017-05-05,24.080000000000002,False
5,2017-05-06,11.200000000000001,False
6,2017-05-07,8.96,False
7,2017-05-08,34.720000000000006,False
8,2017-05-09,32.480000000000004,False
9,2017-05-10,32.480000000000004,False
10,2017-05-11,33.040000000000006,False
11,2017-05-12,20.160000000000004,False
12,2017-05-13,13.440000000000001,False
13,2017-05-14,6.720000000000001,False
14,2017-05-15,20.160000000000004,False
15,2017-05-16,26.880000000000003,False
16,2017-05-17,33.040000000000006,False
17,2017-05-18,39.2,False
18,2017-05-19,21.28,False
19,2017-05-20,9.520000000000001,False
20,2017-05-21,4.48,False
21,2017-05-22,29.120000000000005,False
22,2017-05-23,44.24,False
23,2017-05-24,33.040000000000006,False
24,2017-05-25,40.32000000000001,False
25,2017-05-26,42.00000000000001,False
26,2017-05-27,10.080000000000002,False
27,2017-05-28,14.560000000000002,False
28,2017-05-29,4.48,False
29,2017-05-30,32.480000000000004,False
30,2017-05-31,35.84,False
0,2017-06-01,15.75,False
1,2017-06-02,54.18,False
2,2017-06-03,5.67,False
3,2017-06-04,5.67,False
4,2017-06-05,51.660000000000004,False
5,2017-06-06,59.22,False
6,2017-06-07,34.65,False
7,2017-06-08,29.61,False
8,2017-06-09,25.830000000000002,False
9,2017-06-10,6.3,False
10,2017-06-11,11.97,False
11,2017-06-12,39.69,False
12,2017-06-13,39.69,False
13,2017-06-14,61.11,False
14,2017-06-15,62.37,False
15,2017-06-16,52.92,False
16,2017-06-17,12.6,False
17,2017-06-18,0.0,False
18,2017-06-19,30.240000000000002,False
19,2017-06-20,52.92,False
20,2017-06-21,53.55,False
21,2017-06-22,54.18,False
22,2017-06-23,20.79,False
23,2017-06-24,17.64,False
24,2017-06-25,11.97,False
25,2017-06-26,35.910000000000004,False
26,2017-06-27,31.5,False
27,2017-06-28,63.0,False
28,2017-06-29,57.33,False
29,2017-06-30,32.76,False
0,2017-07-01,13.23,False
1,2017-07-02,4.41,False
2,2017-07-03,27.439999999999998,False
3,2017-07-04,5.88,False
4,2017-07-05,31.36,False
5,2017-07-06,27.439999999999998,False
6,2017-07-07,24.009999999999998,False
7,2017-07-08,11.27,False
8,2017-07-09,8.82,False
9,2017-07-10,28.419999999999998,False
10,2017-07-11,20.58,False
11,2017-07-12,35.769999999999996,False
12,2017-07-13,30.87,False
13,2017-07-14,39.69,False
14,2017-07-15,8.82,False
15,2017-07-16,8.82,False
16,2017-07-17,21.07,False
17,2017-07-18,34.3,False
18,2017-07-19,32.339999999999996,False
19,2017-07-20,23.03,False
20,2017-07-21,25.97,False
21,2017-07-22,4.41,False
22,2017-07-23,6.37,False
23,2017-07-24,13.23,False
24,2017-07-25,17.15,False
25,2017-07-26,31.36,False
26,2017-07-27,39.69,False
27,2017-07-28,49.0,False
28,2017-07-29,10.78,False
29,2017-07-30,4.41,False
30,2017-07-31,33.81,False
0,2017-08-01,57.99999999999999,False
1,2017-08-02,40.599999999999994,False
2,2017-08-03,52.779999999999994,False
3,2017-08-04,52.779999999999994,False
4,2017-08-05,15.079999999999998,False
5,2017-08-06,9.86,False
6,2017-08-07,31.319999999999997,False
7,2017-08-08,32.48,False
8,2017-08-09,40.019999999999996,False
9,2017-08-10,30.159999999999997,False
10,2017-08-11,51.04,False
11,2017-08-12,9.86,False
12,2017-08-13,9.86,False
13,2017-08-14,30.159999999999997,False
14,2017-08-15,26.099999999999998,False
15,2017-08-16,42.919999999999995,False
16,2017-08-17,38.279999999999994,False
17,2017-08-18,44.08,False
18,2017-08-19,9.86,False
19,2017-08-20,4.64,False
20,2017-08-21,20.88,False
21,2017-08-22,37.699999999999996,False
22,2017-08-23,20.88,False
23,2017-08-24,19.139999999999997,False
24,2017-08-25,22.619999999999997,False
25,2017-08-26,17.4,False
26,2017-08-27,0.0,False
27,2017-08-28,19.139999999999997,False
28,2017-08-29,23.2,False
29,2017-08-30,33.64,False
30,2017-08-31,46.98,False
0,2017-09-01,48.379999999999995,False
1,2017-09-02,12.389999999999999,False
2,2017-09-03,8.26,False
3,2017-09-04,0.0,False
4,2017-09-05,23.599999999999998,False
5,2017-09-06,17.11,False
6,2017-09-07,27.729999999999997,False
7,2017-09-08,21.83,False
8,2017-09-09,4.13,False
9,2017-09-10,7.67,False
10,2017-09-11,34.809999999999995,False
11,2017-09-12,34.22,False
12,2017-09-13,37.76,False
13,2017-09-14,59.0,False
14,2017-09-15,21.24,False
15,2017-09-16,15.93,False
16,2017-09-17,0.0,False
17,2017-09-18,37.76,False
18,2017-09-19,17.11,False
19,2017-09-20,37.76,False
20,2017-09-21,27.729999999999997,False
21,2017-09-22,50.739999999999995,False
22,2017-09-23,11.799999999999999,False
23,2017-09-24,0.0,False
24,2017-09-25,51.919999999999995,False
25,2017-09-26,24.189999999999998,False
26,2017-09-27,40.71,False
27,2017-09-28,31.27,False
28,2017-09-29,29.5,False
29,2017-09-30,12.389999999999999,False
0,2017-10-01,14.07,False
1,2017-10-02,40.2,False
2,2017-10-03,36.18,False
3,2017-10-04,16.080000000000002,False
4,2017-10-05,52.93,False
5,2017-10-06,20.77,False
6,2017-10-07,4.69,False
7,2017-10-08,0.0,False
8,2017-10-09,39.53,False
9,2017-10-10,55.61000000000001,False
10,2017-10-11,36.18,False
11,2017-10-12,60.970000000000006,False
12,2017-10-13,16.75,False
13,2017-10-14,9.38,False
14,2017-10-15,4.69,False
15,2017-10-16,27.470000000000002,False
16,2017-10-17,62.980000000000004,False
17,2017-10-18,20.1,False
18,2017-10-19,28.810000000000002,False
19,2017-10-20,67.0,False
20,2017-10-21,14.07,False
21,2017-10-22,18.09,False
22,2017-10-23,54.940000000000005,False
23,2017-10-24,35.510000000000005,False
24,2017-10-25,32.160000000000004,False
25,2017-10-26,20.1,False
26,2017-10-27,32.830000000000005,False
27,2017-10-28,4.69,False
28,2017-10-29,4.69,False
29,2017-10-30,31.490000000000002,False
30,2017-10-31,60.970000000000006,False
0,2017-11-01,33.92,False
1,2017-11-02,46.64,False
2,2017-11-03,40.28,False
3,2017-11-04,16.43,False
4,2017-11-05,22.790000000000003,False
5,2017-11-06,23.85,False
6,2017-11-07,28.09,False
7,2017-11-08,28.62,False
8,2017-11-09,36.57,False
9,2017-11-10,38.160000000000004,False
10,2017-11-11,11.66,False
11,2017-11-12,9.01,False
12,2017-11-13,30.21,False
13,2017-11-14,30.21,False
14,2017-11-15,32.33,False
15,2017-11-16,24.380000000000003,False
16,2017-11-17,21.200000000000003,False
17,2017-11-18,4.7700000000000005,False
18,2017-11-19,4.7700000000000005,False
19,2017-11-20,30.21,False
20,2017-11-21,42.400000000000006,False
21,2017-11-22,28.62,False
22,2017-11-23,10.600000000000001,False
23,2017-11-24,19.080000000000002,False
24,2017-11-25,9.01,False
25,2017-11-26,9.01,False
26,2017-11-27,33.39,False
27,2017-11-28,21.73,False
28,2017-11-29,32.33,False
29,2017-11-30,53.0,False
0,2017-12-01,46.199999999999996,False
1,2017-12-02,10.799999999999999,False
2,2017-12-03,4.2,False
3,2017-12-04,38.4,False
4,2017-12-05,34.199999999999996,False
5,2017-12-06,24.599999999999998,False
6,2017-12-07,33.0,False
7,2017-12-08,40.8,False
8,2017-12-09,13.2,False
9,2017-12-10,8.4,False
10,2017-12-11,26.4,False
11,2017-12-12,36.0,False
12,2017-12-13,36.0,False
13,2017-12-14,39.0,False
14,2017-12-15,34.8,False
15,2017-12-16,18.0,False
16,2017-12-17,4.2,False
17,2017-12-18,60.0,False
18,2017-12-19,43.199999999999996,False
19,2017-12-20,34.199999999999996,False
20,2017-12-21,49.8,False
21,2017-12-22,37.199999999999996,False
22,2017-12-23,13.799999999999999,False
23,2017-12-24,9.6,False
24,2017-12-25,0.0,False
25,2017-12-26,41.4,False
26,2017-12-27,58.199999999999996,False
27,2017-12-28,31.2,False
28,2017-12-29,47.4,False
29,2017-12-30,11.4,False
30,2017-12-31,9.6,False
0,2018-01-01,3.24,False
1,2018-01-02,18.630000000000003,False
2,2018-01-03,21.87,False
3,2018-01-04,38.07,False
4,2018-01-05,34.830000000000005,False
5,2018-01-06,5.67,False
6,2018-01-07,10.530000000000001,False
7,2018-01-08,42.120000000000005,False
8,2018-01-09,35.64,False
9,2018-01-10,29.160000000000004,False
10,2018-01-11,42.93,False
11,2018-01-12,40.5,False
12,2018-01-13,8.91,False
13,2018-01-14,8.91,False
14,2018-01-15,10.530000000000001,False
15,2018-01-16,34.830000000000005,False
16,2018-01-17,30.78,False
17,2018-01-18,31.590000000000003,False
18,2018-01-19,19.44,False
19,2018-01-20,8.91,False
20,2018-01-21,4.050000000000001,False
21,2018-01-22,15.39,False
22,2018-01-23,34.830000000000005,False
23,2018-01-24,27.540000000000003,False
24,2018-01-25,25.92,False
25,2018-01-26,57.510000000000005,False
26,2018-01-27,16.200000000000003,False
27,2018-01-28,8.91,False
28,2018-01-29,44.550000000000004,False
29,2018-01-30,81.0,False
30,2018-01-31,51.84,False
0,2018-02-01,56.0,False
1,2018-02-02,67.0,False
2,2018-02-03,32.0,False
3,2018-02-04,14.0,False
4,2018-02-05,100.0,False
5,2018-02-06,95.0,False
6,2018-02-07,91.0,False
7,2018-02-08,75.0,False
8,2018-02-09,55.0,False
9,2018-02-10,15.0,False
10,2018-02-11,10.0,False
11,2018-02-12,80.0,False
12,2018-02-13,50.0,False
13,2018-02-14,54.0,False
14,2018-02-15,72.0,False
15,2018-02-16,47.0,False
16,2018-02-17,24.0,False
17,2018-02-18,5.0,False
18,2018-02-19,24.0,False
19,2018-02-20,63.0,False
20,2018-02-21,57.0,False
21,2018-02-22,66.0,False
22,2018-02-23,51.0,False
23,2018-02-24,12.0,False
24,2018-02-25,9.0,False
25,2018-02-26,52.0,False
26,2018-02-27,58.0,False
27,2018-02-28,79.0,False
0,2018-03-01,55.44,False
1,2018-03-02,37.44,False
2,2018-03-03,25.919999999999998,False
3,2018-03-04,12.24,False
4,2018-03-05,64.08,False
5,2018-03-06,60.48,False
6,2018-03-07,64.8,False
7,2018-03-08,65.52,False
8,2018-03-09,61.199999999999996,False
9,2018-03-10,23.04,False
10,2018-03-11,7.92,False
11,2018-03-12,54.72,False
12,2018-03-13,57.599999999999994,False
13,2018-03-14,42.48,False
14,2018-03-15,45.36,False
15,2018-03-16,58.32,False
16,2018-03-17,15.84,False
17,2018-03-18,7.92,False
18,2018-03-19,54.0,False
19,2018-03-20,54.0,False
20,2018-03-21,48.96,False
21,2018-03-22,45.36,False
22,2018-03-23,61.199999999999996,False
23,2018-03-24,12.959999999999999,False
24,2018-03-25,10.08,False
25,2018-03-26,72.0,False
26,2018-03-27,61.199999999999996,False
27,2018-03-28,58.32,False
28,2018-03-29,43.92,False
29,2018-03-30,25.919999999999998,False
30,2018-03-31,10.799999999999999,False
0,2018-04-01,9.75,False
1,2018-04-02,65.0,False
2,2018-04-03,28.6,False
3,2018-04-04,44.2,False
4,2018-04-05,62.400000000000006,False
5,2018-04-06,55.25,False
6,2018-04-07,4.55,False
7,2018-04-08,9.1,False
8,2018-04-09,44.2,False
9,2018-04-10,52.0,False
10,2018-04-11,60.45,False
11,2018-04-12,65.0,False
12,2018-04-13,29.900000000000002,False
13,2018-04-14,0.0,False
14,2018-04-15,4.55,False
15,2018-04-16,36.4,False
16,2018-04-17,60.45,False
17,2018-04-18,40.300000000000004,False
18,2018-04-19,20.8,False
19,2018-04-20,21.45,False
20,2018-04-21,9.75,False
21,2018-04-22,9.1,False
22,2018-04-23,39.65,False
23,2018-04-24,43.550000000000004,False
24,2018-04-25,20.150000000000002,False
25,2018-04-26,48.75,False
26,2018-04-27,39.0,False
27,2018-04-28,33.800000000000004,False
28,2018-04-29,18.85,False
29,2018-04-30,50.050000000000004,False
0,2018-05-01,71.0,False
1,2018-05-02,36.21,False
2,2018-05-03,51.83,False
3,2018-05-04,25.56,False
4,2018-05-05,14.2,False
5,2018-05-06,10.649999999999999,False
6,2018-05-07,39.76,False
7,2018-05-08,39.05,False
8,2018-05-09,36.21,False
9,2018-05-10,18.46,False
10,2018-05-11,44.019999999999996,False
11,2018-05-12,10.649999999999999,False
12,2018-05-13,7.1,False
13,2018-05-14,14.91,False
14,2018-05-15,24.14,False
15,2018-05-16,45.44,False
16,2018-05-17,18.46,False
17,2018-05-18,22.009999999999998,False
18,2018-05-19,3.55,False
19,2018-05-20,7.1,False
20,2018-05-21,22.009999999999998,False
21,2018-05-22,36.21,False
22,2018-05-23,34.08,False
23,2018-05-24,9.23,False
24,2018-05-25,29.11,False
25,2018-05-26,3.55,False
26,2018-05-27,0.0,False
27,2018-05-28,9.23,False
28,2018-05-29,21.299999999999997,False
29,2018-05-30,39.76,False
30,2018-05-31,24.849999999999998,False
0,2018-06-01,55.67999999999999,False
1,2018-06-02,20.88,False
2,2018-06-03,7.539999999999999,False
3,2018-06-04,39.44,False
4,2018-06-05,24.36,False
5,2018-06-06,40.019999999999996,False
6,2018-06-07,52.779999999999994,False
7,2018-06-08,43.5,False
8,2018-06-09,12.76,False
9,2018-06-10,10.44,False
10,2018-06-11,29.58,False
11,2018-06-12,48.72,False
12,2018-06-13,47.559999999999995,False
13,2018-06-14,38.86,False
14,2018-06-15,55.099999999999994,False
15,2018-06-16,12.76,False
16,2018-06-17,7.539999999999999,False
17,2018-06-18,41.18,False
18,2018-06-19,41.18,False
19,2018-06-20,43.5,False
20,2018-06-21,41.76,False
21,2018-06-22,56.26,False
22,2018-06-23,17.4,False
23,2018-06-24,24.939999999999998,False
24,2018-06-25,36.54,False
25,2018-06-26,57.99999999999999,False
26,2018-06-27,45.82,False
27,2018-06-28,44.08,False
28,2018-06-29,32.48,False
29,2018-06-30,7.539999999999999,False
0,2018-07-01,0.0,False
1,2018-07-02,20.52,False
2,2018-07-03,31.16,False
3,2018-07-04,6.84,False
4,2018-07-05,24.32,False
5,2018-07-06,41.8,False
6,2018-07-07,22.8,False
7,2018-07-08,3.8,False
8,2018-07-09,60.8,False
9,2018-07-10,72.96000000000001,False
10,2018-07-11,72.2,False
11,2018-07-12,49.4,False
12,2018-07-13,25.84,False
13,2018-07-14,0.0,False
14,2018-07-15,0.0,False
15,2018-07-16,34.96,False
16,2018-07-17,52.44,False
17,2018-07-18,28.88,False
18,2018-07-19,50.160000000000004,False
19,2018-07-20,47.12,False
20,2018-07-21,24.32,False
21,2018-07-22,3.8,False
22,2018-07-23,17.48,False
23,2018-07-24,41.8,False
24,2018-07-25,28.12,False
25,2018-07-26,24.32,False
26,2018-07-27,57.76,False
27,2018-07-28,7.6,False
28,2018-07-29,8.36,False
29,2018-07-30,41.8,False
30,2018-07-31,76.0,False
0,2018-08-01,79.2,False
1,2018-08-02,69.3,False
2,2018-08-03,48.51,False
3,2018-08-04,7.92,False
4,2018-08-05,0.0,False
5,2018-08-06,53.46,False
6,2018-08-07,99.0,False
7,2018-08-08,56.43,False
8,2018-08-09,64.35,False
9,2018-08-10,59.4,False
10,2018-08-11,20.79,False
11,2018-08-12,3.96,False
12,2018-08-13,28.71,False
13,2018-08-14,50.49,False
14,2018-08-15,76.23,False
15,2018-08-16,61.38,False
16,2018-08-17,65.34,False
17,2018-08-18,7.92,False
18,2018-08-19,7.92,False
19,2018-08-20,44.55,False
20,2018-08-21,54.45,False
21,2018-08-22,66.33,False
22,2018-08-23,58.41,False
23,2018-08-24,44.55,False
24,2018-08-25,12.87,False
25,2018-08-26,3.96,False
26,2018-08-27,64.35,False
27,2018-08-28,52.47,False
28,2018-08-29,28.71,False
29,2018-08-30,39.6,False
30,2018-08-31,25.74,False
0,2018-09-01,3.4000000000000004,False
1,2018-09-02,6.800000000000001,False
2,2018-09-03,6.12,False
3,2018-09-04,18.360000000000003,False
4,2018-09-05,42.84,False
5,2018-09-06,42.84,False
6,2018-09-07,31.28,False
7,2018-09-08,10.200000000000001,False
8,2018-09-09,3.4000000000000004,False
9,2018-09-10,45.56,False
10,2018-09-11,51.00000000000001,False
11,2018-09-12,45.56,False
12,2018-09-13,52.36000000000001,False
13,2018-09-14,40.800000000000004,False
14,2018-09-15,14.280000000000001,False
15,2018-09-16,0.0,False
16,2018-09-17,24.48,False
17,2018-09-18,53.720000000000006,False
18,2018-09-19,45.56,False
19,2018-09-20,68.0,False
20,2018-09-21,34.68,False
21,2018-09-22,3.4000000000000004,False
22,2018-09-23,10.200000000000001,False
23,2018-09-24,57.800000000000004,False
24,2018-09-25,51.00000000000001,False
25,2018-09-26,32.64,False
26,2018-09-27,45.56,False
27,2018-09-28,12.920000000000002,False
28,2018-09-29,21.080000000000002,False
29,2018-09-30,6.800000000000001,False
0,2018-10-01,68.8,False
1,2018-10-02,31.82,False
2,2018-10-03,55.04,False
3,2018-10-04,51.6,False
4,2018-10-05,63.64,False
5,2018-10-06,37.839999999999996,False
6,2018-10-07,0.0,False
7,2018-10-08,65.36,False
8,2018-10-09,62.78,False
9,2018-10-10,66.22,False
10,2018-10-11,86.0,False
11,2018-10-12,55.04,False
12,2018-10-13,21.5,False
13,2018-10-14,0.0,False
14,2018-10-15,56.76,False
15,2018-10-16,56.76,False
16,2018-10-17,47.3,False
17,2018-10-18,77.4,False
18,2018-10-19,55.04,False
19,2018-10-20,10.32,False
20,2018-10-21,10.32,False
21,2018-10-22,55.9,False
22,2018-10-23,55.9,False
23,2018-10-24,84.28,False
24,2018-10-25,56.76,False
25,2018-10-26,63.64,False
26,2018-10-27,5.16,False
27,2018-10-28,0.0,False
28,2018-10-29,54.18,False
29,2018-10-30,65.36,False
30,2018-10-31,61.92,False
0,2018-11-01,43.46,False
1,2018-11-02,45.919999999999995,False
2,2018-11-03,10.66,False
3,2018-11-04,0.0,False
4,2018-11-05,48.379999999999995,False
5,2018-11-06,31.979999999999997,False
6,2018-11-07,55.76,False
7,2018-11-08,54.94,False
8,2018-11-09,52.48,False
9,2018-11-10,12.299999999999999,False
10,2018-11-11,5.739999999999999,False
11,2018-11-12,59.04,False
12,2018-11-13,68.88,False
13,2018-11-14,55.76,False
14,2018-11-15,82.0,False
15,2018-11-16,56.58,False
16,2018-11-17,39.36,False
17,2018-11-18,9.84,False
18,2018-11-19,27.06,False
19,2018-11-20,53.3,False
20,2018-11-21,50.839999999999996,False
21,2018-11-22,13.12,False
22,2018-11-23,26.24,False
23,2018-11-24,16.4,False
24,2018-11-25,15.579999999999998,False
25,2018-11-26,32.8,False
26,2018-11-27,42.64,False
27,2018-11-28,37.72,False
28,2018-11-29,48.379999999999995,False
29,2018-11-30,40.18,False
0,2018-12-01,11.1,False
1,2018-12-02,7.4,False
2,2018-12-03,54.019999999999996,False
3,2018-12-04,57.72,False
4,2018-12-05,22.2,False
5,2018-12-06,45.14,False
6,2018-12-07,33.3,False
7,2018-12-08,14.8,False
8,2018-12-09,0.0,False
9,2018-12-10,35.519999999999996,False
10,2018-12-11,74.0,False
11,2018-12-12,53.28,False
12,2018-12-13,62.9,False
13,2018-12-14,35.519999999999996,False
14,2018-12-15,7.4,False
15,2018-12-16,0.0,False
16,2018-12-17,24.419999999999998,False
17,2018-12-18,19.24,False
18,2018-12-19,51.06,False
19,2018-12-20,34.78,False
20,2018-12-21,46.62,False
21,2018-12-22,3.7,False
22,2018-12-23,15.54,False
23,2018-12-24,23.68,False
24,2018-12-25,20.72,False
25,2018-12-26,28.86,False
26,2018-12-27,45.14,False
27,2018-12-28,32.56,False
28,2018-12-29,19.24,False
29,2018-12-30,11.84,False
30,2018-12-31,50.32,False
0,2019-01-01,5.53,False
1,2019-01-02,31.6,False
2,2019-01-03,32.39,False
3,2019-01-04,37.92,False
4,2019-01-05,11.06,False
5,2019-01-06,5.53,False
6,2019-01-07,42.660000000000004,False
7,2019-01-08,37.13,False
8,2019-01-09,28.44,False
9,2019-01-10,36.34,False
10,2019-01-11,37.13,False
11,2019-01-12,12.64,False
12,2019-01-13,5.53,False
13,2019-01-14,29.23,False
14,2019-01-15,37.13,False
15,2019-01-16,33.97,False
16,2019-01-17,26.07,False
17,2019-01-18,40.29,False
18,2019-01-19,18.96,False
19,2019-01-20,4.74,False
20,2019-01-21,9.48,False
21,2019-01-22,38.71,False
22,2019-01-23,26.07,False
23,2019-01-24,44.24,False
24,2019-01-25,47.400000000000006,False
25,2019-01-26,11.06,False
26,2019-01-27,14.22,False
27,2019-01-28,54.510000000000005,False
28,2019-01-29,79.0,False
29,2019-01-30,49.77,False
30,2019-01-31,56.88,False
0,2019-02-01,43.4,False
1,2019-02-02,19.84,False
2,2019-02-03,8.06,False
3,2019-02-04,57.04,False
4,2019-02-05,45.26,False
5,2019-02-06,52.7,False
6,2019-02-07,56.42,False
7,2019-02-08,35.96,False
8,2019-02-09,27.9,False
9,2019-02-10,19.84,False
10,2019-02-11,30.38,False
11,2019-02-12,62.0,False
12,2019-02-13,40.92,False
13,2019-02-14,28.52,False
14,2019-02-15,43.4,False
15,2019-02-16,19.84,False
16,2019-02-17,4.34,False
17,2019-02-18,21.08,False
18,2019-02-19,27.9,False
19,2019-02-20,45.26,False
20,2019-02-21,38.44,False
21,2019-02-22,54.56,False
22,2019-02-23,11.78,False
23,2019-02-24,0.0,False
24,2019-02-25,48.36,False
25,2019-02-26,38.44,False
26,2019-02-27,27.28,False
27,2019-02-28,39.06,False
0,2019-03-01,14.72,False
1,2019-03-02,8.32,False
2,2019-03-03,0.0,False
3,2019-03-04,21.76,False
4,2019-03-05,17.92,False
5,2019-03-06,48.64,False
6,2019-03-07,32.0,False
7,2019-03-08,37.12,False
8,2019-03-09,0.0,False
9,2019-03-10,0.0,False
10,2019-03-11,39.04,False
11,2019-03-12,24.96,False
12,2019-03-13,41.6,False
13,2019-03-14,64.0,False
14,2019-03-15,47.36,False
15,2019-03-16,8.32,False
