,date,QCOM stock,isPartial
0,2012-01-01,0.0,False
1,2012-01-02,0.0,False
2,2012-01-03,4.970000000000001,False
3,2012-01-04,2.45,False
4,2012-01-05,2.45,False
5,2012-01-06,2.5900000000000003,False
6,2012-01-07,2.9400000000000004,False
7,2012-01-08,0.0,False
8,2012-01-09,3.6400000000000006,False
9,2012-01-10,2.3800000000000003,False
10,2012-01-11,3.5700000000000003,False
11,2012-01-12,2.45,False
12,2012-01-13,0.0,False
13,2012-01-14,0.0,False
14,2012-01-15,0.0,False
15,2012-01-16,0.0,False
16,2012-01-17,7.000000000000001,False
17,2012-01-18,0.0,False
18,2012-01-19,2.3800000000000003,False
19,2012-01-20,3.7100000000000004,False
20,2012-01-21,0.0,False
21,2012-01-22,0.0,False
22,2012-01-23,2.31,False
23,2012-01-24,2.3800000000000003,False
24,2012-01-25,2.3800000000000003,False
25,2012-01-26,2.3800000000000003,False
26,2012-01-27,3.7100000000000004,False
27,2012-01-28,2.87,False
28,2012-01-29,2.8000000000000003,False
29,2012-01-30,4.69,False
30,2012-01-31,2.31,False
0,2012-02-01,8.0,False
1,2012-02-02,6.72,False
2,2012-02-03,2.08,False
3,2012-02-04,0.0,False
4,2012-02-05,0.0,False
5,2012-02-06,2.0,False
6,2012-02-07,1.36,False
7,2012-02-08,3.2800000000000002,False
8,2012-02-09,0.0,False
9,2012-02-10,2.8000000000000003,False
10,2012-02-11,0.0,False
11,2012-02-12,3.04,False
12,2012-02-13,1.28,False
13,2012-02-14,1.36,False
14,2012-02-15,1.36,False
15,2012-02-16,2.0,False
16,2012-02-17,4.88,False
17,2012-02-18,3.2800000000000002,False
18,2012-02-19,0.0,False
19,2012-02-20,1.36,False
20,2012-02-21,4.16,False
21,2012-02-22,2.0,False
22,2012-02-23,2.0,False
23,2012-02-24,0.0,False
24,2012-02-25,0.0,False
25,2012-02-26,0.0,False
26,2012-02-27,2.64,False
27,2012-02-28,1.28,False
28,2012-02-29,2.64,False
0,2012-03-01,5.2,False
1,2012-03-02,7.1000000000000005,False
2,2012-03-03,4.1000000000000005,False
3,2012-03-04,0.0,False
4,2012-03-05,3.4000000000000004,False
5,2012-03-06,6.6000000000000005,False
6,2012-03-07,3.3000000000000003,False
7,2012-03-08,3.4000000000000004,False
8,2012-03-09,3.5,False
9,2012-03-10,4.0,False
10,2012-03-11,3.9000000000000004,False
11,2012-03-12,3.3000000000000003,False
12,2012-03-13,4.9,False
13,2012-03-14,6.6000000000000005,False
14,2012-03-15,6.7,False
15,2012-03-16,5.2,False
16,2012-03-17,0.0,False
17,2012-03-18,0.0,False
18,2012-03-19,5.0,False
19,2012-03-20,6.6000000000000005,False
20,2012-03-21,9.9,False
21,2012-03-22,6.7,False
22,2012-03-23,0.0,False
23,2012-03-24,0.0,False
24,2012-03-25,4.1000000000000005,False
25,2012-03-26,6.6000000000000005,False
26,2012-03-27,9.8,False
27,2012-03-28,10.0,False
28,2012-03-29,3.4000000000000004,False
29,2012-03-30,3.5,False
30,2012-03-31,0.0,False
0,2012-04-01,0.0,False
1,2012-04-02,4.68,False
2,2012-04-03,4.68,False
3,2012-04-04,4.77,False
4,2012-04-05,3.5999999999999996,False
5,2012-04-06,0.0,False
6,2012-04-07,2.9699999999999998,False
7,2012-04-08,0.0,False
8,2012-04-09,2.6999999999999997,False
9,2012-04-10,3.5999999999999996,False
10,2012-04-11,2.25,False
11,2012-04-12,4.59,False
12,2012-04-13,2.4299999999999997,False
13,2012-04-14,0.0,False
14,2012-04-15,0.0,False
15,2012-04-16,5.67,False
16,2012-04-17,2.25,False
17,2012-04-18,9.0,False
18,2012-04-19,6.84,False
19,2012-04-20,3.5999999999999996,False
20,2012-04-21,0.0,False
21,2012-04-22,2.6999999999999997,False
22,2012-04-23,0.0,False
23,2012-04-24,4.5,False
24,2012-04-25,4.59,False
25,2012-04-26,3.42,False
26,2012-04-27,2.4299999999999997,False
27,2012-04-28,2.79,False
28,2012-04-29,0.0,False
29,2012-04-30,4.77,False
0,2012-05-01,0.0,False
1,2012-05-02,1.38,False
2,2012-05-03,2.1,False
3,2012-05-04,1.5,False
4,2012-05-05,0.0,False
5,2012-05-06,0.0,False
6,2012-05-07,1.38,False
7,2012-05-08,1.38,False
8,2012-05-09,1.38,False
9,2012-05-10,2.1,False
10,2012-05-11,1.44,False
11,2012-05-12,0.0,False
12,2012-05-13,0.0,False
13,2012-05-14,0.0,False
14,2012-05-15,2.76,False
15,2012-05-16,4.2,False
16,2012-05-17,2.88,False
17,2012-05-18,2.94,False
18,2012-05-19,0.0,False
19,2012-05-20,1.74,False
20,2012-05-21,2.76,False
21,2012-05-22,4.14,False
22,2012-05-23,1.38,False
23,2012-05-24,1.38,False
24,2012-05-25,6.0,False
25,2012-05-26,1.7999999999999998,False
26,2012-05-27,0.0,False
27,2012-05-28,0.0,False
28,2012-05-29,1.38,False
29,2012-05-30,1.38,False
30,2012-05-31,2.76,False
0,2012-06-01,2.1,False
1,2012-06-02,0.0,False
2,2012-06-03,0.0,False
3,2012-06-04,3.9,False
4,2012-06-05,3.96,False
5,2012-06-06,0.0,False
6,2012-06-07,5.1,False
7,2012-06-08,3.12,False
8,2012-06-09,0.0,False
9,2012-06-10,0.0,False
10,2012-06-11,0.0,False
11,2012-06-12,1.92,False
12,2012-06-13,1.98,False
13,2012-06-14,6.0,False
14,2012-06-15,0.0,False
15,2012-06-16,0.0,False
16,2012-06-17,0.0,False
17,2012-06-18,1.98,False
18,2012-06-19,1.98,False
19,2012-06-20,1.98,False
20,2012-06-21,1.98,False
21,2012-06-22,2.1,False
22,2012-06-23,2.52,False
23,2012-06-24,0.0,False
24,2012-06-25,1.98,False
25,2012-06-26,1.98,False
26,2012-06-27,2.04,False
27,2012-06-28,4.08,False
28,2012-06-29,2.16,False
29,2012-06-30,0.0,False
0,2012-07-01,0.0,False
1,2012-07-02,2.35,False
2,2012-07-03,0.0,False
3,2012-07-04,5.0,False
4,2012-07-05,4.9,False
5,2012-07-06,0.0,False
6,2012-07-07,0.0,False
7,2012-07-08,0.0,False
8,2012-07-09,0.0,False
9,2012-07-10,2.35,False
10,2012-07-11,2.45,False
11,2012-07-12,2.45,False
12,2012-07-13,0.0,False
13,2012-07-14,0.0,False
14,2012-07-15,3.0,False
15,2012-07-16,4.800000000000001,False
16,2012-07-17,2.4000000000000004,False
17,2012-07-18,2.4000000000000004,False
18,2012-07-19,2.45,False
19,2012-07-20,0.0,False
20,2012-07-21,0.0,False
21,2012-07-22,0.0,False
22,2012-07-23,2.4000000000000004,False
23,2012-07-24,2.45,False
24,2012-07-25,2.4000000000000004,False
25,2012-07-26,2.45,False
26,2012-07-27,2.5500000000000003,False
27,2012-07-28,3.0,False
28,2012-07-29,0.0,False
29,2012-07-30,2.4000000000000004,False
30,2012-07-31,2.4000000000000004,False
0,2012-08-01,1.5,False
1,2012-08-02,6.0,False
2,2012-08-03,1.56,False
3,2012-08-04,0.0,False
4,2012-08-05,0.0,False
5,2012-08-06,0.0,False
6,2012-08-07,0.0,False
7,2012-08-08,1.5,False
8,2012-08-09,0.0,False
9,2012-08-10,3.12,False
10,2012-08-11,1.8599999999999999,False
11,2012-08-12,0.0,False
12,2012-08-13,1.5,False
13,2012-08-14,1.5,False
14,2012-08-15,0.0,False
15,2012-08-16,1.5,False
16,2012-08-17,0.0,False
17,2012-08-18,0.0,False
18,2012-08-19,0.0,False
19,2012-08-20,1.5,False
20,2012-08-21,1.5,False
21,2012-08-22,1.5,False
22,2012-08-23,0.0,False
23,2012-08-24,3.12,False
24,2012-08-25,0.0,False
25,2012-08-26,1.74,False
26,2012-08-27,2.88,False
27,2012-08-28,1.44,False
28,2012-08-29,1.44,False
29,2012-08-30,0.0,False
30,2012-08-31,0.0,False
0,2012-09-01,3.78,False
1,2012-09-02,3.78,False
2,2012-09-03,0.0,False
3,2012-09-04,9.0,False
4,2012-09-05,6.029999999999999,False
5,2012-09-06,6.12,False
6,2012-09-07,4.859999999999999,False
7,2012-09-08,0.0,False
8,2012-09-09,0.0,False
9,2012-09-10,7.47,False
10,2012-09-11,5.9399999999999995,False
11,2012-09-12,2.9699999999999998,False
12,2012-09-13,3.06,False
13,2012-09-14,3.15,False
14,2012-09-15,3.69,False
15,2012-09-16,0.0,False
16,2012-09-17,6.029999999999999,False
17,2012-09-18,8.82,False
18,2012-09-19,8.91,False
19,2012-09-20,2.9699999999999998,False
20,2012-09-21,6.3,False
21,2012-09-22,3.5999999999999996,False
22,2012-09-23,0.0,False
23,2012-09-24,4.41,False
24,2012-09-25,5.9399999999999995,False
25,2012-09-26,2.9699999999999998,False
26,2012-09-27,4.5,False
27,2012-09-28,7.83,False
28,2012-09-29,0.0,False
29,2012-09-30,0.0,False
0,2012-10-01,4.69,False
1,2012-10-02,2.31,False
2,2012-10-03,4.760000000000001,False
3,2012-10-04,7.000000000000001,False
4,2012-10-05,2.3800000000000003,False
5,2012-10-06,2.8000000000000003,False
6,2012-10-07,0.0,False
7,2012-10-08,0.0,False
8,2012-10-09,2.24,False
9,2012-10-10,4.550000000000001,False
10,2012-10-11,4.62,False
11,2012-10-12,0.0,False
12,2012-10-13,5.53,False
13,2012-10-14,0.0,False
14,2012-10-15,4.48,False
15,2012-10-16,3.3600000000000003,False
16,2012-10-17,2.24,False
17,2012-10-18,4.550000000000001,False
18,2012-10-19,2.3800000000000003,False
19,2012-10-20,0.0,False
20,2012-10-21,0.0,False
21,2012-10-22,2.24,False
22,2012-10-23,2.24,False
23,2012-10-24,3.43,False
24,2012-10-25,2.31,False
25,2012-10-26,4.83,False
26,2012-10-27,2.8000000000000003,False
27,2012-10-28,2.5900000000000003,False
28,2012-10-29,2.1700000000000004,False
29,2012-10-30,0.0,False
30,2012-10-31,4.62,False
0,2012-11-01,3.5700000000000003,False
1,2012-11-02,3.5700000000000003,False
2,2012-11-03,0.0,False
3,2012-11-04,0.0,False
4,2012-11-05,6.580000000000001,False
5,2012-11-06,3.2900000000000005,False
6,2012-11-07,3.2900000000000005,False
7,2012-11-08,3.43,False
8,2012-11-09,3.5000000000000004,False
9,2012-11-10,0.0,False
10,2012-11-11,3.9200000000000004,False
11,2012-11-12,0.0,False
12,2012-11-13,3.3600000000000003,False
13,2012-11-14,0.0,False
14,2012-11-15,0.0,False
15,2012-11-16,7.000000000000001,False
16,2012-11-17,3.9200000000000004,False
17,2012-11-18,3.8500000000000005,False
18,2012-11-19,3.2900000000000005,False
19,2012-11-20,0.0,False
20,2012-11-21,6.65,False
21,2012-11-22,0.0,False
22,2012-11-23,0.0,False
23,2012-11-24,0.0,False
24,2012-11-25,0.0,False
25,2012-11-26,3.22,False
26,2012-11-27,0.0,False
27,2012-11-28,0.0,False
28,2012-11-29,0.0,False
29,2012-11-30,3.43,False
0,2012-12-01,0.0,False
1,2012-12-02,0.0,False
2,2012-12-03,3.12,False
3,2012-12-04,6.16,False
4,2012-12-05,3.12,False
5,2012-12-06,6.4,False
6,2012-12-07,4.96,False
7,2012-12-08,0.0,False
8,2012-12-09,0.0,False
9,2012-12-10,3.12,False
10,2012-12-11,0.0,False
11,2012-12-12,6.32,False
12,2012-12-13,8.0,False
13,2012-12-14,3.2800000000000002,False
14,2012-12-15,3.7600000000000002,False
15,2012-12-16,3.68,False
16,2012-12-17,7.92,False
17,2012-12-18,3.12,False
18,2012-12-19,6.5600000000000005,False
19,2012-12-20,6.5600000000000005,False
20,2012-12-21,3.52,False
21,2012-12-22,5.92,False
22,2012-12-23,0.0,False
23,2012-12-24,7.92,False
24,2012-12-25,0.0,False
25,2012-12-26,0.0,False
26,2012-12-27,6.8,False
27,2012-12-28,0.0,False
28,2012-12-29,0.0,False
29,2012-12-30,0.0,False
30,2012-12-31,0.0,False
0,2013-01-01,4.5,False
1,2013-01-02,2.7,False
2,2013-01-03,2.6,False
3,2013-01-04,1.8,False
4,2013-01-05,2.0,False
5,2013-01-06,0.0,False
6,2013-01-07,4.3,False
7,2013-01-08,4.2,False
8,2013-01-09,5.1000000000000005,False
9,2013-01-10,5.1000000000000005,False
10,2013-01-11,1.8,False
11,2013-01-12,2.0,False
12,2013-01-13,2.0,False
13,2013-01-14,10.0,False
14,2013-01-15,6.5,False
15,2013-01-16,2.5,False
16,2013-01-17,1.7000000000000002,False
17,2013-01-18,2.6,False
18,2013-01-19,2.0,False
19,2013-01-20,0.0,False
20,2013-01-21,0.0,False
21,2013-01-22,1.6,False
22,2013-01-23,5.800000000000001,False
23,2013-01-24,5.0,False
24,2013-01-25,4.3,False
25,2013-01-26,2.0,False
26,2013-01-27,0.0,False
27,2013-01-28,2.4000000000000004,False
28,2013-01-29,2.4000000000000004,False
29,2013-01-30,5.7,False
30,2013-01-31,7.5,False
0,2013-02-01,13.0,False
1,2013-02-02,4.94,False
2,2013-02-03,2.34,False
3,2013-02-04,3.12,False
4,2013-02-05,6.11,False
5,2013-02-06,2.08,False
6,2013-02-07,6.37,False
7,2013-02-08,3.25,False
8,2013-02-09,0.0,False
9,2013-02-10,2.47,False
10,2013-02-11,8.450000000000001,False
11,2013-02-12,3.12,False
12,2013-02-13,4.16,False
13,2013-02-14,4.29,False
14,2013-02-15,3.25,False
15,2013-02-16,2.47,False
16,2013-02-17,2.47,False
17,2013-02-18,4.16,False
18,2013-02-19,2.99,False
19,2013-02-20,5.07,False
20,2013-02-21,2.08,False
21,2013-02-22,4.29,False
22,2013-02-23,0.0,False
23,2013-02-24,0.0,False
24,2013-02-25,5.98,False
25,2013-02-26,5.98,False
26,2013-02-27,2.08,False
27,2013-02-28,4.16,False
0,2013-03-01,4.800000000000001,False
1,2013-03-02,2.2,False
2,2013-03-03,0.0,False
3,2013-03-04,3.6,False
4,2013-03-05,10.0,False
5,2013-03-06,6.300000000000001,False
6,2013-03-07,7.4,False
7,2013-03-08,5.7,False
8,2013-03-09,2.1,False
9,2013-03-10,0.0,False
10,2013-03-11,1.8,False
11,2013-03-12,4.4,False
12,2013-03-13,3.6,False
13,2013-03-14,4.5,False
14,2013-03-15,6.5,False
15,2013-03-16,0.0,False
16,2013-03-17,0.0,False
17,2013-03-18,2.7,False
18,2013-03-19,4.5,False
19,2013-03-20,4.5,False
20,2013-03-21,2.7,False
21,2013-03-22,5.6000000000000005,False
22,2013-03-23,2.1,False
23,2013-03-24,0.0,False
24,2013-03-25,7.1000000000000005,False
25,2013-03-26,2.7,False
26,2013-03-27,3.7,False
27,2013-03-28,3.8000000000000003,False
28,2013-03-29,2.1,False
29,2013-03-30,4.5,False
30,2013-03-31,2.3000000000000003,False
0,2013-04-01,5.2,False
1,2013-04-02,7.54,False
2,2013-04-03,4.94,False
3,2013-04-04,10.27,False
4,2013-04-05,3.9000000000000004,False
5,2013-04-06,0.0,False
6,2013-04-07,0.0,False
7,2013-04-08,7.41,False
8,2013-04-09,4.94,False
9,2013-04-10,3.77,False
10,2013-04-11,6.24,False
11,2013-04-12,7.930000000000001,False
12,2013-04-13,2.99,False
13,2013-04-14,0.0,False
14,2013-04-15,4.94,False
15,2013-04-16,6.24,False
16,2013-04-17,5.07,False
17,2013-04-18,2.47,False
18,2013-04-19,5.2,False
19,2013-04-20,0.0,False
20,2013-04-21,5.98,False
21,2013-04-22,2.47,False
22,2013-04-23,7.54,False
23,2013-04-24,2.47,False
24,2013-04-25,13.0,False
25,2013-04-26,6.5,False
26,2013-04-27,0.0,False
27,2013-04-28,6.11,False
28,2013-04-29,8.84,False
29,2013-04-30,6.37,False
0,2013-05-01,1.56,False
1,2013-05-02,3.0,False
2,2013-05-03,3.12,False
3,2013-05-04,0.0,False
4,2013-05-05,0.0,False
5,2013-05-06,3.0,False
6,2013-05-07,3.0,False
7,2013-05-08,12.0,False
8,2013-05-09,5.279999999999999,False
9,2013-05-10,1.56,False
10,2013-05-11,1.7999999999999998,False
11,2013-05-12,0.0,False
12,2013-05-13,4.4399999999999995,False
13,2013-05-14,5.76,False
14,2013-05-15,2.88,False
15,2013-05-16,2.28,False
16,2013-05-17,3.12,False
17,2013-05-18,5.3999999999999995,False
18,2013-05-19,1.7999999999999998,False
19,2013-05-20,3.0,False
20,2013-05-21,2.16,False
21,2013-05-22,0.0,False
22,2013-05-23,2.88,False
23,2013-05-24,1.56,False
24,2013-05-25,1.7999999999999998,False
25,2013-05-26,0.0,False
26,2013-05-27,1.44,False
27,2013-05-28,3.5999999999999996,False
28,2013-05-29,2.16,False
29,2013-05-30,3.0,False
30,2013-05-31,2.28,False
0,2013-06-01,3.7,False
1,2013-06-02,3.7,False
2,2013-06-03,2.0,False
3,2013-06-04,5.0,False
4,2013-06-05,4.0,False
5,2013-06-06,4.1000000000000005,False
6,2013-06-07,3.1,False
7,2013-06-08,2.5,False
8,2013-06-09,2.4000000000000004,False
9,2013-06-10,3.0,False
10,2013-06-11,2.0,False
11,2013-06-12,10.0,False
12,2013-06-13,4.0,False
13,2013-06-14,4.3,False
14,2013-06-15,2.5,False
15,2013-06-16,0.0,False
16,2013-06-17,3.0,False
17,2013-06-18,4.0,False
18,2013-06-19,3.0,False
19,2013-06-20,6.2,False
20,2013-06-21,3.2,False
21,2013-06-22,0.0,False
22,2013-06-23,4.9,False
23,2013-06-24,6.0,False
24,2013-06-25,6.0,False
25,2013-06-26,5.1000000000000005,False
26,2013-06-27,3.1,False
27,2013-06-28,3.2,False
28,2013-06-29,0.0,False
29,2013-06-30,0.0,False
0,2013-07-01,1.92,False
1,2013-07-02,1.92,False
2,2013-07-03,1.92,False
3,2013-07-04,0.0,False
4,2013-07-05,2.08,False
5,2013-07-06,0.0,False
6,2013-07-07,0.0,False
7,2013-07-08,3.84,False
8,2013-07-09,3.84,False
9,2013-07-10,5.92,False
10,2013-07-11,1.92,False
11,2013-07-12,4.16,False
12,2013-07-13,2.4,False
13,2013-07-14,2.4,False
14,2013-07-15,1.92,False
15,2013-07-16,5.76,False
16,2013-07-17,5.92,False
17,2013-07-18,0.0,False
18,2013-07-19,2.08,False
19,2013-07-20,0.0,False
20,2013-07-21,0.0,False
21,2013-07-22,13.6,False
22,2013-07-23,5.76,False
23,2013-07-24,9.76,False
24,2013-07-25,16.0,False
25,2013-07-26,10.24,False
26,2013-07-27,2.4,False
27,2013-07-28,2.4,False
28,2013-07-29,5.76,False
29,2013-07-30,5.76,False
30,2013-07-31,3.84,False
0,2013-08-01,16.0,False
1,2013-08-02,8.32,False
2,2013-08-03,3.2,False
3,2013-08-04,8.0,False
4,2013-08-05,2.56,False
5,2013-08-06,9.28,False
6,2013-08-07,10.72,False
7,2013-08-08,5.44,False
8,2013-08-09,8.32,False
9,2013-08-10,0.0,False
10,2013-08-11,0.0,False
11,2013-08-12,5.28,False
12,2013-08-13,9.120000000000001,False
13,2013-08-14,6.72,False
14,2013-08-15,5.6000000000000005,False
15,2013-08-16,9.76,False
16,2013-08-17,6.24,False
17,2013-08-18,3.2,False
18,2013-08-19,5.12,False
19,2013-08-20,11.52,False
20,2013-08-21,6.4,False
21,2013-08-22,9.120000000000001,False
22,2013-08-23,4.0,False
23,2013-08-24,3.2,False
24,2013-08-25,0.0,False
25,2013-08-26,4.96,False
26,2013-08-27,6.24,False
27,2013-08-28,13.76,False
28,2013-08-29,3.84,False
29,2013-08-30,6.72,False
30,2013-08-31,3.04,False
0,2013-09-01,2.55,False
1,2013-09-02,2.25,False
2,2013-09-03,4.2,False
3,2013-09-04,10.799999999999999,False
4,2013-09-05,7.6499999999999995,False
5,2013-09-06,11.25,False
6,2013-09-07,2.55,False
7,2013-09-08,5.1,False
8,2013-09-09,10.5,False
9,2013-09-10,8.25,False
10,2013-09-11,11.7,False
11,2013-09-12,4.2,False
12,2013-09-13,7.6499999999999995,False
13,2013-09-14,3.75,False
14,2013-09-15,4.95,False
15,2013-09-16,8.4,False
16,2013-09-17,7.35,False
17,2013-09-18,7.35,False
18,2013-09-19,5.3999999999999995,False
19,2013-09-20,3.3,False
20,2013-09-21,5.1,False
21,2013-09-22,4.95,False
22,2013-09-23,15.0,False
23,2013-09-24,4.2,False
24,2013-09-25,6.3,False
25,2013-09-26,8.7,False
26,2013-09-27,2.25,False
27,2013-09-28,5.1,False
28,2013-09-29,2.55,False
29,2013-09-30,2.1,False
0,2013-10-01,2.0,False
1,2013-10-02,3.1,False
2,2013-10-03,7.300000000000001,False
3,2013-10-04,6.4,False
4,2013-10-05,2.4000000000000004,False
5,2013-10-06,0.0,False
6,2013-10-07,2.0,False
7,2013-10-08,4.0,False
8,2013-10-09,3.1,False
9,2013-10-10,7.300000000000001,False
10,2013-10-11,6.5,False
11,2013-10-12,10.0,False
12,2013-10-13,0.0,False
13,2013-10-14,3.1,False
14,2013-10-15,3.1,False
15,2013-10-16,2.1,False
16,2013-10-17,7.300000000000001,False
17,2013-10-18,4.3,False
18,2013-10-19,2.4000000000000004,False
19,2013-10-20,0.0,False
20,2013-10-21,5.0,False
21,2013-10-22,6.0,False
22,2013-10-23,6.0,False
23,2013-10-24,2.0,False
24,2013-10-25,3.2,False
25,2013-10-26,4.800000000000001,False
26,2013-10-27,0.0,False
27,2013-10-28,4.9,False
28,2013-10-29,5.0,False
29,2013-10-30,6.1000000000000005,False
30,2013-10-31,4.2,False
0,2013-11-01,3.2399999999999998,False
1,2013-11-02,0.0,False
2,2013-11-03,0.0,False
3,2013-11-04,2.88,False
4,2013-11-05,5.9399999999999995,False
5,2013-11-06,5.9399999999999995,False
6,2013-11-07,18.0,False
7,2013-11-08,7.739999999999999,False
8,2013-11-09,7.199999999999999,False
9,2013-11-10,0.0,False
10,2013-11-11,1.44,False
11,2013-11-12,1.44,False
12,2013-11-13,0.0,False
13,2013-11-14,9.0,False
14,2013-11-15,6.3,False
15,2013-11-16,0.0,False
16,2013-11-17,5.22,False
17,2013-11-18,2.88,False
18,2013-11-19,5.76,False
19,2013-11-20,5.76,False
20,2013-11-21,1.44,False
21,2013-11-22,9.18,False
22,2013-11-23,3.42,False
23,2013-11-24,5.22,False
24,2013-11-25,5.76,False
25,2013-11-26,4.32,False
26,2013-11-27,4.5,False
27,2013-11-28,1.6199999999999999,False
28,2013-11-29,3.2399999999999998,False
29,2013-11-30,0.0,False
0,2013-12-01,0.0,False
1,2013-12-02,11.639999999999999,False
2,2013-12-03,4.8,False
3,2013-12-04,7.199999999999999,False
4,2013-12-05,2.4,False
5,2013-12-06,5.04,False
6,2013-12-07,2.88,False
7,2013-12-08,5.64,False
8,2013-12-09,9.6,False
9,2013-12-10,9.6,False
10,2013-12-11,7.319999999999999,False
11,2013-12-12,4.92,False
12,2013-12-13,7.68,False
13,2013-12-14,0.0,False
14,2013-12-15,2.88,False
15,2013-12-16,7.319999999999999,False
16,2013-12-17,4.92,False
17,2013-12-18,7.4399999999999995,False
18,2013-12-19,2.52,False
19,2013-12-20,8.04,False
20,2013-12-21,12.0,False
21,2013-12-22,0.0,False
22,2013-12-23,5.3999999999999995,False
23,2013-12-24,11.879999999999999,False
24,2013-12-25,6.4799999999999995,False
25,2013-12-26,5.52,False
26,2013-12-27,10.68,False
27,2013-12-28,0.0,False
28,2013-12-29,2.88,False
29,2013-12-30,2.6399999999999997,False
30,2013-12-31,3.0,False
0,2014-01-01,5.9399999999999995,False
1,2014-01-02,14.399999999999999,False
2,2014-01-03,11.16,False
3,2014-01-04,3.42,False
4,2014-01-05,3.5999999999999996,False
5,2014-01-06,6.12,False
6,2014-01-07,3.06,False
7,2014-01-08,4.5,False
8,2014-01-09,10.44,False
9,2014-01-10,9.36,False
10,2014-01-11,3.42,False
11,2014-01-12,0.0,False
12,2014-01-13,10.08,False
13,2014-01-14,8.82,False
14,2014-01-15,13.32,False
15,2014-01-16,18.0,False
16,2014-01-17,13.86,False
17,2014-01-18,7.02,False
18,2014-01-19,6.84,False
19,2014-01-20,7.38,False
20,2014-01-21,8.82,False
21,2014-01-22,8.82,False
22,2014-01-23,5.9399999999999995,False
23,2014-01-24,12.24,False
24,2014-01-25,10.26,False
25,2014-01-26,10.26,False
26,2014-01-27,14.399999999999999,False
27,2014-01-28,11.52,False
28,2014-01-29,11.7,False
29,2014-01-30,11.879999999999999,False
30,2014-01-31,7.739999999999999,False
0,2014-02-01,10.88,False
1,2014-02-02,2.72,False
2,2014-02-03,2.24,False
3,2014-02-04,16.0,False
4,2014-02-05,13.76,False
5,2014-02-06,6.24,False
6,2014-02-07,15.36,False
7,2014-02-08,2.72,False
8,2014-02-09,2.56,False
9,2014-02-10,2.24,False
10,2014-02-11,11.36,False
11,2014-02-12,6.88,False
12,2014-02-13,11.52,False
13,2014-02-14,9.44,False
14,2014-02-15,5.44,False
15,2014-02-16,5.28,False
16,2014-02-17,2.4,False
17,2014-02-18,8.96,False
18,2014-02-19,9.28,False
19,2014-02-20,4.8,False
20,2014-02-21,9.6,False
21,2014-02-22,2.72,False
22,2014-02-23,2.72,False
23,2014-02-24,0.0,False
24,2014-02-25,9.28,False
25,2014-02-26,15.84,False
26,2014-02-27,9.28,False
27,2014-02-28,2.4,False
0,2014-03-01,0.0,False
1,2014-03-02,4.29,False
2,2014-03-03,7.41,False
3,2014-03-04,11.440000000000001,False
4,2014-03-05,12.48,False
5,2014-03-06,10.01,False
6,2014-03-07,2.6,False
7,2014-03-08,0.0,False
8,2014-03-09,0.0,False
9,2014-03-10,12.48,False
10,2014-03-11,8.71,False
11,2014-03-12,9.88,False
12,2014-03-13,7.41,False
13,2014-03-14,13.0,False
14,2014-03-15,4.42,False
15,2014-03-16,2.8600000000000003,False
16,2014-03-17,7.54,False
17,2014-03-18,8.58,False
18,2014-03-19,2.47,False
19,2014-03-20,7.54,False
20,2014-03-21,5.2,False
21,2014-03-22,5.8500000000000005,False
22,2014-03-23,0.0,False
23,2014-03-24,6.11,False
24,2014-03-25,4.8100000000000005,False
25,2014-03-26,2.47,False
26,2014-03-27,8.71,False
27,2014-03-28,10.27,False
28,2014-03-29,2.8600000000000003,False
29,2014-03-30,4.42,False
30,2014-03-31,6.11,False
0,2014-04-01,4.62,False
1,2014-04-02,4.62,False
2,2014-04-03,4.62,False
3,2014-04-04,12.040000000000001,False
4,2014-04-05,2.8000000000000003,False
5,2014-04-06,0.0,False
6,2014-04-07,4.48,False
7,2014-04-08,13.72,False
8,2014-04-09,4.62,False
9,2014-04-10,7.000000000000001,False
10,2014-04-11,7.420000000000001,False
11,2014-04-12,0.0,False
12,2014-04-13,2.8000000000000003,False
13,2014-04-14,6.86,False
14,2014-04-15,7.000000000000001,False
15,2014-04-16,6.0200000000000005,False
16,2014-04-17,7.420000000000001,False
17,2014-04-18,5.32,False
18,2014-04-19,2.9400000000000004,False
19,2014-04-20,5.880000000000001,False
20,2014-04-21,2.5200000000000005,False
21,2014-04-22,4.62,False
22,2014-04-23,9.24,False
23,2014-04-24,14.000000000000002,False
24,2014-04-25,11.06,False
25,2014-04-26,4.0600000000000005,False
26,2014-04-27,0.0,False
27,2014-04-28,6.86,False
28,2014-04-29,10.360000000000001,False
29,2014-04-30,4.62,False
0,2014-05-01,5.92,False
1,2014-05-02,4.8,False
2,2014-05-03,4.0,False
3,2014-05-04,2.56,False
4,2014-05-05,6.5600000000000005,False
5,2014-05-06,3.2,False
6,2014-05-07,7.5200000000000005,False
7,2014-05-08,8.64,False
8,2014-05-09,6.88,False
9,2014-05-10,5.28,False
10,2014-05-11,5.12,False
11,2014-05-12,4.32,False
12,2014-05-13,6.4,False
13,2014-05-14,8.64,False
14,2014-05-15,4.32,False
15,2014-05-16,9.120000000000001,False
16,2014-05-17,2.72,False
17,2014-05-18,2.56,False
18,2014-05-19,4.32,False
19,2014-05-20,3.2,False
20,2014-05-21,13.120000000000001,False
21,2014-05-22,12.0,False
22,2014-05-23,7.5200000000000005,False
23,2014-05-24,4.48,False
24,2014-05-25,0.0,False
25,2014-05-26,0.0,False
26,2014-05-27,7.04,False
27,2014-05-28,9.6,False
28,2014-05-29,16.0,False
29,2014-05-30,8.8,False
30,2014-05-31,5.92,False
0,2014-06-01,0.0,False
1,2014-06-02,7.840000000000001,False
2,2014-06-03,5.880000000000001,False
3,2014-06-04,7.840000000000001,False
4,2014-06-05,4.0600000000000005,False
5,2014-06-06,2.1,False
6,2014-06-07,5.040000000000001,False
7,2014-06-08,2.5200000000000005,False
8,2014-06-09,0.0,False
9,2014-06-10,0.0,False
10,2014-06-11,9.940000000000001,False
11,2014-06-12,14.000000000000002,False
12,2014-06-13,6.16,False
13,2014-06-14,2.3800000000000003,False
14,2014-06-15,0.0,False
15,2014-06-16,13.860000000000001,False
16,2014-06-17,3.9200000000000004,False
17,2014-06-18,0.0,False
18,2014-06-19,8.260000000000002,False
19,2014-06-20,0.0,False
20,2014-06-21,5.040000000000001,False
21,2014-06-22,0.0,False
22,2014-06-23,5.880000000000001,False
23,2014-06-24,7.98,False
24,2014-06-25,12.040000000000001,False
25,2014-06-26,1.9600000000000002,False
26,2014-06-27,2.1,False
27,2014-06-28,2.5200000000000005,False
28,2014-06-29,0.0,False
29,2014-06-30,6.0200000000000005,False
0,2014-07-01,3.2,False
1,2014-07-02,0.0,False
2,2014-07-03,6.4,False
3,2014-07-04,1.76,False
4,2014-07-05,0.0,False
5,2014-07-06,0.0,False
6,2014-07-07,6.24,False
7,2014-07-08,1.6,False
8,2014-07-09,3.04,False
9,2014-07-10,1.6,False
10,2014-07-11,4.96,False
11,2014-07-12,0.0,False
12,2014-07-13,0.0,False
13,2014-07-14,6.24,False
14,2014-07-15,3.04,False
15,2014-07-16,6.4,False
16,2014-07-17,3.2,False
17,2014-07-18,0.0,False
18,2014-07-19,5.76,False
19,2014-07-20,1.92,False
20,2014-07-21,1.6,False
21,2014-07-22,7.84,False
22,2014-07-23,3.2,False
23,2014-07-24,16.0,False
24,2014-07-25,9.92,False
25,2014-07-26,0.0,False
26,2014-07-27,3.84,False
27,2014-07-28,11.200000000000001,False
28,2014-07-29,4.64,False
29,2014-07-30,6.4,False
30,2014-07-31,3.2,False
0,2014-08-01,5.12,False
1,2014-08-02,4.0,False
2,2014-08-03,0.0,False
3,2014-08-04,12.96,False
4,2014-08-05,9.6,False
5,2014-08-06,8.16,False
6,2014-08-07,11.68,False
7,2014-08-08,6.88,False
8,2014-08-09,7.84,False
9,2014-08-10,0.0,False
10,2014-08-11,16.0,False
11,2014-08-12,6.4,False
12,2014-08-13,8.0,False
13,2014-08-14,8.16,False
14,2014-08-15,10.56,False
15,2014-08-16,5.76,False
16,2014-08-17,3.84,False
17,2014-08-18,4.8,False
18,2014-08-19,11.200000000000001,False
19,2014-08-20,12.8,False
20,2014-08-21,4.8,False
21,2014-08-22,9.92,False
22,2014-08-23,3.84,False
23,2014-08-24,0.0,False
24,2014-08-25,12.48,False
25,2014-08-26,10.88,False
26,2014-08-27,4.64,False
27,2014-08-28,7.84,False
28,2014-08-29,14.88,False
29,2014-08-30,7.5200000000000005,False
30,2014-08-31,0.0,False
0,2014-09-01,2.04,False
1,2014-09-02,2.04,False
2,2014-09-03,8.16,False
3,2014-09-04,4.2,False
4,2014-09-05,6.4799999999999995,False
5,2014-09-06,0.0,False
6,2014-09-07,0.0,False
7,2014-09-08,4.08,False
8,2014-09-09,12.0,False
9,2014-09-10,2.04,False
10,2014-09-11,8.28,False
11,2014-09-12,6.359999999999999,False
12,2014-09-13,2.4,False
13,2014-09-14,0.0,False
14,2014-09-15,2.04,False
15,2014-09-16,4.08,False
16,2014-09-17,0.0,False
17,2014-09-18,8.16,False
18,2014-09-19,10.68,False
19,2014-09-20,0.0,False
20,2014-09-21,0.0,False
21,2014-09-22,8.04,False
22,2014-09-23,6.12,False
23,2014-09-24,10.32,False
24,2014-09-25,6.24,False
25,2014-09-26,6.4799999999999995,False
26,2014-09-27,2.52,False
27,2014-09-28,0.0,False
28,2014-09-29,4.08,False
29,2014-09-30,4.08,False
0,2014-10-01,12.96,False
1,2014-10-02,10.08,False
2,2014-10-03,0.0,False
3,2014-10-04,4.0,False
4,2014-10-05,0.0,False
5,2014-10-06,6.5600000000000005,False
6,2014-10-07,6.4,False
7,2014-10-08,8.16,False
8,2014-10-09,8.16,False
9,2014-10-10,10.24,False
10,2014-10-11,9.76,False
11,2014-10-12,3.84,False
12,2014-10-13,3.2,False
13,2014-10-14,12.8,False
14,2014-10-15,16.0,False
15,2014-10-16,12.8,False
16,2014-10-17,5.12,False
17,2014-10-18,0.0,False
18,2014-10-19,0.0,False
19,2014-10-20,12.8,False
20,2014-10-21,6.4,False
21,2014-10-22,11.200000000000001,False
22,2014-10-23,9.76,False
23,2014-10-24,10.08,False
24,2014-10-25,3.84,False
25,2014-10-26,3.68,False
26,2014-10-27,9.44,False
27,2014-10-28,11.040000000000001,False
28,2014-10-29,11.200000000000001,False
29,2014-10-30,9.76,False
30,2014-10-31,10.08,False
0,2014-11-01,0.0,False
1,2014-11-02,0.0,False
2,2014-11-03,4.75,False
3,2014-11-04,3.23,False
4,2014-11-05,12.540000000000001,False
5,2014-11-06,19.0,False
6,2014-11-07,6.65,False
7,2014-11-08,7.6,False
8,2014-11-09,5.51,False
9,2014-11-10,4.75,False
10,2014-11-11,4.75,False
11,2014-11-12,1.52,False
12,2014-11-13,4.75,False
13,2014-11-14,3.23,False
14,2014-11-15,0.0,False
15,2014-11-16,0.0,False
16,2014-11-17,3.04,False
17,2014-11-18,0.0,False
18,2014-11-19,9.88,False
19,2014-11-20,7.98,False
20,2014-11-21,3.23,False
21,2014-11-22,3.61,False
22,2014-11-23,0.0,False
23,2014-11-24,6.2700000000000005,False
24,2014-11-25,3.04,False
25,2014-11-26,3.23,False
26,2014-11-27,1.71,False
27,2014-11-28,3.23,False
28,2014-11-29,1.9,False
29,2014-11-30,0.0,False
0,2014-12-01,3.0,False
1,2014-12-02,6.0,False
2,2014-12-03,10.2,False
3,2014-12-04,6.1499999999999995,False
4,2014-12-05,15.0,False
5,2014-12-06,2.4,False
6,2014-12-07,2.4,False
7,2014-12-08,8.4,False
8,2014-12-09,7.199999999999999,False
9,2014-12-10,5.1,False
10,2014-12-11,4.2,False
11,2014-12-12,6.45,False
12,2014-12-13,0.0,False
13,2014-12-14,4.95,False
14,2014-12-15,4.05,False
15,2014-12-16,7.199999999999999,False
16,2014-12-17,6.3,False
17,2014-12-18,3.3,False
18,2014-12-19,7.949999999999999,False
19,2014-12-20,2.55,False
20,2014-12-21,0.0,False
21,2014-12-22,3.3,False
22,2014-12-23,7.949999999999999,False
23,2014-12-24,10.2,False
24,2014-12-25,2.6999999999999997,False
25,2014-12-26,7.35,False
26,2014-12-27,4.95,False
27,2014-12-28,0.0,False
28,2014-12-29,5.55,False
29,2014-12-30,12.299999999999999,False
30,2014-12-31,4.95,False
0,2015-01-01,0.0,False
1,2015-01-02,1.7000000000000002,False
2,2015-01-03,1.87,False
3,2015-01-04,0.0,False
4,2015-01-05,7.82,False
5,2015-01-06,7.99,False
6,2015-01-07,4.590000000000001,False
7,2015-01-08,4.590000000000001,False
8,2015-01-09,4.760000000000001,False
9,2015-01-10,0.0,False
10,2015-01-11,0.0,False
11,2015-01-12,3.06,False
12,2015-01-13,3.06,False
13,2015-01-14,0.0,False
14,2015-01-15,4.590000000000001,False
15,2015-01-16,6.29,False
16,2015-01-17,3.5700000000000003,False
17,2015-01-18,0.0,False
18,2015-01-19,3.06,False
19,2015-01-20,4.590000000000001,False
20,2015-01-21,10.540000000000001,False
21,2015-01-22,3.06,False
22,2015-01-23,3.06,False
23,2015-01-24,1.7000000000000002,False
24,2015-01-25,1.7000000000000002,False
25,2015-01-26,2.89,False
26,2015-01-27,5.95,False
27,2015-01-28,7.48,False
28,2015-01-29,12.07,False
29,2015-01-30,17.0,False
30,2015-01-31,6.970000000000001,False
0,2015-02-01,2.73,False
1,2015-02-02,15.959999999999999,False
2,2015-02-03,18.27,False
3,2015-02-04,12.18,False
4,2015-02-05,21.0,False
5,2015-02-06,20.58,False
6,2015-02-07,4.41,False
7,2015-02-08,5.67,False
8,2015-02-09,11.129999999999999,False
9,2015-02-10,15.75,False
10,2015-02-11,19.529999999999998,False
11,2015-02-12,14.91,False
12,2015-02-13,10.5,False
13,2015-02-14,4.41,False
14,2015-02-15,0.0,False
15,2015-02-16,5.04,False
16,2015-02-17,10.08,False
17,2015-02-18,3.78,False
18,2015-02-19,12.6,False
19,2015-02-20,11.549999999999999,False
20,2015-02-21,2.94,False
21,2015-02-22,2.94,False
22,2015-02-23,8.4,False
23,2015-02-24,10.92,False
24,2015-02-25,8.4,False
25,2015-02-26,6.09,False
26,2015-02-27,12.6,False
27,2015-02-28,8.4,False
0,2015-03-01,2.21,False
1,2015-03-02,17.0,False
2,2015-03-03,1.87,False
3,2015-03-04,7.65,False
4,2015-03-05,3.91,False
5,2015-03-06,7.99,False
6,2015-03-07,0.0,False
7,2015-03-08,2.21,False
8,2015-03-09,9.520000000000001,False
9,2015-03-10,15.13,False
10,2015-03-11,3.91,False
11,2015-03-12,5.78,False
12,2015-03-13,7.82,False
13,2015-03-14,2.21,False
14,2015-03-15,2.21,False
15,2015-03-16,5.78,False
16,2015-03-17,7.65,False
17,2015-03-18,1.87,False
18,2015-03-19,3.74,False
19,2015-03-20,7.82,False
20,2015-03-21,0.0,False
21,2015-03-22,2.21,False
22,2015-03-23,7.65,False
23,2015-03-24,7.65,False
24,2015-03-25,2.72,False
25,2015-03-26,8.84,False
26,2015-03-27,5.95,False
27,2015-03-28,7.140000000000001,False
28,2015-03-29,2.3800000000000003,False
29,2015-03-30,1.87,False
30,2015-03-31,5.78,False
0,2015-04-01,7.48,False
1,2015-04-02,10.370000000000001,False
2,2015-04-03,8.33,False
3,2015-04-04,2.89,False
4,2015-04-05,3.06,False
5,2015-04-06,2.5500000000000003,False
6,2015-04-07,14.620000000000001,False
7,2015-04-08,12.24,False
8,2015-04-09,9.860000000000001,False
9,2015-04-10,15.47,False
10,2015-04-11,0.0,False
11,2015-04-12,2.89,False
12,2015-04-13,17.0,False
13,2015-04-14,12.07,False
14,2015-04-15,9.860000000000001,False
15,2015-04-16,2.3800000000000003,False
16,2015-04-17,15.3,False
17,2015-04-18,2.89,False
18,2015-04-19,0.0,False
19,2015-04-20,9.520000000000001,False
20,2015-04-21,7.3100000000000005,False
21,2015-04-22,12.24,False
22,2015-04-23,9.860000000000001,False
23,2015-04-24,10.200000000000001,False
24,2015-04-25,2.89,False
25,2015-04-26,0.0,False
26,2015-04-27,9.690000000000001,False
27,2015-04-28,12.07,False
28,2015-04-29,4.760000000000001,False
29,2015-04-30,14.96,False
0,2015-05-01,7.199999999999999,False
1,2015-05-02,3.9,False
2,2015-05-03,0.0,False
3,2015-05-04,3.15,False
4,2015-05-05,7.949999999999999,False
5,2015-05-06,6.3,False
6,2015-05-07,6.45,False
7,2015-05-08,8.4,False
8,2015-05-09,3.9,False
9,2015-05-10,7.6499999999999995,False
10,2015-05-11,9.45,False
11,2015-05-12,6.3,False
12,2015-05-13,3.15,False
13,2015-05-14,9.75,False
14,2015-05-15,15.0,False
15,2015-05-16,3.75,False
16,2015-05-17,7.5,False
17,2015-05-18,14.1,False
18,2015-05-19,9.45,False
19,2015-05-20,6.3,False
20,2015-05-21,14.399999999999999,False
21,2015-05-22,8.4,False
22,2015-05-23,7.6499999999999995,False
23,2015-05-24,3.9,False
24,2015-05-25,4.95,False
25,2015-05-26,12.45,False
26,2015-05-27,10.799999999999999,False
27,2015-05-28,12.6,False
28,2015-05-29,13.2,False
29,2015-05-30,7.6499999999999995,False
30,2015-05-31,11.25,False
0,2015-06-01,10.4,False
1,2015-06-02,7.84,False
2,2015-06-03,7.84,False
3,2015-06-04,2.72,False
4,2015-06-05,14.08,False
5,2015-06-06,6.4,False
6,2015-06-07,3.2,False
7,2015-06-08,10.4,False
8,2015-06-09,2.56,False
9,2015-06-10,5.28,False
10,2015-06-11,8.0,False
11,2015-06-12,5.6000000000000005,False
12,2015-06-13,6.4,False
13,2015-06-14,0.0,False
14,2015-06-15,5.12,False
15,2015-06-16,7.68,False
16,2015-06-17,5.28,False
17,2015-06-18,16.0,False
18,2015-06-19,5.6000000000000005,False
19,2015-06-20,0.0,False
20,2015-06-21,6.4,False
21,2015-06-22,5.28,False
22,2015-06-23,2.56,False
23,2015-06-24,5.28,False
24,2015-06-25,13.280000000000001,False
25,2015-06-26,2.72,False
26,2015-06-27,0.0,False
27,2015-06-28,3.2,False
28,2015-06-29,10.56,False
29,2015-06-30,8.0,False
0,2015-07-01,7.35,False
1,2015-07-02,7.35,False
2,2015-07-03,1.68,False
3,2015-07-04,1.89,False
4,2015-07-05,0.0,False
5,2015-07-06,5.46,False
6,2015-07-07,3.15,False
7,2015-07-08,7.14,False
8,2015-07-09,9.03,False
9,2015-07-10,8.4,False
10,2015-07-11,1.89,False
11,2015-07-12,1.89,False
12,2015-07-13,7.14,False
13,2015-07-14,4.83,False
14,2015-07-15,4.83,False
15,2015-07-16,5.04,False
16,2015-07-17,6.93,False
17,2015-07-18,0.0,False
18,2015-07-19,2.1,False
19,2015-07-20,7.56,False
20,2015-07-21,11.34,False
21,2015-07-22,21.0,False
22,2015-07-23,11.34,False
23,2015-07-24,10.92,False
24,2015-07-25,1.89,False
25,2015-07-26,1.89,False
26,2015-07-27,9.45,False
27,2015-07-28,7.9799999999999995,False
28,2015-07-29,2.31,False
29,2015-07-30,6.51,False
30,2015-07-31,3.36,False
0,2015-08-01,4.75,False
1,2015-08-02,0.0,False
2,2015-08-03,7.79,False
3,2015-08-04,3.8,False
4,2015-08-05,7.79,False
5,2015-08-06,7.98,False
6,2015-08-07,8.17,False
7,2015-08-08,2.2800000000000002,False
8,2015-08-09,4.5600000000000005,False
9,2015-08-10,7.79,False
10,2015-08-11,9.69,False
11,2015-08-12,5.89,False
12,2015-08-13,5.89,False
13,2015-08-14,0.0,False
14,2015-08-15,2.2800000000000002,False
15,2015-08-16,2.2800000000000002,False
16,2015-08-17,5.89,False
17,2015-08-18,9.69,False
18,2015-08-19,1.9,False
19,2015-08-20,9.69,False
20,2015-08-21,11.97,False
21,2015-08-22,4.5600000000000005,False
22,2015-08-23,4.5600000000000005,False
23,2015-08-24,18.43,False
24,2015-08-25,13.11,False
25,2015-08-26,19.0,False
26,2015-08-27,7.6,False
27,2015-08-28,9.88,False
28,2015-08-29,4.5600000000000005,False
29,2015-08-30,2.2800000000000002,False
30,2015-08-31,7.41,False
0,2015-09-01,6.29,False
1,2015-09-02,8.67,False
2,2015-09-03,6.630000000000001,False
3,2015-09-04,9.01,False
4,2015-09-05,10.200000000000001,False
5,2015-09-06,0.0,False
6,2015-09-07,0.0,False
7,2015-09-08,2.04,False
8,2015-09-09,8.5,False
9,2015-09-10,17.0,False
10,2015-09-11,11.05,False
11,2015-09-12,0.0,False
12,2015-09-13,0.0,False
13,2015-09-14,14.620000000000001,False
14,2015-09-15,6.29,False
15,2015-09-16,6.29,False
16,2015-09-17,12.750000000000002,False
17,2015-09-18,4.42,False
18,2015-09-19,2.5500000000000003,False
19,2015-09-20,2.3800000000000003,False
20,2015-09-21,4.08,False
21,2015-09-22,4.08,False
22,2015-09-23,2.04,False
23,2015-09-24,8.67,False
24,2015-09-25,4.42,False
25,2015-09-26,0.0,False
26,2015-09-27,0.0,False
27,2015-09-28,2.04,False
28,2015-09-29,6.12,False
29,2015-09-30,2.04,False
0,2015-10-01,8.32,False
1,2015-10-02,16.0,False
2,2015-10-03,4.8,False
3,2015-10-04,3.2,False
4,2015-10-05,10.88,False
5,2015-10-06,8.16,False
6,2015-10-07,13.76,False
7,2015-10-08,11.040000000000001,False
8,2015-10-09,8.64,False
9,2015-10-10,4.8,False
10,2015-10-11,3.2,False
11,2015-10-12,9.92,False
12,2015-10-13,10.88,False
13,2015-10-14,8.16,False
14,2015-10-15,13.76,False
15,2015-10-16,8.48,False
16,2015-10-17,3.2,False
17,2015-10-18,4.64,False
18,2015-10-19,10.88,False
19,2015-10-20,14.88,False
20,2015-10-21,6.88,False
21,2015-10-22,13.76,False
22,2015-10-23,11.52,False
23,2015-10-24,0.0,False
24,2015-10-25,3.04,False
25,2015-10-26,9.44,False
26,2015-10-27,4.16,False
27,2015-10-28,10.72,False
28,2015-10-29,12.32,False
29,2015-10-30,15.84,False
30,2015-10-31,0.0,False
0,2015-11-01,1.75,False
1,2015-11-02,8.5,False
2,2015-11-03,6.75,False
3,2015-11-04,13.75,False
4,2015-11-05,25.0,False
5,2015-11-06,15.25,False
6,2015-11-07,6.25,False
7,2015-11-08,1.75,False
8,2015-11-09,7.5,False
9,2015-11-10,6.75,False
10,2015-11-11,4.75,False
11,2015-11-12,7.0,False
12,2015-11-13,4.75,False
13,2015-11-14,5.25,False
14,2015-11-15,0.0,False
15,2015-11-16,5.25,False
16,2015-11-17,3.75,False
17,2015-11-18,19.5,False
18,2015-11-19,8.5,False
19,2015-11-20,10.25,False
20,2015-11-21,4.5,False
21,2015-11-22,5.25,False
22,2015-11-23,9.75,False
23,2015-11-24,8.25,False
24,2015-11-25,6.0,False
25,2015-11-26,3.25,False
26,2015-11-27,3.25,False
27,2015-11-28,3.5,False
28,2015-11-29,3.5,False
29,2015-11-30,6.75,False
0,2015-12-01,9.8,False
1,2015-12-02,15.8,False
2,2015-12-03,12.0,False
3,2015-12-04,8.200000000000001,False
4,2015-12-05,7.2,False
5,2015-12-06,2.4000000000000004,False
6,2015-12-07,11.8,False
7,2015-12-08,20.0,False
8,2015-12-09,7.800000000000001,False
9,2015-12-10,6.0,False
10,2015-12-11,14.4,False
11,2015-12-12,7.0,False
12,2015-12-13,0.0,False
13,2015-12-14,7.800000000000001,False
14,2015-12-15,4.0,False
15,2015-12-16,12.4,False
16,2015-12-17,10.600000000000001,False
17,2015-12-18,0.0,False
18,2015-12-19,5.0,False
19,2015-12-20,0.0,False
20,2015-12-21,8.4,False
21,2015-12-22,15.0,False
22,2015-12-23,6.800000000000001,False
23,2015-12-24,7.6000000000000005,False
24,2015-12-25,5.4,False
25,2015-12-26,0.0,False
26,2015-12-27,2.4000000000000004,False
27,2015-12-28,8.6,False
28,2015-12-29,8.8,False
29,2015-12-30,15.4,False
30,2015-12-31,9.8,False
0,2016-01-01,2.5300000000000002,False
1,2016-01-02,0.0,False
2,2016-01-03,0.0,False
3,2016-01-04,9.66,False
4,2016-01-05,9.66,False
5,2016-01-06,17.48,False
6,2016-01-07,11.5,False
7,2016-01-08,19.78,False
8,2016-01-09,4.37,False
9,2016-01-10,2.0700000000000003,False
10,2016-01-11,9.43,False
11,2016-01-12,3.68,False
12,2016-01-13,11.270000000000001,False
13,2016-01-14,9.43,False
14,2016-01-15,9.89,False
15,2016-01-16,2.0700000000000003,False
16,2016-01-17,0.0,False
17,2016-01-18,1.84,False
18,2016-01-19,11.270000000000001,False
19,2016-01-20,7.590000000000001,False
20,2016-01-21,7.590000000000001,False
21,2016-01-22,13.8,False
22,2016-01-23,0.0,False
23,2016-01-24,2.0700000000000003,False
24,2016-01-25,17.02,False
25,2016-01-26,9.43,False
26,2016-01-27,9.43,False
27,2016-01-28,23.0,False
28,2016-01-29,5.98,False
29,2016-01-30,0.0,False
30,2016-01-31,0.0,False
0,2016-02-01,13.75,False
1,2016-02-02,16.25,False
2,2016-02-03,11.25,False
3,2016-02-04,17.75,False
4,2016-02-05,14.5,False
5,2016-02-06,3.0,False
6,2016-02-07,5.75,False
7,2016-02-08,14.0,False
8,2016-02-09,16.5,False
9,2016-02-10,15.0,False
10,2016-02-11,17.5,False
11,2016-02-12,20.75,False
12,2016-02-13,8.5,False
13,2016-02-14,2.75,False
14,2016-02-15,5.0,False
15,2016-02-16,18.5,False
16,2016-02-17,17.5,False
17,2016-02-18,25.0,False
18,2016-02-19,14.0,False
19,2016-02-20,5.75,False
20,2016-02-21,4.25,False
21,2016-02-22,9.75,False
22,2016-02-23,14.5,False
23,2016-02-24,17.25,False
24,2016-02-25,16.25,False
25,2016-02-26,10.25,False
26,2016-02-27,2.75,False
27,2016-02-28,4.25,False
28,2016-02-29,10.75,False
0,2016-03-01,18.240000000000002,False
1,2016-03-02,15.58,False
2,2016-03-03,9.5,False
3,2016-03-04,13.11,False
4,2016-03-05,14.44,False
5,2016-03-06,3.42,False
6,2016-03-07,15.58,False
7,2016-03-08,15.58,False
8,2016-03-09,15.77,False
9,2016-03-10,0.0,False
10,2016-03-11,16.53,False
11,2016-03-12,7.41,False
12,2016-03-13,3.42,False
13,2016-03-14,18.81,False
14,2016-03-15,15.77,False
15,2016-03-16,12.540000000000001,False
16,2016-03-17,16.15,False
17,2016-03-18,9.88,False
18,2016-03-19,0.0,False
19,2016-03-20,0.0,False
20,2016-03-21,19.0,False
21,2016-03-22,15.96,False
22,2016-03-23,9.69,False
23,2016-03-24,16.91,False
24,2016-03-25,3.61,False
25,2016-03-26,0.0,False
26,2016-03-27,0.0,False
27,2016-03-28,3.23,False
28,2016-03-29,12.540000000000001,False
29,2016-03-30,3.23,False
30,2016-03-31,15.96,False
0,2016-04-01,3.4000000000000004,False
1,2016-04-02,1.8,False
2,2016-04-03,1.8,False
3,2016-04-04,8.8,False
4,2016-04-05,4.800000000000001,False
5,2016-04-06,7.2,False
6,2016-04-07,10.4,False
7,2016-04-08,4.2,False
8,2016-04-09,5.6000000000000005,False
9,2016-04-10,1.8,False
10,2016-04-11,7.2,False
11,2016-04-12,8.0,False
12,2016-04-13,4.0,False
13,2016-04-14,7.2,False
14,2016-04-15,7.6000000000000005,False
15,2016-04-16,1.8,False
16,2016-04-17,0.0,False
17,2016-04-18,6.4,False
18,2016-04-19,6.4,False
19,2016-04-20,20.0,False
20,2016-04-21,15.4,False
21,2016-04-22,9.200000000000001,False
22,2016-04-23,1.8,False
23,2016-04-24,0.0,False
24,2016-04-25,7.800000000000001,False
25,2016-04-26,11.0,False
26,2016-04-27,6.4,False
27,2016-04-28,9.8,False
28,2016-04-29,7.6000000000000005,False
29,2016-04-30,3.8000000000000003,False
0,2016-05-01,0.0,False
1,2016-05-02,13.430000000000001,False
2,2016-05-03,13.260000000000002,False
3,2016-05-04,7.99,False
4,2016-05-05,11.22,False
5,2016-05-06,17.0,False
6,2016-05-07,3.2300000000000004,False
7,2016-05-08,0.0,False
8,2016-05-09,13.430000000000001,False
9,2016-05-10,7.99,False
10,2016-05-11,10.71,False
11,2016-05-12,5.44,False
12,2016-05-13,8.33,False
13,2016-05-14,0.0,False
14,2016-05-15,0.0,False
15,2016-05-16,15.98,False
16,2016-05-17,7.99,False
17,2016-05-18,10.540000000000001,False
18,2016-05-19,7.99,False
19,2016-05-20,8.5,False
20,2016-05-21,0.0,False
21,2016-05-22,3.06,False
22,2016-05-23,7.99,False
23,2016-05-24,15.98,False
24,2016-05-25,13.430000000000001,False
25,2016-05-26,5.61,False
26,2016-05-27,14.280000000000001,False
27,2016-05-28,3.2300000000000004,False
28,2016-05-29,3.2300000000000004,False
29,2016-05-30,2.72,False
30,2016-05-31,15.98,False
0,2016-06-01,7.739999999999999,False
1,2016-06-02,6.12,False
2,2016-06-03,3.5999999999999996,False
3,2016-06-04,5.9399999999999995,False
4,2016-06-05,1.98,False
5,2016-06-06,3.42,False
6,2016-06-07,6.84,False
7,2016-06-08,3.42,False
8,2016-06-09,6.12,False
9,2016-06-10,6.3,False
10,2016-06-11,3.96,False
11,2016-06-12,3.96,False
12,2016-06-13,3.42,False
13,2016-06-14,5.04,False
14,2016-06-15,3.42,False
15,2016-06-16,2.52,False
16,2016-06-17,4.5,False
17,2016-06-18,1.98,False
18,2016-06-19,0.0,False
19,2016-06-20,5.04,False
20,2016-06-21,4.14,False
21,2016-06-22,4.32,False
22,2016-06-23,6.12,False
23,2016-06-24,18.0,False
24,2016-06-25,5.04,False
25,2016-06-26,1.98,False
26,2016-06-27,5.04,False
27,2016-06-28,6.84,False
28,2016-06-29,7.739999999999999,False
29,2016-06-30,6.12,False
0,2016-07-01,2.5200000000000005,False
1,2016-07-02,2.8000000000000003,False
2,2016-07-03,2.8000000000000003,False
3,2016-07-04,0.0,False
4,2016-07-05,3.9200000000000004,False
5,2016-07-06,4.48,False
6,2016-07-07,2.5200000000000005,False
7,2016-07-08,1.4000000000000001,False
8,2016-07-09,4.48,False
9,2016-07-10,1.4000000000000001,False
10,2016-07-11,3.9200000000000004,False
11,2016-07-12,8.120000000000001,False
12,2016-07-13,4.48,False
13,2016-07-14,5.6000000000000005,False
14,2016-07-15,4.48,False
15,2016-07-16,2.24,False
16,2016-07-17,1.4000000000000001,False
17,2016-07-18,4.48,False
18,2016-07-19,8.4,False
19,2016-07-20,22.680000000000003,False
20,2016-07-21,28.000000000000004,False
21,2016-07-22,14.560000000000002,False
22,2016-07-23,3.6400000000000006,False
23,2016-07-24,1.4000000000000001,False
24,2016-07-25,5.6000000000000005,False
25,2016-07-26,11.48,False
26,2016-07-27,11.48,False
27,2016-07-28,5.6000000000000005,False
28,2016-07-29,10.64,False
29,2016-07-30,5.880000000000001,False
30,2016-07-31,3.08,False
0,2016-08-01,23.0,False
1,2016-08-02,15.870000000000001,False
2,2016-08-03,9.200000000000001,False
3,2016-08-04,18.86,False
4,2016-08-05,10.120000000000001,False
5,2016-08-06,2.7600000000000002,False
6,2016-08-07,0.0,False
7,2016-08-08,9.43,False
8,2016-08-09,14.26,False
9,2016-08-10,2.3000000000000003,False
10,2016-08-11,14.72,False
11,2016-08-12,10.120000000000001,False
12,2016-08-13,2.7600000000000002,False
13,2016-08-14,0.0,False
14,2016-08-15,7.590000000000001,False
15,2016-08-16,9.89,False
16,2016-08-17,2.5300000000000002,False
17,2016-08-18,7.36,False
18,2016-08-19,2.5300000000000002,False
19,2016-08-20,0.0,False
20,2016-08-21,0.0,False
21,2016-08-22,7.13,False
22,2016-08-23,9.66,False
23,2016-08-24,14.030000000000001,False
24,2016-08-25,14.030000000000001,False
25,2016-08-26,4.83,False
26,2016-08-27,5.29,False
27,2016-08-28,0.0,False
28,2016-08-29,2.3000000000000003,False
29,2016-08-30,11.270000000000001,False
30,2016-08-31,13.57,False
0,2016-09-01,11.16,False
1,2016-09-02,5.76,False
2,2016-09-03,3.2399999999999998,False
3,2016-09-04,0.0,False
4,2016-09-05,1.7999999999999998,False
5,2016-09-06,7.199999999999999,False
6,2016-09-07,4.68,False
7,2016-09-08,6.4799999999999995,False
8,2016-09-09,5.76,False
9,2016-09-10,3.2399999999999998,False
10,2016-09-11,4.32,False
11,2016-09-12,4.68,False
12,2016-09-13,4.5,False
13,2016-09-14,6.4799999999999995,False
14,2016-09-15,6.4799999999999995,False
15,2016-09-16,9.54,False
16,2016-09-17,3.06,False
17,2016-09-18,0.0,False
18,2016-09-19,5.3999999999999995,False
19,2016-09-20,5.3999999999999995,False
20,2016-09-21,9.0,False
21,2016-09-22,13.86,False
22,2016-09-23,4.859999999999999,False
23,2016-09-24,4.14,False
24,2016-09-25,0.0,False
25,2016-09-26,5.3999999999999995,False
26,2016-09-27,9.0,False
27,2016-09-28,7.199999999999999,False
28,2016-09-29,13.68,False
29,2016-09-30,18.0,False
0,2016-10-01,2.7600000000000002,False
1,2016-10-02,2.7600000000000002,False
2,2016-10-03,6.67,False
3,2016-10-04,7.36,False
4,2016-10-05,4.37,False
5,2016-10-06,12.190000000000001,False
6,2016-10-07,9.66,False
7,2016-10-08,2.7600000000000002,False
8,2016-10-09,2.7600000000000002,False
9,2016-10-10,5.0600000000000005,False
10,2016-10-11,2.5300000000000002,False
11,2016-10-12,3.22,False
12,2016-10-13,6.9,False
13,2016-10-14,5.75,False
14,2016-10-15,2.7600000000000002,False
15,2016-10-16,2.7600000000000002,False
16,2016-10-17,3.68,False
17,2016-10-18,4.83,False
18,2016-10-19,3.68,False
19,2016-10-20,4.83,False
20,2016-10-21,6.44,False
21,2016-10-22,1.3800000000000001,False
22,2016-10-23,1.3800000000000001,False
23,2016-10-24,4.83,False
24,2016-10-25,4.83,False
25,2016-10-26,7.82,False
26,2016-10-27,23.0,False
27,2016-10-28,11.5,False
28,2016-10-29,2.7600000000000002,False
29,2016-10-30,2.0700000000000003,False
30,2016-10-31,5.5200000000000005,False
0,2016-11-01,19.75,False
1,2016-11-02,12.75,False
2,2016-11-03,23.5,False
3,2016-11-04,15.5,False
4,2016-11-05,2.5,False
5,2016-11-06,0.0,False
6,2016-11-07,18.75,False
7,2016-11-08,25.0,False
8,2016-11-09,17.5,False
9,2016-11-10,8.5,False
10,2016-11-11,15.5,False
11,2016-11-12,0.0,False
12,2016-11-13,0.0,False
13,2016-11-14,8.5,False
14,2016-11-15,2.0,False
15,2016-11-16,6.5,False
16,2016-11-17,8.5,False
17,2016-11-18,13.25,False
18,2016-11-19,2.5,False
19,2016-11-20,0.0,False
20,2016-11-21,18.75,False
21,2016-11-22,8.25,False
22,2016-11-23,8.5,False
23,2016-11-24,2.25,False
24,2016-11-25,17.75,False
25,2016-11-26,2.25,False
26,2016-11-27,0.0,False
27,2016-11-28,16.0,False
28,2016-11-29,8.0,False
29,2016-11-30,6.0,False
0,2016-12-01,17.849999999999998,False
1,2016-12-02,21.0,False
2,2016-12-03,5.46,False
3,2016-12-04,2.52,False
4,2016-12-05,8.61,False
5,2016-12-06,11.549999999999999,False
6,2016-12-07,17.64,False
7,2016-12-08,14.49,False
8,2016-12-09,12.389999999999999,False
9,2016-12-10,4.2,False
10,2016-12-11,7.9799999999999995,False
11,2016-12-12,6.93,False
12,2016-12-13,8.19,False
13,2016-12-14,11.76,False
14,2016-12-15,13.229999999999999,False
15,2016-12-16,16.59,False
16,2016-12-17,4.2,False
17,2016-12-18,2.73,False
18,2016-12-19,6.09,False
19,2016-12-20,19.74,False
20,2016-12-21,11.34,False
21,2016-12-22,11.549999999999999,False
22,2016-12-23,6.72,False
23,2016-12-24,2.94,False
24,2016-12-25,6.3,False
25,2016-12-26,6.72,False
26,2016-12-27,11.34,False
27,2016-12-28,12.6,False
28,2016-12-29,9.03,False
29,2016-12-30,15.959999999999999,False
30,2016-12-31,8.82,False
0,2017-01-01,1.8,False
1,2017-01-02,3.15,False
2,2017-01-03,5.8500000000000005,False
3,2017-01-04,9.0,False
4,2017-01-05,6.3,False
5,2017-01-06,3.15,False
6,2017-01-07,3.15,False
7,2017-01-08,0.0,False
8,2017-01-09,8.1,False
9,2017-01-10,7.2,False
10,2017-01-11,4.95,False
11,2017-01-12,6.75,False
12,2017-01-13,5.8500000000000005,False
13,2017-01-14,3.15,False
14,2017-01-15,3.15,False
15,2017-01-16,2.25,False
16,2017-01-17,13.5,False
17,2017-01-18,15.75,False
18,2017-01-19,6.3,False
19,2017-01-20,16.650000000000002,False
20,2017-01-21,4.05,False
21,2017-01-22,2.25,False
22,2017-01-23,38.7,False
23,2017-01-24,31.05,False
24,2017-01-25,36.45,False
25,2017-01-26,45.0,False
26,2017-01-27,22.5,False
27,2017-01-28,8.55,False
28,2017-01-29,4.05,False
29,2017-01-30,15.3,False
30,2017-01-31,20.25,False
0,2017-02-01,28.98,False
1,2017-02-02,31.28,False
2,2017-02-03,43.24,False
3,2017-02-04,10.120000000000001,False
4,2017-02-05,3.22,False
5,2017-02-06,20.240000000000002,False
6,2017-02-07,36.34,False
7,2017-02-08,23.46,False
8,2017-02-09,31.28,False
9,2017-02-10,30.360000000000003,False
10,2017-02-11,11.96,False
11,2017-02-12,6.44,False
12,2017-02-13,33.120000000000005,False
13,2017-02-14,37.72,False
14,2017-02-15,44.620000000000005,False
15,2017-02-16,35.42,False
16,2017-02-17,30.82,False
17,2017-02-18,22.080000000000002,False
18,2017-02-19,10.120000000000001,False
19,2017-02-20,11.96,False
20,2017-02-21,20.240000000000002,False
21,2017-02-22,24.84,False
22,2017-02-23,46.0,False
23,2017-02-24,33.58,False
24,2017-02-25,11.96,False
25,2017-02-26,10.120000000000001,False
26,2017-02-27,25.76,False
27,2017-02-28,28.98,False
0,2017-03-01,28.05,False
1,2017-03-02,19.8,False
2,2017-03-03,22.44,False
3,2017-03-04,6.6000000000000005,False
4,2017-03-05,3.3000000000000003,False
5,2017-03-06,26.400000000000002,False
6,2017-03-07,33.0,False
7,2017-03-08,31.68,False
8,2017-03-09,22.77,False
9,2017-03-10,22.77,False
10,2017-03-11,8.25,False
11,2017-03-12,7.92,False
12,2017-03-13,31.020000000000003,False
13,2017-03-14,24.75,False
14,2017-03-15,29.040000000000003,False
15,2017-03-16,25.080000000000002,False
16,2017-03-17,19.8,False
17,2017-03-18,6.6000000000000005,False
18,2017-03-19,6.6000000000000005,False
19,2017-03-20,18.810000000000002,False
20,2017-03-21,18.810000000000002,False
21,2017-03-22,18.810000000000002,False
22,2017-03-23,20.46,False
23,2017-03-24,10.56,False
24,2017-03-25,8.58,False
25,2017-03-26,6.6000000000000005,False
26,2017-03-27,14.520000000000001,False
27,2017-03-28,29.37,False
28,2017-03-29,19.14,False
29,2017-03-30,16.5,False
30,2017-03-31,30.360000000000003,False
0,2017-04-01,4.18,False
1,2017-04-02,2.2800000000000002,False
2,2017-04-03,13.3,False
3,2017-04-04,17.1,False
4,2017-04-05,18.62,False
5,2017-04-06,20.9,False
6,2017-04-07,7.98,False
7,2017-04-08,4.5600000000000005,False
8,2017-04-09,2.2800000000000002,False
9,2017-04-10,9.5,False
10,2017-04-11,21.28,False
11,2017-04-12,19.38,False
12,2017-04-13,12.16,False
13,2017-04-14,8.74,False
14,2017-04-15,2.2800000000000002,False
15,2017-04-16,6.84,False
16,2017-04-17,9.88,False
17,2017-04-18,26.22,False
18,2017-04-19,35.72,False
19,2017-04-20,38.0,False
20,2017-04-21,23.94,False
21,2017-04-22,6.46,False
22,2017-04-23,6.46,False
23,2017-04-24,15.2,False
24,2017-04-25,24.32,False
25,2017-04-26,14.82,False
26,2017-04-27,17.1,False
27,2017-04-28,37.24,False
28,2017-04-29,15.58,False
29,2017-04-30,6.84,False
0,2017-05-01,16.38,False
1,2017-05-02,21.0,False
2,2017-05-03,13.02,False
3,2017-05-04,34.44,False
4,2017-05-05,23.52,False
5,2017-05-06,5.46,False
6,2017-05-07,16.38,False
7,2017-05-08,24.779999999999998,False
8,2017-05-09,17.64,False
9,2017-05-10,18.9,False
10,2017-05-11,12.18,False
11,2017-05-12,15.959999999999999,False
12,2017-05-13,6.72,False
13,2017-05-14,2.94,False
14,2017-05-15,27.3,False
15,2017-05-16,24.36,False
16,2017-05-17,23.939999999999998,False
17,2017-05-18,17.64,False
18,2017-05-19,29.4,False
19,2017-05-20,7.56,False
20,2017-05-21,0.0,False
21,2017-05-22,42.0,False
22,2017-05-23,36.96,False
23,2017-05-24,30.66,False
24,2017-05-25,37.8,False
25,2017-05-26,24.36,False
26,2017-05-27,9.24,False
27,2017-05-28,2.94,False
28,2017-05-29,10.5,False
29,2017-05-30,19.74,False
30,2017-05-31,19.74,False
0,2017-06-01,29.37,False
1,2017-06-02,33.0,False
2,2017-06-03,4.29,False
3,2017-06-04,0.0,False
4,2017-06-05,20.130000000000003,False
5,2017-06-06,19.470000000000002,False
6,2017-06-07,25.41,False
7,2017-06-08,13.530000000000001,False
8,2017-06-09,19.14,False
9,2017-06-10,4.62,False
10,2017-06-11,5.94,False
11,2017-06-12,24.42,False
12,2017-06-13,14.520000000000001,False
13,2017-06-14,21.12,False
14,2017-06-15,24.09,False
15,2017-06-16,15.510000000000002,False
16,2017-06-17,2.97,False
17,2017-06-18,0.0,False
18,2017-06-19,13.530000000000001,False
19,2017-06-20,16.830000000000002,False
20,2017-06-21,16.830000000000002,False
21,2017-06-22,16.830000000000002,False
22,2017-06-23,13.860000000000001,False
23,2017-06-24,11.55,False
24,2017-06-25,2.97,False
25,2017-06-26,24.09,False
26,2017-06-27,17.82,False
27,2017-06-28,15.510000000000002,False
28,2017-06-29,15.510000000000002,False
29,2017-06-30,18.48,False
0,2017-07-01,2.96,False
1,2017-07-02,0.0,False
2,2017-07-03,5.18,False
3,2017-07-04,2.59,False
4,2017-07-05,8.879999999999999,False
5,2017-07-06,9.99,False
6,2017-07-07,7.77,False
7,2017-07-08,0.0,False
8,2017-07-09,2.96,False
9,2017-07-10,4.81,False
10,2017-07-11,4.81,False
11,2017-07-12,4.81,False
12,2017-07-13,11.1,False
13,2017-07-14,6.29,False
14,2017-07-15,2.96,False
15,2017-07-16,0.0,False
16,2017-07-17,3.7,False
17,2017-07-18,4.81,False
18,2017-07-19,28.49,False
19,2017-07-20,37.0,False
20,2017-07-21,19.24,False
21,2017-07-22,4.07,False
22,2017-07-23,5.55,False
23,2017-07-24,8.51,False
24,2017-07-25,9.99,False
25,2017-07-26,9.62,False
26,2017-07-27,11.1,False
27,2017-07-28,8.879999999999999,False
28,2017-07-29,1.48,False
29,2017-07-30,1.48,False
30,2017-07-31,4.81,False
0,2017-08-01,36.0,False
1,2017-08-02,27.0,False
2,2017-08-03,19.8,False
3,2017-08-04,24.84,False
4,2017-08-05,5.04,False
5,2017-08-06,0.0,False
6,2017-08-07,24.84,False
7,2017-08-08,29.88,False
8,2017-08-09,25.2,False
9,2017-08-10,27.36,False
10,2017-08-11,23.759999999999998,False
11,2017-08-12,3.2399999999999998,False
12,2017-08-13,0.0,False
13,2017-08-14,20.16,False
14,2017-08-15,14.76,False
15,2017-08-16,28.439999999999998,False
16,2017-08-17,11.52,False
17,2017-08-18,13.32,False
18,2017-08-19,6.4799999999999995,False
19,2017-08-20,3.2399999999999998,False
20,2017-08-21,15.479999999999999,False
21,2017-08-22,28.08,False
22,2017-08-23,12.6,False
23,2017-08-24,21.24,False
24,2017-08-25,29.88,False
25,2017-08-26,5.04,False
26,2017-08-27,0.0,False
27,2017-08-28,18.36,False
28,2017-08-29,9.719999999999999,False
29,2017-08-30,28.08,False
30,2017-08-31,19.8,False
0,2017-09-01,9.92,False
1,2017-09-02,3.52,False
2,2017-09-03,3.52,False
3,2017-09-04,6.4,False
4,2017-09-05,30.400000000000002,False
5,2017-09-06,28.8,False
6,2017-09-07,26.240000000000002,False
7,2017-09-08,17.92,False
8,2017-09-09,8.96,False
9,2017-09-10,10.24,False
10,2017-09-11,25.92,False
11,2017-09-12,22.72,False
12,2017-09-13,21.44,False
13,2017-09-14,16.96,False
14,2017-09-15,30.080000000000002,False
15,2017-09-16,8.96,False
16,2017-09-17,5.12,False
17,2017-09-18,15.040000000000001,False
18,2017-09-19,21.12,False
19,2017-09-20,32.0,False
20,2017-09-21,24.64,False
21,2017-09-22,20.8,False
22,2017-09-23,14.08,False
23,2017-09-24,3.52,False
24,2017-09-25,18.240000000000002,False
25,2017-09-26,28.8,False
26,2017-09-27,18.240000000000002,False
27,2017-09-28,24.64,False
28,2017-09-29,25.92,False
29,2017-09-30,17.92,False
0,2017-10-01,1.9500000000000002,False
1,2017-10-02,6.24,False
2,2017-10-03,11.31,False
3,2017-10-04,9.75,False
4,2017-10-05,14.82,False
5,2017-10-06,11.700000000000001,False
6,2017-10-07,3.9000000000000004,False
7,2017-10-08,1.9500000000000002,False
8,2017-10-09,14.43,False
9,2017-10-10,12.48,False
10,2017-10-11,24.18,False
11,2017-10-12,14.82,False
12,2017-10-13,14.82,False
13,2017-10-14,5.46,False
14,2017-10-15,0.0,False
15,2017-10-16,12.870000000000001,False
16,2017-10-17,6.24,False
17,2017-10-18,9.75,False
18,2017-10-19,16.38,False
19,2017-10-20,18.72,False
20,2017-10-21,1.9500000000000002,False
21,2017-10-22,1.9500000000000002,False
22,2017-10-23,15.99,False
23,2017-10-24,22.23,False
24,2017-10-25,19.11,False
25,2017-10-26,17.94,False
26,2017-10-27,10.14,False
27,2017-10-28,9.36,False
28,2017-10-29,1.9500000000000002,False
29,2017-10-30,12.870000000000001,False
30,2017-10-31,39.0,False
0,2017-11-01,31.0,False
1,2017-11-02,55.0,False
2,2017-11-03,62.0,False
3,2017-11-04,27.0,False
4,2017-11-05,17.0,False
5,2017-11-06,100.0,False
6,2017-11-07,77.0,False
7,2017-11-08,37.0,False
8,2017-11-09,42.0,False
9,2017-11-10,24.0,False
10,2017-11-11,14.0,False
11,2017-11-12,3.0,False
12,2017-11-13,52.0,False
13,2017-11-14,43.0,False
14,2017-11-15,27.0,False
15,2017-11-16,23.0,False
16,2017-11-17,22.0,False
17,2017-11-18,12.0,False
18,2017-11-19,2.0,False
19,2017-11-20,22.0,False
20,2017-11-21,20.0,False
21,2017-11-22,23.0,False
22,2017-11-23,16.0,False
23,2017-11-24,14.0,False
24,2017-11-25,10.0,False
25,2017-11-26,3.0,False
26,2017-11-27,21.0,False
27,2017-11-28,27.0,False
28,2017-11-29,22.0,False
29,2017-11-30,15.0,False
0,2017-12-01,44.0,False
1,2017-12-02,4.4,False
2,2017-12-03,2.2,False
3,2017-12-04,35.64,False
4,2017-12-05,35.2,False
5,2017-12-06,31.68,False
6,2017-12-07,26.4,False
7,2017-12-08,31.68,False
8,2017-12-09,4.84,False
9,2017-12-10,6.6,False
10,2017-12-11,17.6,False
11,2017-12-12,29.48,False
12,2017-12-13,9.68,False
13,2017-12-14,10.12,False
14,2017-12-15,12.76,False
15,2017-12-16,2.2,False
16,2017-12-17,4.4,False
17,2017-12-18,22.0,False
18,2017-12-19,16.28,False
19,2017-12-20,8.36,False
20,2017-12-21,17.16,False
21,2017-12-22,13.64,False
22,2017-12-23,2.64,False
23,2017-12-24,2.64,False
24,2017-12-25,7.92,False
25,2017-12-26,22.44,False
26,2017-12-27,23.76,False
27,2017-12-28,21.56,False
28,2017-12-29,18.04,False
29,2017-12-30,2.2,False
30,2017-12-31,4.84,False
0,2018-01-01,3.01,False
1,2018-01-02,33.11,False
2,2018-01-03,23.22,False
3,2018-01-04,24.94,False
4,2018-01-05,21.93,False
5,2018-01-06,14.62,False
6,2018-01-07,5.16,False
7,2018-01-08,13.76,False
8,2018-01-09,26.23,False
9,2018-01-10,12.47,False
10,2018-01-11,26.66,False
11,2018-01-12,26.66,False
12,2018-01-13,7.74,False
13,2018-01-14,2.58,False
14,2018-01-15,6.88,False
15,2018-01-16,36.98,False
16,2018-01-17,36.12,False
17,2018-01-18,29.669999999999998,False
18,2018-01-19,18.919999999999998,False
19,2018-01-20,5.16,False
20,2018-01-21,5.16,False
21,2018-01-22,14.62,False
22,2018-01-23,29.24,False
23,2018-01-24,43.0,False
24,2018-01-25,35.26,False
25,2018-01-26,12.04,False
26,2018-01-27,7.74,False
27,2018-01-28,5.16,False
28,2018-01-29,14.62,False
29,2018-01-30,26.23,False
30,2018-01-31,34.83,False
0,2018-02-01,51.75,False
1,2018-02-02,40.5,False
2,2018-02-03,8.25,False
3,2018-02-04,8.25,False
4,2018-02-05,66.0,False
5,2018-02-06,75.0,False
6,2018-02-07,57.75,False
7,2018-02-08,54.0,False
8,2018-02-09,60.75,False
9,2018-02-10,8.25,False
10,2018-02-11,5.25,False
11,2018-02-12,39.0,False
12,2018-02-13,47.25,False
13,2018-02-14,44.25,False
14,2018-02-15,27.75,False
15,2018-02-16,48.75,False
16,2018-02-17,8.25,False
17,2018-02-18,11.25,False
18,2018-02-19,2.25,False
19,2018-02-20,60.0,False
20,2018-02-21,19.5,False
21,2018-02-22,33.75,False
22,2018-02-23,40.5,False
23,2018-02-24,8.25,False
24,2018-02-25,10.5,False
25,2018-02-26,52.5,False
26,2018-02-27,64.5,False
27,2018-02-28,40.5,False
0,2018-03-01,41.34,False
1,2018-03-02,32.76,False
2,2018-03-03,15.600000000000001,False
3,2018-03-04,5.46,False
4,2018-03-05,28.080000000000002,False
5,2018-03-06,26.52,False
6,2018-03-07,19.5,False
7,2018-03-08,23.400000000000002,False
8,2018-03-09,33.54,False
9,2018-03-10,3.9000000000000004,False
10,2018-03-11,1.56,False
11,2018-03-12,32.76,False
12,2018-03-13,78.0,False
13,2018-03-14,45.24,False
14,2018-03-15,29.64,False
15,2018-03-16,56.160000000000004,False
16,2018-03-17,19.5,False
17,2018-03-18,7.800000000000001,False
18,2018-03-19,23.400000000000002,False
19,2018-03-20,33.54,False
20,2018-03-21,29.64,False
21,2018-03-22,30.42,False
22,2018-03-23,40.56,False
23,2018-03-24,9.36,False
24,2018-03-25,5.46,False
25,2018-03-26,26.52,False
26,2018-03-27,30.42,False
27,2018-03-28,38.22,False
28,2018-03-29,17.94,False
29,2018-03-30,23.400000000000002,False
30,2018-03-31,6.24,False
0,2018-04-01,2.28,False
1,2018-04-02,19.38,False
2,2018-04-03,29.639999999999997,False
3,2018-04-04,30.779999999999998,False
4,2018-04-05,24.509999999999998,False
5,2018-04-06,19.38,False
6,2018-04-07,3.9899999999999998,False
7,2018-04-08,3.9899999999999998,False
8,2018-04-09,19.95,False
9,2018-04-10,10.829999999999998,False
10,2018-04-11,19.95,False
11,2018-04-12,27.929999999999996,False
12,2018-04-13,40.47,False
13,2018-04-14,10.829999999999998,False
14,2018-04-15,3.9899999999999998,False
15,2018-04-16,39.9,False
16,2018-04-17,27.36,False
17,2018-04-18,18.24,False
18,2018-04-19,37.62,False
19,2018-04-20,17.099999999999998,False
20,2018-04-21,14.819999999999999,False
21,2018-04-22,8.549999999999999,False
22,2018-04-23,27.36,False
23,2018-04-24,34.199999999999996,False
24,2018-04-25,47.309999999999995,False
25,2018-04-26,56.99999999999999,False
26,2018-04-27,23.939999999999998,False
27,2018-04-28,10.829999999999998,False
28,2018-04-29,2.28,False
29,2018-04-30,17.099999999999998,False
0,2018-05-01,26.46,False
1,2018-05-02,32.13,False
2,2018-05-03,32.13,False
3,2018-05-04,35.28,False
4,2018-05-05,10.08,False
5,2018-05-06,5.04,False
6,2018-05-07,37.17,False
7,2018-05-08,26.46,False
8,2018-05-09,34.02,False
9,2018-05-10,63.0,False
10,2018-05-11,54.18,False
11,2018-05-12,10.08,False
12,2018-05-13,3.15,False
13,2018-05-14,54.81,False
14,2018-05-15,44.1,False
15,2018-05-16,43.47,False
16,2018-05-17,41.58,False
17,2018-05-18,39.69,False
18,2018-05-19,10.08,False
19,2018-05-20,13.23,False
20,2018-05-21,37.17,False
21,2018-05-22,43.47,False
22,2018-05-23,39.69,False
23,2018-05-24,37.17,False
24,2018-05-25,47.88,False
25,2018-05-26,11.34,False
26,2018-05-27,10.08,False
27,2018-05-28,17.01,False
28,2018-05-29,59.22,False
29,2018-05-30,40.95,False
30,2018-05-31,43.47,False
0,2018-06-01,27.44,False
1,2018-06-02,8.96,False
2,2018-06-03,2.24,False
3,2018-06-04,29.120000000000005,False
4,2018-06-05,28.000000000000004,False
5,2018-06-06,33.040000000000006,False
6,2018-06-07,36.400000000000006,False
7,2018-06-08,29.120000000000005,False
8,2018-06-09,7.840000000000001,False
9,2018-06-10,10.080000000000002,False
10,2018-06-11,30.800000000000004,False
11,2018-06-12,21.28,False
12,2018-06-13,26.320000000000004,False
13,2018-06-14,26.880000000000003,False
14,2018-06-15,56.00000000000001,False
15,2018-06-16,13.440000000000001,False
16,2018-06-17,4.48,False
17,2018-06-18,35.28,False
18,2018-06-19,32.480000000000004,False
19,2018-06-20,22.96,False
20,2018-06-21,26.880000000000003,False
21,2018-06-22,24.080000000000002,False
22,2018-06-23,4.48,False
23,2018-06-24,4.48,False
24,2018-06-25,19.040000000000003,False
25,2018-06-26,20.160000000000004,False
26,2018-06-27,25.76,False
27,2018-06-28,23.520000000000003,False
28,2018-06-29,17.92,False
29,2018-06-30,12.88,False
0,2018-07-01,1.24,False
1,2018-07-02,6.2,False
2,2018-07-03,6.2,False
3,2018-07-04,4.34,False
4,2018-07-05,8.68,False
5,2018-07-06,11.16,False
6,2018-07-07,1.8599999999999999,False
7,2018-07-08,1.24,False
8,2018-07-09,9.3,False
9,2018-07-10,9.92,False
10,2018-07-11,8.06,False
11,2018-07-12,9.92,False
12,2018-07-13,6.2,False
13,2018-07-14,3.1,False
14,2018-07-15,1.24,False
15,2018-07-16,8.06,False
16,2018-07-17,7.4399999999999995,False
17,2018-07-18,9.92,False
18,2018-07-19,8.68,False
19,2018-07-20,6.2,False
20,2018-07-21,3.1,False
21,2018-07-22,1.8599999999999999,False
22,2018-07-23,9.92,False
23,2018-07-24,16.74,False
24,2018-07-25,44.02,False
25,2018-07-26,62.0,False
26,2018-07-27,24.8,False
27,2018-07-28,7.4399999999999995,False
28,2018-07-29,6.2,False
29,2018-07-30,11.78,False
30,2018-07-31,20.46,False
0,2018-08-01,45.88,False
1,2018-08-02,57.72,False
2,2018-08-03,54.019999999999996,False
3,2018-08-04,31.08,False
4,2018-08-05,16.28,False
5,2018-08-06,48.839999999999996,False
6,2018-08-07,74.0,False
7,2018-08-08,36.26,False
8,2018-08-09,22.2,False
9,2018-08-10,25.16,False
10,2018-08-11,8.14,False
11,2018-08-12,8.14,False
12,2018-08-13,26.64,False
13,2018-08-14,36.26,False
14,2018-08-15,25.16,False
15,2018-08-16,40.7,False
16,2018-08-17,32.56,False
17,2018-08-18,2.96,False
18,2018-08-19,5.92,False
19,2018-08-20,30.34,False
20,2018-08-21,27.38,False
21,2018-08-22,35.519999999999996,False
22,2018-08-23,44.4,False
23,2018-08-24,38.48,False
24,2018-08-25,11.1,False
25,2018-08-26,5.92,False
26,2018-08-27,44.4,False
27,2018-08-28,56.24,False
28,2018-08-29,62.9,False
29,2018-08-30,73.26,False
30,2018-08-31,50.32,False
0,2018-09-01,8.96,False
1,2018-09-02,1.92,False
2,2018-09-03,9.6,False
3,2018-09-04,28.16,False
4,2018-09-05,33.28,False
5,2018-09-06,24.96,False
6,2018-09-07,30.72,False
7,2018-09-08,12.8,False
8,2018-09-09,7.04,False
9,2018-09-10,39.04,False
10,2018-09-11,35.84,False
11,2018-09-12,30.080000000000002,False
12,2018-09-13,64.0,False
13,2018-09-14,46.72,False
14,2018-09-15,8.96,False
15,2018-09-16,7.04,False
16,2018-09-17,22.400000000000002,False
17,2018-09-18,17.28,False
18,2018-09-19,30.080000000000002,False
19,2018-09-20,32.0,False
20,2018-09-21,23.04,False
21,2018-09-22,14.72,False
22,2018-09-23,3.84,False
23,2018-09-24,23.68,False
24,2018-09-25,30.72,False
25,2018-09-26,29.44,False
26,2018-09-27,23.68,False
27,2018-09-28,31.36,False
28,2018-09-29,3.84,False
29,2018-09-30,8.96,False
0,2018-10-01,24.75,False
1,2018-10-02,26.55,False
2,2018-10-03,24.75,False
3,2018-10-04,29.25,False
4,2018-10-05,23.85,False
5,2018-10-06,7.2,False
6,2018-10-07,9.450000000000001,False
7,2018-10-08,27.0,False
8,2018-10-09,14.4,False
9,2018-10-10,25.2,False
10,2018-10-11,32.4,False
11,2018-10-12,40.5,False
12,2018-10-13,9.9,False
13,2018-10-14,4.95,False
14,2018-10-15,29.7,False
15,2018-10-16,22.95,False
16,2018-10-17,45.0,False
17,2018-10-18,21.6,False
18,2018-10-19,24.3,False
19,2018-10-20,9.9,False
20,2018-10-21,4.95,False
21,2018-10-22,14.85,False
22,2018-10-23,28.8,False
23,2018-10-24,22.95,False
24,2018-10-25,33.75,False
25,2018-10-26,6.75,False
26,2018-10-27,2.25,False
27,2018-10-28,2.25,False
28,2018-10-29,26.1,False
29,2018-10-30,16.650000000000002,False
30,2018-10-31,25.650000000000002,False
0,2018-11-01,21.450000000000003,False
1,2018-11-02,22.55,False
2,2018-11-03,2.2,False
3,2018-11-04,3.8500000000000005,False
4,2018-11-05,17.6,False
5,2018-11-06,23.650000000000002,False
6,2018-11-07,33.550000000000004,False
7,2018-11-08,55.00000000000001,False
8,2018-11-09,22.0,False
9,2018-11-10,13.750000000000002,False
10,2018-11-11,4.95,False
11,2018-11-12,28.6,False
12,2018-11-13,24.750000000000004,False
13,2018-11-14,23.1,False
14,2018-11-15,19.8,False
15,2018-11-16,23.650000000000002,False
16,2018-11-17,4.95,False
17,2018-11-18,3.8500000000000005,False
18,2018-11-19,15.400000000000002,False
19,2018-11-20,26.950000000000003,False
20,2018-11-21,16.5,False
21,2018-11-22,7.15,False
22,2018-11-23,8.8,False
23,2018-11-24,5.5,False
24,2018-11-25,1.6500000000000001,False
25,2018-11-26,13.750000000000002,False
26,2018-11-27,22.55,False
27,2018-11-28,22.55,False
28,2018-11-29,26.950000000000003,False
29,2018-11-30,27.500000000000004,False
0,2018-12-01,4.32,False
1,2018-12-02,8.64,False
2,2018-12-03,24.96,False
3,2018-12-04,48.0,False
4,2018-12-05,19.2,False
5,2018-12-06,15.84,False
6,2018-12-07,18.24,False
7,2018-12-08,9.12,False
8,2018-12-09,4.32,False
9,2018-12-10,28.799999999999997,False
10,2018-12-11,21.119999999999997,False
11,2018-12-12,31.2,False
12,2018-12-13,32.16,False
13,2018-12-14,23.52,False
14,2018-12-15,4.8,False
15,2018-12-16,0.0,False
16,2018-12-17,12.48,False
17,2018-12-18,34.08,False
18,2018-12-19,22.56,False
19,2018-12-20,30.72,False
20,2018-12-21,23.52,False
21,2018-12-22,4.8,False
22,2018-12-23,7.199999999999999,False
23,2018-12-24,21.119999999999997,False
24,2018-12-25,12.48,False
25,2018-12-26,19.68,False
26,2018-12-27,14.399999999999999,False
27,2018-12-28,10.559999999999999,False
28,2018-12-29,11.04,False
29,2018-12-30,0.0,False
30,2018-12-31,13.44,False
0,2019-01-01,3.71,False
1,2019-01-02,22.790000000000003,False
2,2019-01-03,23.85,False
3,2019-01-04,23.32,False
4,2019-01-05,5.300000000000001,False
5,2019-01-06,3.18,False
6,2019-01-07,12.190000000000001,False
7,2019-01-08,20.67,False
8,2019-01-09,18.55,False
9,2019-01-10,27.03,False
10,2019-01-11,23.32,False
11,2019-01-12,9.540000000000001,False
12,2019-01-13,4.24,False
13,2019-01-14,18.55,False
14,2019-01-15,21.73,False
15,2019-01-16,22.26,False
16,2019-01-17,21.200000000000003,False
17,2019-01-18,22.790000000000003,False
18,2019-01-19,6.36,False
19,2019-01-20,3.18,False
20,2019-01-21,13.780000000000001,False
21,2019-01-22,7.42,False
22,2019-01-23,25.970000000000002,False
23,2019-01-24,28.62,False
24,2019-01-25,32.33,False
25,2019-01-26,9.540000000000001,False
26,2019-01-27,2.12,False
27,2019-01-28,16.96,False
28,2019-01-29,31.8,False
29,2019-01-30,51.410000000000004,False
30,2019-01-31,53.0,False
0,2019-02-01,57.99999999999999,False
1,2019-02-02,17.98,False
2,2019-02-03,4.64,False
3,2019-02-04,33.059999999999995,False
4,2019-02-05,37.699999999999996,False
5,2019-02-06,45.82,False
6,2019-02-07,57.419999999999995,False
7,2019-02-08,42.919999999999995,False
8,2019-02-09,9.86,False
9,2019-02-10,6.38,False
10,2019-02-11,40.599999999999994,False
11,2019-02-12,38.279999999999994,False
12,2019-02-13,36.54,False
13,2019-02-14,47.559999999999995,False
14,2019-02-15,49.3,False
15,2019-02-16,19.72,False
16,2019-02-17,6.38,False
17,2019-02-18,15.659999999999998,False
18,2019-02-19,41.18,False
19,2019-02-20,45.82,False
20,2019-02-21,34.22,False
21,2019-02-22,57.99999999999999,False
22,2019-02-23,13.34,False
23,2019-02-24,8.12,False
24,2019-02-25,46.4,False
25,2019-02-26,40.019999999999996,False
26,2019-02-27,26.099999999999998,False
27,2019-02-28,36.54,False
0,2019-03-01,29.0,False
1,2019-03-02,20.5,False
2,2019-03-03,11.5,False
3,2019-03-04,26.0,False
4,2019-03-05,26.0,False
5,2019-03-06,42.5,False
6,2019-03-07,46.5,False
7,2019-03-08,30.0,False
8,2019-03-09,6.0,False
9,2019-03-10,5.5,False
10,2019-03-11,48.5,False
11,2019-03-12,31.0,False
12,2019-03-13,50.0,False
13,2019-03-14,36.0,False
14,2019-03-15,31.5,False
15,2019-03-16,11.5,False
