,date,SBUX stock,isPartial
0,2012-01-01,10.790000000000001,False
1,2012-01-02,4.16,False
2,2012-01-03,5.720000000000001,False
3,2012-01-04,5.720000000000001,False
4,2012-01-05,5.720000000000001,False
5,2012-01-06,5.98,False
6,2012-01-07,0.0,False
7,2012-01-08,4.42,False
8,2012-01-09,3.77,False
9,2012-01-10,3.64,False
10,2012-01-11,0.0,False
11,2012-01-12,0.0,False
12,2012-01-13,7.67,False
13,2012-01-14,4.42,False
14,2012-01-15,0.0,False
15,2012-01-16,0.0,False
16,2012-01-17,7.15,False
17,2012-01-18,5.46,False
18,2012-01-19,0.0,False
19,2012-01-20,7.54,False
20,2012-01-21,4.29,False
21,2012-01-22,0.0,False
22,2012-01-23,3.64,False
23,2012-01-24,9.1,False
24,2012-01-25,3.64,False
25,2012-01-26,13.0,False
26,2012-01-27,7.54,False
27,2012-01-28,8.84,False
28,2012-01-29,0.0,False
29,2012-01-30,4.8100000000000005,False
30,2012-01-31,3.5100000000000002,False
0,2012-02-01,4.92,False
1,2012-02-02,4.92,False
2,2012-02-03,5.16,False
3,2012-02-04,5.88,False
4,2012-02-05,0.0,False
5,2012-02-06,9.84,False
6,2012-02-07,4.92,False
7,2012-02-08,4.92,False
8,2012-02-09,9.84,False
9,2012-02-10,10.2,False
10,2012-02-11,11.879999999999999,False
11,2012-02-12,0.0,False
12,2012-02-13,4.8,False
13,2012-02-14,7.4399999999999995,False
14,2012-02-15,7.4399999999999995,False
15,2012-02-16,4.92,False
16,2012-02-17,5.16,False
17,2012-02-18,0.0,False
18,2012-02-19,0.0,False
19,2012-02-20,0.0,False
20,2012-02-21,5.04,False
21,2012-02-22,4.92,False
22,2012-02-23,4.92,False
23,2012-02-24,5.04,False
24,2012-02-25,0.0,False
25,2012-02-26,0.0,False
26,2012-02-27,7.199999999999999,False
27,2012-02-28,12.0,False
28,2012-02-29,4.8,False
0,2012-03-01,5.28,False
1,2012-03-02,5.44,False
2,2012-03-03,0.0,False
3,2012-03-04,0.0,False
4,2012-03-05,5.12,False
5,2012-03-06,7.36,False
6,2012-03-07,9.92,False
7,2012-03-08,10.24,False
8,2012-03-09,7.04,False
9,2012-03-10,8.96,False
10,2012-03-11,5.92,False
11,2012-03-12,7.36,False
12,2012-03-13,14.88,False
13,2012-03-14,9.92,False
14,2012-03-15,13.280000000000001,False
15,2012-03-16,10.56,False
16,2012-03-17,6.08,False
17,2012-03-18,12.0,False
18,2012-03-19,0.0,False
19,2012-03-20,9.76,False
20,2012-03-21,12.32,False
21,2012-03-22,10.08,False
22,2012-03-23,16.0,False
23,2012-03-24,6.08,False
24,2012-03-25,6.08,False
25,2012-03-26,4.96,False
26,2012-03-27,4.96,False
27,2012-03-28,12.64,False
28,2012-03-29,5.12,False
29,2012-03-30,10.72,False
30,2012-03-31,6.08,False
0,2012-04-01,7.75,False
1,2012-04-02,12.75,False
2,2012-04-03,8.5,False
3,2012-04-04,9.75,False
4,2012-04-05,13.25,False
5,2012-04-06,11.0,False
6,2012-04-07,8.0,False
7,2012-04-08,12.25,False
8,2012-04-09,15.0,False
9,2012-04-10,8.75,False
10,2012-04-11,16.5,False
11,2012-04-12,21.0,False
12,2012-04-13,15.5,False
13,2012-04-14,15.25,False
14,2012-04-15,0.0,False
15,2012-04-16,10.25,False
16,2012-04-17,20.5,False
17,2012-04-18,15.5,False
18,2012-04-19,14.75,False
19,2012-04-20,19.75,False
20,2012-04-21,7.5,False
21,2012-04-22,0.0,False
22,2012-04-23,6.0,False
23,2012-04-24,12.25,False
24,2012-04-25,12.25,False
25,2012-04-26,25.0,False
26,2012-04-27,17.5,False
27,2012-04-28,0.0,False
28,2012-04-29,7.5,False
29,2012-04-30,13.0,False
0,2012-05-01,17.82,False
1,2012-05-02,12.059999999999999,False
2,2012-05-03,6.12,False
3,2012-05-04,6.3,False
4,2012-05-05,0.0,False
5,2012-05-06,4.859999999999999,False
6,2012-05-07,3.96,False
7,2012-05-08,5.9399999999999995,False
8,2012-05-09,9.9,False
9,2012-05-10,3.96,False
10,2012-05-11,6.3,False
11,2012-05-12,0.0,False
12,2012-05-13,0.0,False
13,2012-05-14,3.96,False
14,2012-05-15,7.92,False
15,2012-05-16,18.0,False
16,2012-05-17,4.14,False
17,2012-05-18,15.12,False
18,2012-05-19,5.04,False
19,2012-05-20,4.859999999999999,False
20,2012-05-21,5.9399999999999995,False
21,2012-05-22,3.96,False
22,2012-05-23,12.24,False
23,2012-05-24,4.14,False
24,2012-05-25,0.0,False
25,2012-05-26,5.04,False
26,2012-05-27,0.0,False
27,2012-05-28,0.0,False
28,2012-05-29,15.479999999999999,False
29,2012-05-30,7.92,False
30,2012-05-31,3.96,False
0,2012-06-01,9.76,False
1,2012-06-02,0.0,False
2,2012-06-03,5.6000000000000005,False
3,2012-06-04,6.08,False
4,2012-06-05,7.68,False
5,2012-06-06,4.64,False
6,2012-06-07,7.84,False
7,2012-06-08,4.8,False
8,2012-06-09,5.6000000000000005,False
9,2012-06-10,5.6000000000000005,False
10,2012-06-11,0.0,False
11,2012-06-12,10.56,False
12,2012-06-13,9.28,False
13,2012-06-14,7.84,False
14,2012-06-15,9.76,False
15,2012-06-16,5.76,False
16,2012-06-17,0.0,False
17,2012-06-18,6.88,False
18,2012-06-19,16.0,False
19,2012-06-20,9.28,False
20,2012-06-21,9.28,False
21,2012-06-22,9.76,False
22,2012-06-23,5.92,False
23,2012-06-24,5.76,False
24,2012-06-25,4.48,False
25,2012-06-26,9.120000000000001,False
26,2012-06-27,9.44,False
27,2012-06-28,4.64,False
28,2012-06-29,4.96,False
29,2012-06-30,0.0,False
0,2012-07-01,0.0,False
1,2012-07-02,4.5600000000000005,False
2,2012-07-03,0.0,False
3,2012-07-04,4.5600000000000005,False
4,2012-07-05,4.5600000000000005,False
5,2012-07-06,9.31,False
6,2012-07-07,0.0,False
7,2012-07-08,5.51,False
8,2012-07-09,6.65,False
9,2012-07-10,4.37,False
10,2012-07-11,6.84,False
11,2012-07-12,11.4,False
12,2012-07-13,4.75,False
13,2012-07-14,0.0,False
14,2012-07-15,11.02,False
15,2012-07-16,4.37,False
16,2012-07-17,0.0,False
17,2012-07-18,6.65,False
18,2012-07-19,9.120000000000001,False
19,2012-07-20,7.03,False
20,2012-07-21,5.7,False
21,2012-07-22,11.4,False
22,2012-07-23,9.120000000000001,False
23,2012-07-24,4.5600000000000005,False
24,2012-07-25,15.96,False
25,2012-07-26,4.5600000000000005,False
26,2012-07-27,19.0,False
27,2012-07-28,11.21,False
28,2012-07-29,0.0,False
29,2012-07-30,11.21,False
30,2012-07-31,15.58,False
0,2012-08-01,18.05,False
1,2012-08-02,13.68,False
2,2012-08-03,10.64,False
3,2012-08-04,8.36,False
4,2012-08-05,8.36,False
5,2012-08-06,6.65,False
6,2012-08-07,8.93,False
7,2012-08-08,11.21,False
8,2012-08-09,9.120000000000001,False
9,2012-08-10,11.78,False
10,2012-08-11,8.36,False
11,2012-08-12,8.17,False
12,2012-08-13,17.86,False
13,2012-08-14,16.72,False
14,2012-08-15,13.870000000000001,False
15,2012-08-16,6.84,False
16,2012-08-17,19.0,False
17,2012-08-18,8.36,False
18,2012-08-19,0.0,False
19,2012-08-20,16.15,False
20,2012-08-21,15.77,False
21,2012-08-22,10.07,False
22,2012-08-23,0.0,False
23,2012-08-24,14.06,False
24,2012-08-25,8.17,False
25,2012-08-26,7.98,False
26,2012-08-27,17.29,False
27,2012-08-28,6.46,False
28,2012-08-29,17.48,False
29,2012-08-30,11.02,False
30,2012-08-31,13.68,False
0,2012-09-01,8.64,False
1,2012-09-02,0.0,False
2,2012-09-03,4.64,False
3,2012-09-04,11.52,False
4,2012-09-05,4.64,False
5,2012-09-06,6.24,False
6,2012-09-07,8.16,False
7,2012-09-08,5.6000000000000005,False
8,2012-09-09,0.0,False
9,2012-09-10,11.36,False
10,2012-09-11,4.48,False
11,2012-09-12,8.96,False
12,2012-09-13,16.0,False
13,2012-09-14,4.8,False
14,2012-09-15,5.6000000000000005,False
15,2012-09-16,5.44,False
16,2012-09-17,13.76,False
17,2012-09-18,12.0,False
18,2012-09-19,7.5200000000000005,False
19,2012-09-20,7.68,False
20,2012-09-21,9.6,False
21,2012-09-22,0.0,False
22,2012-09-23,10.88,False
23,2012-09-24,10.4,False
24,2012-09-25,6.72,False
25,2012-09-26,4.48,False
26,2012-09-27,9.120000000000001,False
27,2012-09-28,9.6,False
28,2012-09-29,0.0,False
29,2012-09-30,0.0,False
0,2012-10-01,15.3,False
1,2012-10-02,5.1000000000000005,False
2,2012-10-03,8.67,False
3,2012-10-04,5.1000000000000005,False
4,2012-10-05,10.540000000000001,False
5,2012-10-06,6.12,False
6,2012-10-07,5.95,False
7,2012-10-08,7.48,False
8,2012-10-09,14.790000000000001,False
9,2012-10-10,13.260000000000002,False
10,2012-10-11,10.030000000000001,False
11,2012-10-12,7.99,False
12,2012-10-13,6.12,False
13,2012-10-14,5.78,False
14,2012-10-15,7.48,False
15,2012-10-16,7.3100000000000005,False
16,2012-10-17,7.3100000000000005,False
17,2012-10-18,8.33,False
18,2012-10-19,0.0,False
19,2012-10-20,5.95,False
20,2012-10-21,5.95,False
21,2012-10-22,17.0,False
22,2012-10-23,12.07,False
23,2012-10-24,8.16,False
24,2012-10-25,10.030000000000001,False
25,2012-10-26,10.540000000000001,False
26,2012-10-27,0.0,False
27,2012-10-28,0.0,False
28,2012-10-29,7.140000000000001,False
29,2012-10-30,7.140000000000001,False
30,2012-10-31,10.030000000000001,False
0,2012-11-01,10.5,False
1,2012-11-02,25.0,False
2,2012-11-03,8.0,False
3,2012-11-04,0.0,False
4,2012-11-05,6.25,False
5,2012-11-06,6.5,False
6,2012-11-07,16.0,False
7,2012-11-08,6.75,False
8,2012-11-09,10.5,False
9,2012-11-10,8.0,False
10,2012-11-11,0.0,False
11,2012-11-12,9.75,False
12,2012-11-13,23.0,False
13,2012-11-14,16.5,False
14,2012-11-15,20.25,False
15,2012-11-16,20.5,False
16,2012-11-17,11.5,False
17,2012-11-18,0.0,False
18,2012-11-19,19.5,False
19,2012-11-20,22.5,False
20,2012-11-21,13.25,False
21,2012-11-22,0.0,False
22,2012-11-23,10.5,False
23,2012-11-24,15.75,False
24,2012-11-25,7.75,False
25,2012-11-26,18.75,False
26,2012-11-27,12.5,False
27,2012-11-28,6.5,False
28,2012-11-29,16.0,False
29,2012-11-30,23.5,False
0,2012-12-01,5.76,False
1,2012-12-02,0.0,False
2,2012-12-03,9.36,False
3,2012-12-04,23.04,False
4,2012-12-05,9.36,False
5,2012-12-06,14.639999999999999,False
6,2012-12-07,22.56,False
7,2012-12-08,17.52,False
8,2012-12-09,5.52,False
9,2012-12-10,6.96,False
10,2012-12-11,18.72,False
11,2012-12-12,7.199999999999999,False
12,2012-12-13,9.6,False
13,2012-12-14,7.4399999999999995,False
14,2012-12-15,0.0,False
15,2012-12-16,11.28,False
16,2012-12-17,14.16,False
17,2012-12-18,12.0,False
18,2012-12-19,14.639999999999999,False
19,2012-12-20,12.48,False
20,2012-12-21,5.279999999999999,False
21,2012-12-22,6.0,False
22,2012-12-23,0.0,False
23,2012-12-24,24.0,False
24,2012-12-25,12.719999999999999,False
25,2012-12-26,10.799999999999999,False
26,2012-12-27,15.36,False
27,2012-12-28,10.559999999999999,False
28,2012-12-29,5.76,False
29,2012-12-30,5.76,False
30,2012-12-31,0.0,False
0,2013-01-01,5.46,False
1,2013-01-02,17.43,False
2,2013-01-03,6.51,False
3,2013-01-04,6.72,False
4,2013-01-05,9.87,False
5,2013-01-06,0.0,False
6,2013-01-07,12.6,False
7,2013-01-08,6.09,False
8,2013-01-09,10.29,False
9,2013-01-10,8.19,False
10,2013-01-11,6.51,False
11,2013-01-12,4.83,False
12,2013-01-13,4.83,False
13,2013-01-14,16.38,False
14,2013-01-15,0.0,False
15,2013-01-16,10.08,False
16,2013-01-17,8.19,False
17,2013-01-18,4.2,False
18,2013-01-19,4.83,False
19,2013-01-20,0.0,False
20,2013-01-21,3.9899999999999998,False
21,2013-01-22,9.87,False
22,2013-01-23,3.9899999999999998,False
23,2013-01-24,12.389999999999999,False
24,2013-01-25,21.0,False
25,2013-01-26,9.45,False
26,2013-01-27,4.83,False
27,2013-01-28,15.75,False
28,2013-01-29,11.969999999999999,False
29,2013-01-30,9.87,False
30,2013-01-31,3.9899999999999998,False
0,2013-02-01,12.64,False
1,2013-02-02,9.6,False
2,2013-02-03,0.0,False
3,2013-02-04,8.0,False
4,2013-02-05,8.0,False
5,2013-02-06,4.0,False
6,2013-02-07,8.16,False
7,2013-02-08,12.8,False
8,2013-02-09,0.0,False
9,2013-02-10,9.76,False
10,2013-02-11,4.16,False
11,2013-02-12,4.16,False
12,2013-02-13,8.0,False
13,2013-02-14,4.16,False
14,2013-02-15,6.4,False
15,2013-02-16,0.0,False
16,2013-02-17,0.0,False
17,2013-02-18,4.0,False
18,2013-02-19,8.0,False
19,2013-02-20,5.92,False
20,2013-02-21,16.0,False
21,2013-02-22,4.16,False
22,2013-02-23,4.64,False
23,2013-02-24,0.0,False
24,2013-02-25,7.84,False
25,2013-02-26,5.92,False
26,2013-02-27,9.92,False
27,2013-02-28,14.08,False
0,2013-03-01,7.38,False
1,2013-03-02,4.14,False
2,2013-03-03,0.0,False
3,2013-03-04,12.24,False
4,2013-03-05,5.3999999999999995,False
5,2013-03-06,10.62,False
6,2013-03-07,18.0,False
7,2013-03-08,7.38,False
8,2013-03-09,4.14,False
9,2013-03-10,0.0,False
10,2013-03-11,5.22,False
11,2013-03-12,6.84,False
12,2013-03-13,0.0,False
13,2013-03-14,7.02,False
14,2013-03-15,3.5999999999999996,False
15,2013-03-16,4.14,False
16,2013-03-17,4.14,False
17,2013-03-18,6.84,False
18,2013-03-19,13.86,False
19,2013-03-20,7.02,False
20,2013-03-21,7.02,False
21,2013-03-22,5.3999999999999995,False
22,2013-03-23,4.14,False
23,2013-03-24,0.0,False
24,2013-03-25,7.02,False
25,2013-03-26,3.5999999999999996,False
26,2013-03-27,9.0,False
27,2013-03-28,5.58,False
28,2013-03-29,3.96,False
29,2013-03-30,4.32,False
30,2013-03-31,0.0,False
0,2013-04-01,3.9899999999999998,False
1,2013-04-02,7.35,False
2,2013-04-03,9.24,False
3,2013-04-04,7.35,False
4,2013-04-05,3.78,False
5,2013-04-06,0.0,False
6,2013-04-07,0.0,False
7,2013-04-08,10.92,False
8,2013-04-09,7.35,False
9,2013-04-10,11.129999999999999,False
10,2013-04-11,7.35,False
11,2013-04-12,13.44,False
12,2013-04-13,4.41,False
13,2013-04-14,4.41,False
14,2013-04-15,5.46,False
15,2013-04-16,10.92,False
16,2013-04-17,7.35,False
17,2013-04-18,5.46,False
18,2013-04-19,3.78,False
19,2013-04-20,4.62,False
20,2013-04-21,4.41,False
21,2013-04-22,7.35,False
22,2013-04-23,10.92,False
23,2013-04-24,7.35,False
24,2013-04-25,21.0,False
25,2013-04-26,13.65,False
26,2013-04-27,4.41,False
27,2013-04-28,0.0,False
28,2013-04-29,9.24,False
29,2013-04-30,9.45,False
0,2013-05-01,9.200000000000001,False
1,2013-05-02,6.44,False
2,2013-05-03,13.57,False
3,2013-05-04,10.35,False
4,2013-05-05,0.0,False
5,2013-05-06,6.44,False
6,2013-05-07,8.51,False
7,2013-05-08,12.88,False
8,2013-05-09,19.78,False
9,2013-05-10,0.0,False
10,2013-05-11,5.0600000000000005,False
11,2013-05-12,0.0,False
12,2013-05-13,4.140000000000001,False
13,2013-05-14,12.42,False
14,2013-05-15,8.280000000000001,False
15,2013-05-16,4.140000000000001,False
16,2013-05-17,6.67,False
17,2013-05-18,0.0,False
18,2013-05-19,0.0,False
19,2013-05-20,4.140000000000001,False
20,2013-05-21,10.35,False
21,2013-05-22,23.0,False
22,2013-05-23,14.72,False
23,2013-05-24,11.040000000000001,False
24,2013-05-25,5.0600000000000005,False
25,2013-05-26,5.0600000000000005,False
26,2013-05-27,0.0,False
27,2013-05-28,14.49,False
28,2013-05-29,8.280000000000001,False
29,2013-05-30,8.51,False
30,2013-05-31,4.37,False
0,2013-06-01,5.94,False
1,2013-06-02,8.58,False
2,2013-06-03,9.68,False
3,2013-06-04,4.84,False
4,2013-06-05,11.22,False
5,2013-06-06,9.9,False
6,2013-06-07,10.12,False
7,2013-06-08,17.82,False
8,2013-06-09,0.0,False
9,2013-06-10,14.3,False
10,2013-06-11,7.92,False
11,2013-06-12,14.52,False
12,2013-06-13,22.0,False
13,2013-06-14,13.64,False
14,2013-06-15,11.88,False
15,2013-06-16,0.0,False
16,2013-06-17,4.84,False
17,2013-06-18,9.68,False
18,2013-06-19,20.9,False
19,2013-06-20,14.96,False
20,2013-06-21,7.92,False
21,2013-06-22,5.94,False
22,2013-06-23,5.94,False
23,2013-06-24,4.84,False
24,2013-06-25,7.26,False
25,2013-06-26,12.98,False
26,2013-06-27,13.2,False
27,2013-06-28,8.58,False
28,2013-06-29,0.0,False
29,2013-06-30,5.94,False
0,2013-07-01,7.000000000000001,False
1,2013-07-02,17.360000000000003,False
2,2013-07-03,10.080000000000002,False
3,2013-07-04,4.48,False
4,2013-07-05,15.680000000000001,False
5,2013-07-06,10.920000000000002,False
6,2013-07-07,0.0,False
7,2013-07-08,6.44,False
8,2013-07-09,11.48,False
9,2013-07-10,10.080000000000002,False
10,2013-07-11,7.280000000000001,False
11,2013-07-12,7.000000000000001,False
12,2013-07-13,10.64,False
13,2013-07-14,5.32,False
14,2013-07-15,10.080000000000002,False
15,2013-07-16,11.48,False
16,2013-07-17,17.64,False
17,2013-07-18,13.440000000000001,False
18,2013-07-19,10.64,False
19,2013-07-20,5.32,False
20,2013-07-21,5.32,False
21,2013-07-22,4.48,False
22,2013-07-23,14.840000000000002,False
23,2013-07-24,21.840000000000003,False
24,2013-07-25,28.000000000000004,False
25,2013-07-26,21.28,False
26,2013-07-27,15.96,False
27,2013-07-28,15.680000000000001,False
28,2013-07-29,14.280000000000001,False
29,2013-07-30,12.600000000000001,False
30,2013-07-31,10.080000000000002,False
0,2013-08-01,19.17,False
1,2013-08-02,9.99,False
2,2013-08-03,5.94,False
3,2013-08-04,8.64,False
4,2013-08-05,14.31,False
5,2013-08-06,9.450000000000001,False
6,2013-08-07,7.290000000000001,False
7,2013-08-08,27.0,False
8,2013-08-09,9.99,False
9,2013-08-10,5.94,False
10,2013-08-11,0.0,False
11,2013-08-12,4.59,False
12,2013-08-13,9.450000000000001,False
13,2013-08-14,14.31,False
14,2013-08-15,12.690000000000001,False
15,2013-08-16,7.5600000000000005,False
16,2013-08-17,5.67,False
17,2013-08-18,5.67,False
18,2013-08-19,7.0200000000000005,False
19,2013-08-20,11.610000000000001,False
20,2013-08-21,7.0200000000000005,False
21,2013-08-22,21.330000000000002,False
22,2013-08-23,19.44,False
23,2013-08-24,8.370000000000001,False
24,2013-08-25,5.67,False
25,2013-08-26,13.770000000000001,False
26,2013-08-27,18.09,False
27,2013-08-28,15.66,False
28,2013-08-29,11.610000000000001,False
29,2013-08-30,14.31,False
30,2013-08-31,5.4,False
0,2013-09-01,4.35,False
1,2013-09-02,4.93,False
2,2013-09-03,7.249999999999999,False
3,2013-09-04,15.659999999999998,False
4,2013-09-05,8.7,False
5,2013-09-06,9.569999999999999,False
6,2013-09-07,6.67,False
7,2013-09-08,6.38,False
8,2013-09-09,17.98,False
9,2013-09-10,14.209999999999999,False
10,2013-09-11,10.729999999999999,False
11,2013-09-12,28.999999999999996,False
12,2013-09-13,9.86,False
13,2013-09-14,6.38,False
14,2013-09-15,0.0,False
15,2013-09-16,12.469999999999999,False
16,2013-09-17,8.12,False
17,2013-09-18,9.569999999999999,False
18,2013-09-19,13.34,False
19,2013-09-20,6.38,False
20,2013-09-21,12.76,False
21,2013-09-22,8.41,False
22,2013-09-23,13.049999999999999,False
23,2013-09-24,16.529999999999998,False
24,2013-09-25,4.93,False
25,2013-09-26,12.18,False
26,2013-09-27,12.76,False
27,2013-09-28,4.35,False
28,2013-09-29,6.38,False
29,2013-09-30,11.889999999999999,False
0,2013-10-01,5.44,False
1,2013-10-02,7.48,False
2,2013-10-03,17.0,False
3,2013-10-04,17.34,False
4,2013-10-05,6.460000000000001,False
5,2013-10-06,4.42,False
6,2013-10-07,10.88,False
7,2013-10-08,10.88,False
8,2013-10-09,11.22,False
9,2013-10-10,9.520000000000001,False
10,2013-10-11,13.600000000000001,False
11,2013-10-12,6.800000000000001,False
12,2013-10-13,4.42,False
13,2013-10-14,9.520000000000001,False
14,2013-10-15,12.920000000000002,False
15,2013-10-16,22.44,False
16,2013-10-17,7.48,False
17,2013-10-18,9.860000000000001,False
18,2013-10-19,4.42,False
19,2013-10-20,4.42,False
20,2013-10-21,18.02,False
21,2013-10-22,10.88,False
22,2013-10-23,16.32,False
23,2013-10-24,12.920000000000002,False
24,2013-10-25,15.3,False
25,2013-10-26,4.42,False
26,2013-10-27,4.08,False
27,2013-10-28,12.58,False
28,2013-10-29,18.02,False
29,2013-10-30,20.060000000000002,False
30,2013-10-31,34.0,False
0,2013-11-01,18.13,False
1,2013-11-02,5.18,False
2,2013-11-03,4.81,False
3,2013-11-04,12.58,False
4,2013-11-05,22.57,False
5,2013-11-06,16.28,False
6,2013-11-07,20.72,False
7,2013-11-08,17.39,False
8,2013-11-09,14.8,False
9,2013-11-10,4.81,False
10,2013-11-11,4.07,False
11,2013-11-12,26.64,False
12,2013-11-13,37.0,False
13,2013-11-14,12.58,False
14,2013-11-15,12.95,False
15,2013-11-16,7.4,False
16,2013-11-17,7.03,False
17,2013-11-18,14.43,False
18,2013-11-19,9.99,False
19,2013-11-20,6.29,False
20,2013-11-21,14.43,False
21,2013-11-22,23.68,False
22,2013-11-23,4.81,False
23,2013-11-24,9.62,False
24,2013-11-25,9.99,False
25,2013-11-26,18.13,False
26,2013-11-27,18.5,False
27,2013-11-28,4.4399999999999995,False
28,2013-11-29,6.66,False
29,2013-11-30,19.61,False
0,2013-12-01,8.25,False
1,2013-12-02,17.490000000000002,False
2,2013-12-03,31.68,False
3,2013-12-04,17.82,False
4,2013-12-05,14.520000000000001,False
5,2013-12-06,7.590000000000001,False
6,2013-12-07,12.870000000000001,False
7,2013-12-08,8.58,False
8,2013-12-09,21.12,False
9,2013-12-10,28.71,False
10,2013-12-11,29.040000000000003,False
11,2013-12-12,33.0,False
12,2013-12-13,23.1,False
13,2013-12-14,17.490000000000002,False
14,2013-12-15,8.58,False
15,2013-12-16,25.080000000000002,False
16,2013-12-17,29.37,False
17,2013-12-18,18.48,False
18,2013-12-19,15.180000000000001,False
19,2013-12-20,16.17,False
20,2013-12-21,8.91,False
21,2013-12-22,0.0,False
22,2013-12-23,20.130000000000003,False
23,2013-12-24,26.73,False
24,2013-12-25,0.0,False
25,2013-12-26,24.75,False
26,2013-12-27,32.01,False
27,2013-12-28,26.400000000000002,False
28,2013-12-29,13.200000000000001,False
29,2013-12-30,31.68,False
30,2013-12-31,22.11,False
0,2014-01-01,3.74,False
1,2014-01-02,8.84,False
2,2014-01-03,11.9,False
3,2014-01-04,3.4000000000000004,False
4,2014-01-05,0.0,False
5,2014-01-06,4.42,False
6,2014-01-07,11.22,False
7,2014-01-08,5.44,False
8,2014-01-09,9.860000000000001,False
9,2014-01-10,2.72,False
10,2014-01-11,0.0,False
11,2014-01-12,4.760000000000001,False
12,2014-01-13,6.800000000000001,False
13,2014-01-14,6.800000000000001,False
14,2014-01-15,16.66,False
15,2014-01-16,11.22,False
16,2014-01-17,4.42,False
17,2014-01-18,3.4000000000000004,False
18,2014-01-19,3.06,False
19,2014-01-20,6.800000000000001,False
20,2014-01-21,12.24,False
21,2014-01-22,12.24,False
22,2014-01-23,23.12,False
23,2014-01-24,34.0,False
24,2014-01-25,4.760000000000001,False
25,2014-01-26,3.06,False
26,2014-01-27,5.44,False
27,2014-01-28,11.9,False
28,2014-01-29,12.24,False
29,2014-01-30,9.520000000000001,False
30,2014-01-31,11.22,False
0,2014-02-01,14.399999999999999,False
1,2014-02-02,5.7,False
2,2014-02-03,19.2,False
3,2014-02-04,21.9,False
4,2014-02-05,14.399999999999999,False
5,2014-02-06,30.0,False
6,2014-02-07,19.5,False
7,2014-02-08,14.1,False
8,2014-02-09,5.7,False
9,2014-02-10,7.199999999999999,False
10,2014-02-11,12.0,False
11,2014-02-12,24.0,False
12,2014-02-13,19.5,False
13,2014-02-14,10.2,False
14,2014-02-15,14.399999999999999,False
15,2014-02-16,8.4,False
16,2014-02-17,14.399999999999999,False
17,2014-02-18,19.2,False
18,2014-02-19,19.5,False
19,2014-02-20,9.9,False
20,2014-02-21,20.099999999999998,False
21,2014-02-22,5.7,False
22,2014-02-23,5.7,False
23,2014-02-24,14.399999999999999,False
24,2014-02-25,26.4,False
25,2014-02-26,16.8,False
26,2014-02-27,9.6,False
27,2014-02-28,18.0,False
0,2014-03-01,5.720000000000001,False
1,2014-03-02,8.32,False
2,2014-03-03,11.96,False
3,2014-03-04,24.18,False
4,2014-03-05,23.92,False
5,2014-03-06,11.96,False
6,2014-03-07,17.68,False
7,2014-03-08,5.720000000000001,False
8,2014-03-09,0.0,False
9,2014-03-10,9.620000000000001,False
10,2014-03-11,26.0,False
11,2014-03-12,16.64,False
12,2014-03-13,11.96,False
13,2014-03-14,20.02,False
14,2014-03-15,16.900000000000002,False
15,2014-03-16,11.18,False
16,2014-03-17,9.620000000000001,False
17,2014-03-18,14.3,False
18,2014-03-19,14.3,False
19,2014-03-20,23.92,False
20,2014-03-21,22.36,False
21,2014-03-22,5.720000000000001,False
22,2014-03-23,16.12,False
23,2014-03-24,11.700000000000001,False
24,2014-03-25,11.700000000000001,False
25,2014-03-26,9.36,False
26,2014-03-27,21.580000000000002,False
27,2014-03-28,0.0,False
28,2014-03-29,8.32,False
29,2014-03-30,0.0,False
30,2014-03-31,11.700000000000001,False
0,2014-04-01,10.24,False
1,2014-04-02,9.28,False
2,2014-04-03,15.68,False
3,2014-04-04,17.6,False
4,2014-04-05,6.08,False
5,2014-04-06,9.28,False
6,2014-04-07,15.68,False
7,2014-04-08,12.8,False
8,2014-04-09,15.68,False
9,2014-04-10,12.16,False
10,2014-04-11,7.04,False
11,2014-04-12,0.0,False
12,2014-04-13,0.0,False
13,2014-04-14,17.28,False
14,2014-04-15,15.68,False
15,2014-04-16,13.44,False
16,2014-04-17,14.72,False
17,2014-04-18,18.240000000000002,False
18,2014-04-19,0.0,False
19,2014-04-20,0.0,False
20,2014-04-21,5.76,False
21,2014-04-22,16.96,False
22,2014-04-23,15.68,False
23,2014-04-24,12.16,False
24,2014-04-25,32.0,False
25,2014-04-26,4.8,False
26,2014-04-27,7.68,False
27,2014-04-28,10.56,False
28,2014-04-29,5.76,False
29,2014-04-30,11.84,False
0,2014-05-01,26.0,False
1,2014-05-02,16.900000000000002,False
2,2014-05-03,8.32,False
3,2014-05-04,0.0,False
4,2014-05-05,12.74,False
5,2014-05-06,12.48,False
6,2014-05-07,14.040000000000001,False
7,2014-05-08,16.64,False
8,2014-05-09,16.38,False
9,2014-05-10,5.46,False
10,2014-05-11,5.46,False
11,2014-05-12,15.34,False
12,2014-05-13,23.14,False
13,2014-05-14,18.72,False
14,2014-05-15,17.42,False
15,2014-05-16,13.0,False
16,2014-05-17,14.3,False
17,2014-05-18,5.720000000000001,False
18,2014-05-19,7.800000000000001,False
19,2014-05-20,17.16,False
20,2014-05-21,8.58,False
21,2014-05-22,12.22,False
22,2014-05-23,14.3,False
23,2014-05-24,0.0,False
24,2014-05-25,6.24,False
25,2014-05-26,7.800000000000001,False
26,2014-05-27,21.84,False
27,2014-05-28,8.58,False
28,2014-05-29,15.860000000000001,False
29,2014-05-30,14.56,False
30,2014-05-31,6.24,False
0,2014-06-01,7.36,False
1,2014-06-02,14.26,False
2,2014-06-03,8.97,False
3,2014-06-04,10.120000000000001,False
4,2014-06-05,16.560000000000002,False
5,2014-06-06,17.48,False
6,2014-06-07,11.5,False
7,2014-06-08,10.120000000000001,False
8,2014-06-09,9.43,False
9,2014-06-10,12.65,False
10,2014-06-11,20.470000000000002,False
11,2014-06-12,9.200000000000001,False
12,2014-06-13,21.62,False
13,2014-06-14,14.950000000000001,False
14,2014-06-15,0.0,False
15,2014-06-16,20.470000000000002,False
16,2014-06-17,10.35,False
17,2014-06-18,20.7,False
18,2014-06-19,21.16,False
19,2014-06-20,17.48,False
20,2014-06-21,23.0,False
21,2014-06-22,7.590000000000001,False
22,2014-06-23,14.49,False
23,2014-06-24,10.35,False
24,2014-06-25,20.470000000000002,False
25,2014-06-26,12.65,False
26,2014-06-27,6.44,False
27,2014-06-28,15.41,False
28,2014-06-29,7.590000000000001,False
29,2014-06-30,16.560000000000002,False
0,2014-07-01,15.860000000000001,False
1,2014-07-02,9.88,False
2,2014-07-03,8.06,False
3,2014-07-04,8.58,False
4,2014-07-05,4.94,False
5,2014-07-06,4.94,False
6,2014-07-07,11.96,False
7,2014-07-08,15.600000000000001,False
8,2014-07-09,3.9000000000000004,False
9,2014-07-10,3.9000000000000004,False
10,2014-07-11,10.4,False
11,2014-07-12,4.68,False
12,2014-07-13,0.0,False
13,2014-07-14,15.600000000000001,False
14,2014-07-15,7.800000000000001,False
15,2014-07-16,8.06,False
16,2014-07-17,8.06,False
17,2014-07-18,10.4,False
18,2014-07-19,7.28,False
19,2014-07-20,7.28,False
20,2014-07-21,11.700000000000001,False
21,2014-07-22,9.88,False
22,2014-07-23,8.06,False
23,2014-07-24,26.0,False
24,2014-07-25,24.96,False
25,2014-07-26,4.94,False
26,2014-07-27,4.94,False
27,2014-07-28,13.780000000000001,False
28,2014-07-29,8.06,False
29,2014-07-30,14.040000000000001,False
30,2014-07-31,3.9000000000000004,False
0,2014-08-01,12.540000000000001,False
1,2014-08-02,7.04,False
2,2014-08-03,7.26,False
3,2014-08-04,11.88,False
4,2014-08-05,11.88,False
5,2014-08-06,9.02,False
6,2014-08-07,14.3,False
7,2014-08-08,22.0,False
8,2014-08-09,7.26,False
9,2014-08-10,7.04,False
10,2014-08-11,13.86,False
11,2014-08-12,11.66,False
12,2014-08-13,5.94,False
13,2014-08-14,14.08,False
14,2014-08-15,6.38,False
15,2014-08-16,10.56,False
16,2014-08-17,7.04,False
17,2014-08-18,9.9,False
18,2014-08-19,13.64,False
19,2014-08-20,11.66,False
20,2014-08-21,11.66,False
21,2014-08-22,9.02,False
22,2014-08-23,7.04,False
23,2014-08-24,13.64,False
24,2014-08-25,19.14,False
25,2014-08-26,15.18,False
26,2014-08-27,9.46,False
27,2014-08-28,20.24,False
28,2014-08-29,5.94,False
29,2014-08-30,6.82,False
30,2014-08-31,6.82,False
0,2014-09-01,7.6,False
1,2014-09-02,3.8,False
2,2014-09-03,5.7,False
3,2014-09-04,19.0,False
4,2014-09-05,3.99,False
5,2014-09-06,13.68,False
6,2014-09-07,0.0,False
7,2014-09-08,16.91,False
8,2014-09-09,3.61,False
9,2014-09-10,7.41,False
10,2014-09-11,7.41,False
11,2014-09-12,15.58,False
12,2014-09-13,4.5600000000000005,False
13,2014-09-14,8.93,False
14,2014-09-15,7.41,False
15,2014-09-16,3.8,False
16,2014-09-17,9.31,False
17,2014-09-18,3.8,False
18,2014-09-19,7.79,False
19,2014-09-20,4.37,False
20,2014-09-21,0.0,False
21,2014-09-22,18.43,False
22,2014-09-23,3.61,False
23,2014-09-24,0.0,False
24,2014-09-25,11.4,False
25,2014-09-26,5.89,False
26,2014-09-27,0.0,False
27,2014-09-28,8.93,False
28,2014-09-29,3.61,False
29,2014-09-30,7.41,False
0,2014-10-01,7.5,False
1,2014-10-02,7.75,False
2,2014-10-03,4.0,False
3,2014-10-04,3.0,False
4,2014-10-05,3.0,False
5,2014-10-06,6.25,False
6,2014-10-07,5.0,False
7,2014-10-08,5.0,False
8,2014-10-09,6.25,False
9,2014-10-10,10.5,False
10,2014-10-11,6.0,False
11,2014-10-12,3.0,False
12,2014-10-13,8.75,False
13,2014-10-14,5.0,False
14,2014-10-15,5.0,False
15,2014-10-16,7.5,False
16,2014-10-17,9.0,False
17,2014-10-18,3.0,False
18,2014-10-19,3.0,False
19,2014-10-20,7.5,False
20,2014-10-21,6.0,False
21,2014-10-22,7.5,False
22,2014-10-23,5.0,False
23,2014-10-24,5.25,False
24,2014-10-25,3.0,False
25,2014-10-26,2.75,False
26,2014-10-27,9.75,False
27,2014-10-28,11.0,False
28,2014-10-29,8.75,False
29,2014-10-30,7.5,False
30,2014-10-31,25.0,False
0,2014-11-01,9.1,False
1,2014-11-02,8.84,False
2,2014-11-03,24.96,False
3,2014-11-04,16.38,False
4,2014-11-05,22.880000000000003,False
5,2014-11-06,23.14,False
6,2014-11-07,26.0,False
7,2014-11-08,0.0,False
8,2014-11-09,0.0,False
9,2014-11-10,8.32,False
10,2014-11-11,18.2,False
11,2014-11-12,17.94,False
12,2014-11-13,8.06,False
13,2014-11-14,17.16,False
14,2014-11-15,11.700000000000001,False
15,2014-11-16,5.720000000000001,False
16,2014-11-17,14.56,False
17,2014-11-18,13.26,False
18,2014-11-19,11.700000000000001,False
19,2014-11-20,20.02,False
20,2014-11-21,20.54,False
21,2014-11-22,23.14,False
22,2014-11-23,11.440000000000001,False
23,2014-11-24,13.0,False
24,2014-11-25,12.22,False
25,2014-11-26,8.06,False
26,2014-11-27,7.800000000000001,False
27,2014-11-28,15.600000000000001,False
28,2014-11-29,11.440000000000001,False
29,2014-11-30,11.18,False
0,2014-12-01,13.02,False
1,2014-12-02,15.81,False
2,2014-12-03,9.3,False
3,2014-12-04,14.879999999999999,False
4,2014-12-05,31.0,False
5,2014-12-06,12.709999999999999,False
6,2014-12-07,4.65,False
7,2014-12-08,21.7,False
8,2014-12-09,17.36,False
9,2014-12-10,17.36,False
10,2014-12-11,17.669999999999998,False
11,2014-12-12,14.26,False
12,2014-12-13,9.92,False
13,2014-12-14,4.96,False
14,2014-12-15,10.85,False
15,2014-12-16,24.49,False
16,2014-12-17,15.19,False
17,2014-12-18,12.709999999999999,False
18,2014-12-19,11.78,False
19,2014-12-20,9.92,False
20,2014-12-21,4.96,False
21,2014-12-22,13.02,False
22,2014-12-23,8.99,False
23,2014-12-24,27.59,False
24,2014-12-25,8.06,False
25,2014-12-26,16.12,False
26,2014-12-27,4.96,False
27,2014-12-28,4.96,False
28,2014-12-29,23.87,False
29,2014-12-30,11.78,False
30,2014-12-31,12.09,False
0,2015-01-01,11.889999999999999,False
1,2015-01-02,6.67,False
2,2015-01-03,3.4799999999999995,False
3,2015-01-04,3.4799999999999995,False
4,2015-01-05,10.729999999999999,False
5,2015-01-06,10.729999999999999,False
6,2015-01-07,6.09,False
7,2015-01-08,8.99,False
8,2015-01-09,7.829999999999999,False
9,2015-01-10,6.959999999999999,False
10,2015-01-11,3.4799999999999995,False
11,2015-01-12,2.9,False
12,2015-01-13,19.139999999999997,False
13,2015-01-14,14.79,False
14,2015-01-15,10.44,False
15,2015-01-16,6.09,False
16,2015-01-17,0.0,False
17,2015-01-18,3.4799999999999995,False
18,2015-01-19,2.9,False
19,2015-01-20,11.6,False
20,2015-01-21,11.6,False
21,2015-01-22,16.24,False
22,2015-01-23,28.999999999999996,False
23,2015-01-24,6.959999999999999,False
24,2015-01-25,0.0,False
25,2015-01-26,15.95,False
26,2015-01-27,17.4,False
27,2015-01-28,8.7,False
28,2015-01-29,14.79,False
29,2015-01-30,8.99,False
30,2015-01-31,3.4799999999999995,False
0,2015-02-01,5.78,False
1,2015-02-02,12.920000000000002,False
2,2015-02-03,26.180000000000003,False
3,2015-02-04,18.02,False
4,2015-02-05,16.32,False
5,2015-02-06,17.34,False
6,2015-02-07,5.78,False
7,2015-02-08,5.78,False
8,2015-02-09,21.080000000000002,False
9,2015-02-10,34.0,False
10,2015-02-11,13.260000000000002,False
11,2015-02-12,18.360000000000003,False
12,2015-02-13,29.240000000000002,False
13,2015-02-14,11.9,False
14,2015-02-15,5.78,False
15,2015-02-16,12.920000000000002,False
16,2015-02-17,23.8,False
17,2015-02-18,19.720000000000002,False
18,2015-02-19,16.66,False
19,2015-02-20,25.840000000000003,False
20,2015-02-21,17.34,False
21,2015-02-22,5.78,False
22,2015-02-23,32.300000000000004,False
23,2015-02-24,27.540000000000003,False
24,2015-02-25,19.720000000000002,False
25,2015-02-26,21.42,False
26,2015-02-27,20.400000000000002,False
27,2015-02-28,8.5,False
0,2015-03-01,7.6,False
1,2015-03-02,13.3,False
2,2015-03-03,8.36,False
3,2015-03-04,18.240000000000002,False
4,2015-03-05,11.78,False
5,2015-03-06,10.64,False
6,2015-03-07,7.98,False
7,2015-03-08,3.8,False
8,2015-03-09,8.36,False
9,2015-03-10,9.88,False
10,2015-03-11,14.82,False
11,2015-03-12,18.62,False
12,2015-03-13,10.26,False
13,2015-03-14,3.8,False
14,2015-03-15,5.7,False
15,2015-03-16,16.72,False
16,2015-03-17,11.78,False
17,2015-03-18,16.72,False
18,2015-03-19,34.96,False
19,2015-03-20,17.1,False
20,2015-03-21,11.78,False
21,2015-03-22,11.78,False
22,2015-03-23,38.0,False
23,2015-03-24,31.54,False
24,2015-03-25,19.38,False
25,2015-03-26,17.48,False
26,2015-03-27,19.0,False
27,2015-03-28,14.82,False
28,2015-03-29,7.98,False
29,2015-03-30,23.18,False
30,2015-03-31,15.2,False
0,2015-04-01,19.98,False
1,2015-04-02,18.5,False
2,2015-04-03,11.1,False
3,2015-04-04,9.62,False
4,2015-04-05,0.0,False
5,2015-04-06,18.5,False
6,2015-04-07,22.94,False
7,2015-04-08,25.16,False
8,2015-04-09,74.0,False
9,2015-04-10,67.34,False
10,2015-04-11,18.5,False
11,2015-04-12,6.66,False
12,2015-04-13,36.26,False
13,2015-04-14,36.26,False
14,2015-04-15,40.7,False
15,2015-04-16,46.62,False
16,2015-04-17,48.1,False
17,2015-04-18,8.879999999999999,False
18,2015-04-19,4.4399999999999995,False
19,2015-04-20,26.64,False
20,2015-04-21,28.86,False
21,2015-04-22,22.94,False
22,2015-04-23,37.0,False
23,2015-04-24,71.03999999999999,False
24,2015-04-25,8.879999999999999,False
25,2015-04-26,8.879999999999999,False
26,2015-04-27,34.04,False
27,2015-04-28,43.66,False
28,2015-04-29,32.56,False
29,2015-04-30,22.2,False
0,2015-05-01,28.419999999999998,False
1,2015-05-02,7.35,False
2,2015-05-03,4.9,False
3,2015-05-04,36.75,False
4,2015-05-05,19.6,False
5,2015-05-06,26.46,False
6,2015-05-07,29.89,False
7,2015-05-08,49.0,False
8,2015-05-09,8.33,False
9,2015-05-10,4.9,False
10,2015-05-11,16.66,False
11,2015-05-12,37.24,False
12,2015-05-13,27.93,False
13,2015-05-14,29.89,False
14,2015-05-15,24.99,False
15,2015-05-16,16.66,False
16,2015-05-17,4.9,False
17,2015-05-18,26.46,False
18,2015-05-19,34.3,False
19,2015-05-20,26.46,False
20,2015-05-21,38.22,False
21,2015-05-22,41.16,False
22,2015-05-23,7.35,False
23,2015-05-24,15.19,False
24,2015-05-25,8.82,False
25,2015-05-26,16.169999999999998,False
26,2015-05-27,23.52,False
27,2015-05-28,18.13,False
28,2015-05-29,26.46,False
29,2015-05-30,16.66,False
30,2015-05-31,4.9,False
0,2015-06-01,51.33,False
1,2015-06-02,59.0,False
2,2015-06-03,48.379999999999995,False
3,2015-06-04,35.989999999999995,False
4,2015-06-05,55.459999999999994,False
5,2015-06-06,12.389999999999999,False
6,2015-06-07,20.65,False
7,2015-06-08,41.3,False
8,2015-06-09,48.379999999999995,False
9,2015-06-10,38.35,False
10,2015-06-11,50.15,False
11,2015-06-12,58.41,False
12,2015-06-13,17.11,False
13,2015-06-14,0.0,False
14,2015-06-15,27.139999999999997,False
15,2015-06-16,37.76,False
16,2015-06-17,59.0,False
17,2015-06-18,35.4,False
18,2015-06-19,51.33,False
19,2015-06-20,8.26,False
20,2015-06-21,12.389999999999999,False
21,2015-06-22,48.379999999999995,False
22,2015-06-23,41.89,False
23,2015-06-24,48.97,False
24,2015-06-25,17.7,False
25,2015-06-26,58.41,False
26,2015-06-27,17.11,False
27,2015-06-28,12.389999999999999,False
28,2015-06-29,52.51,False
29,2015-06-30,38.35,False
0,2015-07-01,17.28,False
1,2015-07-02,14.72,False
2,2015-07-03,11.52,False
3,2015-07-04,0.0,False
4,2015-07-05,3.2,False
5,2015-07-06,16.64,False
6,2015-07-07,21.76,False
7,2015-07-08,10.24,False
8,2015-07-09,12.16,False
9,2015-07-10,13.44,False
10,2015-07-11,12.8,False
11,2015-07-12,9.6,False
12,2015-07-13,19.2,False
13,2015-07-14,16.0,False
14,2015-07-15,24.96,False
15,2015-07-16,25.6,False
16,2015-07-17,16.64,False
17,2015-07-18,5.12,False
18,2015-07-19,3.2,False
19,2015-07-20,15.36,False
20,2015-07-21,10.24,False
21,2015-07-22,30.080000000000002,False
22,2015-07-23,35.84,False
23,2015-07-24,64.0,False
24,2015-07-25,7.68,False
25,2015-07-26,7.68,False
26,2015-07-27,21.76,False
27,2015-07-28,24.32,False
28,2015-07-29,20.48,False
29,2015-07-30,23.68,False
30,2015-07-31,16.64,False
0,2015-08-01,13.87,False
1,2015-08-02,9.49,False
2,2015-08-03,35.04,False
3,2015-08-04,27.009999999999998,False
4,2015-08-05,32.12,False
5,2015-08-06,47.449999999999996,False
6,2015-08-07,43.07,False
7,2015-08-08,9.49,False
8,2015-08-09,9.49,False
9,2015-08-10,29.2,False
10,2015-08-11,31.39,False
11,2015-08-12,46.72,False
12,2015-08-13,33.58,False
13,2015-08-14,36.5,False
14,2015-08-15,11.68,False
15,2015-08-16,4.38,False
16,2015-08-17,24.82,False
17,2015-08-18,32.85,False
18,2015-08-19,13.87,False
19,2015-08-20,25.55,False
20,2015-08-21,49.64,False
21,2015-08-22,18.25,False
22,2015-08-23,4.38,False
23,2015-08-24,73.0,False
24,2015-08-25,44.53,False
25,2015-08-26,62.78,False
26,2015-08-27,45.99,False
27,2015-08-28,29.93,False
28,2015-08-29,13.87,False
29,2015-08-30,4.38,False
30,2015-08-31,18.98,False
0,2015-09-01,33.660000000000004,False
1,2015-09-02,51.0,False
2,2015-09-03,37.230000000000004,False
3,2015-09-04,40.29,False
4,2015-09-05,17.34,False
5,2015-09-06,11.73,False
6,2015-09-07,12.75,False
7,2015-09-08,28.560000000000002,False
8,2015-09-09,35.7,False
9,2015-09-10,16.830000000000002,False
10,2015-09-11,50.49,False
11,2015-09-12,11.22,False
12,2015-09-13,5.61,False
13,2015-09-14,26.01,False
14,2015-09-15,30.6,False
15,2015-09-16,23.97,False
16,2015-09-17,26.01,False
17,2015-09-18,27.54,False
18,2015-09-19,16.830000000000002,False
19,2015-09-20,11.22,False
20,2015-09-21,13.77,False
21,2015-09-22,28.560000000000002,False
22,2015-09-23,26.01,False
23,2015-09-24,24.48,False
24,2015-09-25,42.84,False
25,2015-09-26,5.61,False
26,2015-09-27,5.61,False
27,2015-09-28,13.77,False
28,2015-09-29,28.05,False
29,2015-09-30,42.33,False
0,2015-10-01,30.959999999999997,False
1,2015-10-02,37.44,False
2,2015-10-03,4.32,False
3,2015-10-04,12.24,False
4,2015-10-05,23.759999999999998,False
5,2015-10-06,28.799999999999997,False
6,2015-10-07,18.72,False
7,2015-10-08,18.72,False
8,2015-10-09,21.599999999999998,False
9,2015-10-10,7.92,False
10,2015-10-11,10.08,False
11,2015-10-12,17.28,False
12,2015-10-13,23.759999999999998,False
13,2015-10-14,21.599999999999998,False
14,2015-10-15,37.44,False
15,2015-10-16,37.44,False
16,2015-10-17,12.24,False
17,2015-10-18,5.76,False
18,2015-10-19,13.68,False
19,2015-10-20,21.599999999999998,False
20,2015-10-21,27.36,False
21,2015-10-22,28.799999999999997,False
22,2015-10-23,15.84,False
23,2015-10-24,4.32,False
24,2015-10-25,11.52,False
25,2015-10-26,21.599999999999998,False
26,2015-10-27,31.68,False
27,2015-10-28,45.36,False
28,2015-10-29,72.0,False
29,2015-10-30,54.0,False
30,2015-10-31,24.48,False
0,2015-11-01,5.94,False
1,2015-11-02,54.78,False
2,2015-11-03,53.46,False
3,2015-11-04,56.760000000000005,False
4,2015-11-05,31.68,False
5,2015-11-06,46.2,False
6,2015-11-07,14.520000000000001,False
7,2015-11-08,28.380000000000003,False
8,2015-11-09,50.82,False
9,2015-11-10,38.940000000000005,False
10,2015-11-11,40.260000000000005,False
11,2015-11-12,66.0,False
12,2015-11-13,41.580000000000005,False
13,2015-11-14,8.58,False
14,2015-11-15,13.860000000000001,False
15,2015-11-16,60.720000000000006,False
16,2015-11-17,60.720000000000006,False
17,2015-11-18,38.940000000000005,False
18,2015-11-19,47.52,False
19,2015-11-20,40.92,False
20,2015-11-21,14.520000000000001,False
21,2015-11-22,5.94,False
22,2015-11-23,29.040000000000003,False
23,2015-11-24,26.400000000000002,False
24,2015-11-25,36.300000000000004,False
25,2015-11-26,20.46,False
26,2015-11-27,28.380000000000003,False
27,2015-11-28,23.1,False
28,2015-11-29,13.860000000000001,False
29,2015-11-30,33.660000000000004,False
0,2015-12-01,37.1,False
1,2015-12-02,33.92,False
2,2015-12-03,48.230000000000004,False
3,2015-12-04,37.63,False
4,2015-12-05,19.61,False
5,2015-12-06,13.25,False
6,2015-12-07,31.270000000000003,False
7,2015-12-08,53.0,False
8,2015-12-09,47.7,False
9,2015-12-10,45.050000000000004,False
10,2015-12-11,34.45,False
11,2015-12-12,13.780000000000001,False
12,2015-12-13,11.66,False
13,2015-12-14,33.92,False
14,2015-12-15,40.28,False
15,2015-12-16,51.410000000000004,False
16,2015-12-17,38.160000000000004,False
17,2015-12-18,34.980000000000004,False
18,2015-12-19,18.55,False
19,2015-12-20,10.07,False
20,2015-12-21,29.68,False
21,2015-12-22,32.33,False
22,2015-12-23,24.380000000000003,False
23,2015-12-24,31.8,False
24,2015-12-25,6.890000000000001,False
25,2015-12-26,6.36,False
26,2015-12-27,7.95,False
27,2015-12-28,28.62,False
28,2015-12-29,37.63,False
29,2015-12-30,29.68,False
30,2015-12-31,24.380000000000003,False
0,2016-01-01,12.6,False
1,2016-01-02,13.5,False
2,2016-01-03,4.5,False
3,2016-01-04,34.2,False
4,2016-01-05,34.2,False
5,2016-01-06,39.6,False
6,2016-01-07,48.6,False
7,2016-01-08,27.0,False
8,2016-01-09,9.9,False
9,2016-01-10,7.2,False
10,2016-01-11,36.9,False
11,2016-01-12,22.5,False
12,2016-01-13,35.1,False
13,2016-01-14,40.5,False
14,2016-01-15,50.4,False
15,2016-01-16,17.1,False
16,2016-01-17,13.5,False
17,2016-01-18,16.2,False
18,2016-01-19,38.7,False
19,2016-01-20,54.9,False
20,2016-01-21,80.10000000000001,False
21,2016-01-22,90.0,False
22,2016-01-23,12.6,False
23,2016-01-24,9.9,False
24,2016-01-25,40.5,False
25,2016-01-26,33.300000000000004,False
26,2016-01-27,45.0,False
27,2016-01-28,54.9,False
28,2016-01-29,59.4,False
29,2016-01-30,18.900000000000002,False
30,2016-01-31,8.1,False
0,2016-02-01,47.25,False
1,2016-02-02,57.75,False
2,2016-02-03,44.25,False
3,2016-02-04,62.25,False
4,2016-02-05,55.5,False
5,2016-02-06,36.0,False
6,2016-02-07,6.75,False
7,2016-02-08,51.0,False
8,2016-02-09,45.0,False
9,2016-02-10,63.75,False
10,2016-02-11,45.0,False
11,2016-02-12,66.0,False
12,2016-02-13,28.5,False
13,2016-02-14,12.75,False
14,2016-02-15,16.5,False
15,2016-02-16,54.75,False
16,2016-02-17,75.0,False
17,2016-02-18,63.0,False
18,2016-02-19,54.0,False
19,2016-02-20,18.75,False
20,2016-02-21,6.0,False
21,2016-02-22,71.25,False
22,2016-02-23,45.75,False
23,2016-02-24,44.25,False
24,2016-02-25,55.5,False
25,2016-02-26,23.25,False
26,2016-02-27,18.75,False
27,2016-02-28,6.0,False
28,2016-02-29,37.5,False
0,2016-03-01,51.24,False
1,2016-03-02,43.92,False
2,2016-03-03,32.33,False
3,2016-03-04,40.87,False
4,2016-03-05,17.08,False
5,2016-03-06,8.54,False
6,2016-03-07,21.96,False
7,2016-03-08,59.17,False
8,2016-03-09,47.58,False
9,2016-03-10,25.009999999999998,False
10,2016-03-11,46.36,False
11,2016-03-12,11.59,False
12,2016-03-13,0.0,False
13,2016-03-14,42.089999999999996,False
14,2016-03-15,34.769999999999996,False
15,2016-03-16,44.53,False
16,2016-03-17,61.0,False
17,2016-03-18,46.97,False
18,2016-03-19,17.08,False
19,2016-03-20,8.54,False
20,2016-03-21,40.26,False
21,2016-03-22,35.38,False
22,2016-03-23,48.8,False
23,2016-03-24,40.26,False
24,2016-03-25,14.03,False
25,2016-03-26,9.15,False
26,2016-03-27,15.25,False
27,2016-03-28,28.669999999999998,False
28,2016-03-29,57.339999999999996,False
29,2016-03-30,57.339999999999996,False
30,2016-03-31,47.58,False
0,2016-04-01,21.9,False
1,2016-04-02,7.3,False
2,2016-04-03,7.3,False
3,2016-04-04,16.79,False
4,2016-04-05,29.2,False
5,2016-04-06,24.09,False
6,2016-04-07,21.9,False
7,2016-04-08,33.58,False
8,2016-04-09,3.65,False
9,2016-04-10,3.65,False
10,2016-04-11,21.169999999999998,False
11,2016-04-12,33.58,False
12,2016-04-13,24.82,False
13,2016-04-14,27.74,False
14,2016-04-15,25.55,False
15,2016-04-16,3.65,False
16,2016-04-17,0.0,False
17,2016-04-18,30.66,False
18,2016-04-19,33.58,False
19,2016-04-20,29.2,False
20,2016-04-21,64.24,False
21,2016-04-22,73.0,False
22,2016-04-23,18.25,False
23,2016-04-24,3.65,False
24,2016-04-25,33.58,False
25,2016-04-26,36.5,False
26,2016-04-27,16.79,False
27,2016-04-28,34.31,False
28,2016-04-29,22.63,False
29,2016-04-30,3.65,False
0,2016-05-01,10.27,False
1,2016-05-02,38.71,False
2,2016-05-03,77.42,False
3,2016-05-04,44.24,False
4,2016-05-05,57.67,False
5,2016-05-06,37.13,False
6,2016-05-07,7.11,False
7,2016-05-08,13.43,False
8,2016-05-09,46.61,False
9,2016-05-10,69.52000000000001,False
10,2016-05-11,46.61,False
11,2016-05-12,79.0,False
12,2016-05-13,71.89,False
13,2016-05-14,23.700000000000003,False
14,2016-05-15,13.43,False
15,2016-05-16,46.61,False
16,2016-05-17,45.82,False
17,2016-05-18,34.760000000000005,False
18,2016-05-19,69.52000000000001,False
19,2016-05-20,55.300000000000004,False
20,2016-05-21,7.11,False
21,2016-05-22,26.86,False
22,2016-05-23,43.45,False
23,2016-05-24,48.980000000000004,False
24,2016-05-25,52.93,False
25,2016-05-26,70.31,False
26,2016-05-27,46.61,False
27,2016-05-28,30.810000000000002,False
28,2016-05-29,17.380000000000003,False
29,2016-05-30,24.490000000000002,False
30,2016-05-31,55.300000000000004,False
0,2016-06-01,68.30999999999999,False
1,2016-06-02,46.919999999999995,False
2,2016-06-03,38.64,False
3,2016-06-04,13.11,False
4,2016-06-05,11.04,False
5,2016-06-06,46.23,False
6,2016-06-07,48.3,False
7,2016-06-08,38.64,False
8,2016-06-09,43.47,False
9,2016-06-10,55.88999999999999,False
10,2016-06-11,17.25,False
11,2016-06-12,15.87,False
12,2016-06-13,36.57,False
13,2016-06-14,56.58,False
14,2016-06-15,47.61,False
15,2016-06-16,29.669999999999998,False
16,2016-06-17,35.19,False
17,2016-06-18,22.77,False
18,2016-06-19,6.209999999999999,False
19,2016-06-20,27.599999999999998,False
20,2016-06-21,42.779999999999994,False
21,2016-06-22,37.26,False
22,2016-06-23,40.019999999999996,False
23,2016-06-24,69.0,False
24,2016-06-25,26.22,False
25,2016-06-26,13.11,False
26,2016-06-27,40.709999999999994,False
27,2016-06-28,44.849999999999994,False
28,2016-06-29,54.51,False
29,2016-06-30,51.74999999999999,False
0,2016-07-01,29.240000000000002,False
1,2016-07-02,8.16,False
2,2016-07-03,6.12,False
3,2016-07-04,7.48,False
4,2016-07-05,27.880000000000003,False
5,2016-07-06,32.64,False
6,2016-07-07,34.0,False
7,2016-07-08,23.8,False
8,2016-07-09,14.96,False
9,2016-07-10,6.800000000000001,False
10,2016-07-11,31.96,False
11,2016-07-12,25.840000000000003,False
12,2016-07-13,25.16,False
13,2016-07-14,34.68,False
14,2016-07-15,36.720000000000006,False
15,2016-07-16,6.12,False
16,2016-07-17,8.16,False
17,2016-07-18,27.880000000000003,False
18,2016-07-19,37.400000000000006,False
19,2016-07-20,32.64,False
20,2016-07-21,68.0,False
21,2016-07-22,50.32,False
22,2016-07-23,12.24,False
23,2016-07-24,8.16,False
24,2016-07-25,38.080000000000005,False
25,2016-07-26,34.68,False
26,2016-07-27,29.92,False
27,2016-07-28,31.28,False
28,2016-07-29,27.200000000000003,False
29,2016-07-30,8.16,False
30,2016-07-31,4.08,False
0,2016-08-01,51.0,False
1,2016-08-02,42.84,False
2,2016-08-03,48.96,False
3,2016-08-04,38.76,False
4,2016-08-05,35.7,False
5,2016-08-06,12.75,False
6,2016-08-07,18.87,False
7,2016-08-08,23.46,False
8,2016-08-09,26.01,False
9,2016-08-10,37.230000000000004,False
10,2016-08-11,46.410000000000004,False
11,2016-08-12,39.27,False
12,2016-08-13,18.36,False
13,2016-08-14,6.12,False
14,2016-08-15,22.44,False
15,2016-08-16,19.38,False
16,2016-08-17,21.93,False
17,2016-08-18,24.48,False
18,2016-08-19,30.6,False
19,2016-08-20,0.0,False
20,2016-08-21,0.0,False
21,2016-08-22,15.81,False
22,2016-08-23,32.13,False
23,2016-08-24,49.980000000000004,False
24,2016-08-25,35.7,False
25,2016-08-26,23.97,False
26,2016-08-27,6.12,False
27,2016-08-28,6.12,False
28,2016-08-29,37.74,False
29,2016-08-30,32.13,False
30,2016-08-31,22.44,False
0,2016-09-01,33.550000000000004,False
1,2016-09-02,21.450000000000003,False
2,2016-09-03,20.900000000000002,False
3,2016-09-04,6.050000000000001,False
4,2016-09-05,15.950000000000001,False
5,2016-09-06,40.7,False
6,2016-09-07,39.050000000000004,False
7,2016-09-08,47.300000000000004,False
8,2016-09-09,40.150000000000006,False
9,2016-09-10,6.050000000000001,False
10,2016-09-11,12.100000000000001,False
11,2016-09-12,20.900000000000002,False
12,2016-09-13,28.05,False
13,2016-09-14,38.5,False
14,2016-09-15,39.050000000000004,False
15,2016-09-16,45.650000000000006,False
16,2016-09-17,8.8,False
17,2016-09-18,0.0,False
18,2016-09-19,32.45,False
19,2016-09-20,55.00000000000001,False
20,2016-09-21,25.3,False
21,2016-09-22,48.95,False
22,2016-09-23,31.900000000000002,False
23,2016-09-24,0.0,False
24,2016-09-25,11.55,False
25,2016-09-26,32.45,False
26,2016-09-27,35.2,False
27,2016-09-28,20.35,False
28,2016-09-29,35.75,False
29,2016-09-30,20.900000000000002,False
0,2016-10-01,17.669999999999998,False
1,2016-10-02,10.26,False
2,2016-10-03,24.509999999999998,False
3,2016-10-04,39.33,False
4,2016-10-05,43.31999999999999,False
5,2016-10-06,49.589999999999996,False
6,2016-10-07,56.99999999999999,False
7,2016-10-08,21.09,False
8,2016-10-09,10.26,False
9,2016-10-10,21.659999999999997,False
10,2016-10-11,46.169999999999995,False
11,2016-10-12,37.62,False
12,2016-10-13,46.739999999999995,False
13,2016-10-14,25.65,False
14,2016-10-15,28.499999999999996,False
15,2016-10-16,13.68,False
16,2016-10-17,51.87,False
17,2016-10-18,33.059999999999995,False
18,2016-10-19,45.599999999999994,False
19,2016-10-20,42.74999999999999,False
20,2016-10-21,50.73,False
21,2016-10-22,14.249999999999998,False
22,2016-10-23,6.84,False
23,2016-10-24,30.209999999999997,False
24,2016-10-25,42.18,False
25,2016-10-26,33.629999999999995,False
26,2016-10-27,55.85999999999999,False
27,2016-10-28,25.65,False
28,2016-10-29,18.24,False
29,2016-10-30,21.09,False
30,2016-10-31,25.08,False
0,2016-11-01,26.07,False
1,2016-11-02,35.550000000000004,False
2,2016-11-03,57.67,False
3,2016-11-04,79.0,False
4,2016-11-05,18.17,False
5,2016-11-06,8.690000000000001,False
6,2016-11-07,60.830000000000005,False
7,2016-11-08,32.39,False
8,2016-11-09,58.46,False
9,2016-11-10,52.93,False
10,2016-11-11,30.020000000000003,False
11,2016-11-12,4.74,False
12,2016-11-13,3.95,False
13,2016-11-14,26.86,False
14,2016-11-15,40.29,False
15,2016-11-16,30.810000000000002,False
16,2016-11-17,42.660000000000004,False
17,2016-11-18,33.97,False
18,2016-11-19,15.010000000000002,False
19,2016-11-20,3.95,False
20,2016-11-21,31.6,False
21,2016-11-22,37.92,False
22,2016-11-23,26.86,False
23,2016-11-24,9.48,False
24,2016-11-25,23.700000000000003,False
25,2016-11-26,12.64,False
26,2016-11-27,10.27,False
27,2016-11-28,26.86,False
28,2016-11-29,23.700000000000003,False
29,2016-11-30,44.24,False
0,2016-12-01,69.52000000000001,False
1,2016-12-02,79.0,False
2,2016-12-03,10.27,False
3,2016-12-04,7.9,False
4,2016-12-05,41.870000000000005,False
5,2016-12-06,32.39,False
6,2016-12-07,56.09,False
7,2016-12-08,60.830000000000005,False
8,2016-12-09,40.29,False
9,2016-12-10,12.64,False
10,2016-12-11,3.95,False
11,2016-12-12,29.23,False
12,2016-12-13,34.760000000000005,False
13,2016-12-14,22.91,False
14,2016-12-15,32.39,False
15,2016-12-16,30.020000000000003,False
16,2016-12-17,8.690000000000001,False
17,2016-12-18,3.95,False
18,2016-12-19,18.17,False
19,2016-12-20,20.54,False
20,2016-12-21,26.07,False
21,2016-12-22,15.010000000000002,False
22,2016-12-23,31.6,False
23,2016-12-24,8.690000000000001,False
24,2016-12-25,7.11,False
25,2016-12-26,10.27,False
26,2016-12-27,26.07,False
27,2016-12-28,22.91,False
28,2016-12-29,18.96,False
29,2016-12-30,19.75,False
30,2016-12-31,17.380000000000003,False
0,2017-01-01,3.9000000000000004,False
1,2017-01-02,7.15,False
2,2017-01-03,18.2,False
3,2017-01-04,22.75,False
4,2017-01-05,24.7,False
5,2017-01-06,33.800000000000004,False
6,2017-01-07,9.1,False
7,2017-01-08,7.15,False
8,2017-01-09,12.35,False
9,2017-01-10,18.85,False
10,2017-01-11,26.650000000000002,False
11,2017-01-12,14.3,False
12,2017-01-13,26.0,False
13,2017-01-14,3.9000000000000004,False
14,2017-01-15,0.0,False
15,2017-01-16,9.75,False
16,2017-01-17,21.45,False
17,2017-01-18,16.900000000000002,False
18,2017-01-19,31.85,False
19,2017-01-20,22.1,False
20,2017-01-21,11.05,False
21,2017-01-22,7.15,False
22,2017-01-23,21.45,False
23,2017-01-24,31.200000000000003,False
24,2017-01-25,29.900000000000002,False
25,2017-01-26,51.35,False
26,2017-01-27,65.0,False
27,2017-01-28,16.25,False
28,2017-01-29,3.25,False
29,2017-01-30,26.0,False
30,2017-01-31,55.9,False
0,2017-02-01,78.0,False
1,2017-02-02,49.92,False
2,2017-02-03,63.18,False
3,2017-02-04,28.080000000000002,False
4,2017-02-05,10.92,False
5,2017-02-06,37.44,False
6,2017-02-07,42.9,False
7,2017-02-08,28.080000000000002,False
8,2017-02-09,34.32,False
9,2017-02-10,39.78,False
10,2017-02-11,15.600000000000001,False
11,2017-02-12,3.9000000000000004,False
12,2017-02-13,18.72,False
13,2017-02-14,41.34,False
14,2017-02-15,43.68,False
15,2017-02-16,31.98,False
16,2017-02-17,18.72,False
17,2017-02-18,8.58,False
18,2017-02-19,14.82,False
19,2017-02-20,11.700000000000001,False
20,2017-02-21,42.9,False
21,2017-02-22,28.080000000000002,False
22,2017-02-23,38.22,False
23,2017-02-24,27.3,False
24,2017-02-25,30.42,False
25,2017-02-26,6.24,False
26,2017-02-27,29.64,False
27,2017-02-28,39.0,False
0,2017-03-01,55.459999999999994,False
1,2017-03-02,23.599999999999998,False
2,2017-03-03,20.06,False
3,2017-03-04,0.0,False
4,2017-03-05,10.03,False
5,2017-03-06,37.76,False
6,2017-03-07,29.5,False
7,2017-03-08,38.94,False
8,2017-03-09,38.94,False
9,2017-03-10,41.3,False
10,2017-03-11,10.03,False
11,2017-03-12,11.799999999999999,False
12,2017-03-13,36.58,False
13,2017-03-14,28.91,False
14,2017-03-15,44.25,False
15,2017-03-16,44.839999999999996,False
16,2017-03-17,30.09,False
17,2017-03-18,15.34,False
18,2017-03-19,7.67,False
19,2017-03-20,30.68,False
20,2017-03-21,33.04,False
21,2017-03-22,59.0,False
22,2017-03-23,28.91,False
23,2017-03-24,38.94,False
24,2017-03-25,12.979999999999999,False
25,2017-03-26,5.31,False
26,2017-03-27,46.019999999999996,False
27,2017-03-28,33.04,False
28,2017-03-29,30.68,False
29,2017-03-30,43.07,False
30,2017-03-31,39.53,False
0,2017-04-01,7.0,False
1,2017-04-02,9.1,False
2,2017-04-03,23.099999999999998,False
3,2017-04-04,20.299999999999997,False
4,2017-04-05,22.4,False
5,2017-04-06,20.299999999999997,False
6,2017-04-07,21.7,False
7,2017-04-08,6.3,False
8,2017-04-09,6.3,False
9,2017-04-10,10.5,False
10,2017-04-11,12.6,False
11,2017-04-12,18.2,False
12,2017-04-13,14.7,False
13,2017-04-14,11.899999999999999,False
14,2017-04-15,2.8,False
15,2017-04-16,4.8999999999999995,False
16,2017-04-17,12.6,False
17,2017-04-18,25.2,False
18,2017-04-19,26.599999999999998,False
19,2017-04-20,30.799999999999997,False
20,2017-04-21,31.499999999999996,False
21,2017-04-22,7.0,False
22,2017-04-23,7.0,False
23,2017-04-24,24.5,False
24,2017-04-25,35.699999999999996,False
25,2017-04-26,28.7,False
26,2017-04-27,56.699999999999996,False
27,2017-04-28,70.0,False
28,2017-04-29,15.399999999999999,False
29,2017-04-30,6.3,False
0,2017-05-01,38.76,False
1,2017-05-02,35.339999999999996,False
2,2017-05-03,26.22,False
3,2017-05-04,26.22,False
4,2017-05-05,25.65,False
5,2017-05-06,13.11,False
6,2017-05-07,8.549999999999999,False
7,2017-05-08,31.919999999999998,False
8,2017-05-09,37.05,False
9,2017-05-10,14.819999999999999,False
10,2017-05-11,38.19,False
11,2017-05-12,37.62,False
12,2017-05-13,6.84,False
13,2017-05-14,4.56,False
14,2017-05-15,35.339999999999996,False
15,2017-05-16,26.22,False
16,2017-05-17,38.19,False
17,2017-05-18,54.15,False
18,2017-05-19,56.99999999999999,False
19,2017-05-20,11.969999999999999,False
20,2017-05-21,18.81,False
21,2017-05-22,26.22,False
22,2017-05-23,31.349999999999998,False
23,2017-05-24,28.499999999999996,False
24,2017-05-25,12.54,False
25,2017-05-26,41.04,False
26,2017-05-27,9.69,False
27,2017-05-28,0.0,False
28,2017-05-29,8.549999999999999,False
29,2017-05-30,27.929999999999996,False
30,2017-05-31,37.05,False
0,2017-06-01,47.25,False
1,2017-06-02,35.28,False
2,2017-06-03,18.27,False
3,2017-06-04,11.97,False
4,2017-06-05,15.120000000000001,False
5,2017-06-06,35.28,False
6,2017-06-07,30.240000000000002,False
7,2017-06-08,42.84,False
8,2017-06-09,55.44,False
9,2017-06-10,15.120000000000001,False
10,2017-06-11,8.82,False
11,2017-06-12,35.28,False
12,2017-06-13,32.13,False
13,2017-06-14,35.910000000000004,False
14,2017-06-15,63.0,False
15,2017-06-16,40.32,False
16,2017-06-17,18.9,False
17,2017-06-18,0.0,False
18,2017-06-19,42.84,False
19,2017-06-20,34.65,False
20,2017-06-21,41.58,False
21,2017-06-22,47.25,False
22,2017-06-23,35.910000000000004,False
23,2017-06-24,15.120000000000001,False
24,2017-06-25,6.3,False
25,2017-06-26,41.58,False
26,2017-06-27,31.5,False
27,2017-06-28,31.5,False
28,2017-06-29,34.65,False
29,2017-06-30,57.33,False
0,2017-07-01,3.5999999999999996,False
1,2017-07-02,4.32,False
2,2017-07-03,7.199999999999999,False
3,2017-07-04,4.32,False
4,2017-07-05,12.24,False
5,2017-07-06,10.08,False
6,2017-07-07,12.959999999999999,False
7,2017-07-08,4.32,False
8,2017-07-09,2.16,False
9,2017-07-10,12.959999999999999,False
10,2017-07-11,8.64,False
11,2017-07-12,11.52,False
12,2017-07-13,10.08,False
13,2017-07-14,14.399999999999999,False
14,2017-07-15,5.04,False
15,2017-07-16,2.16,False
16,2017-07-17,14.399999999999999,False
17,2017-07-18,13.68,False
18,2017-07-19,15.12,False
19,2017-07-20,14.399999999999999,False
20,2017-07-21,10.799999999999999,False
21,2017-07-22,6.4799999999999995,False
22,2017-07-23,4.32,False
23,2017-07-24,10.799999999999999,False
24,2017-07-25,12.24,False
25,2017-07-26,13.68,False
26,2017-07-27,43.199999999999996,False
27,2017-07-28,72.0,False
28,2017-07-29,24.48,False
29,2017-07-30,10.08,False
30,2017-07-31,38.16,False
0,2017-08-01,80.19000000000001,False
1,2017-08-02,81.0,False
2,2017-08-03,79.38000000000001,False
3,2017-08-04,68.85000000000001,False
4,2017-08-05,9.72,False
5,2017-08-06,6.48,False
6,2017-08-07,56.7,False
7,2017-08-08,63.18000000000001,False
8,2017-08-09,55.080000000000005,False
9,2017-08-10,51.03,False
10,2017-08-11,46.980000000000004,False
11,2017-08-12,18.630000000000003,False
12,2017-08-13,12.15,False
13,2017-08-14,46.17,False
14,2017-08-15,46.980000000000004,False
15,2017-08-16,29.160000000000004,False
16,2017-08-17,47.790000000000006,False
17,2017-08-18,43.74,False
18,2017-08-19,21.060000000000002,False
19,2017-08-20,15.39,False
20,2017-08-21,46.980000000000004,False
21,2017-08-22,49.410000000000004,False
22,2017-08-23,37.260000000000005,False
23,2017-08-24,53.46,False
24,2017-08-25,22.68,False
25,2017-08-26,21.87,False
26,2017-08-27,12.15,False
27,2017-08-28,29.160000000000004,False
28,2017-08-29,41.31,False
29,2017-08-30,47.790000000000006,False
30,2017-08-31,44.550000000000004,False
0,2017-09-01,45.760000000000005,False
1,2017-09-02,9.36,False
2,2017-09-03,5.720000000000001,False
3,2017-09-04,15.08,False
4,2017-09-05,46.800000000000004,False
5,2017-09-06,42.120000000000005,False
6,2017-09-07,48.36,False
7,2017-09-08,35.88,False
8,2017-09-09,18.2,False
9,2017-09-10,10.92,False
10,2017-09-11,28.080000000000002,False
11,2017-09-12,23.400000000000002,False
12,2017-09-13,37.44,False
13,2017-09-14,52.0,False
14,2017-09-15,26.0,False
15,2017-09-16,9.36,False
16,2017-09-17,10.92,False
17,2017-09-18,43.68,False
18,2017-09-19,43.68,False
19,2017-09-20,39.0,False
20,2017-09-21,28.6,False
21,2017-09-22,26.52,False
22,2017-09-23,9.36,False
23,2017-09-24,7.28,False
24,2017-09-25,21.84,False
25,2017-09-26,27.560000000000002,False
26,2017-09-27,23.400000000000002,False
27,2017-09-28,25.48,False
28,2017-09-29,34.84,False
29,2017-09-30,13.0,False
0,2017-10-01,16.74,False
1,2017-10-02,40.3,False
2,2017-10-03,46.5,False
3,2017-10-04,36.58,False
4,2017-10-05,62.0,False
5,2017-10-06,41.54,False
6,2017-10-07,15.5,False
7,2017-10-08,11.16,False
8,2017-10-09,26.66,False
9,2017-10-10,48.98,False
10,2017-10-11,40.3,False
11,2017-10-12,40.92,False
12,2017-10-13,52.08,False
13,2017-10-14,23.56,False
14,2017-10-15,8.68,False
15,2017-10-16,36.58,False
16,2017-10-17,57.04,False
17,2017-10-18,61.38,False
18,2017-10-19,52.7,False
19,2017-10-20,52.08,False
20,2017-10-21,6.82,False
21,2017-10-22,12.4,False
22,2017-10-23,39.68,False
23,2017-10-24,37.82,False
24,2017-10-25,37.82,False
25,2017-10-26,49.6,False
26,2017-10-27,37.82,False
27,2017-10-28,13.02,False
28,2017-10-29,9.92,False
29,2017-10-30,41.54,False
30,2017-10-31,50.22,False
0,2017-11-01,22.2,False
1,2017-11-02,59.2,False
2,2017-11-03,74.0,False
3,2017-11-04,12.58,False
4,2017-11-05,2.96,False
5,2017-11-06,27.38,False
6,2017-11-07,19.24,False
7,2017-11-08,22.94,False
8,2017-11-09,23.68,False
9,2017-11-10,23.68,False
10,2017-11-11,5.18,False
11,2017-11-12,2.2199999999999998,False
12,2017-11-13,15.54,False
13,2017-11-14,18.5,False
14,2017-11-15,17.759999999999998,False
15,2017-11-16,20.72,False
16,2017-11-17,14.06,False
17,2017-11-18,4.4399999999999995,False
18,2017-11-19,2.2199999999999998,False
19,2017-11-20,14.8,False
20,2017-11-21,19.24,False
21,2017-11-22,16.28,False
22,2017-11-23,2.96,False
23,2017-11-24,8.879999999999999,False
24,2017-11-25,3.7,False
25,2017-11-26,6.66,False
26,2017-11-27,16.28,False
27,2017-11-28,17.759999999999998,False
28,2017-11-29,26.64,False
29,2017-11-30,24.419999999999998,False
0,2017-12-01,36.72,False
1,2017-12-02,13.77,False
2,2017-12-03,4.59,False
3,2017-12-04,33.15,False
4,2017-12-05,44.37,False
5,2017-12-06,51.0,False
6,2017-12-07,29.580000000000002,False
7,2017-12-08,29.07,False
8,2017-12-09,11.22,False
9,2017-12-10,6.63,False
10,2017-12-11,27.03,False
11,2017-12-12,35.19,False
12,2017-12-13,31.11,False
13,2017-12-14,43.35,False
14,2017-12-15,43.35,False
15,2017-12-16,20.91,False
16,2017-12-17,13.77,False
17,2017-12-18,41.82,False
18,2017-12-19,26.01,False
19,2017-12-20,22.44,False
20,2017-12-21,44.37,False
21,2017-12-22,15.3,False
22,2017-12-23,19.38,False
23,2017-12-24,5.1,False
24,2017-12-25,7.65,False
25,2017-12-26,13.26,False
26,2017-12-27,40.29,False
27,2017-12-28,23.46,False
28,2017-12-29,21.93,False
29,2017-12-30,18.87,False
30,2017-12-31,0.0,False
0,2018-01-01,3.24,False
1,2018-01-02,26.73,False
2,2018-01-03,23.490000000000002,False
3,2018-01-04,38.07,False
4,2018-01-05,29.160000000000004,False
5,2018-01-06,16.200000000000003,False
6,2018-01-07,6.48,False
7,2018-01-08,32.400000000000006,False
8,2018-01-09,23.490000000000002,False
9,2018-01-10,21.060000000000002,False
10,2018-01-11,21.060000000000002,False
11,2018-01-12,26.73,False
12,2018-01-13,6.48,False
13,2018-01-14,3.24,False
14,2018-01-15,9.72,False
15,2018-01-16,27.540000000000003,False
16,2018-01-17,27.540000000000003,False
17,2018-01-18,39.690000000000005,False
18,2018-01-19,35.64,False
19,2018-01-20,14.580000000000002,False
20,2018-01-21,6.48,False
21,2018-01-22,27.540000000000003,False
22,2018-01-23,34.830000000000005,False
23,2018-01-24,31.590000000000003,False
24,2018-01-25,68.85000000000001,False
25,2018-01-26,81.0,False
26,2018-01-27,19.44,False
27,2018-01-28,8.100000000000001,False
28,2018-01-29,25.110000000000003,False
29,2018-01-30,34.02,False
30,2018-01-31,32.400000000000006,False
0,2018-02-01,48.989999999999995,False
1,2018-02-02,58.65,False
2,2018-02-03,17.25,False
3,2018-02-04,12.419999999999998,False
4,2018-02-05,40.709999999999994,False
5,2018-02-06,69.0,False
6,2018-02-07,33.809999999999995,False
7,2018-02-08,37.26,False
8,2018-02-09,48.3,False
9,2018-02-10,11.04,False
10,2018-02-11,4.14,False
11,2018-02-12,43.47,False
12,2018-02-13,30.36,False
13,2018-02-14,30.36,False
14,2018-02-15,34.5,False
15,2018-02-16,53.129999999999995,False
16,2018-02-17,19.32,False
17,2018-02-18,8.28,False
18,2018-02-19,20.7,False
19,2018-02-20,27.599999999999998,False
20,2018-02-21,27.599999999999998,False
21,2018-02-22,26.22,False
22,2018-02-23,36.57,False
23,2018-02-24,17.25,False
24,2018-02-25,16.56,False
25,2018-02-26,38.64,False
26,2018-02-27,31.049999999999997,False
27,2018-02-28,42.089999999999996,False
0,2018-03-01,46.019999999999996,False
1,2018-03-02,41.3,False
2,2018-03-03,18.29,False
3,2018-03-04,8.85,False
4,2018-03-05,38.94,False
5,2018-03-06,51.33,False
6,2018-03-07,48.379999999999995,False
7,2018-03-08,56.05,False
8,2018-03-09,34.22,False
9,2018-03-10,26.549999999999997,False
10,2018-03-11,12.389999999999999,False
11,2018-03-12,38.94,False
12,2018-03-13,37.76,False
13,2018-03-14,47.79,False
14,2018-03-15,35.989999999999995,False
15,2018-03-16,37.169999999999995,False
16,2018-03-17,5.8999999999999995,False
17,2018-03-18,12.389999999999999,False
18,2018-03-19,34.22,False
19,2018-03-20,59.0,False
20,2018-03-21,53.69,False
21,2018-03-22,27.139999999999997,False
22,2018-03-23,41.3,False
23,2018-03-24,6.489999999999999,False
24,2018-03-25,12.389999999999999,False
25,2018-03-26,41.89,False
26,2018-03-27,45.43,False
27,2018-03-28,51.919999999999995,False
28,2018-03-29,38.35,False
29,2018-03-30,18.29,False
30,2018-03-31,17.11,False
0,2018-04-01,8.19,False
1,2018-04-02,28.98,False
2,2018-04-03,36.54,False
3,2018-04-04,16.38,False
4,2018-04-05,20.79,False
5,2018-04-06,27.72,False
6,2018-04-07,6.3,False
7,2018-04-08,3.7800000000000002,False
8,2018-04-09,25.830000000000002,False
9,2018-04-10,22.05,False
10,2018-04-11,13.86,False
11,2018-04-12,25.2,False
12,2018-04-13,27.09,False
13,2018-04-14,8.19,False
14,2018-04-15,15.120000000000001,False
15,2018-04-16,30.240000000000002,False
16,2018-04-17,55.44,False
17,2018-04-18,45.36,False
18,2018-04-19,31.5,False
19,2018-04-20,30.240000000000002,False
20,2018-04-21,13.86,False
21,2018-04-22,8.19,False
22,2018-04-23,23.31,False
23,2018-04-24,28.98,False
24,2018-04-25,29.61,False
25,2018-04-26,57.33,False
26,2018-04-27,63.0,False
27,2018-04-28,17.01,False
28,2018-04-29,18.27,False
29,2018-04-30,27.72,False
0,2018-05-01,20.06,False
1,2018-05-02,27.139999999999997,False
2,2018-05-03,20.06,False
3,2018-05-04,25.369999999999997,False
4,2018-05-05,4.72,False
5,2018-05-06,10.62,False
6,2018-05-07,59.0,False
7,2018-05-08,38.35,False
8,2018-05-09,28.32,False
9,2018-05-10,15.34,False
10,2018-05-11,28.32,False
11,2018-05-12,7.08,False
12,2018-05-13,17.7,False
13,2018-05-14,24.189999999999998,False
14,2018-05-15,15.93,False
15,2018-05-16,18.88,False
16,2018-05-17,25.369999999999997,False
17,2018-05-18,15.93,False
18,2018-05-19,9.44,False
19,2018-05-20,3.54,False
20,2018-05-21,20.65,False
21,2018-05-22,27.139999999999997,False
22,2018-05-23,24.189999999999998,False
23,2018-05-24,20.65,False
24,2018-05-25,21.24,False
25,2018-05-26,3.54,False
26,2018-05-27,4.72,False
27,2018-05-28,11.209999999999999,False
28,2018-05-29,24.189999999999998,False
29,2018-05-30,29.5,False
30,2018-05-31,23.009999999999998,False
0,2018-06-01,19.0,False
1,2018-06-02,10.0,False
2,2018-06-03,5.0,False
3,2018-06-04,33.0,False
4,2018-06-05,49.0,False
5,2018-06-06,33.0,False
6,2018-06-07,29.0,False
7,2018-06-08,18.0,False
8,2018-06-09,15.0,False
9,2018-06-10,7.0,False
10,2018-06-11,26.0,False
11,2018-06-12,26.0,False
12,2018-06-13,25.0,False
13,2018-06-14,16.0,False
14,2018-06-15,18.0,False
15,2018-06-16,7.0,False
16,2018-06-17,3.0,False
17,2018-06-18,13.0,False
18,2018-06-19,38.0,False
19,2018-06-20,100.0,False
20,2018-06-21,90.0,False
21,2018-06-22,80.0,False
22,2018-06-23,22.0,False
23,2018-06-24,14.0,False
24,2018-06-25,42.0,False
25,2018-06-26,39.0,False
26,2018-06-27,29.0,False
27,2018-06-28,69.0,False
28,2018-06-29,64.0,False
29,2018-06-30,13.0,False
0,2018-07-01,18.630000000000003,False
1,2018-07-02,43.74,False
2,2018-07-03,36.45,False
3,2018-07-04,15.39,False
4,2018-07-05,33.21,False
5,2018-07-06,41.31,False
6,2018-07-07,17.01,False
7,2018-07-08,3.24,False
8,2018-07-09,53.46,False
9,2018-07-10,32.400000000000006,False
10,2018-07-11,29.970000000000002,False
11,2018-07-12,31.590000000000003,False
12,2018-07-13,35.64,False
13,2018-07-14,13.770000000000001,False
14,2018-07-15,3.24,False
15,2018-07-16,38.88,False
16,2018-07-17,38.88,False
17,2018-07-18,25.92,False
18,2018-07-19,21.060000000000002,False
19,2018-07-20,42.120000000000005,False
20,2018-07-21,10.530000000000001,False
21,2018-07-22,3.24,False
22,2018-07-23,34.02,False
23,2018-07-24,34.02,False
24,2018-07-25,34.02,False
25,2018-07-26,62.370000000000005,False
26,2018-07-27,81.0,False
27,2018-07-28,10.530000000000001,False
28,2018-07-29,10.530000000000001,False
29,2018-07-30,21.87,False
30,2018-07-31,39.690000000000005,False
0,2018-08-01,38.35,False
1,2018-08-02,59.0,False
2,2018-08-03,36.58,False
3,2018-08-04,12.979999999999999,False
4,2018-08-05,11.209999999999999,False
5,2018-08-06,34.22,False
6,2018-08-07,34.809999999999995,False
7,2018-08-08,41.3,False
8,2018-08-09,30.68,False
9,2018-08-10,26.549999999999997,False
10,2018-08-11,14.75,False
11,2018-08-12,6.489999999999999,False
12,2018-08-13,22.419999999999998,False
13,2018-08-14,34.22,False
14,2018-08-15,28.91,False
15,2018-08-16,30.09,False
16,2018-08-17,25.369999999999997,False
17,2018-08-18,10.03,False
18,2018-08-19,14.75,False
19,2018-08-20,29.5,False
20,2018-08-21,36.58,False
21,2018-08-22,43.66,False
22,2018-08-23,31.86,False
23,2018-08-24,25.959999999999997,False
24,2018-08-25,10.62,False
25,2018-08-26,6.489999999999999,False
26,2018-08-27,28.32,False
27,2018-08-28,31.86,False
28,2018-08-29,31.86,False
29,2018-08-30,19.47,False
30,2018-08-31,17.7,False
0,2018-09-01,11.66,False
1,2018-09-02,10.07,False
2,2018-09-03,12.190000000000001,False
3,2018-09-04,43.99,False
4,2018-09-05,38.160000000000004,False
5,2018-09-06,47.17,False
6,2018-09-07,38.690000000000005,False
7,2018-09-08,18.55,False
8,2018-09-09,6.890000000000001,False
9,2018-09-10,39.75,False
10,2018-09-11,48.230000000000004,False
11,2018-09-12,34.980000000000004,False
12,2018-09-13,38.690000000000005,False
13,2018-09-14,25.970000000000002,False
14,2018-09-15,12.72,False
15,2018-09-16,5.300000000000001,False
16,2018-09-17,33.92,False
17,2018-09-18,27.560000000000002,False
18,2018-09-19,45.580000000000005,False
19,2018-09-20,47.17,False
20,2018-09-21,25.970000000000002,False
21,2018-09-22,16.96,False
22,2018-09-23,10.07,False
23,2018-09-24,37.1,False
24,2018-09-25,53.0,False
25,2018-09-26,34.980000000000004,False
26,2018-09-27,34.45,False
27,2018-09-28,42.93,False
28,2018-09-29,18.02,False
29,2018-09-30,13.25,False
0,2018-10-01,27.060000000000002,False
1,2018-10-02,27.720000000000002,False
2,2018-10-03,19.8,False
3,2018-10-04,18.48,False
4,2018-10-05,19.8,False
5,2018-10-06,5.94,False
6,2018-10-07,3.3000000000000003,False
7,2018-10-08,17.82,False
8,2018-10-09,51.480000000000004,False
9,2018-10-10,66.0,False
10,2018-10-11,36.96,False
11,2018-10-12,32.34,False
12,2018-10-13,7.260000000000001,False
13,2018-10-14,9.24,False
14,2018-10-15,31.68,False
15,2018-10-16,23.1,False
16,2018-10-17,34.980000000000004,False
17,2018-10-18,29.040000000000003,False
18,2018-10-19,31.020000000000003,False
19,2018-10-20,7.260000000000001,False
20,2018-10-21,7.260000000000001,False
21,2018-10-22,26.400000000000002,False
22,2018-10-23,21.12,False
23,2018-10-24,19.8,False
24,2018-10-25,32.34,False
25,2018-10-26,34.980000000000004,False
26,2018-10-27,9.9,False
27,2018-10-28,7.92,False
28,2018-10-29,26.400000000000002,False
29,2018-10-30,26.400000000000002,False
30,2018-10-31,19.8,False
0,2018-11-01,96.03,False
1,2018-11-02,97.0,False
2,2018-11-03,25.22,False
3,2018-11-04,10.67,False
4,2018-11-05,38.8,False
5,2018-11-06,46.56,False
6,2018-11-07,47.53,False
7,2018-11-08,55.29,False
8,2018-11-09,34.92,False
9,2018-11-10,6.79,False
10,2018-11-11,3.88,False
11,2018-11-12,35.89,False
12,2018-11-13,34.92,False
13,2018-11-14,31.04,False
14,2018-11-15,27.16,False
15,2018-11-16,26.189999999999998,False
16,2018-11-17,14.549999999999999,False
17,2018-11-18,10.67,False
18,2018-11-19,15.52,False
19,2018-11-20,24.25,False
20,2018-11-21,27.16,False
21,2018-11-22,12.61,False
22,2018-11-23,11.64,False
23,2018-11-24,10.67,False
24,2018-11-25,7.76,False
25,2018-11-26,20.37,False
26,2018-11-27,34.92,False
27,2018-11-28,29.099999999999998,False
28,2018-11-29,26.189999999999998,False
29,2018-11-30,34.92,False
0,2018-12-01,6.48,False
1,2018-12-02,11.34,False
2,2018-12-03,24.3,False
3,2018-12-04,29.700000000000003,False
4,2018-12-05,16.740000000000002,False
5,2018-12-06,23.220000000000002,False
6,2018-12-07,27.0,False
7,2018-12-08,11.34,False
8,2018-12-09,3.24,False
9,2018-12-10,24.3,False
10,2018-12-11,22.68,False
11,2018-12-12,26.46,False
12,2018-12-13,29.700000000000003,False
13,2018-12-14,54.0,False
14,2018-12-15,11.88,False
15,2018-12-16,8.100000000000001,False
16,2018-12-17,17.82,False
17,2018-12-18,21.060000000000002,False
18,2018-12-19,22.68,False
19,2018-12-20,31.860000000000003,False
20,2018-12-21,28.62,False
21,2018-12-22,5.4,False
22,2018-12-23,7.0200000000000005,False
23,2018-12-24,17.28,False
24,2018-12-25,11.34,False
25,2018-12-26,35.64,False
26,2018-12-27,26.46,False
27,2018-12-28,17.28,False
28,2018-12-29,4.86,False
29,2018-12-30,4.86,False
30,2018-12-31,10.260000000000002,False
0,2019-01-01,12.92,False
1,2019-01-02,18.240000000000002,False
2,2019-01-03,16.72,False
3,2019-01-04,20.52,False
4,2019-01-05,6.84,False
5,2019-01-06,4.5600000000000005,False
6,2019-01-07,18.240000000000002,False
7,2019-01-08,16.72,False
8,2019-01-09,22.04,False
9,2019-01-10,19.0,False
10,2019-01-11,30.4,False
11,2019-01-12,6.08,False
12,2019-01-13,3.04,False
13,2019-01-14,15.96,False
14,2019-01-15,22.8,False
15,2019-01-16,19.76,False
16,2019-01-17,22.04,False
17,2019-01-18,18.240000000000002,False
18,2019-01-19,7.6,False
19,2019-01-20,3.04,False
20,2019-01-21,8.36,False
21,2019-01-22,21.28,False
22,2019-01-23,25.080000000000002,False
23,2019-01-24,76.0,False
24,2019-01-25,56.24,False
25,2019-01-26,9.120000000000001,False
26,2019-01-27,9.88,False
27,2019-01-28,23.56,False
28,2019-01-29,19.76,False
29,2019-01-30,25.080000000000002,False
30,2019-01-31,24.32,False
0,2019-02-01,56.550000000000004,False
1,2019-02-02,12.35,False
2,2019-02-03,0.0,False
3,2019-02-04,35.75,False
4,2019-02-05,29.25,False
5,2019-02-06,48.75,False
6,2019-02-07,42.25,False
7,2019-02-08,18.2,False
8,2019-02-09,12.35,False
9,2019-02-10,7.15,False
10,2019-02-11,55.9,False
11,2019-02-12,34.45,False
12,2019-02-13,48.1,False
13,2019-02-14,46.800000000000004,False
14,2019-02-15,65.0,False
15,2019-02-16,10.4,False
16,2019-02-17,5.2,False
17,2019-02-18,13.65,False
18,2019-02-19,41.6,False
19,2019-02-20,35.1,False
20,2019-02-21,46.15,False
21,2019-02-22,50.7,False
22,2019-02-23,17.55,False
23,2019-02-24,9.75,False
24,2019-02-25,52.0,False
25,2019-02-26,46.15,False
26,2019-02-27,27.3,False
27,2019-02-28,33.15,False
0,2019-03-01,44.4,False
1,2019-03-02,16.2,False
2,2019-03-03,9.0,False
3,2019-03-04,21.0,False
4,2019-03-05,30.0,False
5,2019-03-06,60.0,False
6,2019-03-07,49.199999999999996,False
7,2019-03-08,30.0,False
8,2019-03-09,20.4,False
9,2019-03-10,10.799999999999999,False
10,2019-03-11,55.199999999999996,False
11,2019-03-12,37.8,False
12,2019-03-13,52.8,False
13,2019-03-14,41.4,False
14,2019-03-15,31.2,False
15,2019-03-16,14.399999999999999,False
16,2019-03-17,9.0,False
17,2019-03-18,34.199999999999996,False
18,2019-03-19,48.6,False
19,2019-03-20,45.0,False
20,2019-03-21,57.0,False
21,2019-03-22,49.8,False
22,2019-03-23,16.2,False
23,2019-03-24,12.6,False
24,2019-03-25,34.8,False
25,2019-03-26,44.4,False
26,2019-03-27,54.6,False
27,2019-03-28,53.4,False
28,2019-03-29,40.199999999999996,False
29,2019-03-30,15.0,False
30,2019-03-31,9.0,False
