,date,SIRI stock,isPartial
0,2012-01-01,15.75,False
1,2012-01-02,12.15,False
2,2012-01-03,23.400000000000002,False
3,2012-01-04,36.0,False
4,2012-01-05,45.0,False
5,2012-01-06,42.75,False
6,2012-01-07,15.3,False
7,2012-01-08,15.75,False
8,2012-01-09,28.8,False
9,2012-01-10,28.35,False
10,2012-01-11,22.95,False
11,2012-01-12,19.35,False
12,2012-01-13,42.75,False
13,2012-01-14,17.55,False
14,2012-01-15,10.8,False
15,2012-01-16,16.650000000000002,False
16,2012-01-17,39.15,False
17,2012-01-18,32.85,False
18,2012-01-19,25.2,False
19,2012-01-20,43.2,False
20,2012-01-21,14.4,False
21,2012-01-22,8.55,False
22,2012-01-23,23.400000000000002,False
23,2012-01-24,22.5,False
24,2012-01-25,31.05,False
25,2012-01-26,26.55,False
26,2012-01-27,21.150000000000002,False
27,2012-01-28,9.9,False
28,2012-01-29,6.3,False
29,2012-01-30,18.45,False
30,2012-01-31,17.1,False
0,2012-02-01,33.97,False
1,2012-02-02,30.099999999999998,False
2,2012-02-03,33.54,False
3,2012-02-04,10.75,False
4,2012-02-05,10.75,False
5,2012-02-06,21.5,False
6,2012-02-07,21.07,False
7,2012-02-08,29.669999999999998,False
8,2012-02-09,43.0,False
9,2012-02-10,29.669999999999998,False
10,2012-02-11,8.6,False
11,2012-02-12,6.02,False
12,2012-02-13,20.64,False
13,2012-02-14,15.91,False
14,2012-02-15,32.25,False
15,2012-02-16,12.47,False
16,2012-02-17,22.36,False
17,2012-02-18,8.6,False
18,2012-02-19,12.9,False
19,2012-02-20,12.9,False
20,2012-02-21,25.37,False
21,2012-02-22,21.5,False
22,2012-02-23,14.19,False
23,2012-02-24,31.39,False
24,2012-02-25,15.049999999999999,False
25,2012-02-26,16.77,False
26,2012-02-27,22.79,False
27,2012-02-28,39.99,False
28,2012-02-29,29.669999999999998,False
0,2012-03-01,17.02,False
1,2012-03-02,31.82,False
2,2012-03-03,8.14,False
3,2012-03-04,5.92,False
4,2012-03-05,21.83,False
5,2012-03-06,30.71,False
6,2012-03-07,21.09,False
7,2012-03-08,37.0,False
8,2012-03-09,17.02,False
9,2012-03-10,9.99,False
10,2012-03-11,11.47,False
11,2012-03-12,22.57,False
12,2012-03-13,25.9,False
13,2012-03-14,17.759999999999998,False
14,2012-03-15,24.79,False
15,2012-03-16,22.2,False
16,2012-03-17,8.14,False
17,2012-03-18,4.07,False
18,2012-03-19,29.23,False
19,2012-03-20,21.09,False
20,2012-03-21,25.9,False
21,2012-03-22,11.47,False
22,2012-03-23,15.91,False
23,2012-03-24,9.99,False
24,2012-03-25,8.14,False
25,2012-03-26,16.28,False
26,2012-03-27,9.62,False
27,2012-03-28,22.94,False
28,2012-03-29,23.31,False
29,2012-03-30,17.39,False
30,2012-03-31,9.99,False
0,2012-04-01,8.7,False
1,2012-04-02,20.59,False
2,2012-04-03,20.59,False
3,2012-04-04,17.98,False
4,2012-04-05,17.4,False
5,2012-04-06,14.499999999999998,False
6,2012-04-07,9.86,False
7,2012-04-08,0.0,False
8,2012-04-09,28.999999999999996,False
9,2012-04-10,27.259999999999998,False
10,2012-04-11,19.139999999999997,False
11,2012-04-12,11.6,False
12,2012-04-13,12.18,False
13,2012-04-14,12.18,False
14,2012-04-15,5.22,False
15,2012-04-16,11.309999999999999,False
16,2012-04-17,20.88,False
17,2012-04-18,13.34,False
18,2012-04-19,14.499999999999998,False
19,2012-04-20,13.049999999999999,False
20,2012-04-21,8.7,False
21,2012-04-22,5.22,False
22,2012-04-23,14.209999999999999,False
23,2012-04-24,6.67,False
24,2012-04-25,10.44,False
25,2012-04-26,16.529999999999998,False
26,2012-04-27,8.12,False
27,2012-04-28,6.09,False
28,2012-04-29,3.4799999999999995,False
29,2012-04-30,11.02,False
0,2012-05-01,21.9,False
1,2012-05-02,26.4,False
2,2012-05-03,6.6,False
3,2012-05-04,12.299999999999999,False
4,2012-05-05,0.0,False
5,2012-05-06,3.9,False
6,2012-05-07,13.2,False
7,2012-05-08,12.9,False
8,2012-05-09,26.099999999999998,False
9,2012-05-10,13.5,False
10,2012-05-11,22.5,False
11,2012-05-12,10.2,False
12,2012-05-13,8.1,False
13,2012-05-14,26.099999999999998,False
14,2012-05-15,12.9,False
15,2012-05-16,11.4,False
16,2012-05-17,29.099999999999998,False
17,2012-05-18,30.0,False
18,2012-05-19,12.6,False
19,2012-05-20,10.2,False
20,2012-05-21,11.4,False
21,2012-05-22,18.0,False
22,2012-05-23,8.1,False
23,2012-05-24,30.0,False
24,2012-05-25,21.3,False
25,2012-05-26,4.2,False
26,2012-05-27,4.2,False
27,2012-05-28,3.5999999999999996,False
28,2012-05-29,11.1,False
29,2012-05-30,22.5,False
30,2012-05-31,13.2,False
0,2012-06-01,12.98,False
1,2012-06-02,8.36,False
2,2012-06-03,6.82,False
3,2012-06-04,11.22,False
4,2012-06-05,13.2,False
5,2012-06-06,17.82,False
6,2012-06-07,9.68,False
7,2012-06-08,11.88,False
8,2012-06-09,3.52,False
9,2012-06-10,3.52,False
10,2012-06-11,12.1,False
11,2012-06-12,12.98,False
12,2012-06-13,13.2,False
13,2012-06-14,22.0,False
14,2012-06-15,12.98,False
15,2012-06-16,4.62,False
16,2012-06-17,4.84,False
17,2012-06-18,10.34,False
18,2012-06-19,11.22,False
19,2012-06-20,18.04,False
20,2012-06-21,8.58,False
21,2012-06-22,8.14,False
22,2012-06-23,9.68,False
23,2012-06-24,4.62,False
24,2012-06-25,12.540000000000001,False
25,2012-06-26,8.58,False
26,2012-06-27,10.56,False
27,2012-06-28,9.68,False
28,2012-06-29,12.1,False
29,2012-06-30,3.52,False
0,2012-07-01,3.84,False
1,2012-07-02,12.719999999999999,False
2,2012-07-03,21.36,False
3,2012-07-04,15.12,False
4,2012-07-05,6.72,False
5,2012-07-06,22.56,False
6,2012-07-07,7.92,False
7,2012-07-08,7.92,False
8,2012-07-09,17.04,False
9,2012-07-10,18.96,False
10,2012-07-11,13.92,False
11,2012-07-12,8.64,False
12,2012-07-13,13.44,False
13,2012-07-14,10.08,False
14,2012-07-15,4.08,False
15,2012-07-16,9.6,False
16,2012-07-17,21.36,False
17,2012-07-18,8.64,False
18,2012-07-19,11.04,False
19,2012-07-20,13.68,False
20,2012-07-21,8.16,False
21,2012-07-22,8.16,False
22,2012-07-23,12.959999999999999,False
23,2012-07-24,9.84,False
24,2012-07-25,17.52,False
25,2012-07-26,12.0,False
26,2012-07-27,24.0,False
27,2012-07-28,9.36,False
28,2012-07-29,6.72,False
29,2012-07-30,23.52,False
30,2012-07-31,14.879999999999999,False
0,2012-08-01,15.17,False
1,2012-08-02,22.94,False
2,2012-08-03,17.39,False
3,2012-08-04,8.879999999999999,False
4,2012-08-05,8.879999999999999,False
5,2012-08-06,12.95,False
6,2012-08-07,32.56,False
7,2012-08-08,30.71,False
8,2012-08-09,34.41,False
9,2012-08-10,23.31,False
10,2012-08-11,14.43,False
11,2012-08-12,5.92,False
12,2012-08-13,21.09,False
13,2012-08-14,16.28,False
14,2012-08-15,25.53,False
15,2012-08-16,37.0,False
16,2012-08-17,33.67,False
17,2012-08-18,11.84,False
18,2012-08-19,11.84,False
19,2012-08-20,21.83,False
20,2012-08-21,28.49,False
21,2012-08-22,30.34,False
22,2012-08-23,23.68,False
23,2012-08-24,15.91,False
24,2012-08-25,29.97,False
25,2012-08-26,12.58,False
26,2012-08-27,20.35,False
27,2012-08-28,14.8,False
28,2012-08-29,20.72,False
29,2012-08-30,14.06,False
30,2012-08-31,15.54,False
0,2012-09-01,11.760000000000002,False
1,2012-09-02,6.44,False
2,2012-09-03,4.48,False
3,2012-09-04,14.560000000000002,False
4,2012-09-05,13.72,False
5,2012-09-06,16.240000000000002,False
6,2012-09-07,19.32,False
7,2012-09-08,6.44,False
8,2012-09-09,3.9200000000000004,False
9,2012-09-10,19.880000000000003,False
10,2012-09-11,10.360000000000001,False
11,2012-09-12,28.000000000000004,False
12,2012-09-13,22.12,False
13,2012-09-14,19.880000000000003,False
14,2012-09-15,5.040000000000001,False
15,2012-09-16,6.44,False
16,2012-09-17,10.360000000000001,False
17,2012-09-18,19.6,False
18,2012-09-19,15.680000000000001,False
19,2012-09-20,16.8,False
20,2012-09-21,27.44,False
21,2012-09-22,7.5600000000000005,False
22,2012-09-23,9.8,False
23,2012-09-24,23.520000000000003,False
24,2012-09-25,20.44,False
25,2012-09-26,11.200000000000001,False
26,2012-09-27,26.320000000000004,False
27,2012-09-28,19.6,False
28,2012-09-29,14.000000000000002,False
29,2012-09-30,7.5600000000000005,False
0,2012-10-01,14.43,False
1,2012-10-02,23.68,False
2,2012-10-03,25.53,False
3,2012-10-04,24.79,False
4,2012-10-05,14.43,False
5,2012-10-06,5.55,False
6,2012-10-07,5.55,False
7,2012-10-08,18.5,False
8,2012-10-09,27.38,False
9,2012-10-10,13.69,False
10,2012-10-11,26.27,False
11,2012-10-12,27.75,False
12,2012-10-13,7.4,False
13,2012-10-14,3.7,False
14,2012-10-15,21.09,False
15,2012-10-16,34.78,False
16,2012-10-17,18.13,False
17,2012-10-18,32.19,False
18,2012-10-19,37.0,False
19,2012-10-20,9.25,False
20,2012-10-21,7.4,False
21,2012-10-22,21.09,False
22,2012-10-23,21.09,False
23,2012-10-24,28.86,False
24,2012-10-25,31.08,False
25,2012-10-26,19.61,False
26,2012-10-27,7.4,False
27,2012-10-28,7.03,False
28,2012-10-29,4.4399999999999995,False
29,2012-10-30,7.4,False
30,2012-10-31,17.02,False
0,2012-11-01,23.56,False
1,2012-11-02,25.419999999999998,False
2,2012-11-03,9.92,False
3,2012-11-04,6.51,False
4,2012-11-05,10.85,False
5,2012-11-06,27.28,False
6,2012-11-07,20.15,False
7,2012-11-08,23.56,False
8,2012-11-09,16.12,False
9,2012-11-10,11.78,False
10,2012-11-11,6.51,False
11,2012-11-12,16.43,False
12,2012-11-13,20.77,False
13,2012-11-14,5.58,False
14,2012-11-15,15.5,False
15,2012-11-16,10.23,False
16,2012-11-17,4.96,False
17,2012-11-18,6.51,False
18,2012-11-19,18.91,False
19,2012-11-20,16.12,False
20,2012-11-21,16.74,False
21,2012-11-22,2.79,False
22,2012-11-23,14.57,False
23,2012-11-24,9.92,False
24,2012-11-25,4.65,False
25,2012-11-26,15.81,False
26,2012-11-27,18.6,False
27,2012-11-28,22.63,False
28,2012-11-29,31.0,False
29,2012-11-30,22.63,False
0,2012-12-01,8.99,False
1,2012-12-02,11.47,False
2,2012-12-03,21.39,False
3,2012-12-04,15.81,False
4,2012-12-05,21.39,False
5,2012-12-06,25.11,False
6,2012-12-07,24.8,False
7,2012-12-08,7.75,False
8,2012-12-09,5.58,False
9,2012-12-10,22.01,False
10,2012-12-11,14.879999999999999,False
11,2012-12-12,20.46,False
12,2012-12-13,20.77,False
13,2012-12-14,20.15,False
14,2012-12-15,11.47,False
15,2012-12-16,8.99,False
16,2012-12-17,25.73,False
17,2012-12-18,30.38,False
18,2012-12-19,31.0,False
19,2012-12-20,20.15,False
20,2012-12-21,29.45,False
21,2012-12-22,20.15,False
22,2012-12-23,8.37,False
23,2012-12-24,14.879999999999999,False
24,2012-12-25,9.92,False
25,2012-12-26,24.49,False
26,2012-12-27,26.66,False
27,2012-12-28,18.91,False
28,2012-12-29,10.54,False
29,2012-12-30,9.3,False
30,2012-12-31,19.84,False
0,2013-01-01,10.25,False
1,2013-01-02,34.44,False
2,2013-01-03,38.129999999999995,False
3,2013-01-04,34.85,False
4,2013-01-05,10.66,False
5,2013-01-06,15.989999999999998,False
6,2013-01-07,38.129999999999995,False
7,2013-01-08,38.949999999999996,False
8,2013-01-09,36.489999999999995,False
9,2013-01-10,29.11,False
10,2013-01-11,35.669999999999995,False
11,2013-01-12,20.91,False
12,2013-01-13,7.789999999999999,False
13,2013-01-14,29.93,False
14,2013-01-15,28.29,False
15,2013-01-16,26.24,False
16,2013-01-17,25.419999999999998,False
17,2013-01-18,35.26,False
18,2013-01-19,9.02,False
19,2013-01-20,11.479999999999999,False
20,2013-01-21,11.889999999999999,False
21,2013-01-22,21.73,False
22,2013-01-23,26.24,False
23,2013-01-24,41.0,False
24,2013-01-25,17.22,False
25,2013-01-26,18.04,False
26,2013-01-27,7.789999999999999,False
27,2013-01-28,34.44,False
28,2013-01-29,36.489999999999995,False
29,2013-01-30,27.88,False
30,2013-01-31,17.63,False
0,2013-02-01,35.0,False
1,2013-02-02,11.2,False
2,2013-02-03,9.45,False
3,2013-02-04,35.0,False
4,2013-02-05,28.7,False
5,2013-02-06,32.9,False
6,2013-02-07,25.9,False
7,2013-02-08,24.5,False
8,2013-02-09,9.799999999999999,False
9,2013-02-10,11.549999999999999,False
10,2013-02-11,19.599999999999998,False
11,2013-02-12,19.599999999999998,False
12,2013-02-13,21.349999999999998,False
13,2013-02-14,24.15,False
14,2013-02-15,26.95,False
15,2013-02-16,7.699999999999999,False
16,2013-02-17,7.35,False
17,2013-02-18,14.7,False
18,2013-02-19,17.849999999999998,False
19,2013-02-20,19.95,False
20,2013-02-21,22.4,False
21,2013-02-22,18.549999999999997,False
22,2013-02-23,11.2,False
23,2013-02-24,5.6,False
24,2013-02-25,24.5,False
25,2013-02-26,23.799999999999997,False
26,2013-02-27,18.9,False
27,2013-02-28,24.5,False
0,2013-03-01,16.74,False
1,2013-03-02,8.06,False
2,2013-03-03,4.65,False
3,2013-03-04,19.84,False
4,2013-03-05,31.0,False
5,2013-03-06,22.63,False
6,2013-03-07,21.7,False
7,2013-03-08,19.53,False
8,2013-03-09,11.16,False
9,2013-03-10,6.2,False
10,2013-03-11,22.63,False
11,2013-03-12,11.78,False
12,2013-03-13,23.25,False
13,2013-03-14,21.39,False
14,2013-03-15,19.22,False
15,2013-03-16,4.65,False
16,2013-03-17,9.3,False
17,2013-03-18,15.81,False
18,2013-03-19,11.78,False
19,2013-03-20,21.39,False
20,2013-03-21,21.39,False
21,2013-03-22,15.19,False
22,2013-03-23,7.75,False
23,2013-03-24,3.1,False
24,2013-03-25,11.78,False
25,2013-03-26,14.57,False
26,2013-03-27,16.43,False
27,2013-03-28,12.709999999999999,False
28,2013-03-29,10.54,False
29,2013-03-30,8.06,False
30,2013-03-31,6.51,False
0,2013-04-01,5.67,False
1,2013-04-02,11.610000000000001,False
2,2013-04-03,12.690000000000001,False
3,2013-04-04,12.690000000000001,False
4,2013-04-05,15.39,False
5,2013-04-06,8.91,False
6,2013-04-07,0.0,False
7,2013-04-08,10.530000000000001,False
8,2013-04-09,10.530000000000001,False
9,2013-04-10,14.850000000000001,False
10,2013-04-11,14.850000000000001,False
11,2013-04-12,9.99,False
12,2013-04-13,2.7,False
13,2013-04-14,2.43,False
14,2013-04-15,9.450000000000001,False
15,2013-04-16,17.01,False
16,2013-04-17,20.25,False
17,2013-04-18,12.96,False
18,2013-04-19,9.99,False
19,2013-04-20,2.43,False
20,2013-04-21,2.43,False
21,2013-04-22,8.370000000000001,False
22,2013-04-23,8.370000000000001,False
23,2013-04-24,14.040000000000001,False
24,2013-04-25,6.48,False
25,2013-04-26,8.91,False
26,2013-04-27,2.43,False
27,2013-04-28,2.43,False
28,2013-04-29,10.530000000000001,False
29,2013-04-30,27.0,False
0,2013-05-01,37.0,False
1,2013-05-02,34.41,False
2,2013-05-03,28.86,False
3,2013-05-04,7.03,False
4,2013-05-05,8.14,False
5,2013-05-06,20.35,False
6,2013-05-07,17.39,False
7,2013-05-08,23.31,False
8,2013-05-09,22.2,False
9,2013-05-10,16.28,False
10,2013-05-11,9.25,False
11,2013-05-12,5.18,False
12,2013-05-13,9.62,False
13,2013-05-14,26.64,False
14,2013-05-15,32.56,False
15,2013-05-16,21.09,False
16,2013-05-17,30.34,False
17,2013-05-18,5.92,False
18,2013-05-19,4.81,False
19,2013-05-20,21.09,False
20,2013-05-21,27.009999999999998,False
21,2013-05-22,23.68,False
22,2013-05-23,24.05,False
23,2013-05-24,22.2,False
24,2013-05-25,15.54,False
25,2013-05-26,7.03,False
26,2013-05-27,8.879999999999999,False
27,2013-05-28,26.27,False
28,2013-05-29,25.16,False
29,2013-05-30,19.24,False
30,2013-05-31,19.24,False
0,2013-06-01,10.729999999999999,False
1,2013-06-02,7.249999999999999,False
2,2013-06-03,16.82,False
3,2013-06-04,23.779999999999998,False
4,2013-06-05,26.97,False
5,2013-06-06,22.33,False
6,2013-06-07,24.069999999999997,False
7,2013-06-08,12.76,False
8,2013-06-09,7.249999999999999,False
9,2013-06-10,25.52,False
10,2013-06-11,20.299999999999997,False
11,2013-06-12,20.88,False
12,2013-06-13,24.069999999999997,False
13,2013-06-14,25.52,False
14,2013-06-15,11.02,False
15,2013-06-16,6.09,False
16,2013-06-17,15.95,False
17,2013-06-18,28.999999999999996,False
18,2013-06-19,23.779999999999998,False
19,2013-06-20,16.24,False
20,2013-06-21,25.81,False
21,2013-06-22,6.09,False
22,2013-06-23,4.93,False
23,2013-06-24,17.11,False
24,2013-06-25,17.98,False
25,2013-06-26,17.11,False
26,2013-06-27,25.229999999999997,False
27,2013-06-28,23.2,False
28,2013-06-29,12.469999999999999,False
29,2013-06-30,9.28,False
0,2013-07-01,25.6,False
1,2013-07-02,14.4,False
2,2013-07-03,18.0,False
3,2013-07-04,12.0,False
4,2013-07-05,18.400000000000002,False
5,2013-07-06,8.4,False
6,2013-07-07,14.8,False
7,2013-07-08,21.200000000000003,False
8,2013-07-09,24.8,False
9,2013-07-10,31.6,False
10,2013-07-11,29.6,False
11,2013-07-12,34.4,False
12,2013-07-13,15.200000000000001,False
13,2013-07-14,6.800000000000001,False
14,2013-07-15,27.200000000000003,False
15,2013-07-16,27.200000000000003,False
16,2013-07-17,24.0,False
17,2013-07-18,23.200000000000003,False
18,2013-07-19,35.6,False
19,2013-07-20,11.200000000000001,False
20,2013-07-21,8.4,False
21,2013-07-22,26.0,False
22,2013-07-23,40.0,False
23,2013-07-24,31.6,False
24,2013-07-25,31.200000000000003,False
25,2013-07-26,29.6,False
26,2013-07-27,8.4,False
27,2013-07-28,9.600000000000001,False
28,2013-07-29,22.400000000000002,False
29,2013-07-30,25.6,False
30,2013-07-31,23.6,False
0,2013-08-01,22.11,False
1,2013-08-02,21.78,False
2,2013-08-03,6.930000000000001,False
3,2013-08-04,8.25,False
4,2013-08-05,13.860000000000001,False
5,2013-08-06,16.5,False
6,2013-08-07,16.5,False
7,2013-08-08,24.09,False
8,2013-08-09,15.84,False
9,2013-08-10,10.23,False
10,2013-08-11,3.3000000000000003,False
11,2013-08-12,17.490000000000002,False
12,2013-08-13,21.78,False
13,2013-08-14,33.0,False
14,2013-08-15,24.42,False
15,2013-08-16,23.1,False
16,2013-08-17,8.25,False
17,2013-08-18,4.95,False
18,2013-08-19,12.21,False
19,2013-08-20,21.45,False
20,2013-08-21,21.45,False
21,2013-08-22,9.57,False
22,2013-08-23,19.8,False
23,2013-08-24,8.25,False
24,2013-08-25,6.2700000000000005,False
25,2013-08-26,21.12,False
26,2013-08-27,15.510000000000002,False
27,2013-08-28,15.510000000000002,False
28,2013-08-29,15.84,False
29,2013-08-30,23.43,False
30,2013-08-31,7.92,False
0,2013-09-01,3.5,False
1,2013-09-02,11.899999999999999,False
2,2013-09-03,22.75,False
3,2013-09-04,18.2,False
4,2013-09-05,14.35,False
5,2013-09-06,26.25,False
6,2013-09-07,5.25,False
7,2013-09-08,3.5,False
8,2013-09-09,24.5,False
9,2013-09-10,24.15,False
10,2013-09-11,22.4,False
11,2013-09-12,35.0,False
12,2013-09-13,21.7,False
13,2013-09-14,13.649999999999999,False
14,2013-09-15,6.6499999999999995,False
15,2013-09-16,25.9,False
16,2013-09-17,18.549999999999997,False
17,2013-09-18,18.9,False
18,2013-09-19,28.349999999999998,False
19,2013-09-20,31.849999999999998,False
20,2013-09-21,12.25,False
21,2013-09-22,8.75,False
22,2013-09-23,21.7,False
23,2013-09-24,28.0,False
24,2013-09-25,30.45,False
25,2013-09-26,25.9,False
26,2013-09-27,18.9,False
27,2013-09-28,5.25,False
28,2013-09-29,5.6,False
29,2013-09-30,15.749999999999998,False
0,2013-10-01,17.6,False
1,2013-10-02,19.6,False
2,2013-10-03,33.6,False
3,2013-10-04,19.6,False
4,2013-10-05,7.2,False
5,2013-10-06,12.0,False
6,2013-10-07,18.8,False
7,2013-10-08,16.0,False
8,2013-10-09,20.400000000000002,False
9,2013-10-10,35.6,False
10,2013-10-11,18.8,False
11,2013-10-12,6.4,False
12,2013-10-13,7.6000000000000005,False
13,2013-10-14,16.400000000000002,False
14,2013-10-15,17.2,False
15,2013-10-16,22.400000000000002,False
16,2013-10-17,23.6,False
17,2013-10-18,30.400000000000002,False
18,2013-10-19,11.200000000000001,False
19,2013-10-20,8.8,False
20,2013-10-21,24.400000000000002,False
21,2013-10-22,25.200000000000003,False
22,2013-10-23,33.6,False
23,2013-10-24,34.800000000000004,False
24,2013-10-25,40.0,False
25,2013-10-26,14.0,False
26,2013-10-27,2.8000000000000003,False
27,2013-10-28,24.8,False
28,2013-10-29,36.0,False
29,2013-10-30,20.400000000000002,False
30,2013-10-31,19.200000000000003,False
0,2013-11-01,30.03,False
1,2013-11-02,9.57,False
2,2013-11-03,3.3000000000000003,False
3,2013-11-04,24.42,False
4,2013-11-05,24.09,False
5,2013-11-06,26.07,False
6,2013-11-07,24.75,False
7,2013-11-08,27.720000000000002,False
8,2013-11-09,10.56,False
9,2013-11-10,10.23,False
10,2013-11-11,26.07,False
11,2013-11-12,21.45,False
12,2013-11-13,19.470000000000002,False
13,2013-11-14,20.790000000000003,False
14,2013-11-15,33.0,False
15,2013-11-16,13.860000000000001,False
16,2013-11-17,10.23,False
17,2013-11-18,22.11,False
18,2013-11-19,20.130000000000003,False
19,2013-11-20,22.11,False
20,2013-11-21,22.44,False
21,2013-11-22,20.130000000000003,False
22,2013-11-23,7.92,False
23,2013-11-24,4.95,False
24,2013-11-25,15.180000000000001,False
25,2013-11-26,26.73,False
26,2013-11-27,27.060000000000002,False
27,2013-11-28,9.24,False
28,2013-11-29,13.530000000000001,False
29,2013-11-30,11.55,False
0,2013-12-01,6.51,False
1,2013-12-02,20.77,False
2,2013-12-03,27.9,False
3,2013-12-04,15.5,False
4,2013-12-05,25.73,False
5,2013-12-06,21.7,False
6,2013-12-07,9.61,False
7,2013-12-08,4.65,False
8,2013-12-09,19.53,False
9,2013-12-10,16.74,False
10,2013-12-11,24.8,False
11,2013-12-12,23.25,False
12,2013-12-13,15.81,False
13,2013-12-14,11.78,False
14,2013-12-15,5.89,False
15,2013-12-16,25.73,False
16,2013-12-17,30.38,False
17,2013-12-18,22.32,False
18,2013-12-19,18.91,False
19,2013-12-20,20.77,False
20,2013-12-21,11.16,False
21,2013-12-22,6.2,False
22,2013-12-23,21.08,False
23,2013-12-24,18.29,False
24,2013-12-25,5.27,False
25,2013-12-26,28.52,False
26,2013-12-27,31.0,False
27,2013-12-28,19.22,False
28,2013-12-29,4.96,False
29,2013-12-30,18.29,False
30,2013-12-31,30.07,False
0,2014-01-01,12.4,False
1,2014-01-02,24.0,False
2,2014-01-03,24.0,False
3,2014-01-04,16.8,False
4,2014-01-05,4.0,False
5,2014-01-06,33.6,False
6,2014-01-07,40.0,False
7,2014-01-08,29.200000000000003,False
8,2014-01-09,29.6,False
9,2014-01-10,32.0,False
10,2014-01-11,4.0,False
11,2014-01-12,6.800000000000001,False
12,2014-01-13,22.0,False
13,2014-01-14,30.0,False
14,2014-01-15,30.400000000000002,False
15,2014-01-16,20.0,False
16,2014-01-17,18.0,False
17,2014-01-18,4.0,False
18,2014-01-19,5.2,False
19,2014-01-20,11.600000000000001,False
20,2014-01-21,22.0,False
21,2014-01-22,11.600000000000001,False
22,2014-01-23,31.200000000000003,False
23,2014-01-24,18.0,False
24,2014-01-25,10.8,False
25,2014-01-26,5.6000000000000005,False
26,2014-01-27,17.2,False
27,2014-01-28,19.200000000000003,False
28,2014-01-29,19.6,False
29,2014-01-30,14.0,False
30,2014-01-31,16.8,False
0,2014-02-01,8.7,False
1,2014-02-02,10.5,False
2,2014-02-03,18.0,False
3,2014-02-04,30.0,False
4,2014-02-05,19.5,False
5,2014-02-06,21.3,False
6,2014-02-07,15.0,False
7,2014-02-08,11.4,False
8,2014-02-09,7.199999999999999,False
9,2014-02-10,20.099999999999998,False
10,2014-02-11,19.2,False
11,2014-02-12,20.099999999999998,False
12,2014-02-13,22.8,False
13,2014-02-14,18.0,False
14,2014-02-15,10.799999999999999,False
15,2014-02-16,5.7,False
16,2014-02-17,7.5,False
17,2014-02-18,19.5,False
18,2014-02-19,18.9,False
19,2014-02-20,17.4,False
20,2014-02-21,10.2,False
21,2014-02-22,11.4,False
22,2014-02-23,8.7,False
23,2014-02-24,15.899999999999999,False
24,2014-02-25,21.599999999999998,False
25,2014-02-26,12.0,False
26,2014-02-27,22.8,False
27,2014-02-28,19.8,False
0,2014-03-01,7.4399999999999995,False
1,2014-03-02,8.37,False
2,2014-03-03,21.08,False
3,2014-03-04,22.32,False
4,2014-03-05,27.59,False
5,2014-03-06,23.87,False
6,2014-03-07,24.18,False
7,2014-03-08,4.96,False
8,2014-03-09,6.51,False
9,2014-03-10,14.879999999999999,False
10,2014-03-11,31.0,False
11,2014-03-12,31.0,False
12,2014-03-13,18.6,False
13,2014-03-14,25.11,False
14,2014-03-15,9.61,False
15,2014-03-16,11.16,False
16,2014-03-17,24.8,False
17,2014-03-18,19.22,False
18,2014-03-19,22.01,False
19,2014-03-20,24.18,False
20,2014-03-21,26.66,False
21,2014-03-22,6.51,False
22,2014-03-23,8.37,False
23,2014-03-24,17.98,False
24,2014-03-25,30.38,False
25,2014-03-26,17.36,False
26,2014-03-27,25.11,False
27,2014-03-28,23.87,False
28,2014-03-29,5.27,False
29,2014-03-30,8.68,False
30,2014-03-31,20.77,False
0,2014-04-01,16.200000000000003,False
1,2014-04-02,21.330000000000002,False
2,2014-04-03,27.0,False
3,2014-04-04,15.930000000000001,False
4,2014-04-05,11.07,False
5,2014-04-06,4.050000000000001,False
6,2014-04-07,15.120000000000001,False
7,2014-04-08,14.040000000000001,False
8,2014-04-09,17.55,False
9,2014-04-10,25.110000000000003,False
10,2014-04-11,21.330000000000002,False
11,2014-04-12,5.67,False
12,2014-04-13,11.34,False
13,2014-04-14,12.96,False
14,2014-04-15,18.900000000000002,False
15,2014-04-16,21.6,False
16,2014-04-17,21.6,False
17,2014-04-18,15.120000000000001,False
18,2014-04-19,7.290000000000001,False
19,2014-04-20,2.97,False
20,2014-04-21,11.610000000000001,False
21,2014-04-22,14.040000000000001,False
22,2014-04-23,14.040000000000001,False
23,2014-04-24,17.82,False
24,2014-04-25,17.55,False
25,2014-04-26,5.67,False
26,2014-04-27,6.75,False
27,2014-04-28,19.71,False
28,2014-04-29,13.770000000000001,False
29,2014-04-30,20.25,False
0,2014-05-01,15.64,False
1,2014-05-02,20.01,False
2,2014-05-03,11.5,False
3,2014-05-04,4.37,False
4,2014-05-05,21.62,False
5,2014-05-06,7.36,False
6,2014-05-07,13.110000000000001,False
7,2014-05-08,16.330000000000002,False
8,2014-05-09,10.120000000000001,False
9,2014-05-10,5.29,False
10,2014-05-11,6.44,False
11,2014-05-12,12.190000000000001,False
12,2014-05-13,10.120000000000001,False
13,2014-05-14,10.35,False
14,2014-05-15,11.96,False
15,2014-05-16,13.110000000000001,False
16,2014-05-17,6.67,False
17,2014-05-18,4.37,False
18,2014-05-19,16.1,False
19,2014-05-20,14.030000000000001,False
20,2014-05-21,15.180000000000001,False
21,2014-05-22,14.030000000000001,False
22,2014-05-23,14.49,False
23,2014-05-24,2.99,False
24,2014-05-25,8.97,False
25,2014-05-26,5.0600000000000005,False
26,2014-05-27,23.0,False
27,2014-05-28,12.190000000000001,False
28,2014-05-29,18.400000000000002,False
29,2014-05-30,14.72,False
30,2014-05-31,7.590000000000001,False
0,2014-06-01,5.94,False
1,2014-06-02,13.42,False
2,2014-06-03,16.94,False
3,2014-06-04,10.34,False
4,2014-06-05,14.52,False
5,2014-06-06,16.5,False
6,2014-06-07,3.52,False
7,2014-06-08,5.5,False
8,2014-06-09,21.56,False
9,2014-06-10,20.68,False
10,2014-06-11,14.3,False
11,2014-06-12,13.64,False
12,2014-06-13,17.16,False
13,2014-06-14,4.62,False
14,2014-06-15,7.04,False
15,2014-06-16,15.4,False
16,2014-06-17,20.24,False
17,2014-06-18,15.62,False
18,2014-06-19,22.0,False
19,2014-06-20,14.52,False
20,2014-06-21,3.52,False
21,2014-06-22,7.04,False
22,2014-06-23,17.6,False
23,2014-06-24,14.52,False
24,2014-06-25,17.38,False
25,2014-06-26,14.74,False
26,2014-06-27,15.4,False
27,2014-06-28,5.28,False
28,2014-06-29,7.04,False
29,2014-06-30,11.66,False
0,2014-07-01,15.860000000000001,False
1,2014-07-02,8.84,False
2,2014-07-03,12.74,False
3,2014-07-04,6.76,False
4,2014-07-05,6.5,False
5,2014-07-06,4.94,False
6,2014-07-07,19.5,False
7,2014-07-08,21.84,False
8,2014-07-09,12.48,False
9,2014-07-10,16.900000000000002,False
10,2014-07-11,14.82,False
11,2014-07-12,9.620000000000001,False
12,2014-07-13,3.12,False
13,2014-07-14,12.22,False
14,2014-07-15,18.46,False
15,2014-07-16,20.02,False
16,2014-07-17,18.98,False
17,2014-07-18,14.040000000000001,False
18,2014-07-19,5.46,False
19,2014-07-20,3.12,False
20,2014-07-21,20.28,False
21,2014-07-22,15.08,False
22,2014-07-23,16.38,False
23,2014-07-24,7.28,False
24,2014-07-25,11.440000000000001,False
25,2014-07-26,6.5,False
26,2014-07-27,4.94,False
27,2014-07-28,13.52,False
28,2014-07-29,26.0,False
29,2014-07-30,14.3,False
30,2014-07-31,16.12,False
0,2014-08-01,21.0,False
1,2014-08-02,8.61,False
2,2014-08-03,4.62,False
3,2014-08-04,13.229999999999999,False
4,2014-08-05,14.07,False
5,2014-08-06,16.169999999999998,False
6,2014-08-07,20.37,False
7,2014-08-08,9.03,False
8,2014-08-09,6.93,False
9,2014-08-10,5.25,False
10,2014-08-11,15.959999999999999,False
11,2014-08-12,16.8,False
12,2014-08-13,15.75,False
13,2014-08-14,15.33,False
14,2014-08-15,16.38,False
15,2014-08-16,5.67,False
16,2014-08-17,4.41,False
17,2014-08-18,15.12,False
18,2014-08-19,20.58,False
19,2014-08-20,13.02,False
20,2014-08-21,18.689999999999998,False
21,2014-08-22,12.6,False
22,2014-08-23,5.04,False
23,2014-08-24,9.87,False
24,2014-08-25,16.38,False
25,2014-08-26,15.33,False
26,2014-08-27,12.6,False
27,2014-08-28,11.969999999999999,False
28,2014-08-29,14.49,False
29,2014-08-30,6.72,False
30,2014-08-31,0.0,False
0,2014-09-01,3.0,False
1,2014-09-02,16.0,False
2,2014-09-03,14.600000000000001,False
3,2014-09-04,19.200000000000003,False
4,2014-09-05,20.0,False
5,2014-09-06,5.4,False
6,2014-09-07,3.6,False
7,2014-09-08,14.600000000000001,False
8,2014-09-09,15.600000000000001,False
9,2014-09-10,13.0,False
10,2014-09-11,17.6,False
11,2014-09-12,9.200000000000001,False
12,2014-09-13,10.600000000000001,False
13,2014-09-14,7.0,False
14,2014-09-15,7.2,False
15,2014-09-16,18.8,False
16,2014-09-17,19.0,False
17,2014-09-18,8.8,False
18,2014-09-19,18.400000000000002,False
19,2014-09-20,6.800000000000001,False
20,2014-09-21,10.200000000000001,False
21,2014-09-22,12.8,False
22,2014-09-23,11.600000000000001,False
23,2014-09-24,10.200000000000001,False
24,2014-09-25,11.8,False
25,2014-09-26,9.200000000000001,False
26,2014-09-27,7.0,False
27,2014-09-28,5.2,False
28,2014-09-29,5.800000000000001,False
29,2014-09-30,10.0,False
0,2014-10-01,10.600000000000001,False
1,2014-10-02,9.8,False
2,2014-10-03,13.600000000000001,False
3,2014-10-04,5.4,False
4,2014-10-05,3.4000000000000004,False
5,2014-10-06,12.4,False
6,2014-10-07,17.400000000000002,False
7,2014-10-08,13.4,False
8,2014-10-09,18.400000000000002,False
9,2014-10-10,14.200000000000001,False
10,2014-10-11,7.0,False
11,2014-10-12,3.4000000000000004,False
12,2014-10-13,14.200000000000001,False
13,2014-10-14,7.6000000000000005,False
14,2014-10-15,20.0,False
15,2014-10-16,12.4,False
16,2014-10-17,14.0,False
17,2014-10-18,10.4,False
18,2014-10-19,8.4,False
19,2014-10-20,17.0,False
20,2014-10-21,17.8,False
21,2014-10-22,7.6000000000000005,False
22,2014-10-23,13.4,False
23,2014-10-24,18.0,False
24,2014-10-25,6.800000000000001,False
25,2014-10-26,5.0,False
26,2014-10-27,15.0,False
27,2014-10-28,15.0,False
28,2014-10-29,10.4,False
29,2014-10-30,8.6,False
30,2014-10-31,14.200000000000001,False
0,2014-11-01,5.3999999999999995,False
1,2014-11-02,0.0,False
2,2014-11-03,9.75,False
3,2014-11-04,13.2,False
4,2014-11-05,8.85,False
5,2014-11-06,8.85,False
6,2014-11-07,10.2,False
7,2014-11-08,5.25,False
8,2014-11-09,6.45,False
9,2014-11-10,8.85,False
10,2014-11-11,5.1,False
11,2014-11-12,7.35,False
12,2014-11-13,14.7,False
13,2014-11-14,11.549999999999999,False
14,2014-11-15,7.05,False
15,2014-11-16,4.2,False
16,2014-11-17,5.85,False
17,2014-11-18,15.0,False
18,2014-11-19,7.6499999999999995,False
19,2014-11-20,12.0,False
20,2014-11-21,10.799999999999999,False
21,2014-11-22,4.35,False
22,2014-11-23,5.1,False
23,2014-11-24,7.949999999999999,False
24,2014-11-25,12.45,False
25,2014-11-26,7.35,False
26,2014-11-27,3.0,False
27,2014-11-28,7.05,False
28,2014-11-29,3.9,False
29,2014-11-30,2.55,False
0,2014-12-01,12.0,False
1,2014-12-02,11.040000000000001,False
2,2014-12-03,12.32,False
3,2014-12-04,15.52,False
4,2014-12-05,10.72,False
5,2014-12-06,5.6000000000000005,False
6,2014-12-07,3.68,False
7,2014-12-08,9.44,False
8,2014-12-09,13.76,False
9,2014-12-10,15.36,False
10,2014-12-11,15.68,False
11,2014-12-12,12.0,False
12,2014-12-13,11.200000000000001,False
13,2014-12-14,0.0,False
14,2014-12-15,13.44,False
15,2014-12-16,8.32,False
16,2014-12-17,11.68,False
17,2014-12-18,10.88,False
18,2014-12-19,14.72,False
19,2014-12-20,5.12,False
20,2014-12-21,5.12,False
21,2014-12-22,11.040000000000001,False
22,2014-12-23,16.0,False
23,2014-12-24,11.52,False
24,2014-12-25,9.76,False
25,2014-12-26,8.48,False
26,2014-12-27,6.24,False
27,2014-12-28,3.68,False
28,2014-12-29,15.36,False
29,2014-12-30,8.96,False
30,2014-12-31,13.76,False
0,2015-01-01,4.760000000000001,False
1,2015-01-02,9.690000000000001,False
2,2015-01-03,7.3100000000000005,False
3,2015-01-04,5.78,False
4,2015-01-05,7.48,False
5,2015-01-06,4.930000000000001,False
6,2015-01-07,13.260000000000002,False
7,2015-01-08,17.0,False
8,2015-01-09,12.41,False
9,2015-01-10,6.970000000000001,False
10,2015-01-11,5.61,False
11,2015-01-12,4.760000000000001,False
12,2015-01-13,10.71,False
13,2015-01-14,7.140000000000001,False
14,2015-01-15,7.3100000000000005,False
15,2015-01-16,6.12,False
16,2015-01-17,2.89,False
17,2015-01-18,0.0,False
18,2015-01-19,7.140000000000001,False
19,2015-01-20,15.47,False
20,2015-01-21,9.350000000000001,False
21,2015-01-22,10.71,False
22,2015-01-23,7.3100000000000005,False
23,2015-01-24,5.61,False
24,2015-01-25,2.72,False
25,2015-01-26,10.540000000000001,False
26,2015-01-27,14.110000000000001,False
27,2015-01-28,10.540000000000001,False
28,2015-01-29,15.47,False
29,2015-01-30,14.620000000000001,False
30,2015-01-31,8.33,False
0,2015-02-01,2.86,False
1,2015-02-02,4.84,False
2,2015-02-03,7.26,False
3,2015-02-04,15.62,False
4,2015-02-05,19.580000000000002,False
5,2015-02-06,16.5,False
6,2015-02-07,2.86,False
7,2015-02-08,4.18,False
8,2015-02-09,12.1,False
9,2015-02-10,11.88,False
10,2015-02-11,13.2,False
11,2015-02-12,22.0,False
12,2015-02-13,20.46,False
13,2015-02-14,2.86,False
14,2015-02-15,8.58,False
15,2015-02-16,10.12,False
16,2015-02-17,17.38,False
17,2015-02-18,11.0,False
18,2015-02-19,18.48,False
19,2015-02-20,10.12,False
20,2015-02-21,5.72,False
21,2015-02-22,4.18,False
22,2015-02-23,4.84,False
23,2015-02-24,10.56,False
24,2015-02-25,16.94,False
25,2015-02-26,16.94,False
26,2015-02-27,13.64,False
27,2015-02-28,2.86,False
0,2015-03-01,2.4000000000000004,False
1,2015-03-02,11.8,False
2,2015-03-03,14.0,False
3,2015-03-04,14.0,False
4,2015-03-05,14.200000000000001,False
5,2015-03-06,14.8,False
6,2015-03-07,5.0,False
7,2015-03-08,4.2,False
8,2015-03-09,9.200000000000001,False
9,2015-03-10,13.200000000000001,False
10,2015-03-11,11.8,False
11,2015-03-12,8.6,False
12,2015-03-13,11.0,False
13,2015-03-14,3.2,False
14,2015-03-15,4.800000000000001,False
15,2015-03-16,9.8,False
16,2015-03-17,9.8,False
17,2015-03-18,20.0,False
18,2015-03-19,12.600000000000001,False
19,2015-03-20,10.8,False
20,2015-03-21,3.8000000000000003,False
21,2015-03-22,4.0,False
22,2015-03-23,11.8,False
23,2015-03-24,13.200000000000001,False
24,2015-03-25,6.2,False
25,2015-03-26,7.4,False
26,2015-03-27,11.8,False
27,2015-03-28,5.4,False
28,2015-03-29,3.4000000000000004,False
29,2015-03-30,9.8,False
30,2015-03-31,5.6000000000000005,False
0,2015-04-01,7.199999999999999,False
1,2015-04-02,15.84,False
2,2015-04-03,6.3,False
3,2015-04-04,8.64,False
4,2015-04-05,2.88,False
5,2015-04-06,17.46,False
6,2015-04-07,15.479999999999999,False
7,2015-04-08,14.04,False
8,2015-04-09,15.12,False
9,2015-04-10,15.84,False
10,2015-04-11,4.14,False
11,2015-04-12,4.14,False
12,2015-04-13,13.32,False
13,2015-04-14,12.42,False
14,2015-04-15,11.7,False
15,2015-04-16,7.02,False
16,2015-04-17,9.9,False
17,2015-04-18,2.88,False
18,2015-04-19,5.58,False
19,2015-04-20,14.76,False
20,2015-04-21,9.54,False
21,2015-04-22,8.64,False
22,2015-04-23,14.399999999999999,False
23,2015-04-24,13.86,False
24,2015-04-25,6.4799999999999995,False
25,2015-04-26,3.5999999999999996,False
26,2015-04-27,5.3999999999999995,False
27,2015-04-28,14.76,False
28,2015-04-29,18.0,False
29,2015-04-30,9.719999999999999,False
0,2015-05-01,9.1,False
1,2015-05-02,3.5100000000000002,False
2,2015-05-03,2.6,False
3,2015-05-04,10.27,False
4,2015-05-05,10.27,False
5,2015-05-06,11.700000000000001,False
6,2015-05-07,10.4,False
7,2015-05-08,10.92,False
8,2015-05-09,8.97,False
9,2015-05-10,2.73,False
10,2015-05-11,5.07,False
11,2015-05-12,9.49,False
12,2015-05-13,6.63,False
13,2015-05-14,12.09,False
14,2015-05-15,5.33,False
15,2015-05-16,3.9000000000000004,False
16,2015-05-17,2.6,False
17,2015-05-18,7.930000000000001,False
18,2015-05-19,13.0,False
19,2015-05-20,7.28,False
20,2015-05-21,9.620000000000001,False
21,2015-05-22,10.790000000000001,False
22,2015-05-23,5.33,False
23,2015-05-24,5.33,False
24,2015-05-25,2.21,False
25,2015-05-26,10.01,False
26,2015-05-27,7.930000000000001,False
27,2015-05-28,10.92,False
28,2015-05-29,11.440000000000001,False
29,2015-05-30,5.2,False
30,2015-05-31,2.6,False
0,2015-06-01,10.22,False
1,2015-06-02,10.360000000000001,False
2,2015-06-03,7.280000000000001,False
3,2015-06-04,14.000000000000002,False
4,2015-06-05,3.22,False
5,2015-06-06,8.82,False
6,2015-06-07,3.7800000000000002,False
7,2015-06-08,8.120000000000001,False
8,2015-06-09,6.16,False
9,2015-06-10,12.32,False
10,2015-06-11,7.420000000000001,False
11,2015-06-12,6.580000000000001,False
12,2015-06-13,2.5200000000000005,False
13,2015-06-14,0.0,False
14,2015-06-15,5.040000000000001,False
15,2015-06-16,10.22,False
16,2015-06-17,10.22,False
17,2015-06-18,9.520000000000001,False
18,2015-06-19,4.340000000000001,False
19,2015-06-20,2.5200000000000005,False
20,2015-06-21,2.5200000000000005,False
21,2015-06-22,10.360000000000001,False
22,2015-06-23,8.260000000000002,False
23,2015-06-24,5.180000000000001,False
24,2015-06-25,4.2,False
25,2015-06-26,13.020000000000001,False
26,2015-06-27,7.5600000000000005,False
27,2015-06-28,2.5200000000000005,False
28,2015-06-29,6.300000000000001,False
29,2015-06-30,4.2,False
0,2015-07-01,18.0,False
1,2015-07-02,11.16,False
2,2015-07-03,6.3,False
3,2015-07-04,3.5999999999999996,False
4,2015-07-05,3.96,False
5,2015-07-06,7.56,False
6,2015-07-07,8.82,False
7,2015-07-08,14.58,False
8,2015-07-09,10.98,False
9,2015-07-10,7.38,False
10,2015-07-11,4.68,False
11,2015-07-12,4.68,False
12,2015-07-13,10.08,False
13,2015-07-14,7.02,False
14,2015-07-15,5.76,False
15,2015-07-16,11.16,False
16,2015-07-17,6.12,False
17,2015-07-18,3.2399999999999998,False
18,2015-07-19,2.52,False
19,2015-07-20,12.059999999999999,False
20,2015-07-21,7.02,False
21,2015-07-22,10.26,False
22,2015-07-23,10.98,False
23,2015-07-24,9.36,False
24,2015-07-25,4.5,False
25,2015-07-26,6.12,False
26,2015-07-27,8.82,False
27,2015-07-28,9.36,False
28,2015-07-29,15.12,False
29,2015-07-30,9.0,False
30,2015-07-31,10.799999999999999,False
0,2015-08-01,4.37,False
1,2015-08-02,5.89,False
2,2015-08-03,13.11,False
3,2015-08-04,14.63,False
4,2015-08-05,14.25,False
5,2015-08-06,10.07,False
6,2015-08-07,12.16,False
7,2015-08-08,4.37,False
8,2015-08-09,7.79,False
9,2015-08-10,12.16,False
10,2015-08-11,8.55,False
11,2015-08-12,10.64,False
12,2015-08-13,9.120000000000001,False
13,2015-08-14,10.26,False
14,2015-08-15,4.37,False
15,2015-08-16,2.85,False
16,2015-08-17,11.4,False
17,2015-08-18,7.22,False
18,2015-08-19,7.41,False
19,2015-08-20,9.69,False
20,2015-08-21,10.83,False
21,2015-08-22,6.84,False
22,2015-08-23,2.85,False
23,2015-08-24,14.25,False
24,2015-08-25,19.0,False
25,2015-08-26,16.15,False
26,2015-08-27,17.86,False
27,2015-08-28,15.2,False
28,2015-08-29,2.85,False
29,2015-08-30,7.03,False
30,2015-08-31,10.26,False
0,2015-09-01,7.36,False
1,2015-09-02,7.5200000000000005,False
2,2015-09-03,6.5600000000000005,False
3,2015-09-04,13.280000000000001,False
4,2015-09-05,5.12,False
5,2015-09-06,5.12,False
6,2015-09-07,2.24,False
7,2015-09-08,11.52,False
8,2015-09-09,11.52,False
9,2015-09-10,16.0,False
10,2015-09-11,8.8,False
11,2015-09-12,7.36,False
12,2015-09-13,2.4,False
13,2015-09-14,15.52,False
14,2015-09-15,8.32,False
15,2015-09-16,5.28,False
16,2015-09-17,11.52,False
17,2015-09-18,10.88,False
18,2015-09-19,4.96,False
19,2015-09-20,4.96,False
20,2015-09-21,7.2,False
21,2015-09-22,12.48,False
22,2015-09-23,9.44,False
23,2015-09-24,10.72,False
24,2015-09-25,15.52,False
25,2015-09-26,6.24,False
26,2015-09-27,6.24,False
27,2015-09-28,2.08,False
28,2015-09-29,11.36,False
29,2015-09-30,6.24,False
0,2015-10-01,2.47,False
1,2015-10-02,7.03,False
2,2015-10-03,1.9,False
3,2015-10-04,3.8,False
4,2015-10-05,5.7,False
5,2015-10-06,6.65,False
6,2015-10-07,8.36,False
7,2015-10-08,8.36,False
8,2015-10-09,7.79,False
9,2015-10-10,0.0,False
10,2015-10-11,1.9,False
11,2015-10-12,5.13,False
12,2015-10-13,7.41,False
13,2015-10-14,4.94,False
14,2015-10-15,6.65,False
15,2015-10-16,10.26,False
16,2015-10-17,5.89,False
17,2015-10-18,1.9,False
18,2015-10-19,8.93,False
19,2015-10-20,10.64,False
20,2015-10-21,12.35,False
21,2015-10-22,5.89,False
22,2015-10-23,13.870000000000001,False
23,2015-10-24,3.8,False
24,2015-10-25,3.8,False
25,2015-10-26,8.17,False
26,2015-10-27,13.11,False
27,2015-10-28,12.92,False
28,2015-10-29,19.0,False
29,2015-10-30,13.11,False
30,2015-10-31,1.9,False
0,2015-11-01,4.32,False
1,2015-11-02,18.0,False
2,2015-11-03,14.94,False
3,2015-11-04,14.94,False
4,2015-11-05,11.52,False
5,2015-11-06,12.059999999999999,False
6,2015-11-07,5.04,False
7,2015-11-08,4.14,False
8,2015-11-09,8.459999999999999,False
9,2015-11-10,13.68,False
10,2015-11-11,14.76,False
11,2015-11-12,13.32,False
12,2015-11-13,7.56,False
13,2015-11-14,5.04,False
14,2015-11-15,2.52,False
15,2015-11-16,13.68,False
16,2015-11-17,12.059999999999999,False
17,2015-11-18,12.24,False
18,2015-11-19,12.42,False
19,2015-11-20,11.16,False
20,2015-11-21,8.28,False
21,2015-11-22,5.76,False
22,2015-11-23,12.24,False
23,2015-11-24,12.059999999999999,False
24,2015-11-25,6.4799999999999995,False
25,2015-11-26,5.22,False
26,2015-11-27,7.56,False
27,2015-11-28,4.14,False
28,2015-11-29,3.2399999999999998,False
29,2015-11-30,11.16,False
0,2015-12-01,8.6,False
1,2015-12-02,7.2,False
2,2015-12-03,7.4,False
3,2015-12-04,7.6000000000000005,False
4,2015-12-05,5.2,False
5,2015-12-06,1.6,False
6,2015-12-07,5.800000000000001,False
7,2015-12-08,5.800000000000001,False
8,2015-12-09,8.6,False
9,2015-12-10,11.0,False
10,2015-12-11,9.0,False
11,2015-12-12,2.6,False
12,2015-12-13,3.4000000000000004,False
13,2015-12-14,11.4,False
14,2015-12-15,20.0,False
15,2015-12-16,11.200000000000001,False
16,2015-12-17,8.4,False
17,2015-12-18,7.2,False
18,2015-12-19,2.6,False
19,2015-12-20,4.4,False
20,2015-12-21,7.6000000000000005,False
21,2015-12-22,3.2,False
22,2015-12-23,5.0,False
23,2015-12-24,9.200000000000001,False
24,2015-12-25,3.0,False
25,2015-12-26,3.6,False
26,2015-12-27,3.6,False
27,2015-12-28,10.200000000000001,False
28,2015-12-29,8.6,False
29,2015-12-30,7.2,False
30,2015-12-31,10.600000000000001,False
0,2016-01-01,7.65,False
1,2016-01-02,4.25,False
2,2016-01-03,4.08,False
3,2016-01-04,17.0,False
4,2016-01-05,12.07,False
5,2016-01-06,13.090000000000002,False
6,2016-01-07,15.3,False
7,2016-01-08,12.41,False
8,2016-01-09,8.16,False
9,2016-01-10,5.2700000000000005,False
10,2016-01-11,8.67,False
11,2016-01-12,11.73,False
12,2016-01-13,11.05,False
13,2016-01-14,8.16,False
14,2016-01-15,15.64,False
15,2016-01-16,8.16,False
16,2016-01-17,2.72,False
17,2016-01-18,6.29,False
18,2016-01-19,8.67,False
19,2016-01-20,16.66,False
20,2016-01-21,9.690000000000001,False
21,2016-01-22,10.71,False
22,2016-01-23,4.42,False
23,2016-01-24,2.72,False
24,2016-01-25,7.140000000000001,False
25,2016-01-26,14.96,False
26,2016-01-27,15.81,False
27,2016-01-28,11.9,False
28,2016-01-29,13.090000000000002,False
29,2016-01-30,9.520000000000001,False
30,2016-01-31,4.42,False
0,2016-02-01,5.7,False
1,2016-02-02,10.26,False
2,2016-02-03,17.1,False
3,2016-02-04,8.74,False
4,2016-02-05,7.98,False
5,2016-02-06,6.65,False
6,2016-02-07,3.23,False
7,2016-02-08,11.59,False
8,2016-02-09,12.540000000000001,False
9,2016-02-10,19.0,False
10,2016-02-11,14.44,False
11,2016-02-12,3.99,False
12,2016-02-13,6.46,False
13,2016-02-14,4.37,False
14,2016-02-15,6.65,False
15,2016-02-16,10.26,False
16,2016-02-17,12.35,False
17,2016-02-18,9.31,False
18,2016-02-19,7.79,False
19,2016-02-20,4.37,False
20,2016-02-21,2.09,False
21,2016-02-22,12.16,False
22,2016-02-23,10.07,False
23,2016-02-24,8.36,False
24,2016-02-25,12.35,False
25,2016-02-26,14.63,False
26,2016-02-27,5.32,False
27,2016-02-28,2.09,False
28,2016-02-29,10.07,False
0,2016-03-01,13.4,False
1,2016-03-02,12.4,False
2,2016-03-03,12.8,False
3,2016-03-04,17.400000000000002,False
4,2016-03-05,2.4000000000000004,False
5,2016-03-06,7.2,False
6,2016-03-07,14.600000000000001,False
7,2016-03-08,6.2,False
8,2016-03-09,11.600000000000001,False
9,2016-03-10,11.8,False
10,2016-03-11,14.4,False
11,2016-03-12,9.8,False
12,2016-03-13,9.600000000000001,False
13,2016-03-14,8.4,False
14,2016-03-15,7.4,False
15,2016-03-16,20.0,False
16,2016-03-17,10.8,False
17,2016-03-18,7.800000000000001,False
18,2016-03-19,4.800000000000001,False
19,2016-03-20,3.6,False
20,2016-03-21,13.8,False
21,2016-03-22,19.400000000000002,False
22,2016-03-23,14.200000000000001,False
23,2016-03-24,10.200000000000001,False
24,2016-03-25,4.800000000000001,False
25,2016-03-26,5.0,False
26,2016-03-27,0.0,False
27,2016-03-28,8.8,False
28,2016-03-29,9.600000000000001,False
29,2016-03-30,9.600000000000001,False
30,2016-03-31,10.600000000000001,False
0,2016-04-01,8.8,False
1,2016-04-02,4.6000000000000005,False
2,2016-04-03,3.0,False
3,2016-04-04,9.8,False
4,2016-04-05,6.6000000000000005,False
5,2016-04-06,9.8,False
6,2016-04-07,9.8,False
7,2016-04-08,6.2,False
8,2016-04-09,4.6000000000000005,False
9,2016-04-10,3.4000000000000004,False
10,2016-04-11,9.200000000000001,False
11,2016-04-12,13.0,False
12,2016-04-13,9.8,False
13,2016-04-14,14.600000000000001,False
14,2016-04-15,9.0,False
15,2016-04-16,4.6000000000000005,False
16,2016-04-17,3.4000000000000004,False
17,2016-04-18,11.200000000000001,False
18,2016-04-19,13.600000000000001,False
19,2016-04-20,5.2,False
20,2016-04-21,12.600000000000001,False
21,2016-04-22,13.0,False
22,2016-04-23,3.0,False
23,2016-04-24,6.800000000000001,False
24,2016-04-25,14.8,False
25,2016-04-26,13.4,False
26,2016-04-27,10.4,False
27,2016-04-28,20.0,False
28,2016-04-29,10.4,False
29,2016-04-30,5.4,False
0,2016-05-01,6.460000000000001,False
1,2016-05-02,12.750000000000002,False
2,2016-05-03,15.47,False
3,2016-05-04,11.73,False
4,2016-05-05,11.39,False
5,2016-05-06,16.490000000000002,False
6,2016-05-07,3.5700000000000003,False
7,2016-05-08,5.1000000000000005,False
8,2016-05-09,8.16,False
9,2016-05-10,11.56,False
10,2016-05-11,11.73,False
11,2016-05-12,5.95,False
12,2016-05-13,7.65,False
13,2016-05-14,2.5500000000000003,False
14,2016-05-15,4.25,False
15,2016-05-16,11.73,False
16,2016-05-17,10.200000000000001,False
17,2016-05-18,12.24,False
18,2016-05-19,9.520000000000001,False
19,2016-05-20,10.88,False
20,2016-05-21,6.460000000000001,False
21,2016-05-22,2.5500000000000003,False
22,2016-05-23,7.99,False
23,2016-05-24,11.05,False
24,2016-05-25,17.0,False
25,2016-05-26,10.88,False
26,2016-05-27,13.430000000000001,False
27,2016-05-28,7.82,False
28,2016-05-29,3.4000000000000004,False
29,2016-05-30,4.590000000000001,False
30,2016-05-31,11.05,False
0,2016-06-01,11.68,False
1,2016-06-02,10.72,False
2,2016-06-03,13.280000000000001,False
3,2016-06-04,0.0,False
4,2016-06-05,2.4,False
5,2016-06-06,4.16,False
6,2016-06-07,7.5200000000000005,False
7,2016-06-08,12.8,False
8,2016-06-09,9.76,False
9,2016-06-10,12.32,False
10,2016-06-11,4.96,False
11,2016-06-12,2.4,False
12,2016-06-13,14.56,False
13,2016-06-14,7.2,False
14,2016-06-15,10.56,False
15,2016-06-16,10.56,False
16,2016-06-17,7.84,False
17,2016-06-18,5.12,False
18,2016-06-19,2.4,False
19,2016-06-20,6.4,False
20,2016-06-21,12.8,False
21,2016-06-22,5.28,False
22,2016-06-23,7.68,False
23,2016-06-24,15.68,False
24,2016-06-25,6.4,False
25,2016-06-26,2.56,False
26,2016-06-27,7.36,False
27,2016-06-28,16.0,False
28,2016-06-29,9.76,False
29,2016-06-30,8.8,False
0,2016-07-01,12.32,False
1,2016-07-02,3.6400000000000006,False
2,2016-07-03,1.9600000000000002,False
3,2016-07-04,2.24,False
4,2016-07-05,4.760000000000001,False
5,2016-07-06,4.760000000000001,False
6,2016-07-07,10.360000000000001,False
7,2016-07-08,11.200000000000001,False
8,2016-07-09,4.48,False
9,2016-07-10,3.6400000000000006,False
10,2016-07-11,14.280000000000001,False
11,2016-07-12,11.760000000000002,False
12,2016-07-13,13.440000000000001,False
13,2016-07-14,10.360000000000001,False
14,2016-07-15,12.600000000000001,False
15,2016-07-16,3.6400000000000006,False
16,2016-07-17,1.9600000000000002,False
17,2016-07-18,10.360000000000001,False
18,2016-07-19,8.120000000000001,False
19,2016-07-20,13.72,False
20,2016-07-21,8.120000000000001,False
21,2016-07-22,9.24,False
22,2016-07-23,2.5200000000000005,False
23,2016-07-24,2.5200000000000005,False
24,2016-07-25,10.080000000000002,False
25,2016-07-26,18.48,False
26,2016-07-27,25.200000000000003,False
27,2016-07-28,28.000000000000004,False
28,2016-07-29,19.6,False
29,2016-07-30,7.5600000000000005,False
30,2016-07-31,2.8000000000000003,False
0,2016-08-01,19.14,False
1,2016-08-02,22.0,False
2,2016-08-03,11.22,False
3,2016-08-04,14.96,False
4,2016-08-05,12.76,False
5,2016-08-06,4.18,False
6,2016-08-07,2.64,False
7,2016-08-08,15.18,False
8,2016-08-09,14.74,False
9,2016-08-10,15.4,False
10,2016-08-11,13.42,False
11,2016-08-12,7.26,False
12,2016-08-13,8.14,False
13,2016-08-14,0.0,False
14,2016-08-15,15.4,False
15,2016-08-16,7.04,False
16,2016-08-17,11.88,False
17,2016-08-18,12.76,False
18,2016-08-19,12.1,False
19,2016-08-20,2.64,False
20,2016-08-21,3.96,False
21,2016-08-22,15.4,False
22,2016-08-23,8.58,False
23,2016-08-24,13.64,False
24,2016-08-25,12.540000000000001,False
25,2016-08-26,10.78,False
26,2016-08-27,5.06,False
27,2016-08-28,2.64,False
28,2016-08-29,10.12,False
29,2016-08-30,10.12,False
30,2016-08-31,13.86,False
0,2016-09-01,15.84,False
1,2016-09-02,16.38,False
2,2016-09-03,2.6999999999999997,False
3,2016-09-04,0.0,False
4,2016-09-05,0.0,False
5,2016-09-06,12.059999999999999,False
6,2016-09-07,18.0,False
7,2016-09-08,10.08,False
8,2016-09-09,12.78,False
9,2016-09-10,3.96,False
10,2016-09-11,5.22,False
11,2016-09-12,4.5,False
12,2016-09-13,10.98,False
13,2016-09-14,10.98,False
14,2016-09-15,10.08,False
15,2016-09-16,4.68,False
16,2016-09-17,5.04,False
17,2016-09-18,2.52,False
18,2016-09-19,5.3999999999999995,False
19,2016-09-20,11.879999999999999,False
20,2016-09-21,10.799999999999999,False
21,2016-09-22,16.74,False
22,2016-09-23,13.86,False
23,2016-09-24,2.52,False
24,2016-09-25,6.3,False
25,2016-09-26,8.64,False
26,2016-09-27,5.3999999999999995,False
27,2016-09-28,7.56,False
28,2016-09-29,10.98,False
29,2016-09-30,10.26,False
0,2016-10-01,6.08,False
1,2016-10-02,2.4,False
2,2016-10-03,11.52,False
3,2016-10-04,12.64,False
4,2016-10-05,10.56,False
5,2016-10-06,9.6,False
6,2016-10-07,9.92,False
7,2016-10-08,0.0,False
8,2016-10-09,0.0,False
9,2016-10-10,8.64,False
10,2016-10-11,13.76,False
11,2016-10-12,12.96,False
12,2016-10-13,6.4,False
13,2016-10-14,15.68,False
14,2016-10-15,4.96,False
15,2016-10-16,0.0,False
16,2016-10-17,11.52,False
17,2016-10-18,7.2,False
18,2016-10-19,9.44,False
19,2016-10-20,10.56,False
20,2016-10-21,9.92,False
21,2016-10-22,2.4,False
22,2016-10-23,4.8,False
23,2016-10-24,10.56,False
24,2016-10-25,7.36,False
25,2016-10-26,9.44,False
26,2016-10-27,16.0,False
27,2016-10-28,12.32,False
28,2016-10-29,0.0,False
29,2016-10-30,4.96,False
30,2016-10-31,10.88,False
0,2016-11-01,4.68,False
1,2016-11-02,4.16,False
2,2016-11-03,4.94,False
3,2016-11-04,5.2,False
4,2016-11-05,2.6,False
5,2016-11-06,1.82,False
6,2016-11-07,7.54,False
7,2016-11-08,5.46,False
8,2016-11-09,16.12,False
9,2016-11-10,13.780000000000001,False
10,2016-11-11,12.22,False
11,2016-11-12,9.620000000000001,False
12,2016-11-13,3.38,False
13,2016-11-14,16.64,False
14,2016-11-15,26.0,False
15,2016-11-16,11.96,False
16,2016-11-17,14.56,False
17,2016-11-18,18.72,False
18,2016-11-19,5.2,False
19,2016-11-20,2.34,False
20,2016-11-21,8.32,False
21,2016-11-22,22.36,False
22,2016-11-23,16.12,False
23,2016-11-24,3.12,False
24,2016-11-25,7.800000000000001,False
25,2016-11-26,3.38,False
26,2016-11-27,1.56,False
27,2016-11-28,10.92,False
28,2016-11-29,10.92,False
29,2016-11-30,11.700000000000001,False
0,2016-12-01,7.199999999999999,False
1,2016-12-02,24.0,False
2,2016-12-03,7.4399999999999995,False
3,2016-12-04,2.16,False
4,2016-12-05,16.8,False
5,2016-12-06,20.88,False
6,2016-12-07,18.72,False
7,2016-12-08,16.08,False
8,2016-12-09,18.72,False
9,2016-12-10,3.84,False
10,2016-12-11,3.36,False
11,2016-12-12,12.719999999999999,False
12,2016-12-13,16.08,False
13,2016-12-14,14.879999999999999,False
14,2016-12-15,16.08,False
15,2016-12-16,17.52,False
16,2016-12-17,4.8,False
17,2016-12-18,4.56,False
18,2016-12-19,12.24,False
19,2016-12-20,12.24,False
20,2016-12-21,13.92,False
21,2016-12-22,12.719999999999999,False
22,2016-12-23,9.6,False
23,2016-12-24,7.4399999999999995,False
24,2016-12-25,4.32,False
25,2016-12-26,6.72,False
26,2016-12-27,15.36,False
27,2016-12-28,8.4,False
28,2016-12-29,7.92,False
29,2016-12-30,8.879999999999999,False
30,2016-12-31,8.16,False
0,2017-01-01,5.52,False
1,2017-01-02,2.4,False
2,2017-01-03,14.399999999999999,False
3,2017-01-04,23.04,False
4,2017-01-05,17.759999999999998,False
5,2017-01-06,12.48,False
6,2017-01-07,10.799999999999999,False
7,2017-01-08,0.0,False
8,2017-01-09,13.68,False
9,2017-01-10,15.84,False
10,2017-01-11,13.68,False
11,2017-01-12,6.4799999999999995,False
12,2017-01-13,9.84,False
13,2017-01-14,6.0,False
14,2017-01-15,4.8,False
15,2017-01-16,2.16,False
16,2017-01-17,16.56,False
17,2017-01-18,15.6,False
18,2017-01-19,9.36,False
19,2017-01-20,10.799999999999999,False
20,2017-01-21,4.8,False
21,2017-01-22,0.0,False
22,2017-01-23,16.56,False
23,2017-01-24,10.559999999999999,False
24,2017-01-25,19.919999999999998,False
25,2017-01-26,13.44,False
26,2017-01-27,24.0,False
27,2017-01-28,6.0,False
28,2017-01-29,2.4,False
29,2017-01-30,10.32,False
30,2017-01-31,12.48,False
0,2017-02-01,12.16,False
1,2017-02-02,9.88,False
2,2017-02-03,17.86,False
3,2017-02-04,1.52,False
4,2017-02-05,1.52,False
5,2017-02-06,10.26,False
6,2017-02-07,10.26,False
7,2017-02-08,9.88,False
8,2017-02-09,8.74,False
9,2017-02-10,7.6,False
10,2017-02-11,3.8,False
11,2017-02-12,3.04,False
12,2017-02-13,9.5,False
13,2017-02-14,12.92,False
14,2017-02-15,19.76,False
15,2017-02-16,19.38,False
16,2017-02-17,17.48,False
17,2017-02-18,2.2800000000000002,False
18,2017-02-19,5.32,False
19,2017-02-20,6.46,False
20,2017-02-21,17.48,False
21,2017-02-22,28.88,False
22,2017-02-23,38.0,False
23,2017-02-24,20.9,False
24,2017-02-25,7.6,False
25,2017-02-26,2.2800000000000002,False
26,2017-02-27,19.38,False
27,2017-02-28,17.86,False
0,2017-03-01,30.24,False
1,2017-03-02,36.0,False
2,2017-03-03,37.92,False
3,2017-03-04,5.76,False
4,2017-03-05,4.32,False
5,2017-03-06,24.48,False
6,2017-03-07,24.48,False
7,2017-03-08,22.08,False
8,2017-03-09,27.84,False
9,2017-03-10,27.84,False
10,2017-03-11,10.08,False
11,2017-03-12,5.76,False
12,2017-03-13,48.0,False
13,2017-03-14,33.6,False
14,2017-03-15,36.48,False
15,2017-03-16,27.84,False
16,2017-03-17,24.96,False
17,2017-03-18,5.279999999999999,False
18,2017-03-19,7.199999999999999,False
19,2017-03-20,27.36,False
20,2017-03-21,29.279999999999998,False
21,2017-03-22,25.919999999999998,False
22,2017-03-23,25.919999999999998,False
23,2017-03-24,25.919999999999998,False
24,2017-03-25,6.72,False
25,2017-03-26,4.32,False
26,2017-03-27,23.52,False
27,2017-03-28,24.0,False
28,2017-03-29,27.84,False
29,2017-03-30,22.08,False
30,2017-03-31,24.0,False
0,2017-04-01,9.8,False
1,2017-04-02,5.6000000000000005,False
2,2017-04-03,17.92,False
3,2017-04-04,20.720000000000002,False
4,2017-04-05,24.92,False
5,2017-04-06,19.040000000000003,False
6,2017-04-07,22.400000000000002,False
7,2017-04-08,5.6000000000000005,False
8,2017-04-09,5.040000000000001,False
9,2017-04-10,16.240000000000002,False
10,2017-04-11,17.080000000000002,False
11,2017-04-12,21.560000000000002,False
12,2017-04-13,17.92,False
13,2017-04-14,17.360000000000003,False
14,2017-04-15,3.6400000000000006,False
15,2017-04-16,6.720000000000001,False
16,2017-04-17,18.76,False
17,2017-04-18,26.320000000000004,False
18,2017-04-19,23.520000000000003,False
19,2017-04-20,17.360000000000003,False
20,2017-04-21,19.040000000000003,False
21,2017-04-22,3.6400000000000006,False
22,2017-04-23,4.760000000000001,False
23,2017-04-24,16.520000000000003,False
24,2017-04-25,27.720000000000002,False
25,2017-04-26,22.12,False
26,2017-04-27,28.000000000000004,False
27,2017-04-28,17.360000000000003,False
28,2017-04-29,8.120000000000001,False
29,2017-04-30,5.040000000000001,False
0,2017-05-01,38.0,False
1,2017-05-02,32.68,False
2,2017-05-03,12.92,False
3,2017-05-04,15.58,False
4,2017-05-05,28.12,False
5,2017-05-06,9.5,False
6,2017-05-07,13.68,False
7,2017-05-08,23.56,False
8,2017-05-09,23.18,False
9,2017-05-10,19.76,False
10,2017-05-11,26.22,False
11,2017-05-12,14.82,False
12,2017-05-13,5.7,False
13,2017-05-14,11.02,False
14,2017-05-15,15.96,False
15,2017-05-16,27.740000000000002,False
16,2017-05-17,20.14,False
17,2017-05-18,28.88,False
18,2017-05-19,19.76,False
19,2017-05-20,11.78,False
20,2017-05-21,3.04,False
21,2017-05-22,21.28,False
22,2017-05-23,17.1,False
23,2017-05-24,22.8,False
24,2017-05-25,26.98,False
25,2017-05-26,32.3,False
26,2017-05-27,13.68,False
27,2017-05-28,12.16,False
28,2017-05-29,12.92,False
29,2017-05-30,29.64,False
30,2017-05-31,25.84,False
0,2017-06-01,38.400000000000006,False
1,2017-06-02,32.800000000000004,False
2,2017-06-03,14.4,False
3,2017-06-04,6.4,False
4,2017-06-05,30.0,False
5,2017-06-06,35.6,False
6,2017-06-07,40.0,False
7,2017-06-08,21.6,False
8,2017-06-09,37.6,False
9,2017-06-10,6.4,False
10,2017-06-11,9.200000000000001,False
11,2017-06-12,26.8,False
12,2017-06-13,20.400000000000002,False
13,2017-06-14,27.200000000000003,False
14,2017-06-15,21.6,False
15,2017-06-16,19.6,False
16,2017-06-17,6.800000000000001,False
17,2017-06-18,11.600000000000001,False
18,2017-06-19,26.400000000000002,False
19,2017-06-20,18.0,False
20,2017-06-21,22.400000000000002,False
21,2017-06-22,15.200000000000001,False
22,2017-06-23,23.200000000000003,False
23,2017-06-24,7.6000000000000005,False
24,2017-06-25,5.2,False
25,2017-06-26,29.200000000000003,False
26,2017-06-27,12.4,False
27,2017-06-28,17.2,False
28,2017-06-29,14.8,False
29,2017-06-30,15.200000000000001,False
0,2017-07-01,3.7800000000000002,False
1,2017-07-02,2.97,False
2,2017-07-03,8.100000000000001,False
3,2017-07-04,3.24,False
4,2017-07-05,8.91,False
5,2017-07-06,11.34,False
6,2017-07-07,11.07,False
7,2017-07-08,2.97,False
8,2017-07-09,2.97,False
9,2017-07-10,5.130000000000001,False
10,2017-07-11,11.88,False
11,2017-07-12,8.370000000000001,False
12,2017-07-13,8.91,False
13,2017-07-14,14.040000000000001,False
14,2017-07-15,2.97,False
15,2017-07-16,2.16,False
16,2017-07-17,11.07,False
17,2017-07-18,14.040000000000001,False
18,2017-07-19,11.88,False
19,2017-07-20,12.690000000000001,False
20,2017-07-21,11.34,False
21,2017-07-22,7.5600000000000005,False
22,2017-07-23,4.050000000000001,False
23,2017-07-24,7.0200000000000005,False
24,2017-07-25,7.83,False
25,2017-07-26,13.23,False
26,2017-07-27,27.0,False
27,2017-07-28,18.36,False
28,2017-07-29,6.210000000000001,False
29,2017-07-30,7.5600000000000005,False
30,2017-07-31,11.34,False
0,2017-08-01,19.44,False
1,2017-08-02,22.950000000000003,False
2,2017-08-03,16.470000000000002,False
3,2017-08-04,21.87,False
4,2017-08-05,10.260000000000002,False
5,2017-08-06,5.130000000000001,False
6,2017-08-07,27.0,False
7,2017-08-08,18.900000000000002,False
8,2017-08-09,10.8,False
9,2017-08-10,21.330000000000002,False
10,2017-08-11,23.220000000000002,False
11,2017-08-12,6.48,False
12,2017-08-13,5.130000000000001,False
13,2017-08-14,14.580000000000002,False
14,2017-08-15,17.01,False
15,2017-08-16,18.900000000000002,False
16,2017-08-17,25.650000000000002,False
17,2017-08-18,21.6,False
18,2017-08-19,3.7800000000000002,False
19,2017-08-20,2.43,False
20,2017-08-21,14.040000000000001,False
21,2017-08-22,18.36,False
22,2017-08-23,15.39,False
23,2017-08-24,15.66,False
24,2017-08-25,14.040000000000001,False
25,2017-08-26,7.5600000000000005,False
26,2017-08-27,3.7800000000000002,False
27,2017-08-28,16.470000000000002,False
28,2017-08-29,15.120000000000001,False
29,2017-08-30,15.39,False
30,2017-08-31,24.3,False
0,2017-09-01,17.2,False
1,2017-09-02,5.0,False
2,2017-09-03,5.0,False
3,2017-09-04,4.4,False
4,2017-09-05,20.0,False
5,2017-09-06,17.0,False
6,2017-09-07,13.0,False
7,2017-09-08,13.4,False
8,2017-09-09,11.0,False
9,2017-09-10,2.4000000000000004,False
10,2017-09-11,9.4,False
11,2017-09-12,12.600000000000001,False
12,2017-09-13,11.600000000000001,False
13,2017-09-14,11.600000000000001,False
14,2017-09-15,12.0,False
15,2017-09-16,7.4,False
16,2017-09-17,6.0,False
17,2017-09-18,10.600000000000001,False
18,2017-09-19,15.8,False
19,2017-09-20,5.2,False
20,2017-09-21,10.8,False
21,2017-09-22,19.0,False
22,2017-09-23,7.4,False
23,2017-09-24,3.6,False
24,2017-09-25,13.600000000000001,False
25,2017-09-26,18.8,False
26,2017-09-27,5.2,False
27,2017-09-28,15.8,False
28,2017-09-29,15.600000000000001,False
29,2017-09-30,7.4,False
0,2017-10-01,2.5300000000000002,False
1,2017-10-02,9.89,False
2,2017-10-03,4.37,False
3,2017-10-04,20.01,False
4,2017-10-05,13.34,False
5,2017-10-06,18.400000000000002,False
6,2017-10-07,7.590000000000001,False
7,2017-10-08,3.91,False
8,2017-10-09,6.67,False
9,2017-10-10,23.0,False
10,2017-10-11,20.93,False
11,2017-10-12,15.870000000000001,False
12,2017-10-13,12.65,False
13,2017-10-14,8.97,False
14,2017-10-15,7.590000000000001,False
15,2017-10-16,12.190000000000001,False
16,2017-10-17,11.96,False
17,2017-10-18,20.93,False
18,2017-10-19,12.42,False
19,2017-10-20,15.180000000000001,False
20,2017-10-21,10.120000000000001,False
21,2017-10-22,6.21,False
22,2017-10-23,16.330000000000002,False
23,2017-10-24,19.78,False
24,2017-10-25,22.080000000000002,False
25,2017-10-26,16.560000000000002,False
26,2017-10-27,10.35,False
27,2017-10-28,6.21,False
28,2017-10-29,3.68,False
29,2017-10-30,18.630000000000003,False
30,2017-10-31,12.190000000000001,False
0,2017-11-01,8.17,False
1,2017-11-02,14.25,False
2,2017-11-03,9.31,False
3,2017-11-04,6.84,False
4,2017-11-05,2.66,False
5,2017-11-06,8.93,False
6,2017-11-07,9.5,False
7,2017-11-08,12.73,False
8,2017-11-09,12.540000000000001,False
9,2017-11-10,12.540000000000001,False
10,2017-11-11,5.51,False
11,2017-11-12,3.04,False
12,2017-11-13,9.5,False
13,2017-11-14,12.35,False
14,2017-11-15,19.0,False
15,2017-11-16,13.68,False
16,2017-11-17,12.35,False
17,2017-11-18,3.99,False
18,2017-11-19,3.42,False
19,2017-11-20,10.64,False
20,2017-11-21,8.17,False
21,2017-11-22,7.79,False
22,2017-11-23,6.08,False
23,2017-11-24,6.84,False
24,2017-11-25,3.42,False
25,2017-11-26,2.09,False
26,2017-11-27,7.41,False
27,2017-11-28,10.45,False
28,2017-11-29,7.22,False
29,2017-11-30,14.44,False
0,2017-12-01,8.74,False
1,2017-12-02,3.91,False
2,2017-12-03,3.68,False
3,2017-12-04,11.5,False
4,2017-12-05,14.72,False
5,2017-12-06,7.13,False
6,2017-12-07,9.66,False
7,2017-12-08,11.73,False
8,2017-12-09,4.6000000000000005,False
9,2017-12-10,6.44,False
10,2017-12-11,11.040000000000001,False
11,2017-12-12,14.950000000000001,False
12,2017-12-13,13.34,False
13,2017-12-14,14.950000000000001,False
14,2017-12-15,23.0,False
15,2017-12-16,3.91,False
16,2017-12-17,7.82,False
17,2017-12-18,11.96,False
18,2017-12-19,18.400000000000002,False
19,2017-12-20,12.88,False
20,2017-12-21,8.51,False
21,2017-12-22,9.43,False
22,2017-12-23,7.590000000000001,False
23,2017-12-24,4.37,False
24,2017-12-25,6.44,False
25,2017-12-26,7.590000000000001,False
26,2017-12-27,8.97,False
27,2017-12-28,9.66,False
28,2017-12-29,14.26,False
29,2017-12-30,5.29,False
30,2017-12-31,2.0700000000000003,False
0,2018-01-01,3.64,False
1,2018-01-02,10.4,False
2,2018-01-03,12.48,False
3,2018-01-04,13.26,False
4,2018-01-05,12.74,False
5,2018-01-06,7.28,False
6,2018-01-07,3.9000000000000004,False
7,2018-01-08,8.84,False
8,2018-01-09,13.52,False
9,2018-01-10,24.18,False
10,2018-01-11,15.860000000000001,False
11,2018-01-12,15.860000000000001,False
12,2018-01-13,6.76,False
13,2018-01-14,7.28,False
14,2018-01-15,5.2,False
15,2018-01-16,8.58,False
16,2018-01-17,11.96,False
17,2018-01-18,13.26,False
18,2018-01-19,15.08,False
19,2018-01-20,3.9000000000000004,False
20,2018-01-21,3.9000000000000004,False
21,2018-01-22,15.860000000000001,False
22,2018-01-23,14.3,False
23,2018-01-24,12.48,False
24,2018-01-25,19.76,False
25,2018-01-26,26.0,False
26,2018-01-27,12.48,False
27,2018-01-28,7.800000000000001,False
28,2018-01-29,17.94,False
29,2018-01-30,16.12,False
30,2018-01-31,24.18,False
0,2018-02-01,21.44,False
1,2018-02-02,26.240000000000002,False
2,2018-02-03,7.68,False
3,2018-02-04,8.64,False
4,2018-02-05,23.36,False
5,2018-02-06,32.0,False
6,2018-02-07,25.92,False
7,2018-02-08,17.6,False
8,2018-02-09,23.36,False
9,2018-02-10,7.68,False
10,2018-02-11,6.72,False
11,2018-02-12,21.44,False
12,2018-02-13,14.72,False
13,2018-02-14,14.72,False
14,2018-02-15,16.0,False
15,2018-02-16,18.240000000000002,False
16,2018-02-17,3.2,False
17,2018-02-18,2.24,False
18,2018-02-19,2.88,False
19,2018-02-20,12.48,False
20,2018-02-21,14.4,False
21,2018-02-22,14.4,False
22,2018-02-23,31.04,False
23,2018-02-24,6.72,False
24,2018-02-25,4.48,False
25,2018-02-26,25.6,False
26,2018-02-27,21.12,False
27,2018-02-28,16.32,False
0,2018-03-01,17.68,False
1,2018-03-02,17.16,False
2,2018-03-03,9.1,False
3,2018-03-04,4.94,False
4,2018-03-05,11.96,False
5,2018-03-06,21.060000000000002,False
6,2018-03-07,24.44,False
7,2018-03-08,26.0,False
8,2018-03-09,23.400000000000002,False
9,2018-03-10,5.720000000000001,False
10,2018-03-11,4.94,False
11,2018-03-12,11.96,False
12,2018-03-13,19.240000000000002,False
13,2018-03-14,21.84,False
14,2018-03-15,15.08,False
15,2018-03-16,14.040000000000001,False
16,2018-03-17,7.28,False
17,2018-03-18,5.98,False
18,2018-03-19,13.0,False
19,2018-03-20,15.600000000000001,False
20,2018-03-21,12.74,False
21,2018-03-22,15.860000000000001,False
22,2018-03-23,15.860000000000001,False
23,2018-03-24,4.16,False
24,2018-03-25,3.64,False
25,2018-03-26,19.5,False
26,2018-03-27,13.780000000000001,False
27,2018-03-28,11.96,False
28,2018-03-29,19.240000000000002,False
29,2018-03-30,9.88,False
30,2018-03-31,2.6,False
0,2018-04-01,3.15,False
1,2018-04-02,10.08,False
2,2018-04-03,21.0,False
3,2018-04-04,14.91,False
4,2018-04-05,9.24,False
5,2018-04-06,15.75,False
6,2018-04-07,4.83,False
7,2018-04-08,2.73,False
8,2018-04-09,5.88,False
9,2018-04-10,14.28,False
10,2018-04-11,11.76,False
11,2018-04-12,11.34,False
12,2018-04-13,9.45,False
13,2018-04-14,4.2,False
14,2018-04-15,2.1,False
15,2018-04-16,11.34,False
16,2018-04-17,11.34,False
17,2018-04-18,10.92,False
18,2018-04-19,15.33,False
19,2018-04-20,9.45,False
20,2018-04-21,2.73,False
21,2018-04-22,2.1,False
22,2018-04-23,8.19,False
23,2018-04-24,17.009999999999998,False
24,2018-04-25,20.16,False
25,2018-04-26,15.75,False
26,2018-04-27,12.809999999999999,False
27,2018-04-28,2.94,False
28,2018-04-29,4.83,False
29,2018-04-30,14.07,False
0,2018-05-01,12.9,False
1,2018-05-02,14.7,False
2,2018-05-03,18.3,False
3,2018-05-04,25.5,False
4,2018-05-05,7.199999999999999,False
5,2018-05-06,10.2,False
6,2018-05-07,17.7,False
7,2018-05-08,14.1,False
8,2018-05-09,16.8,False
9,2018-05-10,27.599999999999998,False
10,2018-05-11,27.3,False
11,2018-05-12,6.3,False
12,2018-05-13,4.8,False
13,2018-05-14,21.0,False
14,2018-05-15,21.0,False
15,2018-05-16,20.4,False
16,2018-05-17,22.5,False
17,2018-05-18,21.3,False
18,2018-05-19,7.199999999999999,False
19,2018-05-20,3.5999999999999996,False
20,2018-05-21,22.8,False
21,2018-05-22,28.2,False
22,2018-05-23,24.0,False
23,2018-05-24,24.9,False
24,2018-05-25,18.0,False
25,2018-05-26,4.8,False
26,2018-05-27,4.8,False
27,2018-05-28,2.6999999999999997,False
28,2018-05-29,14.1,False
29,2018-05-30,21.599999999999998,False
30,2018-05-31,30.0,False
0,2018-06-01,26.130000000000003,False
1,2018-06-02,5.46,False
2,2018-06-03,3.9000000000000004,False
3,2018-06-04,22.62,False
4,2018-06-05,25.740000000000002,False
5,2018-06-06,26.130000000000003,False
6,2018-06-07,23.79,False
7,2018-06-08,29.64,False
8,2018-06-09,6.63,False
9,2018-06-10,6.63,False
10,2018-06-11,30.810000000000002,False
11,2018-06-12,28.080000000000002,False
12,2018-06-13,37.050000000000004,False
13,2018-06-14,39.0,False
14,2018-06-15,37.050000000000004,False
15,2018-06-16,17.16,False
16,2018-06-17,8.97,False
17,2018-06-18,33.54,False
18,2018-06-19,34.32,False
19,2018-06-20,34.71,False
20,2018-06-21,34.71,False
21,2018-06-22,37.44,False
22,2018-06-23,3.9000000000000004,False
23,2018-06-24,6.63,False
24,2018-06-25,21.060000000000002,False
25,2018-06-26,19.89,False
26,2018-06-27,16.77,False
27,2018-06-28,21.45,False
28,2018-06-29,24.96,False
29,2018-06-30,8.97,False
0,2018-07-01,5.7,False
1,2018-07-02,16.8,False
2,2018-07-03,12.0,False
3,2018-07-04,2.6999999999999997,False
4,2018-07-05,12.299999999999999,False
5,2018-07-06,21.3,False
6,2018-07-07,1.7999999999999998,False
7,2018-07-08,9.9,False
8,2018-07-09,30.0,False
9,2018-07-10,13.799999999999999,False
10,2018-07-11,18.3,False
11,2018-07-12,23.7,False
12,2018-07-13,18.9,False
13,2018-07-14,7.8,False
14,2018-07-15,7.8,False
15,2018-07-16,12.0,False
16,2018-07-17,19.8,False
17,2018-07-18,26.099999999999998,False
18,2018-07-19,16.5,False
19,2018-07-20,10.799999999999999,False
20,2018-07-21,6.0,False
21,2018-07-22,5.1,False
22,2018-07-23,11.1,False
23,2018-07-24,20.7,False
24,2018-07-25,22.5,False
25,2018-07-26,24.0,False
26,2018-07-27,20.4,False
27,2018-07-28,6.0,False
28,2018-07-29,3.0,False
29,2018-07-30,12.9,False
30,2018-07-31,8.4,False
0,2018-08-01,14.5,False
1,2018-08-02,18.5,False
2,2018-08-03,12.25,False
3,2018-08-04,6.25,False
4,2018-08-05,4.25,False
5,2018-08-06,16.25,False
6,2018-08-07,16.0,False
7,2018-08-08,15.25,False
8,2018-08-09,18.0,False
9,2018-08-10,16.75,False
10,2018-08-11,5.25,False
11,2018-08-12,0.0,False
12,2018-08-13,21.25,False
13,2018-08-14,19.0,False
14,2018-08-15,14.0,False
15,2018-08-16,18.5,False
16,2018-08-17,17.75,False
17,2018-08-18,8.5,False
18,2018-08-19,2.0,False
19,2018-08-20,11.25,False
20,2018-08-21,25.0,False
21,2018-08-22,15.0,False
22,2018-08-23,17.75,False
23,2018-08-24,11.5,False
24,2018-08-25,4.25,False
25,2018-08-26,2.0,False
26,2018-08-27,12.75,False
27,2018-08-28,19.0,False
28,2018-08-29,15.25,False
29,2018-08-30,16.25,False
30,2018-08-31,19.75,False
0,2018-09-01,2.64,False
1,2018-09-02,2.97,False
2,2018-09-03,1.32,False
3,2018-09-04,7.590000000000001,False
4,2018-09-05,8.91,False
5,2018-09-06,7.590000000000001,False
6,2018-09-07,7.590000000000001,False
7,2018-09-08,1.98,False
8,2018-09-09,2.31,False
9,2018-09-10,8.91,False
10,2018-09-11,10.56,False
11,2018-09-12,8.91,False
12,2018-09-13,7.92,False
13,2018-09-14,8.58,False
14,2018-09-15,2.97,False
15,2018-09-16,1.98,False
16,2018-09-17,5.94,False
17,2018-09-18,6.2700000000000005,False
18,2018-09-19,7.260000000000001,False
19,2018-09-20,5.28,False
20,2018-09-21,9.57,False
21,2018-09-22,1.32,False
22,2018-09-23,2.31,False
23,2018-09-24,33.0,False
24,2018-09-25,20.46,False
25,2018-09-26,11.55,False
26,2018-09-27,8.58,False
27,2018-09-28,8.58,False
28,2018-09-29,2.64,False
29,2018-09-30,1.6500000000000001,False
0,2018-10-01,26.400000000000002,False
1,2018-10-02,22.44,False
2,2018-10-03,23.43,False
3,2018-10-04,21.78,False
4,2018-10-05,22.44,False
5,2018-10-06,8.58,False
6,2018-10-07,2.31,False
7,2018-10-08,21.45,False
8,2018-10-09,25.740000000000002,False
9,2018-10-10,21.78,False
10,2018-10-11,26.400000000000002,False
11,2018-10-12,29.700000000000003,False
12,2018-10-13,4.95,False
13,2018-10-14,4.95,False
14,2018-10-15,17.490000000000002,False
15,2018-10-16,29.37,False
16,2018-10-17,31.68,False
17,2018-10-18,17.490000000000002,False
18,2018-10-19,24.09,False
19,2018-10-20,8.91,False
20,2018-10-21,7.260000000000001,False
21,2018-10-22,19.470000000000002,False
22,2018-10-23,26.73,False
23,2018-10-24,33.0,False
24,2018-10-25,21.78,False
25,2018-10-26,25.080000000000002,False
26,2018-10-27,12.21,False
27,2018-10-28,4.62,False
28,2018-10-29,17.490000000000002,False
29,2018-10-30,21.45,False
30,2018-10-31,18.810000000000002,False
0,2018-11-01,16.08,False
1,2018-11-02,19.439999999999998,False
2,2018-11-03,5.52,False
3,2018-11-04,4.32,False
4,2018-11-05,9.84,False
5,2018-11-06,24.0,False
6,2018-11-07,13.2,False
7,2018-11-08,15.84,False
8,2018-11-09,9.36,False
9,2018-11-10,3.5999999999999996,False
10,2018-11-11,3.5999999999999996,False
11,2018-11-12,9.6,False
12,2018-11-13,18.24,False
13,2018-11-14,9.6,False
14,2018-11-15,12.24,False
15,2018-11-16,9.84,False
16,2018-11-17,6.4799999999999995,False
17,2018-11-18,1.92,False
18,2018-11-19,12.24,False
19,2018-11-20,13.44,False
20,2018-11-21,8.16,False
21,2018-11-22,1.68,False
22,2018-11-23,5.04,False
23,2018-11-24,2.6399999999999997,False
24,2018-11-25,1.68,False
25,2018-11-26,12.24,False
26,2018-11-27,8.64,False
27,2018-11-28,11.28,False
28,2018-11-29,10.559999999999999,False
29,2018-11-30,8.879999999999999,False
0,2018-12-01,4.83,False
1,2018-12-02,3.9899999999999998,False
2,2018-12-03,15.959999999999999,False
3,2018-12-04,17.43,False
4,2018-12-05,8.4,False
5,2018-12-06,14.07,False
6,2018-12-07,11.969999999999999,False
7,2018-12-08,5.67,False
8,2018-12-09,2.1,False
9,2018-12-10,9.03,False
10,2018-12-11,15.54,False
11,2018-12-12,15.33,False
12,2018-12-13,13.02,False
13,2018-12-14,15.75,False
14,2018-12-15,6.51,False
15,2018-12-16,4.2,False
16,2018-12-17,7.9799999999999995,False
17,2018-12-18,14.7,False
18,2018-12-19,10.709999999999999,False
19,2018-12-20,18.689999999999998,False
20,2018-12-21,16.169999999999998,False
21,2018-12-22,4.41,False
22,2018-12-23,2.94,False
23,2018-12-24,10.92,False
24,2018-12-25,5.88,False
25,2018-12-26,21.0,False
26,2018-12-27,16.38,False
27,2018-12-28,15.959999999999999,False
28,2018-12-29,4.2,False
29,2018-12-30,4.41,False
30,2018-12-31,16.38,False
0,2019-01-01,7.000000000000001,False
1,2019-01-02,14.000000000000002,False
2,2019-01-03,12.040000000000001,False
3,2019-01-04,16.8,False
4,2019-01-05,3.6400000000000006,False
5,2019-01-06,3.6400000000000006,False
6,2019-01-07,12.88,False
7,2019-01-08,16.8,False
8,2019-01-09,22.680000000000003,False
9,2019-01-10,14.840000000000002,False
10,2019-01-11,10.920000000000002,False
11,2019-01-12,2.5200000000000005,False
12,2019-01-13,2.24,False
13,2019-01-14,14.280000000000001,False
14,2019-01-15,19.32,False
15,2019-01-16,10.360000000000001,False
16,2019-01-17,15.400000000000002,False
17,2019-01-18,11.200000000000001,False
18,2019-01-19,4.2,False
19,2019-01-20,2.24,False
20,2019-01-21,2.24,False
21,2019-01-22,7.840000000000001,False
22,2019-01-23,8.120000000000001,False
23,2019-01-24,14.560000000000002,False
24,2019-01-25,15.96,False
25,2019-01-26,5.32,False
26,2019-01-27,2.24,False
27,2019-01-28,9.24,False
28,2019-01-29,12.600000000000001,False
29,2019-01-30,28.000000000000004,False
30,2019-01-31,15.400000000000002,False
0,2019-02-01,25.740000000000002,False
1,2019-02-02,11.440000000000001,False
2,2019-02-03,7.28,False
3,2019-02-04,26.0,False
4,2019-02-05,18.46,False
5,2019-02-06,17.42,False
6,2019-02-07,14.82,False
7,2019-02-08,20.02,False
8,2019-02-09,5.2,False
9,2019-02-10,6.24,False
10,2019-02-11,12.48,False
11,2019-02-12,13.52,False
12,2019-02-13,19.240000000000002,False
13,2019-02-14,23.400000000000002,False
14,2019-02-15,20.28,False
15,2019-02-16,8.58,False
16,2019-02-17,0.0,False
17,2019-02-18,1.82,False
18,2019-02-19,16.38,False
19,2019-02-20,13.780000000000001,False
20,2019-02-21,15.600000000000001,False
21,2019-02-22,22.1,False
22,2019-02-23,5.2,False
23,2019-02-24,8.32,False
24,2019-02-25,12.74,False
25,2019-02-26,21.060000000000002,False
26,2019-02-27,10.66,False
27,2019-02-28,20.54,False
0,2019-03-01,14.5,False
1,2019-03-02,4.25,False
2,2019-03-03,5.25,False
3,2019-03-04,16.0,False
4,2019-03-05,15.75,False
5,2019-03-06,10.0,False
6,2019-03-07,16.75,False
7,2019-03-08,17.5,False
8,2019-03-09,4.25,False
9,2019-03-10,8.25,False
10,2019-03-11,25.0,False
11,2019-03-12,18.25,False
12,2019-03-13,16.25,False
13,2019-03-14,15.75,False
14,2019-03-15,17.25,False
15,2019-03-16,3.25,False
16,2019-03-17,6.25,False
17,2019-03-18,13.25,False
18,2019-03-19,18.75,False
19,2019-03-20,18.5,False
20,2019-03-21,17.25,False
21,2019-03-22,20.5,False
22,2019-03-23,5.25,False
23,2019-03-24,2.0,False
24,2019-03-25,15.75,False
25,2019-03-26,14.0,False
26,2019-03-27,13.25,False
27,2019-03-28,15.0,False
28,2019-03-29,7.75,False
29,2019-03-30,4.25,False
30,2019-03-31,2.25,False
