,date,SYMC stock,isPartial
0,2012-01-01,0.0,False
1,2012-01-02,0.0,False
2,2012-01-03,3.06,False
3,2012-01-04,0.0,False
4,2012-01-05,3.12,False
5,2012-01-06,0.0,False
6,2012-01-07,0.0,False
7,2012-01-08,3.48,False
8,2012-01-09,3.0,False
9,2012-01-10,2.94,False
10,2012-01-11,0.0,False
11,2012-01-12,6.0,False
12,2012-01-13,3.06,False
13,2012-01-14,0.0,False
14,2012-01-15,0.0,False
15,2012-01-16,0.0,False
16,2012-01-17,0.0,False
17,2012-01-18,0.0,False
18,2012-01-19,2.94,False
19,2012-01-20,0.0,False
20,2012-01-21,0.0,False
21,2012-01-22,0.0,False
22,2012-01-23,2.88,False
23,2012-01-24,0.0,False
24,2012-01-25,2.94,False
25,2012-01-26,3.0,False
26,2012-01-27,3.0,False
27,2012-01-28,0.0,False
28,2012-01-29,0.0,False
29,2012-01-30,2.82,False
30,2012-01-31,0.0,False
0,2012-02-01,1.47,False
1,2012-02-02,1.47,False
2,2012-02-03,0.0,False
3,2012-02-04,0.0,False
4,2012-02-05,1.74,False
5,2012-02-06,0.0,False
6,2012-02-07,0.0,False
7,2012-02-08,0.0,False
8,2012-02-09,0.0,False
9,2012-02-10,1.53,False
10,2012-02-11,0.0,False
11,2012-02-12,0.0,False
12,2012-02-13,0.0,False
13,2012-02-14,0.0,False
14,2012-02-15,1.5,False
15,2012-02-16,0.0,False
16,2012-02-17,1.56,False
17,2012-02-18,0.0,False
18,2012-02-19,0.0,False
19,2012-02-20,1.53,False
20,2012-02-21,3.0,False
21,2012-02-22,0.0,False
22,2012-02-23,1.47,False
23,2012-02-24,0.0,False
24,2012-02-25,1.77,False
25,2012-02-26,0.0,False
26,2012-02-27,1.47,False
27,2012-02-28,0.0,False
28,2012-02-29,0.0,False
0,2012-03-01,0.0,False
1,2012-03-02,7.2,False
2,2012-03-03,0.0,False
3,2012-03-04,0.0,False
4,2012-03-05,0.0,False
5,2012-03-06,0.0,False
6,2012-03-07,6.5600000000000005,False
7,2012-03-08,6.8,False
8,2012-03-09,6.96,False
9,2012-03-10,0.0,False
10,2012-03-11,0.0,False
11,2012-03-12,0.0,False
12,2012-03-13,6.640000000000001,False
13,2012-03-14,0.0,False
14,2012-03-15,0.0,False
15,2012-03-16,7.04,False
16,2012-03-17,0.0,False
17,2012-03-18,8.0,False
18,2012-03-19,0.0,False
19,2012-03-20,6.640000000000001,False
20,2012-03-21,0.0,False
21,2012-03-22,6.72,False
22,2012-03-23,0.0,False
23,2012-03-24,0.0,False
24,2012-03-25,0.0,False
25,2012-03-26,0.0,False
26,2012-03-27,0.0,False
27,2012-03-28,6.72,False
28,2012-03-29,0.0,False
29,2012-03-30,0.0,False
30,2012-03-31,0.0,False
0,2012-04-01,0.0,False
1,2012-04-02,2.0,False
2,2012-04-03,0.0,False
3,2012-04-04,0.0,False
4,2012-04-05,0.0,False
5,2012-04-06,2.32,False
6,2012-04-07,0.0,False
7,2012-04-08,0.0,False
8,2012-04-09,0.0,False
9,2012-04-10,2.04,False
10,2012-04-11,0.0,False
11,2012-04-12,4.0,False
12,2012-04-13,0.0,False
13,2012-04-14,0.0,False
14,2012-04-15,0.0,False
15,2012-04-16,1.96,False
16,2012-04-17,0.0,False
17,2012-04-18,0.0,False
18,2012-04-19,0.0,False
19,2012-04-20,0.0,False
20,2012-04-21,0.0,False
21,2012-04-22,0.0,False
22,2012-04-23,0.0,False
23,2012-04-24,1.92,False
24,2012-04-25,1.96,False
25,2012-04-26,1.96,False
26,2012-04-27,0.0,False
27,2012-04-28,0.0,False
28,2012-04-29,0.0,False
29,2012-04-30,2.08,False
0,2012-05-01,0.0,False
1,2012-05-02,0.0,False
2,2012-05-03,0.0,False
3,2012-05-04,0.0,False
4,2012-05-05,0.0,False
5,2012-05-06,0.0,False
6,2012-05-07,0.0,False
7,2012-05-08,3.68,False
8,2012-05-09,0.0,False
9,2012-05-10,0.0,False
10,2012-05-11,3.96,False
11,2012-05-12,0.0,False
12,2012-05-13,0.0,False
13,2012-05-14,0.0,False
14,2012-05-15,0.0,False
15,2012-05-16,0.0,False
16,2012-05-17,0.0,False
17,2012-05-18,0.0,False
18,2012-05-19,0.0,False
19,2012-05-20,0.0,False
20,2012-05-21,3.72,False
21,2012-05-22,0.0,False
22,2012-05-23,3.7600000000000002,False
23,2012-05-24,0.0,False
24,2012-05-25,4.0,False
25,2012-05-26,0.0,False
26,2012-05-27,0.0,False
27,2012-05-28,0.0,False
28,2012-05-29,0.0,False
29,2012-05-30,0.0,False
30,2012-05-31,0.0,False
0,2012-06-01,0.0,False
1,2012-06-02,0.0,False
2,2012-06-03,0.0,False
3,2012-06-04,0.0,False
4,2012-06-05,0.0,False
5,2012-06-06,0.0,False
6,2012-06-07,0.0,False
7,2012-06-08,0.0,False
8,2012-06-09,0.0,False
9,2012-06-10,0.0,False
10,2012-06-11,0.0,False
11,2012-06-12,0.0,False
12,2012-06-13,2.37,False
13,2012-06-14,2.4,False
14,2012-06-15,0.0,False
15,2012-06-16,0.0,False
16,2012-06-17,3.0,False
17,2012-06-18,0.0,False
18,2012-06-19,0.0,False
19,2012-06-20,0.0,False
20,2012-06-21,0.0,False
21,2012-06-22,0.0,False
22,2012-06-23,0.0,False
23,2012-06-24,2.9699999999999998,False
24,2012-06-25,0.0,False
25,2012-06-26,0.0,False
26,2012-06-27,0.0,False
27,2012-06-28,0.0,False
28,2012-06-29,2.58,False
29,2012-06-30,0.0,False
0,2012-07-01,0.0,False
1,2012-07-02,0.0,False
2,2012-07-03,0.0,False
3,2012-07-04,0.0,False
4,2012-07-05,4.08,False
5,2012-07-06,4.14,False
6,2012-07-07,0.0,False
7,2012-07-08,0.0,False
8,2012-07-09,0.0,False
9,2012-07-10,0.0,False
10,2012-07-11,0.0,False
11,2012-07-12,3.96,False
12,2012-07-13,4.08,False
13,2012-07-14,0.0,False
14,2012-07-15,0.0,False
15,2012-07-16,0.0,False
16,2012-07-17,3.9,False
17,2012-07-18,0.0,False
18,2012-07-19,4.02,False
19,2012-07-20,0.0,False
20,2012-07-21,0.0,False
21,2012-07-22,0.0,False
22,2012-07-23,0.0,False
23,2012-07-24,3.96,False
24,2012-07-25,6.0,False
25,2012-07-26,0.0,False
26,2012-07-27,4.2,False
27,2012-07-28,0.0,False
28,2012-07-29,4.859999999999999,False
29,2012-07-30,3.9,False
30,2012-07-31,0.0,False
0,2012-08-01,5.1000000000000005,False
1,2012-08-02,5.1000000000000005,False
2,2012-08-03,5.300000000000001,False
3,2012-08-04,0.0,False
4,2012-08-05,0.0,False
5,2012-08-06,5.0,False
6,2012-08-07,10.0,False
7,2012-08-08,5.0,False
8,2012-08-09,5.1000000000000005,False
9,2012-08-10,5.300000000000001,False
10,2012-08-11,6.2,False
11,2012-08-12,0.0,False
12,2012-08-13,5.0,False
13,2012-08-14,5.0,False
14,2012-08-15,0.0,False
15,2012-08-16,5.1000000000000005,False
16,2012-08-17,5.300000000000001,False
17,2012-08-18,0.0,False
18,2012-08-19,0.0,False
19,2012-08-20,0.0,False
20,2012-08-21,0.0,False
21,2012-08-22,0.0,False
22,2012-08-23,5.0,False
23,2012-08-24,5.300000000000001,False
24,2012-08-25,0.0,False
25,2012-08-26,0.0,False
26,2012-08-27,8.1,False
27,2012-08-28,0.0,False
28,2012-08-29,9.8,False
29,2012-08-30,0.0,False
30,2012-08-31,5.1000000000000005,False
0,2012-09-01,0.0,False
1,2012-09-02,0.0,False
2,2012-09-03,0.0,False
3,2012-09-04,0.0,False
4,2012-09-05,0.0,False
5,2012-09-06,0.0,False
6,2012-09-07,0.0,False
7,2012-09-08,0.0,False
8,2012-09-09,0.0,False
9,2012-09-10,6.0,False
10,2012-09-11,6.0,False
11,2012-09-12,6.0,False
12,2012-09-13,0.0,False
13,2012-09-14,0.0,False
14,2012-09-15,7.319999999999999,False
15,2012-09-16,7.319999999999999,False
16,2012-09-17,0.0,False
17,2012-09-18,0.0,False
18,2012-09-19,12.0,False
19,2012-09-20,0.0,False
20,2012-09-21,6.359999999999999,False
21,2012-09-22,0.0,False
22,2012-09-23,7.199999999999999,False
23,2012-09-24,0.0,False
24,2012-09-25,0.0,False
25,2012-09-26,5.88,False
26,2012-09-27,0.0,False
27,2012-09-28,0.0,False
28,2012-09-29,7.199999999999999,False
29,2012-09-30,0.0,False
0,2012-10-01,0.0,False
1,2012-10-02,0.0,False
2,2012-10-03,6.8,False
3,2012-10-04,6.640000000000001,False
4,2012-10-05,6.88,False
5,2012-10-06,8.0,False
6,2012-10-07,0.0,False
7,2012-10-08,6.5600000000000005,False
8,2012-10-09,0.0,False
9,2012-10-10,6.48,False
10,2012-10-11,0.0,False
11,2012-10-12,6.96,False
12,2012-10-13,0.0,False
13,2012-10-14,0.0,False
14,2012-10-15,6.48,False
15,2012-10-16,6.4,False
16,2012-10-17,0.0,False
17,2012-10-18,0.0,False
18,2012-10-19,6.8,False
19,2012-10-20,0.0,False
20,2012-10-21,0.0,False
21,2012-10-22,0.0,False
22,2012-10-23,0.0,False
23,2012-10-24,0.0,False
24,2012-10-25,6.640000000000001,False
25,2012-10-26,0.0,False
26,2012-10-27,7.92,False
27,2012-10-28,7.6000000000000005,False
28,2012-10-29,0.0,False
29,2012-10-30,0.0,False
30,2012-10-31,0.0,False
0,2012-11-01,2.2,False
1,2012-11-02,0.0,False
2,2012-11-03,0.0,False
3,2012-11-04,0.0,False
4,2012-11-05,2.04,False
5,2012-11-06,2.04,False
6,2012-11-07,2.04,False
7,2012-11-08,2.08,False
8,2012-11-09,0.0,False
9,2012-11-10,0.0,False
10,2012-11-11,0.0,False
11,2012-11-12,2.08,False
12,2012-11-13,0.0,False
13,2012-11-14,0.0,False
14,2012-11-15,0.0,False
15,2012-11-16,2.16,False
16,2012-11-17,0.0,False
17,2012-11-18,0.0,False
18,2012-11-19,0.0,False
19,2012-11-20,0.0,False
20,2012-11-21,0.0,False
21,2012-11-22,0.0,False
22,2012-11-23,0.0,False
23,2012-11-24,0.0,False
24,2012-11-25,0.0,False
25,2012-11-26,0.0,False
26,2012-11-27,4.0,False
27,2012-11-28,0.0,False
28,2012-11-29,2.04,False
29,2012-11-30,0.0,False
0,2012-12-01,0.0,False
1,2012-12-02,0.0,False
2,2012-12-03,3.85,False
3,2012-12-04,0.0,False
4,2012-12-05,3.95,False
5,2012-12-06,0.0,False
6,2012-12-07,4.15,False
7,2012-12-08,4.75,False
8,2012-12-09,0.0,False
9,2012-12-10,3.85,False
10,2012-12-11,0.0,False
11,2012-12-12,0.0,False
12,2012-12-13,0.0,False
13,2012-12-14,4.1000000000000005,False
14,2012-12-15,0.0,False
15,2012-12-16,0.0,False
16,2012-12-17,0.0,False
17,2012-12-18,0.0,False
18,2012-12-19,0.0,False
19,2012-12-20,4.1000000000000005,False
20,2012-12-21,4.3,False
21,2012-12-22,0.0,False
22,2012-12-23,5.0,False
23,2012-12-24,0.0,False
24,2012-12-25,0.0,False
25,2012-12-26,0.0,False
26,2012-12-27,0.0,False
27,2012-12-28,4.3,False
28,2012-12-29,4.800000000000001,False
29,2012-12-30,0.0,False
30,2012-12-31,0.0,False
0,2013-01-01,0.0,False
1,2013-01-02,0.0,False
2,2013-01-03,4.68,False
3,2013-01-04,4.8100000000000005,False
4,2013-01-05,0.0,False
5,2013-01-06,5.2,False
6,2013-01-07,4.55,False
7,2013-01-08,4.55,False
8,2013-01-09,4.42,False
9,2013-01-10,0.0,False
10,2013-01-11,4.68,False
11,2013-01-12,0.0,False
12,2013-01-13,0.0,False
13,2013-01-14,0.0,False
14,2013-01-15,8.84,False
15,2013-01-16,5.8500000000000005,False
16,2013-01-17,0.0,False
17,2013-01-18,9.23,False
18,2013-01-19,0.0,False
19,2013-01-20,0.0,False
20,2013-01-21,0.0,False
21,2013-01-22,4.29,False
22,2013-01-23,5.8500000000000005,False
23,2013-01-24,8.97,False
24,2013-01-25,0.0,False
25,2013-01-26,0.0,False
26,2013-01-27,5.07,False
27,2013-01-28,4.29,False
28,2013-01-29,4.29,False
29,2013-01-30,13.0,False
30,2013-01-31,4.42,False
0,2013-02-01,8.16,False
1,2013-02-02,0.0,False
2,2013-02-03,0.0,False
3,2013-02-04,3.84,False
4,2013-02-05,3.84,False
5,2013-02-06,3.84,False
6,2013-02-07,3.84,False
7,2013-02-08,3.96,False
8,2013-02-09,0.0,False
9,2013-02-10,0.0,False
10,2013-02-11,0.0,False
11,2013-02-12,12.0,False
12,2013-02-13,0.0,False
13,2013-02-14,0.0,False
14,2013-02-15,4.08,False
15,2013-02-16,4.56,False
16,2013-02-17,0.0,False
17,2013-02-18,0.0,False
18,2013-02-19,0.0,False
19,2013-02-20,3.84,False
20,2013-02-21,0.0,False
21,2013-02-22,0.0,False
22,2013-02-23,0.0,False
23,2013-02-24,4.4399999999999995,False
24,2013-02-25,5.52,False
25,2013-02-26,3.7199999999999998,False
26,2013-02-27,3.84,False
27,2013-02-28,7.68,False
0,2013-03-01,4.5,False
1,2013-03-02,0.0,False
2,2013-03-03,0.0,False
3,2013-03-04,4.2,False
4,2013-03-05,6.4,False
5,2013-03-06,4.2,False
6,2013-03-07,4.3,False
7,2013-03-08,0.0,False
8,2013-03-09,10.0,False
9,2013-03-10,0.0,False
10,2013-03-11,8.4,False
11,2013-03-12,4.1000000000000005,False
12,2013-03-13,4.1000000000000005,False
13,2013-03-14,0.0,False
14,2013-03-15,0.0,False
15,2013-03-16,0.0,False
16,2013-03-17,0.0,False
17,2013-03-18,0.0,False
18,2013-03-19,4.2,False
19,2013-03-20,0.0,False
20,2013-03-21,6.4,False
21,2013-03-22,0.0,False
22,2013-03-23,0.0,False
23,2013-03-24,0.0,False
24,2013-03-25,0.0,False
25,2013-03-26,4.2,False
26,2013-03-27,4.3,False
27,2013-03-28,0.0,False
28,2013-03-29,4.9,False
29,2013-03-30,0.0,False
30,2013-03-31,5.300000000000001,False
0,2013-04-01,4.72,False
1,2013-04-02,0.0,False
2,2013-04-03,0.0,False
3,2013-04-04,0.0,False
4,2013-04-05,3.44,False
5,2013-04-06,0.0,False
6,2013-04-07,0.0,False
7,2013-04-08,6.5600000000000005,False
8,2013-04-09,3.2800000000000002,False
9,2013-04-10,3.2800000000000002,False
10,2013-04-11,0.0,False
11,2013-04-12,0.0,False
12,2013-04-13,0.0,False
13,2013-04-14,8.0,False
14,2013-04-15,3.36,False
15,2013-04-16,3.36,False
16,2013-04-17,0.0,False
17,2013-04-18,3.36,False
18,2013-04-19,0.0,False
19,2013-04-20,0.0,False
20,2013-04-21,0.0,False
21,2013-04-22,3.36,False
22,2013-04-23,3.2800000000000002,False
23,2013-04-24,3.36,False
24,2013-04-25,0.0,False
25,2013-04-26,3.44,False
26,2013-04-27,4.0,False
27,2013-04-28,0.0,False
28,2013-04-29,3.36,False
29,2013-04-30,3.36,False
0,2013-05-01,3.78,False
1,2013-05-02,2.34,False
2,2013-05-03,0.0,False
3,2013-05-04,0.0,False
4,2013-05-05,0.0,False
5,2013-05-06,0.0,False
6,2013-05-07,4.59,False
7,2013-05-08,3.06,False
8,2013-05-09,2.34,False
9,2013-05-10,2.4299999999999997,False
10,2013-05-11,0.0,False
11,2013-05-12,0.0,False
12,2013-05-13,3.42,False
13,2013-05-14,4.5,False
14,2013-05-15,3.33,False
15,2013-05-16,2.34,False
16,2013-05-17,2.4299999999999997,False
17,2013-05-18,0.0,False
18,2013-05-19,0.0,False
19,2013-05-20,2.34,False
20,2013-05-21,0.0,False
21,2013-05-22,2.25,False
22,2013-05-23,9.0,False
23,2013-05-24,0.0,False
24,2013-05-25,0.0,False
25,2013-05-26,0.0,False
26,2013-05-27,0.0,False
27,2013-05-28,0.0,False
28,2013-05-29,2.25,False
29,2013-05-30,0.0,False
30,2013-05-31,3.15,False
0,2013-06-01,0.0,False
1,2013-06-02,6.16,False
2,2013-06-03,7.7,False
3,2013-06-04,5.17,False
4,2013-06-05,0.0,False
5,2013-06-06,5.28,False
6,2013-06-07,5.5,False
7,2013-06-08,6.38,False
8,2013-06-09,6.2700000000000005,False
9,2013-06-10,5.17,False
10,2013-06-11,7.59,False
11,2013-06-12,0.0,False
12,2013-06-13,5.28,False
13,2013-06-14,5.61,False
14,2013-06-15,6.38,False
15,2013-06-16,0.0,False
16,2013-06-17,5.17,False
17,2013-06-18,10.56,False
18,2013-06-19,0.0,False
19,2013-06-20,5.28,False
20,2013-06-21,5.72,False
21,2013-06-22,0.0,False
22,2013-06-23,0.0,False
23,2013-06-24,0.0,False
24,2013-06-25,5.28,False
25,2013-06-26,5.28,False
26,2013-06-27,0.0,False
27,2013-06-28,11.0,False
28,2013-06-29,0.0,False
29,2013-06-30,0.0,False
0,2013-07-01,3.5999999999999996,False
1,2013-07-02,0.0,False
2,2013-07-03,3.5999999999999996,False
3,2013-07-04,0.0,False
4,2013-07-05,3.96,False
5,2013-07-06,4.59,False
6,2013-07-07,4.59,False
7,2013-07-08,0.0,False
8,2013-07-09,3.5999999999999996,False
9,2013-07-10,0.0,False
10,2013-07-11,4.95,False
11,2013-07-12,5.13,False
12,2013-07-13,4.5,False
13,2013-07-14,0.0,False
14,2013-07-15,0.0,False
15,2013-07-16,3.69,False
16,2013-07-17,5.58,False
17,2013-07-18,7.56,False
18,2013-07-19,0.0,False
19,2013-07-20,9.0,False
20,2013-07-21,4.59,False
21,2013-07-22,3.69,False
22,2013-07-23,3.5999999999999996,False
23,2013-07-24,3.69,False
24,2013-07-25,3.78,False
25,2013-07-26,0.0,False
26,2013-07-27,4.5,False
27,2013-07-28,4.5,False
28,2013-07-29,0.0,False
29,2013-07-30,0.0,False
30,2013-07-31,7.29,False
0,2013-08-01,9.35,False
1,2013-08-02,7.81,False
2,2013-08-03,0.0,False
3,2013-08-04,6.71,False
4,2013-08-05,0.0,False
5,2013-08-06,11.0,False
6,2013-08-07,5.5,False
7,2013-08-08,5.72,False
8,2013-08-09,5.83,False
9,2013-08-10,6.82,False
10,2013-08-11,6.71,False
11,2013-08-12,0.0,False
12,2013-08-13,0.0,False
13,2013-08-14,5.5,False
14,2013-08-15,5.83,False
15,2013-08-16,8.69,False
16,2013-08-17,6.6,False
17,2013-08-18,0.0,False
18,2013-08-19,0.0,False
19,2013-08-20,5.39,False
20,2013-08-21,0.0,False
21,2013-08-22,11.0,False
22,2013-08-23,5.61,False
23,2013-08-24,0.0,False
24,2013-08-25,0.0,False
25,2013-08-26,10.45,False
26,2013-08-27,0.0,False
27,2013-08-28,5.39,False
28,2013-08-29,10.67,False
29,2013-08-30,0.0,False
30,2013-08-31,0.0,False
0,2013-09-01,4.88,False
1,2013-09-02,0.0,False
2,2013-09-03,0.0,False
3,2013-09-04,4.08,False
4,2013-09-05,0.0,False
5,2013-09-06,0.0,False
6,2013-09-07,4.96,False
7,2013-09-08,0.0,False
8,2013-09-09,4.0,False
9,2013-09-10,4.0,False
10,2013-09-11,4.0,False
11,2013-09-12,8.0,False
12,2013-09-13,0.0,False
13,2013-09-14,0.0,False
14,2013-09-15,0.0,False
15,2013-09-16,4.0,False
16,2013-09-17,3.92,False
17,2013-09-18,0.0,False
18,2013-09-19,4.08,False
19,2013-09-20,4.24,False
20,2013-09-21,4.88,False
21,2013-09-22,0.0,False
22,2013-09-23,0.0,False
23,2013-09-24,4.0,False
24,2013-09-25,0.0,False
25,2013-09-26,0.0,False
26,2013-09-27,4.24,False
27,2013-09-28,0.0,False
28,2013-09-29,4.64,False
29,2013-09-30,0.0,False
0,2013-10-01,5.55,False
1,2013-10-02,0.0,False
2,2013-10-03,5.7,False
3,2013-10-04,6.0,False
4,2013-10-05,6.75,False
5,2013-10-06,6.6,False
6,2013-10-07,5.7,False
7,2013-10-08,0.0,False
8,2013-10-09,5.7,False
9,2013-10-10,5.7,False
10,2013-10-11,0.0,False
11,2013-10-12,0.0,False
12,2013-10-13,0.0,False
13,2013-10-14,5.85,False
14,2013-10-15,0.0,False
15,2013-10-16,5.7,False
16,2013-10-17,5.85,False
17,2013-10-18,15.0,False
18,2013-10-19,0.0,False
19,2013-10-20,6.6,False
20,2013-10-21,5.55,False
21,2013-10-22,5.55,False
22,2013-10-23,9.299999999999999,False
23,2013-10-24,11.4,False
24,2013-10-25,5.85,False
25,2013-10-26,0.0,False
26,2013-10-27,6.45,False
27,2013-10-28,5.55,False
28,2013-10-29,8.25,False
29,2013-10-30,7.5,False
30,2013-10-31,5.85,False
0,2013-11-01,0.0,False
1,2013-11-02,0.0,False
2,2013-11-03,5.22,False
3,2013-11-04,6.75,False
4,2013-11-05,0.0,False
5,2013-11-06,0.0,False
6,2013-11-07,9.0,False
7,2013-11-08,4.68,False
8,2013-11-09,5.31,False
9,2013-11-10,5.13,False
10,2013-11-11,4.41,False
11,2013-11-12,4.5,False
12,2013-11-13,0.0,False
13,2013-11-14,4.5,False
14,2013-11-15,4.77,False
15,2013-11-16,0.0,False
16,2013-11-17,0.0,False
17,2013-11-18,8.73,False
18,2013-11-19,0.0,False
19,2013-11-20,4.41,False
20,2013-11-21,0.0,False
21,2013-11-22,0.0,False
22,2013-11-23,0.0,False
23,2013-11-24,0.0,False
24,2013-11-25,0.0,False
25,2013-11-26,4.32,False
26,2013-11-27,4.41,False
27,2013-11-28,4.77,False
28,2013-11-29,0.0,False
29,2013-11-30,0.0,False
0,2013-12-01,0.0,False
1,2013-12-02,4.130000000000001,False
2,2013-12-03,0.0,False
3,2013-12-04,2.1,False
4,2013-12-05,0.0,False
5,2013-12-06,0.0,False
6,2013-12-07,0.0,False
7,2013-12-08,0.0,False
8,2013-12-09,2.1,False
9,2013-12-10,0.0,False
10,2013-12-11,0.0,False
11,2013-12-12,0.0,False
12,2013-12-13,2.31,False
13,2013-12-14,0.0,False
14,2013-12-15,0.0,False
15,2013-12-16,0.0,False
16,2013-12-17,0.0,False
17,2013-12-18,0.0,False
18,2013-12-19,0.0,False
19,2013-12-20,2.45,False
20,2013-12-21,2.66,False
21,2013-12-22,0.0,False
22,2013-12-23,0.0,False
23,2013-12-24,2.66,False
24,2013-12-25,0.0,False
25,2013-12-26,0.0,False
26,2013-12-27,0.0,False
27,2013-12-28,0.0,False
28,2013-12-29,0.0,False
29,2013-12-30,7.000000000000001,False
30,2013-12-31,0.0,False
0,2014-01-01,6.12,False
1,2014-01-02,4.95,False
2,2014-01-03,4.95,False
3,2014-01-04,0.0,False
4,2014-01-05,5.49,False
5,2014-01-06,4.77,False
6,2014-01-07,4.68,False
7,2014-01-08,0.0,False
8,2014-01-09,4.68,False
9,2014-01-10,0.0,False
10,2014-01-11,0.0,False
11,2014-01-12,0.0,False
12,2014-01-13,4.59,False
13,2014-01-14,0.0,False
14,2014-01-15,4.59,False
15,2014-01-16,4.68,False
16,2014-01-17,0.0,False
17,2014-01-18,5.49,False
18,2014-01-19,5.3999999999999995,False
19,2014-01-20,4.59,False
20,2014-01-21,0.0,False
21,2014-01-22,4.59,False
22,2014-01-23,0.0,False
23,2014-01-24,4.77,False
24,2014-01-25,0.0,False
25,2014-01-26,5.3999999999999995,False
26,2014-01-27,9.0,False
27,2014-01-28,4.5,False
28,2014-01-29,7.6499999999999995,False
29,2014-01-30,6.21,False
30,2014-01-31,6.39,False
0,2014-02-01,6.580000000000001,False
1,2014-02-02,0.0,False
2,2014-02-03,5.6000000000000005,False
3,2014-02-04,11.200000000000001,False
4,2014-02-05,5.6000000000000005,False
5,2014-02-06,7.700000000000001,False
6,2014-02-07,0.0,False
7,2014-02-08,6.44,False
8,2014-02-09,6.44,False
9,2014-02-10,5.460000000000001,False
10,2014-02-11,5.460000000000001,False
11,2014-02-12,0.0,False
12,2014-02-13,5.6000000000000005,False
13,2014-02-14,5.880000000000001,False
14,2014-02-15,0.0,False
15,2014-02-16,6.44,False
16,2014-02-17,0.0,False
17,2014-02-18,5.6000000000000005,False
18,2014-02-19,14.000000000000002,False
19,2014-02-20,0.0,False
20,2014-02-21,5.74,False
21,2014-02-22,13.160000000000002,False
22,2014-02-23,6.44,False
23,2014-02-24,8.260000000000002,False
24,2014-02-25,0.0,False
25,2014-02-26,5.460000000000001,False
26,2014-02-27,11.200000000000001,False
27,2014-02-28,8.82,False
0,2014-03-01,5.29,False
1,2014-03-02,0.0,False
2,2014-03-03,4.37,False
3,2014-03-04,8.97,False
4,2014-03-05,4.37,False
5,2014-03-06,8.74,False
6,2014-03-07,4.6000000000000005,False
7,2014-03-08,0.0,False
8,2014-03-09,0.0,False
9,2014-03-10,8.74,False
10,2014-03-11,4.37,False
11,2014-03-12,4.37,False
12,2014-03-13,0.0,False
13,2014-03-14,13.8,False
14,2014-03-15,5.29,False
15,2014-03-16,0.0,False
16,2014-03-17,0.0,False
17,2014-03-18,4.37,False
18,2014-03-19,6.67,False
19,2014-03-20,4.6000000000000005,False
20,2014-03-21,23.0,False
21,2014-03-22,0.0,False
22,2014-03-23,0.0,False
23,2014-03-24,17.25,False
24,2014-03-25,4.37,False
25,2014-03-26,4.37,False
26,2014-03-27,0.0,False
27,2014-03-28,16.1,False
28,2014-03-29,5.29,False
29,2014-03-30,0.0,False
30,2014-03-31,4.37,False
0,2014-04-01,16.490000000000002,False
1,2014-04-02,13.430000000000001,False
2,2014-04-03,6.630000000000001,False
3,2014-04-04,6.970000000000001,False
4,2014-04-05,7.82,False
5,2014-04-06,7.65,False
6,2014-04-07,6.460000000000001,False
7,2014-04-08,9.860000000000001,False
8,2014-04-09,6.630000000000001,False
9,2014-04-10,6.800000000000001,False
10,2014-04-11,7.140000000000001,False
11,2014-04-12,7.99,False
12,2014-04-13,0.0,False
13,2014-04-14,6.800000000000001,False
14,2014-04-15,13.430000000000001,False
15,2014-04-16,17.0,False
16,2014-04-17,7.140000000000001,False
17,2014-04-18,7.65,False
18,2014-04-19,0.0,False
19,2014-04-20,0.0,False
20,2014-04-21,7.140000000000001,False
21,2014-04-22,9.860000000000001,False
22,2014-04-23,11.05,False
23,2014-04-24,13.430000000000001,False
24,2014-04-25,6.970000000000001,False
25,2014-04-26,7.82,False
26,2014-04-27,0.0,False
27,2014-04-28,6.630000000000001,False
28,2014-04-29,6.460000000000001,False
29,2014-04-30,0.0,False
0,2014-05-01,0.0,False
1,2014-05-02,4.25,False
2,2014-05-03,4.590000000000001,False
3,2014-05-04,0.0,False
4,2014-05-05,7.99,False
5,2014-05-06,3.91,False
6,2014-05-07,5.1000000000000005,False
7,2014-05-08,5.78,False
8,2014-05-09,4.08,False
9,2014-05-10,0.0,False
10,2014-05-11,4.590000000000001,False
11,2014-05-12,5.61,False
12,2014-05-13,7.65,False
13,2014-05-14,7.82,False
14,2014-05-15,6.460000000000001,False
15,2014-05-16,5.44,False
16,2014-05-17,0.0,False
17,2014-05-18,0.0,False
18,2014-05-19,5.78,False
19,2014-05-20,5.78,False
20,2014-05-21,12.58,False
21,2014-05-22,10.71,False
22,2014-05-23,4.42,False
23,2014-05-24,5.2700000000000005,False
24,2014-05-25,5.2700000000000005,False
25,2014-05-26,4.42,False
26,2014-05-27,4.25,False
27,2014-05-28,17.0,False
28,2014-05-29,4.42,False
29,2014-05-30,5.95,False
30,2014-05-31,5.2700000000000005,False
0,2014-06-01,8.82,False
1,2014-06-02,0.0,False
2,2014-06-03,7.02,False
3,2014-06-04,7.02,False
4,2014-06-05,0.0,False
5,2014-06-06,0.0,False
6,2014-06-07,9.0,False
7,2014-06-08,0.0,False
8,2014-06-09,10.98,False
9,2014-06-10,14.94,False
10,2014-06-11,10.98,False
11,2014-06-12,14.58,False
12,2014-06-13,7.56,False
13,2014-06-14,8.82,False
14,2014-06-15,8.64,False
15,2014-06-16,0.0,False
16,2014-06-17,7.199999999999999,False
17,2014-06-18,7.38,False
18,2014-06-19,0.0,False
19,2014-06-20,7.739999999999999,False
20,2014-06-21,0.0,False
21,2014-06-22,18.0,False
22,2014-06-23,7.38,False
23,2014-06-24,7.199999999999999,False
24,2014-06-25,7.38,False
25,2014-06-26,0.0,False
26,2014-06-27,7.739999999999999,False
27,2014-06-28,9.0,False
28,2014-06-29,0.0,False
29,2014-06-30,7.38,False
0,2014-07-01,13.95,False
1,2014-07-02,7.199999999999999,False
2,2014-07-03,0.0,False
3,2014-07-04,7.8,False
4,2014-07-05,0.0,False
5,2014-07-06,8.7,False
6,2014-07-07,14.1,False
7,2014-07-08,13.95,False
8,2014-07-09,7.199999999999999,False
9,2014-07-10,7.199999999999999,False
10,2014-07-11,7.35,False
11,2014-07-12,8.549999999999999,False
12,2014-07-13,8.4,False
13,2014-07-14,7.05,False
14,2014-07-15,0.0,False
15,2014-07-16,7.199999999999999,False
16,2014-07-17,7.35,False
17,2014-07-18,7.35,False
18,2014-07-19,0.0,False
19,2014-07-20,0.0,False
20,2014-07-21,0.0,False
21,2014-07-22,10.5,False
22,2014-07-23,7.199999999999999,False
23,2014-07-24,7.199999999999999,False
24,2014-07-25,15.0,False
25,2014-07-26,0.0,False
26,2014-07-27,0.0,False
27,2014-07-28,7.199999999999999,False
28,2014-07-29,0.0,False
29,2014-07-30,7.199999999999999,False
30,2014-07-31,7.35,False
0,2014-08-01,0.0,False
1,2014-08-02,0.0,False
2,2014-08-03,0.0,False
3,2014-08-04,5.52,False
4,2014-08-05,5.52,False
5,2014-08-06,5.52,False
6,2014-08-07,0.0,False
7,2014-08-08,7.92,False
8,2014-08-09,0.0,False
9,2014-08-10,0.0,False
10,2014-08-11,0.0,False
11,2014-08-12,10.92,False
12,2014-08-13,5.3999999999999995,False
13,2014-08-14,5.64,False
14,2014-08-15,12.0,False
15,2014-08-16,6.72,False
16,2014-08-17,6.6,False
17,2014-08-18,5.52,False
18,2014-08-19,10.92,False
19,2014-08-20,5.3999999999999995,False
20,2014-08-21,5.52,False
21,2014-08-22,5.64,False
22,2014-08-23,0.0,False
23,2014-08-24,0.0,False
24,2014-08-25,5.3999999999999995,False
25,2014-08-26,5.279999999999999,False
26,2014-08-27,0.0,False
27,2014-08-28,5.3999999999999995,False
28,2014-08-29,0.0,False
29,2014-08-30,6.4799999999999995,False
30,2014-08-31,6.359999999999999,False
0,2014-09-01,5.460000000000001,False
1,2014-09-02,7.000000000000001,False
2,2014-09-03,14.000000000000002,False
3,2014-09-04,5.32,False
4,2014-09-05,9.24,False
5,2014-09-06,6.44,False
6,2014-09-07,0.0,False
7,2014-09-08,7.840000000000001,False
8,2014-09-09,5.180000000000001,False
9,2014-09-10,7.840000000000001,False
10,2014-09-11,8.82,False
11,2014-09-12,5.460000000000001,False
12,2014-09-13,0.0,False
13,2014-09-14,0.0,False
14,2014-09-15,10.500000000000002,False
15,2014-09-16,10.360000000000001,False
16,2014-09-17,5.32,False
17,2014-09-18,5.32,False
18,2014-09-19,5.6000000000000005,False
19,2014-09-20,0.0,False
20,2014-09-21,6.16,False
21,2014-09-22,5.180000000000001,False
22,2014-09-23,5.180000000000001,False
23,2014-09-24,5.180000000000001,False
24,2014-09-25,0.0,False
25,2014-09-26,5.460000000000001,False
26,2014-09-27,0.0,False
27,2014-09-28,0.0,False
28,2014-09-29,5.180000000000001,False
29,2014-09-30,5.180000000000001,False
0,2014-10-01,0.0,False
1,2014-10-02,0.0,False
2,2014-10-03,5.4,False
3,2014-10-04,0.0,False
4,2014-10-05,6.0,False
5,2014-10-06,0.0,False
6,2014-10-07,5.0,False
7,2014-10-08,20.0,False
8,2014-10-09,7.6000000000000005,False
9,2014-10-10,7.800000000000001,False
10,2014-10-11,6.0,False
11,2014-10-12,0.0,False
12,2014-10-13,12.4,False
13,2014-10-14,14.4,False
14,2014-10-15,14.8,False
15,2014-10-16,5.0,False
16,2014-10-17,0.0,False
17,2014-10-18,6.0,False
18,2014-10-19,5.800000000000001,False
19,2014-10-20,12.200000000000001,False
20,2014-10-21,4.800000000000001,False
21,2014-10-22,5.0,False
22,2014-10-23,9.8,False
23,2014-10-24,5.2,False
24,2014-10-25,6.0,False
25,2014-10-26,5.800000000000001,False
26,2014-10-27,4.800000000000001,False
27,2014-10-28,0.0,False
28,2014-10-29,5.0,False
29,2014-10-30,10.0,False
30,2014-10-31,10.600000000000001,False
0,2014-11-01,8.48,False
1,2014-11-02,0.0,False
2,2014-11-03,6.88,False
3,2014-11-04,13.6,False
4,2014-11-05,16.0,False
5,2014-11-06,13.76,False
6,2014-11-07,14.24,False
7,2014-11-08,8.16,False
8,2014-11-09,8.0,False
9,2014-11-10,10.24,False
10,2014-11-11,0.0,False
11,2014-11-12,9.120000000000001,False
12,2014-11-13,15.84,False
13,2014-11-14,11.84,False
14,2014-11-15,8.16,False
15,2014-11-16,0.0,False
16,2014-11-17,0.0,False
17,2014-11-18,0.0,False
18,2014-11-19,7.04,False
19,2014-11-20,6.88,False
20,2014-11-21,14.24,False
21,2014-11-22,0.0,False
22,2014-11-23,0.0,False
23,2014-11-24,6.72,False
24,2014-11-25,10.08,False
25,2014-11-26,6.88,False
26,2014-11-27,7.04,False
27,2014-11-28,7.2,False
28,2014-11-29,12.0,False
29,2014-11-30,7.84,False
0,2014-12-01,11.06,False
1,2014-12-02,5.460000000000001,False
2,2014-12-03,5.6000000000000005,False
3,2014-12-04,11.200000000000001,False
4,2014-12-05,5.880000000000001,False
5,2014-12-06,0.0,False
6,2014-12-07,0.0,False
7,2014-12-08,11.48,False
8,2014-12-09,5.6000000000000005,False
9,2014-12-10,0.0,False
10,2014-12-11,5.74,False
11,2014-12-12,6.0200000000000005,False
12,2014-12-13,6.720000000000001,False
13,2014-12-14,6.720000000000001,False
14,2014-12-15,7.5600000000000005,False
15,2014-12-16,5.74,False
16,2014-12-17,0.0,False
17,2014-12-18,8.96,False
18,2014-12-19,0.0,False
19,2014-12-20,0.0,False
20,2014-12-21,7.000000000000001,False
21,2014-12-22,0.0,False
22,2014-12-23,12.46,False
23,2014-12-24,14.000000000000002,False
24,2014-12-25,0.0,False
25,2014-12-26,10.080000000000002,False
26,2014-12-27,0.0,False
27,2014-12-28,0.0,False
28,2014-12-29,12.040000000000001,False
29,2014-12-30,0.0,False
30,2014-12-31,10.360000000000001,False
0,2015-01-01,0.0,False
1,2015-01-02,5.88,False
2,2015-01-03,6.24,False
3,2015-01-04,6.0,False
4,2015-01-05,5.279999999999999,False
5,2015-01-06,5.279999999999999,False
6,2015-01-07,5.16,False
7,2015-01-08,5.16,False
8,2015-01-09,5.279999999999999,False
9,2015-01-10,12.0,False
10,2015-01-11,0.0,False
11,2015-01-12,5.04,False
12,2015-01-13,9.959999999999999,False
13,2015-01-14,5.04,False
14,2015-01-15,5.16,False
15,2015-01-16,7.8,False
16,2015-01-17,0.0,False
17,2015-01-18,0.0,False
18,2015-01-19,0.0,False
19,2015-01-20,5.04,False
20,2015-01-21,0.0,False
21,2015-01-22,5.04,False
22,2015-01-23,7.8,False
23,2015-01-24,0.0,False
24,2015-01-25,0.0,False
25,2015-01-26,9.84,False
26,2015-01-27,7.4399999999999995,False
27,2015-01-28,4.92,False
28,2015-01-29,10.08,False
29,2015-01-30,10.44,False
30,2015-01-31,0.0,False
0,2015-02-01,0.0,False
1,2015-02-02,7.41,False
2,2015-02-03,9.75,False
3,2015-02-04,4.94,False
4,2015-02-05,6.63,False
5,2015-02-06,13.0,False
6,2015-02-07,0.0,False
7,2015-02-08,0.0,False
8,2015-02-09,4.94,False
9,2015-02-10,4.94,False
10,2015-02-11,4.94,False
11,2015-02-12,5.07,False
12,2015-02-13,0.0,False
13,2015-02-14,8.97,False
14,2015-02-15,11.96,False
15,2015-02-16,5.2,False
16,2015-02-17,10.27,False
17,2015-02-18,10.01,False
18,2015-02-19,0.0,False
19,2015-02-20,5.2,False
20,2015-02-21,5.8500000000000005,False
21,2015-02-22,5.8500000000000005,False
22,2015-02-23,4.8100000000000005,False
23,2015-02-24,4.94,False
24,2015-02-25,4.94,False
25,2015-02-26,0.0,False
26,2015-02-27,5.07,False
27,2015-02-28,5.720000000000001,False
0,2015-03-01,0.0,False
1,2015-03-02,0.0,False
2,2015-03-03,5.1,False
3,2015-03-04,5.1,False
4,2015-03-05,0.0,False
5,2015-03-06,5.3999999999999995,False
6,2015-03-07,6.0,False
7,2015-03-08,0.0,False
8,2015-03-09,10.2,False
9,2015-03-10,10.2,False
10,2015-03-11,12.6,False
11,2015-03-12,0.0,False
12,2015-03-13,5.3999999999999995,False
13,2015-03-14,6.0,False
14,2015-03-15,5.85,False
15,2015-03-16,5.1,False
16,2015-03-17,0.0,False
17,2015-03-18,5.1,False
18,2015-03-19,5.1,False
19,2015-03-20,0.0,False
20,2015-03-21,0.0,False
21,2015-03-22,0.0,False
22,2015-03-23,15.0,False
23,2015-03-24,10.049999999999999,False
24,2015-03-25,0.0,False
25,2015-03-26,5.85,False
26,2015-03-27,0.0,False
27,2015-03-28,0.0,False
28,2015-03-29,6.3,False
29,2015-03-30,5.1,False
30,2015-03-31,5.1,False
0,2015-04-01,0.0,False
1,2015-04-02,5.460000000000001,False
2,2015-04-03,3.9200000000000004,False
3,2015-04-04,0.0,False
4,2015-04-05,0.0,False
5,2015-04-06,7.420000000000001,False
6,2015-04-07,3.3600000000000003,False
7,2015-04-08,5.180000000000001,False
8,2015-04-09,3.5000000000000004,False
9,2015-04-10,5.460000000000001,False
10,2015-04-11,4.2,False
11,2015-04-12,0.0,False
12,2015-04-13,3.3600000000000003,False
13,2015-04-14,3.3600000000000003,False
14,2015-04-15,5.74,False
15,2015-04-16,6.86,False
16,2015-04-17,3.6400000000000006,False
17,2015-04-18,0.0,False
18,2015-04-19,4.0600000000000005,False
19,2015-04-20,6.86,False
20,2015-04-21,7.000000000000001,False
21,2015-04-22,5.180000000000001,False
22,2015-04-23,14.000000000000002,False
23,2015-04-24,5.460000000000001,False
24,2015-04-25,4.0600000000000005,False
25,2015-04-26,4.0600000000000005,False
26,2015-04-27,6.86,False
27,2015-04-28,6.86,False
28,2015-04-29,5.180000000000001,False
29,2015-04-30,5.880000000000001,False
0,2015-05-01,6.8999999999999995,False
1,2015-05-02,14.7,False
2,2015-05-03,0.0,False
3,2015-05-04,6.1499999999999995,False
4,2015-05-05,6.0,False
5,2015-05-06,6.0,False
6,2015-05-07,0.0,False
7,2015-05-08,0.0,False
8,2015-05-09,11.1,False
9,2015-05-10,7.5,False
10,2015-05-11,12.0,False
11,2015-05-12,6.0,False
12,2015-05-13,0.0,False
13,2015-05-14,6.3,False
14,2015-05-15,9.45,False
15,2015-05-16,0.0,False
16,2015-05-17,7.199999999999999,False
17,2015-05-18,15.0,False
18,2015-05-19,6.0,False
19,2015-05-20,6.0,False
20,2015-05-21,6.1499999999999995,False
21,2015-05-22,6.3,False
22,2015-05-23,7.199999999999999,False
23,2015-05-24,0.0,False
24,2015-05-25,0.0,False
25,2015-05-26,5.85,False
26,2015-05-27,5.85,False
27,2015-05-28,9.0,False
28,2015-05-29,6.3,False
29,2015-05-30,7.199999999999999,False
30,2015-05-31,0.0,False
0,2015-06-01,13.5,False
1,2015-06-02,6.84,False
2,2015-06-03,11.34,False
3,2015-06-04,14.219999999999999,False
4,2015-06-05,10.98,False
5,2015-06-06,0.0,False
6,2015-06-07,8.28,False
7,2015-06-08,6.84,False
8,2015-06-09,13.5,False
9,2015-06-10,10.26,False
10,2015-06-11,6.84,False
11,2015-06-12,14.399999999999999,False
12,2015-06-13,8.28,False
13,2015-06-14,8.28,False
14,2015-06-15,10.08,False
15,2015-06-16,6.84,False
16,2015-06-17,10.26,False
17,2015-06-18,6.84,False
18,2015-06-19,18.0,False
19,2015-06-20,0.0,False
20,2015-06-21,8.28,False
21,2015-06-22,6.84,False
22,2015-06-23,13.68,False
23,2015-06-24,10.26,False
24,2015-06-25,14.04,False
25,2015-06-26,7.199999999999999,False
26,2015-06-27,0.0,False
27,2015-06-28,0.0,False
28,2015-06-29,6.84,False
29,2015-06-30,13.86,False
0,2015-07-01,6.0,False
1,2015-07-02,0.0,False
2,2015-07-03,6.359999999999999,False
3,2015-07-04,0.0,False
4,2015-07-05,0.0,False
5,2015-07-06,5.88,False
6,2015-07-07,8.879999999999999,False
7,2015-07-08,8.879999999999999,False
8,2015-07-09,0.0,False
9,2015-07-10,0.0,False
10,2015-07-11,7.199999999999999,False
11,2015-07-12,0.0,False
12,2015-07-13,5.88,False
13,2015-07-14,9.0,False
14,2015-07-15,0.0,False
15,2015-07-16,0.0,False
16,2015-07-17,0.0,False
17,2015-07-18,0.0,False
18,2015-07-19,7.68,False
19,2015-07-20,0.0,False
20,2015-07-21,6.0,False
21,2015-07-22,12.0,False
22,2015-07-23,0.0,False
23,2015-07-24,6.24,False
24,2015-07-25,0.0,False
25,2015-07-26,0.0,False
26,2015-07-27,5.88,False
27,2015-07-28,0.0,False
28,2015-07-29,0.0,False
29,2015-07-30,0.0,False
30,2015-07-31,6.24,False
0,2015-08-01,0.0,False
1,2015-08-02,0.0,False
2,2015-08-03,0.0,False
3,2015-08-04,6.16,False
4,2015-08-05,6.44,False
5,2015-08-06,6.44,False
6,2015-08-07,9.8,False
7,2015-08-08,0.0,False
8,2015-08-09,0.0,False
9,2015-08-10,6.16,False
10,2015-08-11,28.000000000000004,False
11,2015-08-12,12.600000000000001,False
12,2015-08-13,9.520000000000001,False
13,2015-08-14,22.680000000000003,False
14,2015-08-15,7.5600000000000005,False
15,2015-08-16,7.280000000000001,False
16,2015-08-17,12.32,False
17,2015-08-18,6.16,False
18,2015-08-19,9.24,False
19,2015-08-20,6.16,False
20,2015-08-21,12.88,False
21,2015-08-22,0.0,False
22,2015-08-23,0.0,False
23,2015-08-24,24.080000000000002,False
24,2015-08-25,12.040000000000001,False
25,2015-08-26,15.120000000000001,False
26,2015-08-27,12.32,False
27,2015-08-28,12.88,False
28,2015-08-29,0.0,False
29,2015-08-30,7.280000000000001,False
30,2015-08-31,17.92,False
0,2015-09-01,7.949999999999999,False
1,2015-09-02,10.799999999999999,False
2,2015-09-03,5.55,False
3,2015-09-04,15.0,False
4,2015-09-05,12.75,False
5,2015-09-06,0.0,False
6,2015-09-07,8.4,False
7,2015-09-08,10.799999999999999,False
8,2015-09-09,7.199999999999999,False
9,2015-09-10,7.199999999999999,False
10,2015-09-11,5.55,False
11,2015-09-12,0.0,False
12,2015-09-13,0.0,False
13,2015-09-14,8.7,False
14,2015-09-15,7.05,False
15,2015-09-16,10.5,False
16,2015-09-17,5.3999999999999995,False
17,2015-09-18,11.1,False
18,2015-09-19,12.45,False
19,2015-09-20,6.1499999999999995,False
20,2015-09-21,5.25,False
21,2015-09-22,5.25,False
22,2015-09-23,0.0,False
23,2015-09-24,0.0,False
24,2015-09-25,11.25,False
25,2015-09-26,6.3,False
26,2015-09-27,0.0,False
27,2015-09-28,7.6499999999999995,False
28,2015-09-29,5.25,False
29,2015-09-30,5.25,False
0,2015-10-01,5.85,False
1,2015-10-02,6.1499999999999995,False
2,2015-10-03,0.0,False
3,2015-10-04,0.0,False
4,2015-10-05,0.0,False
5,2015-10-06,5.7,False
6,2015-10-07,3.9,False
7,2015-10-08,3.9,False
8,2015-10-09,4.05,False
9,2015-10-10,0.0,False
10,2015-10-11,0.0,False
11,2015-10-12,0.0,False
12,2015-10-13,3.9,False
13,2015-10-14,7.6499999999999995,False
14,2015-10-15,3.9,False
15,2015-10-16,4.05,False
16,2015-10-17,4.5,False
17,2015-10-18,6.6,False
18,2015-10-19,3.75,False
19,2015-10-20,15.0,False
20,2015-10-21,9.45,False
21,2015-10-22,11.549999999999999,False
22,2015-10-23,12.0,False
23,2015-10-24,0.0,False
24,2015-10-25,0.0,False
25,2015-10-26,0.0,False
26,2015-10-27,3.75,False
27,2015-10-28,3.75,False
28,2015-10-29,3.9,False
29,2015-10-30,4.05,False
30,2015-10-31,4.6499999999999995,False
0,2015-11-01,0.0,False
1,2015-11-02,3.4000000000000004,False
2,2015-11-03,3.3000000000000003,False
3,2015-11-04,5.1000000000000005,False
4,2015-11-05,5.2,False
5,2015-11-06,3.6,False
6,2015-11-07,4.0,False
7,2015-11-08,0.0,False
8,2015-11-09,10.0,False
9,2015-11-10,3.4000000000000004,False
10,2015-11-11,3.5,False
11,2015-11-12,0.0,False
12,2015-11-13,3.5,False
13,2015-11-14,0.0,False
14,2015-11-15,3.9000000000000004,False
15,2015-11-16,3.4000000000000004,False
16,2015-11-17,0.0,False
17,2015-11-18,6.800000000000001,False
18,2015-11-19,0.0,False
19,2015-11-20,0.0,False
20,2015-11-21,4.0,False
21,2015-11-22,0.0,False
22,2015-11-23,6.9,False
23,2015-11-24,5.1000000000000005,False
24,2015-11-25,0.0,False
25,2015-11-26,3.5,False
26,2015-11-27,3.6,False
27,2015-11-28,0.0,False
28,2015-11-29,3.9000000000000004,False
29,2015-11-30,0.0,False
0,2015-12-01,6.12,False
1,2015-12-02,4.08,False
2,2015-12-03,3.06,False
3,2015-12-04,4.760000000000001,False
4,2015-12-05,3.74,False
5,2015-12-06,3.5700000000000003,False
6,2015-12-07,3.06,False
7,2015-12-08,4.760000000000001,False
8,2015-12-09,3.06,False
9,2015-12-10,3.06,False
10,2015-12-11,8.67,False
11,2015-12-12,4.930000000000001,False
12,2015-12-13,3.5700000000000003,False
13,2015-12-14,3.06,False
14,2015-12-15,4.760000000000001,False
15,2015-12-16,3.2300000000000004,False
16,2015-12-17,8.16,False
17,2015-12-18,3.4000000000000004,False
18,2015-12-19,3.91,False
19,2015-12-20,3.74,False
20,2015-12-21,9.860000000000001,False
21,2015-12-22,6.630000000000001,False
22,2015-12-23,5.2700000000000005,False
23,2015-12-24,3.91,False
24,2015-12-25,17.0,False
25,2015-12-26,0.0,False
26,2015-12-27,3.91,False
27,2015-12-28,6.630000000000001,False
28,2015-12-29,5.61,False
29,2015-12-30,3.4000000000000004,False
30,2015-12-31,7.65,False
0,2016-01-01,0.0,False
1,2016-01-02,9.8,False
2,2016-01-03,0.0,False
3,2016-01-04,16.8,False
4,2016-01-05,8.4,False
5,2016-01-06,8.6,False
6,2016-01-07,8.4,False
7,2016-01-08,20.0,False
8,2016-01-09,9.4,False
9,2016-01-10,9.200000000000001,False
10,2016-01-11,8.0,False
11,2016-01-12,8.0,False
12,2016-01-13,8.200000000000001,False
13,2016-01-14,12.200000000000001,False
14,2016-01-15,8.6,False
15,2016-01-16,0.0,False
16,2016-01-17,0.0,False
17,2016-01-18,8.200000000000001,False
18,2016-01-19,8.200000000000001,False
19,2016-01-20,16.6,False
20,2016-01-21,8.4,False
21,2016-01-22,17.2,False
22,2016-01-23,9.4,False
23,2016-01-24,0.0,False
24,2016-01-25,10.8,False
25,2016-01-26,8.200000000000001,False
26,2016-01-27,16.2,False
27,2016-01-28,8.200000000000001,False
28,2016-01-29,14.200000000000001,False
29,2016-01-30,9.4,False
30,2016-01-31,18.400000000000002,False
0,2016-02-01,15.25,False
1,2016-02-02,5.0,False
2,2016-02-03,7.5,False
3,2016-02-04,20.75,False
4,2016-02-05,25.0,False
5,2016-02-06,6.0,False
6,2016-02-07,5.75,False
7,2016-02-08,5.25,False
8,2016-02-09,10.25,False
9,2016-02-10,10.25,False
10,2016-02-11,15.5,False
11,2016-02-12,10.5,False
12,2016-02-13,8.75,False
13,2016-02-14,5.75,False
14,2016-02-15,5.0,False
15,2016-02-16,7.5,False
16,2016-02-17,10.0,False
17,2016-02-18,0.0,False
18,2016-02-19,15.75,False
19,2016-02-20,5.75,False
20,2016-02-21,0.0,False
21,2016-02-22,5.0,False
22,2016-02-23,19.5,False
23,2016-02-24,10.0,False
24,2016-02-25,5.0,False
25,2016-02-26,5.25,False
26,2016-02-27,11.5,False
27,2016-02-28,0.0,False
28,2016-02-29,0.0,False
0,2016-03-01,5.94,False
1,2016-03-02,21.45,False
2,2016-03-03,14.190000000000001,False
3,2016-03-04,33.0,False
4,2016-03-05,10.23,False
5,2016-03-06,6.6000000000000005,False
6,2016-03-07,15.84,False
7,2016-03-08,20.790000000000003,False
8,2016-03-09,24.09,False
9,2016-03-10,12.21,False
10,2016-03-11,20.790000000000003,False
11,2016-03-12,10.56,False
12,2016-03-13,6.930000000000001,False
13,2016-03-14,7.92,False
14,2016-03-15,11.88,False
15,2016-03-16,17.82,False
16,2016-03-17,12.21,False
17,2016-03-18,6.2700000000000005,False
18,2016-03-19,6.930000000000001,False
19,2016-03-20,6.930000000000001,False
20,2016-03-21,10.23,False
21,2016-03-22,10.23,False
22,2016-03-23,14.520000000000001,False
23,2016-03-24,8.58,False
24,2016-03-25,0.0,False
25,2016-03-26,10.89,False
26,2016-03-27,14.520000000000001,False
27,2016-03-28,8.25,False
28,2016-03-29,5.94,False
29,2016-03-30,9.24,False
30,2016-03-31,15.180000000000001,False
0,2016-04-01,10.559999999999999,False
1,2016-04-02,7.68,False
2,2016-04-03,15.36,False
3,2016-04-04,6.72,False
4,2016-04-05,10.08,False
5,2016-04-06,13.68,False
6,2016-04-07,9.12,False
7,2016-04-08,14.16,False
8,2016-04-09,11.76,False
9,2016-04-10,11.52,False
10,2016-04-11,15.84,False
11,2016-04-12,10.08,False
12,2016-04-13,0.0,False
13,2016-04-14,9.12,False
14,2016-04-15,9.6,False
15,2016-04-16,7.92,False
16,2016-04-17,7.68,False
17,2016-04-18,11.28,False
18,2016-04-19,11.28,False
19,2016-04-20,24.0,False
20,2016-04-21,9.36,False
21,2016-04-22,10.799999999999999,False
22,2016-04-23,7.92,False
23,2016-04-24,7.68,False
24,2016-04-25,6.72,False
25,2016-04-26,6.72,False
26,2016-04-27,17.04,False
27,2016-04-28,16.08,False
28,2016-04-29,12.0,False
29,2016-04-30,7.92,False
0,2016-05-01,0.0,False
1,2016-05-02,12.389999999999999,False
2,2016-05-03,4.2,False
3,2016-05-04,8.19,False
4,2016-05-05,21.0,False
5,2016-05-06,8.61,False
6,2016-05-07,4.83,False
7,2016-05-08,0.0,False
8,2016-05-09,6.3,False
9,2016-05-10,8.19,False
10,2016-05-11,3.9899999999999998,False
11,2016-05-12,10.29,False
12,2016-05-13,6.3,False
13,2016-05-14,4.62,False
14,2016-05-15,9.45,False
15,2016-05-16,0.0,False
16,2016-05-17,8.19,False
17,2016-05-18,7.9799999999999995,False
18,2016-05-19,20.58,False
19,2016-05-20,8.61,False
20,2016-05-21,4.83,False
21,2016-05-22,4.83,False
22,2016-05-23,8.19,False
23,2016-05-24,8.19,False
24,2016-05-25,4.2,False
25,2016-05-26,6.51,False
26,2016-05-27,8.82,False
27,2016-05-28,4.83,False
28,2016-05-29,4.83,False
29,2016-05-30,0.0,False
30,2016-05-31,3.9899999999999998,False
0,2016-06-01,9.24,False
1,2016-06-02,18.48,False
2,2016-06-03,19.36,False
3,2016-06-04,11.0,False
4,2016-06-05,0.0,False
5,2016-06-06,12.32,False
6,2016-06-07,9.24,False
7,2016-06-08,15.4,False
8,2016-06-09,9.24,False
9,2016-06-10,9.68,False
10,2016-06-11,0.0,False
11,2016-06-12,10.56,False
12,2016-06-13,21.12,False
13,2016-06-14,38.72,False
14,2016-06-15,24.2,False
15,2016-06-16,30.36,False
16,2016-06-17,38.28,False
17,2016-06-18,11.0,False
18,2016-06-19,10.56,False
19,2016-06-20,32.12,False
20,2016-06-21,42.68,False
21,2016-06-22,21.56,False
22,2016-06-23,44.0,False
23,2016-06-24,32.12,False
24,2016-06-25,22.0,False
25,2016-06-26,16.28,False
26,2016-06-27,18.04,False
27,2016-06-28,27.72,False
28,2016-06-29,18.48,False
29,2016-06-30,9.68,False
0,2016-07-01,10.0,False
1,2016-07-02,0.0,False
2,2016-07-03,7.6000000000000005,False
3,2016-07-04,0.0,False
4,2016-07-05,6.6000000000000005,False
5,2016-07-06,0.0,False
6,2016-07-07,0.0,False
7,2016-07-08,7.0,False
8,2016-07-09,0.0,False
9,2016-07-10,0.0,False
10,2016-07-11,6.6000000000000005,False
11,2016-07-12,16.400000000000002,False
12,2016-07-13,20.0,False
13,2016-07-14,16.2,False
14,2016-07-15,13.600000000000001,False
15,2016-07-16,11.600000000000001,False
16,2016-07-17,7.800000000000001,False
17,2016-07-18,6.6000000000000005,False
18,2016-07-19,20.0,False
19,2016-07-20,6.6000000000000005,False
20,2016-07-21,10.200000000000001,False
21,2016-07-22,7.0,False
22,2016-07-23,0.0,False
23,2016-07-24,0.0,False
24,2016-07-25,6.6000000000000005,False
25,2016-07-26,6.6000000000000005,False
26,2016-07-27,10.0,False
27,2016-07-28,6.6000000000000005,False
28,2016-07-29,0.0,False
29,2016-07-30,7.800000000000001,False
30,2016-07-31,0.0,False
0,2016-08-01,13.33,False
1,2016-08-02,17.63,False
2,2016-08-03,18.06,False
3,2016-08-04,18.06,False
4,2016-08-05,43.0,False
5,2016-08-06,10.75,False
6,2016-08-07,10.75,False
7,2016-08-08,18.49,False
8,2016-08-09,13.33,False
9,2016-08-10,27.52,False
10,2016-08-11,37.41,False
11,2016-08-12,38.269999999999996,False
12,2016-08-13,10.75,False
13,2016-08-14,0.0,False
14,2016-08-15,0.0,False
15,2016-08-16,42.14,False
16,2016-08-17,23.65,False
17,2016-08-18,14.19,False
18,2016-08-19,39.13,False
19,2016-08-20,15.91,False
20,2016-08-21,10.75,False
21,2016-08-22,18.49,False
22,2016-08-23,18.49,False
23,2016-08-24,31.82,False
24,2016-08-25,17.63,False
25,2016-08-26,13.76,False
26,2016-08-27,10.32,False
27,2016-08-28,10.32,False
28,2016-08-29,21.5,False
29,2016-08-30,34.83,False
30,2016-08-31,21.93,False
0,2016-09-01,25.2,False
1,2016-09-02,34.199999999999996,False
2,2016-09-03,10.799999999999999,False
3,2016-09-04,0.0,False
4,2016-09-05,14.04,False
5,2016-09-06,21.599999999999998,False
6,2016-09-07,31.32,False
7,2016-09-08,15.84,False
8,2016-09-09,36.0,False
9,2016-09-10,0.0,False
10,2016-09-11,0.0,False
11,2016-09-12,19.08,False
12,2016-09-13,14.04,False
13,2016-09-14,18.36,False
14,2016-09-15,18.72,False
15,2016-09-16,22.68,False
16,2016-09-17,10.44,False
17,2016-09-18,0.0,False
18,2016-09-19,30.24,False
19,2016-09-20,9.0,False
20,2016-09-21,12.24,False
21,2016-09-22,21.96,False
22,2016-09-23,33.48,False
23,2016-09-24,21.599999999999998,False
24,2016-09-25,10.44,False
25,2016-09-26,9.0,False
26,2016-09-27,22.68,False
27,2016-09-28,18.36,False
28,2016-09-29,15.479999999999999,False
29,2016-09-30,28.439999999999998,False
0,2016-10-01,9.5,False
1,2016-10-02,7.0,False
2,2016-10-03,6.25,False
3,2016-10-04,12.25,False
4,2016-10-05,12.25,False
5,2016-10-06,9.25,False
6,2016-10-07,6.5,False
7,2016-10-08,7.25,False
8,2016-10-09,14.0,False
9,2016-10-10,25.0,False
10,2016-10-11,10.25,False
11,2016-10-12,22.0,False
12,2016-10-13,9.25,False
13,2016-10-14,16.25,False
14,2016-10-15,0.0,False
15,2016-10-16,0.0,False
16,2016-10-17,6.0,False
17,2016-10-18,8.0,False
18,2016-10-19,10.25,False
19,2016-10-20,12.25,False
20,2016-10-21,9.5,False
21,2016-10-22,7.25,False
22,2016-10-23,7.0,False
23,2016-10-24,6.0,False
24,2016-10-25,6.0,False
25,2016-10-26,10.25,False
26,2016-10-27,9.25,False
27,2016-10-28,8.75,False
28,2016-10-29,7.25,False
29,2016-10-30,7.0,False
30,2016-10-31,6.25,False
0,2016-11-01,16.74,False
1,2016-11-02,8.06,False
2,2016-11-03,20.46,False
3,2016-11-04,31.0,False
4,2016-11-05,9.3,False
5,2016-11-06,8.99,False
6,2016-11-07,15.81,False
7,2016-11-08,15.81,False
8,2016-11-09,26.97,False
9,2016-11-10,21.7,False
10,2016-11-11,22.63,False
11,2016-11-12,9.3,False
12,2016-11-13,8.99,False
13,2016-11-14,8.06,False
14,2016-11-15,12.09,False
15,2016-11-16,13.33,False
16,2016-11-17,18.91,False
17,2016-11-18,16.74,False
18,2016-11-19,18.29,False
19,2016-11-20,0.0,False
20,2016-11-21,21.08,False
21,2016-11-22,18.6,False
22,2016-11-23,29.45,False
23,2016-11-24,12.4,False
24,2016-11-25,12.4,False
25,2016-11-26,8.99,False
26,2016-11-27,8.68,False
27,2016-11-28,15.19,False
28,2016-11-29,11.47,False
29,2016-11-30,19.22,False
0,2016-12-01,8.459999999999999,False
1,2016-12-02,14.58,False
2,2016-12-03,0.0,False
3,2016-12-04,6.12,False
4,2016-12-05,7.56,False
5,2016-12-06,5.3999999999999995,False
6,2016-12-07,5.58,False
7,2016-12-08,8.64,False
8,2016-12-09,11.7,False
9,2016-12-10,6.4799999999999995,False
10,2016-12-11,6.3,False
11,2016-12-12,5.3999999999999995,False
12,2016-12-13,5.3999999999999995,False
13,2016-12-14,8.28,False
14,2016-12-15,8.64,False
15,2016-12-16,11.879999999999999,False
16,2016-12-17,6.66,False
17,2016-12-18,0.0,False
18,2016-12-19,5.76,False
19,2016-12-20,7.739999999999999,False
20,2016-12-21,17.82,False
21,2016-12-22,9.0,False
22,2016-12-23,6.3,False
23,2016-12-24,7.199999999999999,False
24,2016-12-25,0.0,False
25,2016-12-26,12.6,False
26,2016-12-27,18.0,False
27,2016-12-28,12.059999999999999,False
28,2016-12-29,15.12,False
29,2016-12-30,6.3,False
30,2016-12-31,6.84,False
0,2017-01-01,0.0,False
1,2017-01-02,7.0200000000000005,False
2,2017-01-03,6.76,False
3,2017-01-04,10.14,False
4,2017-01-05,6.76,False
5,2017-01-06,7.0200000000000005,False
6,2017-01-07,7.54,False
7,2017-01-08,0.0,False
8,2017-01-09,6.5,False
9,2017-01-10,6.5,False
10,2017-01-11,6.5,False
11,2017-01-12,19.76,False
12,2017-01-13,13.52,False
13,2017-01-14,7.54,False
14,2017-01-15,7.28,False
15,2017-01-16,13.0,False
16,2017-01-17,16.12,False
17,2017-01-18,12.74,False
18,2017-01-19,26.0,False
19,2017-01-20,22.36,False
20,2017-01-21,9.88,False
21,2017-01-22,7.28,False
22,2017-01-23,16.12,False
23,2017-01-24,23.66,False
24,2017-01-25,17.16,False
25,2017-01-26,13.0,False
26,2017-01-27,15.600000000000001,False
27,2017-01-28,7.54,False
28,2017-01-29,0.0,False
29,2017-01-30,10.66,False
30,2017-01-31,10.66,False
0,2017-02-01,41.0,False
1,2017-02-02,23.779999999999998,False
2,2017-02-03,27.47,False
3,2017-02-04,0.0,False
4,2017-02-05,8.61,False
5,2017-02-06,25.83,False
6,2017-02-07,23.369999999999997,False
7,2017-02-08,7.789999999999999,False
8,2017-02-09,31.569999999999997,False
9,2017-02-10,30.34,False
10,2017-02-11,27.47,False
11,2017-02-12,18.04,False
12,2017-02-13,15.17,False
13,2017-02-14,33.62,False
14,2017-02-15,15.989999999999998,False
15,2017-02-16,20.91,False
16,2017-02-17,28.7,False
17,2017-02-18,13.53,False
18,2017-02-19,9.02,False
19,2017-02-20,7.789999999999999,False
20,2017-02-21,18.04,False
21,2017-02-22,23.369999999999997,False
22,2017-02-23,20.91,False
23,2017-02-24,10.66,False
24,2017-02-25,0.0,False
25,2017-02-26,9.02,False
26,2017-02-27,20.09,False
27,2017-02-28,18.04,False
0,2017-03-01,19.2,False
1,2017-03-02,14.399999999999999,False
2,2017-03-03,12.9,False
3,2017-03-04,5.7,False
4,2017-03-05,11.1,False
5,2017-03-06,9.6,False
6,2017-03-07,9.299999999999999,False
7,2017-03-08,12.299999999999999,False
8,2017-03-09,4.8,False
9,2017-03-10,5.1,False
10,2017-03-11,5.7,False
11,2017-03-12,10.799999999999999,False
12,2017-03-13,16.2,False
13,2017-03-14,17.4,False
14,2017-03-15,9.9,False
15,2017-03-16,0.0,False
16,2017-03-17,0.0,False
17,2017-03-18,0.0,False
18,2017-03-19,0.0,False
19,2017-03-20,9.9,False
20,2017-03-21,17.4,False
21,2017-03-22,30.0,False
22,2017-03-23,25.2,False
23,2017-03-24,12.9,False
24,2017-03-25,5.7,False
25,2017-03-26,0.0,False
26,2017-03-27,9.9,False
27,2017-03-28,10.2,False
28,2017-03-29,5.1,False
29,2017-03-30,10.2,False
30,2017-03-31,13.2,False
0,2017-04-01,13.090000000000002,False
1,2017-04-02,0.0,False
2,2017-04-03,7.48,False
3,2017-04-04,11.22,False
4,2017-04-05,9.350000000000001,False
5,2017-04-06,11.39,False
6,2017-04-07,5.78,False
7,2017-04-08,13.090000000000002,False
8,2017-04-09,0.0,False
9,2017-04-10,17.0,False
10,2017-04-11,5.78,False
11,2017-04-12,11.56,False
12,2017-04-13,14.96,False
13,2017-04-14,6.29,False
14,2017-04-15,0.0,False
15,2017-04-16,6.630000000000001,False
16,2017-04-17,14.620000000000001,False
17,2017-04-18,5.61,False
18,2017-04-19,16.830000000000002,False
19,2017-04-20,5.61,False
20,2017-04-21,5.95,False
21,2017-04-22,6.460000000000001,False
22,2017-04-23,0.0,False
23,2017-04-24,9.350000000000001,False
24,2017-04-25,8.33,False
25,2017-04-26,11.05,False
26,2017-04-27,0.0,False
27,2017-04-28,11.73,False
28,2017-04-29,6.630000000000001,False
29,2017-04-30,6.630000000000001,False
0,2017-05-01,10.5,False
1,2017-05-02,15.049999999999999,False
2,2017-05-03,10.85,False
3,2017-05-04,6.6499999999999995,False
4,2017-05-05,15.749999999999998,False
5,2017-05-06,15.049999999999999,False
6,2017-05-07,7.35,False
7,2017-05-08,12.95,False
8,2017-05-09,19.25,False
9,2017-05-10,25.9,False
10,2017-05-11,35.0,False
11,2017-05-12,18.2,False
12,2017-05-13,7.699999999999999,False
13,2017-05-14,10.149999999999999,False
14,2017-05-15,27.299999999999997,False
15,2017-05-16,25.549999999999997,False
16,2017-05-17,11.549999999999999,False
17,2017-05-18,27.65,False
18,2017-05-19,14.35,False
19,2017-05-20,8.049999999999999,False
20,2017-05-21,8.049999999999999,False
21,2017-05-22,7.0,False
22,2017-05-23,16.799999999999997,False
23,2017-05-24,16.45,False
24,2017-05-25,7.0,False
25,2017-05-26,11.2,False
26,2017-05-27,8.399999999999999,False
27,2017-05-28,8.399999999999999,False
28,2017-05-29,7.0,False
29,2017-05-30,15.749999999999998,False
30,2017-05-31,10.149999999999999,False
0,2017-06-01,13.76,False
1,2017-06-02,5.76,False
2,2017-06-03,10.56,False
3,2017-06-04,6.4,False
4,2017-06-05,16.32,False
5,2017-06-06,32.0,False
6,2017-06-07,5.44,False
7,2017-06-08,16.0,False
8,2017-06-09,11.200000000000001,False
9,2017-06-10,6.4,False
10,2017-06-11,0.0,False
11,2017-06-12,10.56,False
12,2017-06-13,7.04,False
13,2017-06-14,12.8,False
14,2017-06-15,7.36,False
15,2017-06-16,11.200000000000001,False
16,2017-06-17,9.92,False
17,2017-06-18,0.0,False
18,2017-06-19,10.88,False
19,2017-06-20,12.16,False
20,2017-06-21,8.64,False
21,2017-06-22,5.44,False
22,2017-06-23,13.76,False
23,2017-06-24,6.4,False
24,2017-06-25,9.6,False
25,2017-06-26,7.36,False
26,2017-06-27,16.64,False
27,2017-06-28,7.36,False
28,2017-06-29,8.32,False
29,2017-06-30,9.6,False
0,2017-07-01,20.52,False
1,2017-07-02,0.0,False
2,2017-07-03,9.0,False
3,2017-07-04,13.68,False
4,2017-07-05,9.0,False
5,2017-07-06,18.0,False
6,2017-07-07,32.4,False
7,2017-07-08,10.44,False
8,2017-07-09,10.44,False
9,2017-07-10,13.32,False
10,2017-07-11,26.279999999999998,False
11,2017-07-12,13.32,False
12,2017-07-13,36.0,False
13,2017-07-14,27.36,False
14,2017-07-15,10.44,False
15,2017-07-16,10.44,False
16,2017-07-17,30.959999999999997,False
17,2017-07-18,21.96,False
18,2017-07-19,13.32,False
19,2017-07-20,8.64,False
20,2017-07-21,9.0,False
21,2017-07-22,0.0,False
22,2017-07-23,10.08,False
23,2017-07-24,12.959999999999999,False
24,2017-07-25,12.959999999999999,False
25,2017-07-26,17.28,False
26,2017-07-27,8.64,False
27,2017-07-28,18.36,False
28,2017-07-29,15.479999999999999,False
29,2017-07-30,10.08,False
30,2017-07-31,30.24,False
0,2017-08-01,11.18,False
1,2017-08-02,27.09,False
2,2017-08-03,43.0,False
3,2017-08-04,17.63,False
4,2017-08-05,13.33,False
5,2017-08-06,0.0,False
6,2017-08-07,14.62,False
7,2017-08-08,14.62,False
8,2017-08-09,16.77,False
9,2017-08-10,7.74,False
10,2017-08-11,20.64,False
11,2017-08-12,6.45,False
12,2017-08-13,6.45,False
13,2017-08-14,26.23,False
14,2017-08-15,8.6,False
15,2017-08-16,17.2,False
16,2017-08-17,8.6,False
17,2017-08-18,6.02,False
18,2017-08-19,9.89,False
19,2017-08-20,6.45,False
20,2017-08-21,8.17,False
21,2017-08-22,11.18,False
22,2017-08-23,7.31,False
23,2017-08-24,9.459999999999999,False
24,2017-08-25,12.04,False
25,2017-08-26,6.45,False
26,2017-08-27,6.45,False
27,2017-08-28,9.459999999999999,False
28,2017-08-29,19.35,False
29,2017-08-30,19.78,False
30,2017-08-31,14.19,False
0,2017-09-01,17.28,False
1,2017-09-02,24.0,False
2,2017-09-03,19.2,False
3,2017-09-04,8.64,False
4,2017-09-05,18.72,False
5,2017-09-06,13.44,False
6,2017-09-07,24.96,False
7,2017-09-08,31.2,False
8,2017-09-09,12.48,False
9,2017-09-10,0.0,False
10,2017-09-11,37.44,False
11,2017-09-12,37.44,False
12,2017-09-13,48.0,False
13,2017-09-14,35.04,False
14,2017-09-15,44.64,False
15,2017-09-16,18.72,False
16,2017-09-17,13.92,False
17,2017-09-18,32.16,False
18,2017-09-19,32.16,False
19,2017-09-20,28.32,False
20,2017-09-21,27.36,False
21,2017-09-22,19.68,False
22,2017-09-23,0.0,False
23,2017-09-24,13.92,False
24,2017-09-25,10.559999999999999,False
25,2017-09-26,34.56,False
26,2017-09-27,16.32,False
27,2017-09-28,10.559999999999999,False
28,2017-09-29,19.68,False
29,2017-09-30,9.6,False
0,2017-10-01,15.75,False
1,2017-10-02,6.75,False
2,2017-10-03,11.5,False
3,2017-10-04,6.75,False
4,2017-10-05,10.5,False
5,2017-10-06,17.75,False
6,2017-10-07,8.0,False
7,2017-10-08,7.75,False
8,2017-10-09,9.0,False
9,2017-10-10,20.25,False
10,2017-10-11,13.5,False
11,2017-10-12,21.0,False
12,2017-10-13,25.0,False
13,2017-10-14,15.75,False
14,2017-10-15,8.0,False
15,2017-10-16,10.25,False
16,2017-10-17,13.5,False
17,2017-10-18,13.75,False
18,2017-10-19,10.5,False
19,2017-10-20,10.75,False
20,2017-10-21,8.0,False
21,2017-10-22,11.25,False
22,2017-10-23,18.0,False
23,2017-10-24,13.5,False
24,2017-10-25,11.25,False
25,2017-10-26,13.75,False
26,2017-10-27,10.75,False
27,2017-10-28,7.75,False
28,2017-10-29,7.5,False
29,2017-10-30,6.75,False
30,2017-10-31,11.5,False
0,2017-11-01,28.999999999999996,False
1,2017-11-02,23.2,False
2,2017-11-03,20.009999999999998,False
3,2017-11-04,24.069999999999997,False
4,2017-11-05,5.8,False
5,2017-11-06,6.959999999999999,False
6,2017-11-07,10.149999999999999,False
7,2017-11-08,10.44,False
8,2017-11-09,15.659999999999998,False
9,2017-11-10,16.24,False
10,2017-11-11,6.09,False
11,2017-11-12,5.8,False
12,2017-11-13,12.76,False
13,2017-11-14,10.149999999999999,False
14,2017-11-15,10.44,False
15,2017-11-16,7.829999999999999,False
16,2017-11-17,10.729999999999999,False
17,2017-11-18,8.99,False
18,2017-11-19,0.0,False
19,2017-11-20,8.7,False
20,2017-11-21,10.149999999999999,False
21,2017-11-22,10.44,False
22,2017-11-23,5.22,False
23,2017-11-24,7.249999999999999,False
24,2017-11-25,0.0,False
25,2017-11-26,5.8,False
26,2017-11-27,10.149999999999999,False
27,2017-11-28,4.93,False
28,2017-11-29,0.0,False
29,2017-11-30,10.44,False
0,2017-12-01,14.25,False
1,2017-12-02,6.2700000000000005,False
2,2017-12-03,6.08,False
3,2017-12-04,5.32,False
4,2017-12-05,10.83,False
5,2017-12-06,19.0,False
6,2017-12-07,8.36,False
7,2017-12-08,5.7,False
8,2017-12-09,0.0,False
9,2017-12-10,0.0,False
10,2017-12-11,7.98,False
11,2017-12-12,10.83,False
12,2017-12-13,8.17,False
13,2017-12-14,8.36,False
14,2017-12-15,5.7,False
15,2017-12-16,0.0,False
16,2017-12-17,0.0,False
17,2017-12-18,5.51,False
18,2017-12-19,16.91,False
19,2017-12-20,14.44,False
20,2017-12-21,5.89,False
21,2017-12-22,6.2700000000000005,False
22,2017-12-23,13.3,False
23,2017-12-24,7.03,False
24,2017-12-25,0.0,False
25,2017-12-26,6.08,False
26,2017-12-27,5.89,False
27,2017-12-28,5.89,False
28,2017-12-29,9.120000000000001,False
29,2017-12-30,0.0,False
30,2017-12-31,0.0,False
0,2018-01-01,0.0,False
1,2018-01-02,15.12,False
2,2018-01-03,8.4,False
3,2018-01-04,6.24,False
4,2018-01-05,8.64,False
5,2018-01-06,6.96,False
6,2018-01-07,6.96,False
7,2018-01-08,9.12,False
8,2018-01-09,6.0,False
9,2018-01-10,6.24,False
10,2018-01-11,6.0,False
11,2018-01-12,15.84,False
12,2018-01-13,0.0,False
13,2018-01-14,0.0,False
14,2018-01-15,15.12,False
15,2018-01-16,12.0,False
16,2018-01-17,14.879999999999999,False
17,2018-01-18,14.16,False
18,2018-01-19,10.559999999999999,False
19,2018-01-20,0.0,False
20,2018-01-21,6.96,False
21,2018-01-22,18.0,False
22,2018-01-23,12.0,False
23,2018-01-24,8.879999999999999,False
24,2018-01-25,12.24,False
25,2018-01-26,15.84,False
26,2018-01-27,0.0,False
27,2018-01-28,6.96,False
28,2018-01-29,6.0,False
29,2018-01-30,24.0,False
30,2018-01-31,13.92,False
0,2018-02-01,32.0,False
1,2018-02-02,18.240000000000002,False
2,2018-02-03,19.84,False
3,2018-02-04,6.4,False
4,2018-02-05,17.28,False
5,2018-02-06,21.12,False
6,2018-02-07,11.52,False
7,2018-02-08,5.76,False
8,2018-02-09,14.08,False
9,2018-02-10,26.560000000000002,False
10,2018-02-11,6.72,False
11,2018-02-12,9.92,False
12,2018-02-13,7.68,False
13,2018-02-14,7.68,False
14,2018-02-15,11.84,False
15,2018-02-16,26.240000000000002,False
16,2018-02-17,6.72,False
17,2018-02-18,0.0,False
18,2018-02-19,5.76,False
19,2018-02-20,13.44,False
20,2018-02-21,15.36,False
21,2018-02-22,9.6,False
22,2018-02-23,11.84,False
23,2018-02-24,0.0,False
24,2018-02-25,0.0,False
25,2018-02-26,11.200000000000001,False
26,2018-02-27,16.96,False
27,2018-02-28,14.4,False
0,2018-03-01,24.069999999999997,False
1,2018-03-02,18.849999999999998,False
2,2018-03-03,0.0,False
3,2018-03-04,13.629999999999999,False
4,2018-03-05,13.34,False
5,2018-03-06,15.079999999999998,False
6,2018-03-07,18.27,False
7,2018-03-08,18.56,False
8,2018-03-09,28.999999999999996,False
9,2018-03-10,15.659999999999998,False
10,2018-03-11,0.0,False
11,2018-03-12,26.97,False
12,2018-03-13,18.27,False
13,2018-03-14,22.619999999999997,False
14,2018-03-15,21.459999999999997,False
15,2018-03-16,9.569999999999999,False
16,2018-03-17,10.44,False
17,2018-03-18,20.59,False
18,2018-03-19,18.27,False
19,2018-03-20,27.549999999999997,False
20,2018-03-21,0.0,False
21,2018-03-22,9.28,False
22,2018-03-23,15.95,False
23,2018-03-24,10.729999999999999,False
24,2018-03-25,0.0,False
25,2018-03-26,27.549999999999997,False
26,2018-03-27,18.56,False
27,2018-03-28,12.76,False
28,2018-03-29,9.86,False
29,2018-03-30,10.44,False
30,2018-03-31,0.0,False
0,2018-04-01,0.0,False
1,2018-04-02,12.719999999999999,False
2,2018-04-03,21.599999999999998,False
3,2018-04-04,24.0,False
4,2018-04-05,9.84,False
5,2018-04-06,20.4,False
6,2018-04-07,12.48,False
7,2018-04-08,8.4,False
8,2018-04-09,7.199999999999999,False
9,2018-04-10,18.96,False
10,2018-04-11,12.0,False
11,2018-04-12,14.639999999999999,False
12,2018-04-13,7.68,False
13,2018-04-14,8.4,False
14,2018-04-15,8.16,False
15,2018-04-16,19.2,False
16,2018-04-17,14.399999999999999,False
17,2018-04-18,19.439999999999998,False
18,2018-04-19,11.04,False
19,2018-04-20,15.36,False
20,2018-04-21,0.0,False
21,2018-04-22,8.4,False
22,2018-04-23,7.199999999999999,False
23,2018-04-24,9.6,False
24,2018-04-25,14.399999999999999,False
25,2018-04-26,12.24,False
26,2018-04-27,12.719999999999999,False
27,2018-04-28,0.0,False
28,2018-04-29,0.0,False
29,2018-04-30,18.48,False
0,2018-05-01,3.0,False
1,2018-05-02,7.0,False
2,2018-05-03,4.0,False
3,2018-05-04,4.0,False
4,2018-05-05,5.0,False
5,2018-05-06,3.0,False
6,2018-05-07,6.0,False
7,2018-05-08,4.0,False
8,2018-05-09,6.0,False
9,2018-05-10,12.0,False
10,2018-05-11,100.0,False
11,2018-05-12,22.0,False
12,2018-05-13,10.0,False
13,2018-05-14,73.0,False
14,2018-05-15,42.0,False
15,2018-05-16,33.0,False
16,2018-05-17,16.0,False
17,2018-05-18,20.0,False
18,2018-05-19,9.0,False
19,2018-05-20,4.0,False
20,2018-05-21,17.0,False
21,2018-05-22,13.0,False
22,2018-05-23,11.0,False
23,2018-05-24,10.0,False
24,2018-05-25,11.0,False
25,2018-05-26,3.0,False
26,2018-05-27,5.0,False
27,2018-05-28,5.0,False
28,2018-05-29,8.0,False
29,2018-05-30,12.0,False
30,2018-05-31,11.0,False
0,2018-06-01,30.4,False
1,2018-06-02,15.58,False
2,2018-06-03,20.14,False
3,2018-06-04,34.58,False
4,2018-06-05,31.54,False
5,2018-06-06,26.22,False
6,2018-06-07,29.26,False
7,2018-06-08,18.240000000000002,False
8,2018-06-09,17.1,False
9,2018-06-10,10.26,False
10,2018-06-11,25.46,False
11,2018-06-12,18.62,False
12,2018-06-13,38.0,False
13,2018-06-14,17.1,False
14,2018-06-15,15.2,False
15,2018-06-16,15.2,False
16,2018-06-17,20.14,False
17,2018-06-18,21.28,False
18,2018-06-19,25.46,False
19,2018-06-20,12.92,False
20,2018-06-21,23.18,False
21,2018-06-22,9.120000000000001,False
22,2018-06-23,9.88,False
23,2018-06-24,9.88,False
24,2018-06-25,17.1,False
25,2018-06-26,17.1,False
26,2018-06-27,20.14,False
27,2018-06-28,14.44,False
28,2018-06-29,18.240000000000002,False
29,2018-06-30,9.88,False
0,2018-07-01,0.0,False
1,2018-07-02,0.0,False
2,2018-07-03,19.44,False
3,2018-07-04,13.5,False
4,2018-07-05,9.99,False
5,2018-07-06,12.96,False
6,2018-07-07,0.0,False
7,2018-07-08,7.5600000000000005,False
8,2018-07-09,15.930000000000001,False
9,2018-07-10,18.630000000000003,False
10,2018-07-11,11.88,False
11,2018-07-12,16.740000000000002,False
12,2018-07-13,7.0200000000000005,False
13,2018-07-14,0.0,False
14,2018-07-15,0.0,False
15,2018-07-16,6.48,False
16,2018-07-17,6.48,False
17,2018-07-18,16.470000000000002,False
18,2018-07-19,13.5,False
19,2018-07-20,10.260000000000002,False
20,2018-07-21,7.5600000000000005,False
21,2018-07-22,0.0,False
22,2018-07-23,13.23,False
23,2018-07-24,19.44,False
24,2018-07-25,12.96,False
25,2018-07-26,6.48,False
26,2018-07-27,27.0,False
27,2018-07-28,7.5600000000000005,False
28,2018-07-29,0.0,False
29,2018-07-30,12.96,False
30,2018-07-31,9.72,False
0,2018-08-01,6.37,False
1,2018-08-02,25.97,False
2,2018-08-03,49.0,False
3,2018-08-04,6.37,False
4,2018-08-05,6.37,False
5,2018-08-06,17.64,False
6,2018-08-07,8.82,False
7,2018-08-08,15.19,False
8,2018-08-09,10.29,False
9,2018-08-10,11.76,False
10,2018-08-11,4.41,False
11,2018-08-12,0.0,False
12,2018-08-13,7.84,False
13,2018-08-14,5.88,False
14,2018-08-15,9.8,False
15,2018-08-16,33.81,False
16,2018-08-17,14.209999999999999,False
17,2018-08-18,4.41,False
18,2018-08-19,4.41,False
19,2018-08-20,3.92,False
20,2018-08-21,7.84,False
21,2018-08-22,11.76,False
22,2018-08-23,10.29,False
23,2018-08-24,5.88,False
24,2018-08-25,4.41,False
25,2018-08-26,0.0,False
26,2018-08-27,7.35,False
27,2018-08-28,11.27,False
28,2018-08-29,12.74,False
29,2018-08-30,10.29,False
30,2018-08-31,11.76,False
0,2018-09-01,17.7,False
1,2018-09-02,6.0,False
2,2018-09-03,5.3999999999999995,False
3,2018-09-04,10.2,False
4,2018-09-05,12.9,False
5,2018-09-06,5.1,False
6,2018-09-07,10.799999999999999,False
7,2018-09-08,0.0,False
8,2018-09-09,0.0,False
9,2018-09-10,7.8,False
10,2018-09-11,15.299999999999999,False
11,2018-09-12,7.8,False
12,2018-09-13,5.1,False
13,2018-09-14,8.1,False
14,2018-09-15,6.0,False
15,2018-09-16,0.0,False
16,2018-09-17,10.2,False
17,2018-09-18,15.299999999999999,False
18,2018-09-19,10.2,False
19,2018-09-20,15.6,False
20,2018-09-21,10.799999999999999,False
21,2018-09-22,30.0,False
22,2018-09-23,6.0,False
23,2018-09-24,18.0,False
24,2018-09-25,23.099999999999998,False
25,2018-09-26,10.2,False
26,2018-09-27,5.1,False
27,2018-09-28,16.2,False
28,2018-09-29,6.0,False
29,2018-09-30,6.0,False
0,2018-10-01,10.8,False
1,2018-10-02,13.5,False
2,2018-10-03,13.5,False
3,2018-10-04,8.100000000000001,False
4,2018-10-05,5.67,False
5,2018-10-06,6.210000000000001,False
6,2018-10-07,0.0,False
7,2018-10-08,16.200000000000003,False
8,2018-10-09,10.530000000000001,False
9,2018-10-10,8.370000000000001,False
10,2018-10-11,19.44,False
11,2018-10-12,20.520000000000003,False
12,2018-10-13,9.72,False
13,2018-10-14,12.690000000000001,False
14,2018-10-15,8.370000000000001,False
15,2018-10-16,11.07,False
16,2018-10-17,0.0,False
17,2018-10-18,8.370000000000001,False
18,2018-10-19,5.67,False
19,2018-10-20,0.0,False
20,2018-10-21,0.0,False
21,2018-10-22,5.4,False
22,2018-10-23,27.0,False
23,2018-10-24,16.200000000000003,False
24,2018-10-25,8.100000000000001,False
25,2018-10-26,8.64,False
26,2018-10-27,6.210000000000001,False
27,2018-10-28,6.210000000000001,False
28,2018-10-29,15.930000000000001,False
29,2018-10-30,10.8,False
30,2018-10-31,14.040000000000001,False
0,2018-11-01,31.919999999999998,False
1,2018-11-02,27.72,False
2,2018-11-03,0.0,False
3,2018-11-04,7.14,False
4,2018-11-05,14.28,False
5,2018-11-06,41.16,False
6,2018-11-07,42.0,False
7,2018-11-08,25.619999999999997,False
8,2018-11-09,15.959999999999999,False
9,2018-11-10,0.0,False
10,2018-11-11,14.7,False
11,2018-11-12,13.02,False
12,2018-11-13,15.12,False
13,2018-11-14,9.66,False
14,2018-11-15,19.74,False
15,2018-11-16,16.8,False
16,2018-11-17,7.56,False
17,2018-11-18,14.7,False
18,2018-11-19,10.92,False
19,2018-11-20,15.12,False
20,2018-11-21,15.54,False
21,2018-11-22,13.44,False
22,2018-11-23,6.72,False
23,2018-11-24,7.14,False
24,2018-11-25,0.0,False
25,2018-11-26,10.5,False
26,2018-11-27,27.3,False
27,2018-11-28,26.04,False
28,2018-11-29,15.54,False
29,2018-11-30,10.92,False
0,2018-12-01,16.0,False
1,2018-12-02,7.75,False
2,2018-12-03,11.5,False
3,2018-12-04,17.5,False
4,2018-12-05,11.5,False
5,2018-12-06,21.25,False
6,2018-12-07,11.0,False
7,2018-12-08,8.25,False
8,2018-12-09,8.0,False
9,2018-12-10,17.5,False
10,2018-12-11,18.5,False
11,2018-12-12,25.0,False
12,2018-12-13,12.0,False
13,2018-12-14,14.25,False
14,2018-12-15,8.25,False
15,2018-12-16,8.25,False
16,2018-12-17,16.5,False
17,2018-12-18,6.75,False
18,2018-12-19,14.75,False
19,2018-12-20,11.25,False
20,2018-12-21,15.75,False
21,2018-12-22,0.0,False
22,2018-12-23,8.5,False
23,2018-12-24,8.5,False
24,2018-12-25,9.0,False
25,2018-12-26,19.75,False
26,2018-12-27,7.5,False
27,2018-12-28,11.5,False
28,2018-12-29,8.25,False
29,2018-12-30,16.5,False
30,2018-12-31,16.5,False
0,2019-01-01,0.0,False
1,2019-01-02,5.4,False
2,2019-01-03,3.8000000000000003,False
3,2019-01-04,9.200000000000001,False
4,2019-01-05,0.0,False
5,2019-01-06,2.8000000000000003,False
6,2019-01-07,2.6,False
7,2019-01-08,6.2,False
8,2019-01-09,3.8000000000000003,False
9,2019-01-10,5.2,False
10,2019-01-11,4.0,False
11,2019-01-12,0.0,False
12,2019-01-13,0.0,False
13,2019-01-14,3.8000000000000003,False
14,2019-01-15,3.8000000000000003,False
15,2019-01-16,0.0,False
16,2019-01-17,2.6,False
17,2019-01-18,2.6,False
18,2019-01-19,2.8000000000000003,False
19,2019-01-20,0.0,False
20,2019-01-21,0.0,False
21,2019-01-22,0.0,False
22,2019-01-23,3.6,False
23,2019-01-24,3.6,False
24,2019-01-25,2.6,False
25,2019-01-26,2.8000000000000003,False
26,2019-01-27,0.0,False
27,2019-01-28,7.4,False
28,2019-01-29,4.800000000000001,False
29,2019-01-30,2.4000000000000004,False
30,2019-01-31,20.0,False
0,2019-02-01,35.0,False
1,2019-02-02,7.35,False
2,2019-02-03,4.8999999999999995,False
3,2019-02-04,15.049999999999999,False
4,2019-02-05,15.749999999999998,False
5,2019-02-06,15.399999999999999,False
6,2019-02-07,6.3,False
7,2019-02-08,4.199999999999999,False
8,2019-02-09,9.45,False
9,2019-02-10,4.8999999999999995,False
10,2019-02-11,8.399999999999999,False
11,2019-02-12,14.0,False
12,2019-02-13,7.0,False
13,2019-02-14,11.549999999999999,False
14,2019-02-15,10.149999999999999,False
15,2019-02-16,9.799999999999999,False
16,2019-02-17,4.8999999999999995,False
17,2019-02-18,8.399999999999999,False
18,2019-02-19,14.0,False
19,2019-02-20,11.2,False
20,2019-02-21,12.6,False
21,2019-02-22,4.199999999999999,False
22,2019-02-23,4.8999999999999995,False
23,2019-02-24,4.8999999999999995,False
24,2019-02-25,8.399999999999999,False
25,2019-02-26,10.5,False
26,2019-02-27,9.45,False
27,2019-02-28,4.199999999999999,False
0,2019-03-01,6.630000000000001,False
1,2019-03-02,3.5700000000000003,False
2,2019-03-03,3.5700000000000003,False
3,2019-03-04,6.460000000000001,False
4,2019-03-05,7.48,False
5,2019-03-06,7.82,False
6,2019-03-07,6.460000000000001,False
7,2019-03-08,7.82,False
8,2019-03-09,3.74,False
9,2019-03-10,3.5700000000000003,False
10,2019-03-11,4.760000000000001,False
11,2019-03-12,6.29,False
12,2019-03-13,3.06,False
13,2019-03-14,4.25,False
14,2019-03-15,8.33,False
15,2019-03-16,3.74,False
16,2019-03-17,3.74,False
17,2019-03-18,6.460000000000001,False
18,2019-03-19,8.16,False
19,2019-03-20,4.760000000000001,False
20,2019-03-21,8.16,False
21,2019-03-22,17.0,False
22,2019-03-23,7.3100000000000005,False
23,2019-03-24,0.0,False
24,2019-03-25,4.760000000000001,False
25,2019-03-26,3.2300000000000004,False
26,2019-03-27,8.67,False
27,2019-03-28,9.860000000000001,False
28,2019-03-29,3.4000000000000004,False
29,2019-03-30,3.74,False
30,2019-03-31,3.74,False
