,date,TSLA stock,isPartial
0,2012-01-01,0.0,False
1,2012-01-02,0.0,False
2,2012-01-03,0.0,False
3,2012-01-04,0.0,False
4,2012-01-05,0.0,False
5,2012-01-06,0.0,False
6,2012-01-07,0.0,False
7,2012-01-08,0.0,False
8,2012-01-09,0.0,False
9,2012-01-10,0.0,False
10,2012-01-11,0.0,False
11,2012-01-12,0.0,False
12,2012-01-13,0.0,False
13,2012-01-14,0.0,False
14,2012-01-15,0.0,False
15,2012-01-16,0.0,False
16,2012-01-17,0.0,False
17,2012-01-18,0.0,False
18,2012-01-19,0.0,False
19,2012-01-20,0.0,False
20,2012-01-21,0.0,False
21,2012-01-22,0.0,False
22,2012-01-23,0.0,False
23,2012-01-24,0.0,False
24,2012-01-25,0.0,False
25,2012-01-26,0.0,False
26,2012-01-27,0.0,False
27,2012-01-28,0.0,False
28,2012-01-29,0.0,False
29,2012-01-30,0.0,False
30,2012-01-31,0.0,False
0,2012-02-01,0.0,False
1,2012-02-02,0.0,False
2,2012-02-03,0.0,False
3,2012-02-04,0.0,False
4,2012-02-05,0.0,False
5,2012-02-06,0.0,False
6,2012-02-07,0.0,False
7,2012-02-08,0.0,False
8,2012-02-09,0.0,False
9,2012-02-10,0.0,False
10,2012-02-11,0.0,False
11,2012-02-12,0.0,False
12,2012-02-13,0.0,False
13,2012-02-14,0.0,False
14,2012-02-15,0.0,False
15,2012-02-16,0.0,False
16,2012-02-17,0.0,False
17,2012-02-18,0.0,False
18,2012-02-19,0.0,False
19,2012-02-20,0.0,False
20,2012-02-21,0.0,False
21,2012-02-22,0.0,False
22,2012-02-23,0.0,False
23,2012-02-24,0.0,False
24,2012-02-25,0.0,False
25,2012-02-26,0.0,False
26,2012-02-27,0.0,False
27,2012-02-28,0.0,False
28,2012-02-29,0.0,False
0,2012-03-01,0.0,False
1,2012-03-02,0.0,False
2,2012-03-03,0.0,False
3,2012-03-04,0.0,False
4,2012-03-05,0.0,False
5,2012-03-06,0.99,False
6,2012-03-07,0.0,False
7,2012-03-08,0.0,False
8,2012-03-09,0.52,False
9,2012-03-10,0.6,False
10,2012-03-11,0.0,False
11,2012-03-12,0.99,False
12,2012-03-13,0.0,False
13,2012-03-14,0.0,False
14,2012-03-15,0.5,False
15,2012-03-16,0.0,False
16,2012-03-17,0.0,False
17,2012-03-18,0.0,False
18,2012-03-19,0.0,False
19,2012-03-20,0.0,False
20,2012-03-21,0.0,False
21,2012-03-22,0.51,False
22,2012-03-23,0.53,False
23,2012-03-24,0.61,False
24,2012-03-25,0.61,False
25,2012-03-26,0.5,False
26,2012-03-27,0.49,False
27,2012-03-28,0.5,False
28,2012-03-29,1.0,False
29,2012-03-30,0.0,False
30,2012-03-31,0.0,False
0,2012-04-01,0.0,False
1,2012-04-02,0.0,False
2,2012-04-03,0.0,False
3,2012-04-04,0.66,False
4,2012-04-05,0.0,False
5,2012-04-06,0.74,False
6,2012-04-07,0.0,False
7,2012-04-08,0.0,False
8,2012-04-09,0.38,False
9,2012-04-10,0.33,False
10,2012-04-11,0.63,False
11,2012-04-12,0.0,False
12,2012-04-13,0.0,False
13,2012-04-14,0.0,False
14,2012-04-15,0.0,False
15,2012-04-16,0.31,False
16,2012-04-17,0.0,False
17,2012-04-18,0.0,False
18,2012-04-19,0.32,False
19,2012-04-20,1.0,False
20,2012-04-21,0.0,False
21,2012-04-22,0.0,False
22,2012-04-23,0.31,False
23,2012-04-24,0.0,False
24,2012-04-25,0.0,False
25,2012-04-26,0.0,False
26,2012-04-27,0.0,False
27,2012-04-28,0.0,False
28,2012-04-29,0.0,False
29,2012-04-30,0.0,False
0,2012-05-01,0.35000000000000003,False
1,2012-05-02,0.0,False
2,2012-05-03,0.0,False
3,2012-05-04,0.34,False
4,2012-05-05,0.0,False
5,2012-05-06,0.0,False
6,2012-05-07,0.0,False
7,2012-05-08,0.0,False
8,2012-05-09,0.32,False
9,2012-05-10,0.97,False
10,2012-05-11,0.68,False
11,2012-05-12,0.4,False
12,2012-05-13,0.0,False
13,2012-05-14,0.32,False
14,2012-05-15,0.0,False
15,2012-05-16,0.0,False
16,2012-05-17,1.0,False
17,2012-05-18,0.51,False
18,2012-05-19,0.41000000000000003,False
19,2012-05-20,0.0,False
20,2012-05-21,0.47000000000000003,False
21,2012-05-22,0.32,False
22,2012-05-23,0.48,False
23,2012-05-24,0.65,False
24,2012-05-25,0.52,False
25,2012-05-26,0.0,False
26,2012-05-27,0.0,False
27,2012-05-28,0.34,False
28,2012-05-29,0.63,False
29,2012-05-30,0.32,False
30,2012-05-31,0.32,False
0,2012-06-01,0.0,False
1,2012-06-02,0.0,False
2,2012-06-03,0.0,False
3,2012-06-04,0.0,False
4,2012-06-05,0.46,False
5,2012-06-06,0.46,False
6,2012-06-07,0.0,False
7,2012-06-08,0.0,False
8,2012-06-09,0.0,False
9,2012-06-10,0.0,False
10,2012-06-11,0.46,False
11,2012-06-12,0.0,False
12,2012-06-13,0.0,False
13,2012-06-14,0.0,False
14,2012-06-15,0.0,False
15,2012-06-16,0.0,False
16,2012-06-17,0.0,False
17,2012-06-18,0.0,False
18,2012-06-19,0.46,False
19,2012-06-20,0.0,False
20,2012-06-21,0.0,False
21,2012-06-22,1.0,False
22,2012-06-23,0.0,False
23,2012-06-24,0.0,False
24,2012-06-25,0.93,False
25,2012-06-26,0.0,False
26,2012-06-27,0.47000000000000003,False
27,2012-06-28,0.0,False
28,2012-06-29,0.51,False
29,2012-06-30,0.6,False
0,2012-07-01,0.0,False
1,2012-07-02,0.39,False
2,2012-07-03,0.39,False
3,2012-07-04,0.0,False
4,2012-07-05,0.8,False
5,2012-07-06,0.41000000000000003,False
6,2012-07-07,0.0,False
7,2012-07-08,0.0,False
8,2012-07-09,0.0,False
9,2012-07-10,0.0,False
10,2012-07-11,0.4,False
11,2012-07-12,0.4,False
12,2012-07-13,0.0,False
13,2012-07-14,0.0,False
14,2012-07-15,0.48,False
15,2012-07-16,0.78,False
16,2012-07-17,0.58,False
17,2012-07-18,0.0,False
18,2012-07-19,0.4,False
19,2012-07-20,0.8200000000000001,False
20,2012-07-21,0.49,False
21,2012-07-22,0.0,False
22,2012-07-23,0.78,False
23,2012-07-24,0.4,False
24,2012-07-25,0.39,False
25,2012-07-26,1.0,False
26,2012-07-27,0.62,False
27,2012-07-28,0.49,False
28,2012-07-29,0.49,False
29,2012-07-30,0.39,False
30,2012-07-31,0.0,False
0,2012-08-01,0.34,False
1,2012-08-02,0.33,False
2,2012-08-03,0.53,False
3,2012-08-04,0.0,False
4,2012-08-05,0.41000000000000003,False
5,2012-08-06,0.8300000000000001,False
6,2012-08-07,0.67,False
7,2012-08-08,0.33,False
8,2012-08-09,0.0,False
9,2012-08-10,0.35000000000000003,False
10,2012-08-11,0.0,False
11,2012-08-12,0.8300000000000001,False
12,2012-08-13,1.0,False
13,2012-08-14,0.5,False
14,2012-08-15,0.0,False
15,2012-08-16,0.68,False
16,2012-08-17,0.35000000000000003,False
17,2012-08-18,0.42,False
18,2012-08-19,0.85,False
19,2012-08-20,0.34,False
20,2012-08-21,0.0,False
21,2012-08-22,0.33,False
22,2012-08-23,0.33,False
23,2012-08-24,0.35000000000000003,False
24,2012-08-25,0.0,False
25,2012-08-26,0.39,False
26,2012-08-27,0.64,False
27,2012-08-28,0.0,False
28,2012-08-29,0.65,False
29,2012-08-30,0.0,False
30,2012-08-31,0.34,False
0,2012-09-01,0.0,False
1,2012-09-02,0.42,False
2,2012-09-03,0.0,False
3,2012-09-04,0.0,False
4,2012-09-05,0.0,False
5,2012-09-06,0.35000000000000003,False
6,2012-09-07,0.36,False
7,2012-09-08,0.0,False
8,2012-09-09,0.0,False
9,2012-09-10,0.34,False
10,2012-09-11,0.0,False
11,2012-09-12,0.33,False
12,2012-09-13,0.0,False
13,2012-09-14,0.0,False
14,2012-09-15,0.0,False
15,2012-09-16,0.0,False
16,2012-09-17,0.0,False
17,2012-09-18,0.0,False
18,2012-09-19,0.0,False
19,2012-09-20,0.34,False
20,2012-09-21,0.0,False
21,2012-09-22,0.0,False
22,2012-09-23,0.0,False
23,2012-09-24,0.0,False
24,2012-09-25,0.67,False
25,2012-09-26,1.0,False
26,2012-09-27,0.0,False
27,2012-09-28,0.71,False
28,2012-09-29,0.0,False
29,2012-09-30,0.8,False
0,2012-10-01,0.51,False
1,2012-10-02,0.0,False
2,2012-10-03,0.51,False
3,2012-10-04,1.0,False
4,2012-10-05,0.51,False
5,2012-10-06,0.0,False
6,2012-10-07,0.0,False
7,2012-10-08,0.49,False
8,2012-10-09,0.49,False
9,2012-10-10,0.5,False
10,2012-10-11,0.5,False
11,2012-10-12,0.0,False
12,2012-10-13,0.6,False
13,2012-10-14,0.0,False
14,2012-10-15,0.96,False
15,2012-10-16,0.48,False
16,2012-10-17,0.49,False
17,2012-10-18,0.0,False
18,2012-10-19,0.0,False
19,2012-10-20,0.0,False
20,2012-10-21,0.0,False
21,2012-10-22,0.48,False
22,2012-10-23,0.0,False
23,2012-10-24,0.49,False
24,2012-10-25,0.75,False
25,2012-10-26,0.78,False
26,2012-10-27,0.0,False
27,2012-10-28,0.0,False
28,2012-10-29,0.47000000000000003,False
29,2012-10-30,0.0,False
30,2012-10-31,0.5,False
0,2012-11-01,0.72,False
1,2012-11-02,0.36,False
2,2012-11-03,0.0,False
3,2012-11-04,0.0,False
4,2012-11-05,0.33,False
5,2012-11-06,0.49,False
6,2012-11-07,0.49,False
7,2012-11-08,0.0,False
8,2012-11-09,0.35000000000000003,False
9,2012-11-10,0.4,False
10,2012-11-11,0.39,False
11,2012-11-12,1.0,False
12,2012-11-13,0.67,False
13,2012-11-14,0.67,False
14,2012-11-15,0.34,False
15,2012-11-16,0.35000000000000003,False
16,2012-11-17,0.39,False
17,2012-11-18,0.0,False
18,2012-11-19,0.33,False
19,2012-11-20,0.33,False
20,2012-11-21,0.34,False
21,2012-11-22,0.35000000000000003,False
22,2012-11-23,0.53,False
23,2012-11-24,0.0,False
24,2012-11-25,0.0,False
25,2012-11-26,0.48,False
26,2012-11-27,0.32,False
27,2012-11-28,0.32,False
28,2012-11-29,0.32,False
29,2012-11-30,0.68,False
0,2012-12-01,0.53,False
1,2012-12-02,0.0,False
2,2012-12-03,0.0,False
3,2012-12-04,0.0,False
4,2012-12-05,0.88,False
5,2012-12-06,0.0,False
6,2012-12-07,0.0,False
7,2012-12-08,0.0,False
8,2012-12-09,0.0,False
9,2012-12-10,0.86,False
10,2012-12-11,0.0,False
11,2012-12-12,0.44,False
12,2012-12-13,0.44,False
13,2012-12-14,0.46,False
14,2012-12-15,0.0,False
15,2012-12-16,0.52,False
16,2012-12-17,0.44,False
17,2012-12-18,0.0,False
18,2012-12-19,0.45,False
19,2012-12-20,0.46,False
20,2012-12-21,0.0,False
21,2012-12-22,0.0,False
22,2012-12-23,0.0,False
23,2012-12-24,0.0,False
24,2012-12-25,0.0,False
25,2012-12-26,1.0,False
26,2012-12-27,0.48,False
27,2012-12-28,0.0,False
28,2012-12-29,0.54,False
29,2012-12-30,0.0,False
30,2012-12-31,0.0,False
0,2013-01-01,0.32,False
1,2013-01-02,0.26,False
2,2013-01-03,0.25,False
3,2013-01-04,0.0,False
4,2013-01-05,0.0,False
5,2013-01-06,0.29,False
6,2013-01-07,0.25,False
7,2013-01-08,0.0,False
8,2013-01-09,0.97,False
9,2013-01-10,0.0,False
10,2013-01-11,0.0,False
11,2013-01-12,0.0,False
12,2013-01-13,0.0,False
13,2013-01-14,0.24,False
14,2013-01-15,0.24,False
15,2013-01-16,0.0,False
16,2013-01-17,0.0,False
17,2013-01-18,0.25,False
18,2013-01-19,0.0,False
19,2013-01-20,0.0,False
20,2013-01-21,0.0,False
21,2013-01-22,0.23,False
22,2013-01-23,0.48,False
23,2013-01-24,0.72,False
24,2013-01-25,1.0,False
25,2013-01-26,0.0,False
26,2013-01-27,0.0,False
27,2013-01-28,0.23,False
28,2013-01-29,0.47000000000000003,False
29,2013-01-30,0.23,False
30,2013-01-31,0.48,False
0,2013-02-01,2.0,False
1,2013-02-02,0.9,False
2,2013-02-03,0.44,False
3,2013-02-04,0.38,False
4,2013-02-05,1.12,False
5,2013-02-06,0.38,False
6,2013-02-07,1.16,False
7,2013-02-08,0.0,False
8,2013-02-09,0.46,False
9,2013-02-10,0.0,False
10,2013-02-11,0.76,False
11,2013-02-12,0.78,False
12,2013-02-13,0.38,False
13,2013-02-14,0.76,False
14,2013-02-15,0.0,False
15,2013-02-16,0.9,False
16,2013-02-17,0.44,False
17,2013-02-18,0.0,False
18,2013-02-19,1.12,False
19,2013-02-20,1.86,False
20,2013-02-21,1.9000000000000001,False
21,2013-02-22,0.0,False
22,2013-02-23,0.0,False
23,2013-02-24,0.0,False
24,2013-02-25,1.08,False
25,2013-02-26,1.1,False
26,2013-02-27,1.12,False
27,2013-02-28,0.76,False
0,2013-03-01,0.66,False
1,2013-03-02,0.38,False
2,2013-03-03,0.0,False
3,2013-03-04,0.62,False
4,2013-03-05,0.64,False
5,2013-03-06,0.78,False
6,2013-03-07,0.32,False
7,2013-03-08,0.5,False
8,2013-03-09,0.56,False
9,2013-03-10,0.0,False
10,2013-03-11,0.92,False
11,2013-03-12,1.08,False
12,2013-03-13,0.62,False
13,2013-03-14,0.46,False
14,2013-03-15,0.8,False
15,2013-03-16,0.0,False
16,2013-03-17,0.36,False
17,2013-03-18,0.3,False
18,2013-03-19,0.62,False
19,2013-03-20,0.46,False
20,2013-03-21,0.32,False
21,2013-03-22,0.32,False
22,2013-03-23,0.36,False
23,2013-03-24,0.72,False
24,2013-03-25,0.9400000000000001,False
25,2013-03-26,1.1,False
26,2013-03-27,1.62,False
27,2013-03-28,2.0,False
28,2013-03-29,0.72,False
29,2013-03-30,0.0,False
30,2013-03-31,0.4,False
0,2013-04-01,3.7600000000000002,False
1,2013-04-02,2.52,False
2,2013-04-03,2.08,False
3,2013-04-04,2.12,False
4,2013-04-05,0.88,False
5,2013-04-06,0.52,False
6,2013-04-07,0.48,False
7,2013-04-08,0.6,False
8,2013-04-09,0.4,False
9,2013-04-10,1.68,False
10,2013-04-11,1.68,False
11,2013-04-12,1.32,False
12,2013-04-13,1.52,False
13,2013-04-14,0.0,False
14,2013-04-15,1.48,False
15,2013-04-16,1.48,False
16,2013-04-17,2.08,False
17,2013-04-18,2.32,False
18,2013-04-19,1.52,False
19,2013-04-20,1.52,False
20,2013-04-21,1.0,False
21,2013-04-22,2.08,False
22,2013-04-23,4.0,False
23,2013-04-24,2.52,False
24,2013-04-25,2.84,False
25,2013-04-26,0.88,False
26,2013-04-27,2.2800000000000002,False
27,2013-04-28,0.76,False
28,2013-04-29,2.12,False
29,2013-04-30,3.6,False
0,2013-05-01,3.42,False
1,2013-05-02,2.6999999999999997,False
2,2013-05-03,3.96,False
3,2013-05-04,1.26,False
4,2013-05-05,0.72,False
5,2013-05-06,2.34,False
6,2013-05-07,5.04,False
7,2013-05-08,8.28,False
8,2013-05-09,16.56,False
9,2013-05-10,14.219999999999999,False
10,2013-05-11,4.859999999999999,False
11,2013-05-12,2.88,False
12,2013-05-13,10.799999999999999,False
13,2013-05-14,18.0,False
14,2013-05-15,15.299999999999999,False
15,2013-05-16,15.479999999999999,False
16,2013-05-17,11.34,False
17,2013-05-18,2.16,False
18,2013-05-19,1.6199999999999999,False
19,2013-05-20,8.28,False
20,2013-05-21,7.199999999999999,False
21,2013-05-22,8.82,False
22,2013-05-23,5.58,False
23,2013-05-24,10.44,False
24,2013-05-25,5.76,False
25,2013-05-26,2.16,False
26,2013-05-27,1.98,False
27,2013-05-28,9.0,False
28,2013-05-29,15.479999999999999,False
29,2013-05-30,9.18,False
30,2013-05-31,12.78,False
0,2013-06-01,1.43,False
1,2013-06-02,1.87,False
2,2013-06-03,11.0,False
3,2013-06-04,3.96,False
4,2013-06-05,6.2700000000000005,False
5,2013-06-06,7.26,False
6,2013-06-07,7.81,False
7,2013-06-08,0.99,False
8,2013-06-09,1.87,False
9,2013-06-10,7.37,False
10,2013-06-11,5.39,False
11,2013-06-12,6.2700000000000005,False
12,2013-06-13,4.4,False
13,2013-06-14,4.18,False
14,2013-06-15,0.99,False
15,2013-06-16,1.43,False
16,2013-06-17,3.52,False
17,2013-06-18,3.19,False
18,2013-06-19,2.75,False
19,2013-06-20,3.19,False
20,2013-06-21,6.38,False
21,2013-06-22,0.44,False
22,2013-06-23,0.44,False
23,2013-06-24,2.75,False
24,2013-06-25,5.17,False
25,2013-06-26,3.63,False
26,2013-06-27,5.17,False
27,2013-06-28,6.82,False
28,2013-06-29,0.99,False
29,2013-06-30,0.99,False
0,2013-07-01,5.8500000000000005,False
1,2013-07-02,13.0,False
2,2013-07-03,8.450000000000001,False
3,2013-07-04,1.3,False
4,2013-07-05,6.5,False
5,2013-07-06,5.2,False
6,2013-07-07,1.56,False
7,2013-07-08,11.96,False
8,2013-07-09,8.32,False
9,2013-07-10,10.27,False
10,2013-07-11,7.28,False
11,2013-07-12,7.54,False
12,2013-07-13,2.99,False
13,2013-07-14,0.78,False
14,2013-07-15,7.800000000000001,False
15,2013-07-16,11.96,False
16,2013-07-17,12.74,False
17,2013-07-18,6.63,False
18,2013-07-19,8.84,False
19,2013-07-20,0.78,False
20,2013-07-21,2.99,False
21,2013-07-22,10.66,False
22,2013-07-23,5.33,False
23,2013-07-24,2.99,False
24,2013-07-25,8.58,False
25,2013-07-26,9.36,False
26,2013-07-27,4.42,False
27,2013-07-28,0.78,False
28,2013-07-29,12.35,False
29,2013-07-30,7.67,False
30,2013-07-31,7.15,False
0,2013-08-01,5.7,False
1,2013-08-02,4.5600000000000005,False
2,2013-08-03,2.2800000000000002,False
3,2013-08-04,1.52,False
4,2013-08-05,6.65,False
5,2013-08-06,8.17,False
6,2013-08-07,12.73,False
7,2013-08-08,19.0,False
8,2013-08-09,8.55,False
9,2013-08-10,3.99,False
10,2013-08-11,1.1400000000000001,False
11,2013-08-12,7.79,False
12,2013-08-13,8.17,False
13,2013-08-14,8.55,False
14,2013-08-15,8.36,False
15,2013-08-16,6.2700000000000005,False
16,2013-08-17,2.66,False
17,2013-08-18,1.33,False
18,2013-08-19,7.98,False
19,2013-08-20,7.79,False
20,2013-08-21,7.03,False
21,2013-08-22,8.36,False
22,2013-08-23,8.74,False
23,2013-08-24,3.23,False
24,2013-08-25,2.85,False
25,2013-08-26,11.78,False
26,2013-08-27,8.55,False
27,2013-08-28,7.22,False
28,2013-08-29,6.08,False
29,2013-08-30,6.84,False
30,2013-08-31,3.23,False
0,2013-09-01,3.36,False
1,2013-09-02,3.52,False
2,2013-09-03,10.72,False
3,2013-09-04,9.120000000000001,False
4,2013-09-05,14.4,False
5,2013-09-06,7.84,False
6,2013-09-07,2.08,False
7,2013-09-08,2.72,False
8,2013-09-09,14.72,False
9,2013-09-10,16.0,False
10,2013-09-11,10.72,False
11,2013-09-12,10.08,False
12,2013-09-13,10.56,False
13,2013-09-14,2.72,False
14,2013-09-15,1.92,False
15,2013-09-16,10.08,False
16,2013-09-17,6.72,False
17,2013-09-18,8.48,False
18,2013-09-19,7.36,False
19,2013-09-20,12.0,False
20,2013-09-21,3.36,False
21,2013-09-22,5.28,False
22,2013-09-23,10.88,False
23,2013-09-24,8.32,False
24,2013-09-25,6.24,False
25,2013-09-26,12.16,False
26,2013-09-27,12.0,False
27,2013-09-28,4.0,False
28,2013-09-29,4.64,False
29,2013-09-30,8.96,False
0,2013-10-01,13.44,False
1,2013-10-02,15.36,False
2,2013-10-03,24.0,False
3,2013-10-04,22.08,False
4,2013-10-05,6.96,False
5,2013-10-06,3.84,False
6,2013-10-07,14.399999999999999,False
7,2013-10-08,12.719999999999999,False
8,2013-10-09,16.32,False
9,2013-10-10,8.879999999999999,False
10,2013-10-11,10.559999999999999,False
11,2013-10-12,8.879999999999999,False
12,2013-10-13,1.92,False
13,2013-10-14,8.64,False
14,2013-10-15,12.719999999999999,False
15,2013-10-16,12.719999999999999,False
16,2013-10-17,9.6,False
17,2013-10-18,10.799999999999999,False
18,2013-10-19,3.12,False
19,2013-10-20,3.36,False
20,2013-10-21,12.24,False
21,2013-10-22,13.2,False
22,2013-10-23,14.879999999999999,False
23,2013-10-24,13.68,False
24,2013-10-25,12.48,False
25,2013-10-26,2.16,False
26,2013-10-27,2.6399999999999997,False
27,2013-10-28,12.0,False
28,2013-10-29,14.639999999999999,False
29,2013-10-30,14.399999999999999,False
30,2013-10-31,12.959999999999999,False
0,2013-11-01,8.32,False
1,2013-11-02,2.6,False
2,2013-11-03,3.38,False
3,2013-11-04,10.92,False
4,2013-11-05,23.92,False
5,2013-11-06,26.0,False
6,2013-11-07,24.7,False
7,2013-11-08,20.8,False
8,2013-11-09,4.16,False
9,2013-11-10,3.12,False
10,2013-11-11,12.74,False
11,2013-11-12,15.08,False
12,2013-11-13,13.780000000000001,False
13,2013-11-14,10.92,False
14,2013-11-15,11.700000000000001,False
15,2013-11-16,2.6,False
16,2013-11-17,1.3,False
17,2013-11-18,13.780000000000001,False
18,2013-11-19,20.28,False
19,2013-11-20,14.56,False
20,2013-11-21,15.08,False
21,2013-11-22,11.96,False
22,2013-11-23,3.12,False
23,2013-11-24,2.6,False
24,2013-11-25,8.58,False
25,2013-11-26,8.06,False
26,2013-11-27,10.66,False
27,2013-11-28,4.42,False
28,2013-11-29,8.06,False
29,2013-11-30,3.38,False
0,2013-12-01,2.09,False
1,2013-12-02,9.69,False
2,2013-12-03,16.15,False
3,2013-12-04,19.0,False
4,2013-12-05,13.11,False
5,2013-12-06,8.17,False
6,2013-12-07,2.2800000000000002,False
7,2013-12-08,1.9,False
8,2013-12-09,8.36,False
9,2013-12-10,6.84,False
10,2013-12-11,7.98,False
11,2013-12-12,9.5,False
12,2013-12-13,10.45,False
13,2013-12-14,2.47,False
14,2013-12-15,2.09,False
15,2013-12-16,9.88,False
16,2013-12-17,10.07,False
17,2013-12-18,8.93,False
18,2013-12-19,9.5,False
19,2013-12-20,10.26,False
20,2013-12-21,4.75,False
21,2013-12-22,2.09,False
22,2013-12-23,5.13,False
23,2013-12-24,10.26,False
24,2013-12-25,5.89,False
25,2013-12-26,9.88,False
26,2013-12-27,7.79,False
27,2013-12-28,3.99,False
28,2013-12-29,2.66,False
29,2013-12-30,10.07,False
30,2013-12-31,8.36,False
0,2014-01-01,1.44,False
1,2014-01-02,4.48,False
2,2014-01-03,8.64,False
3,2014-01-04,1.28,False
4,2014-01-05,0.96,False
5,2014-01-06,3.52,False
6,2014-01-07,5.76,False
7,2014-01-08,9.76,False
8,2014-01-09,4.64,False
9,2014-01-10,7.68,False
10,2014-01-11,1.76,False
11,2014-01-12,0.8,False
12,2014-01-13,6.24,False
13,2014-01-14,10.08,False
14,2014-01-15,16.0,False
15,2014-01-16,12.64,False
16,2014-01-17,12.96,False
17,2014-01-18,3.52,False
18,2014-01-19,0.48,False
19,2014-01-20,3.36,False
20,2014-01-21,9.44,False
21,2014-01-22,7.04,False
22,2014-01-23,9.44,False
23,2014-01-24,10.56,False
24,2014-01-25,6.08,False
25,2014-01-26,1.28,False
26,2014-01-27,6.5600000000000005,False
27,2014-01-28,7.68,False
28,2014-01-29,10.08,False
29,2014-01-30,10.24,False
30,2014-01-31,9.120000000000001,False
0,2014-02-01,1.98,False
1,2014-02-02,1.6500000000000001,False
2,2014-02-03,7.260000000000001,False
3,2014-02-04,9.24,False
4,2014-02-05,8.25,False
5,2014-02-06,4.95,False
6,2014-02-07,4.95,False
7,2014-02-08,3.6300000000000003,False
8,2014-02-09,2.64,False
9,2014-02-10,11.88,False
10,2014-02-11,12.870000000000001,False
11,2014-02-12,8.25,False
12,2014-02-13,10.89,False
13,2014-02-14,10.23,False
14,2014-02-15,1.6500000000000001,False
15,2014-02-16,2.64,False
16,2014-02-17,4.62,False
17,2014-02-18,10.56,False
18,2014-02-19,22.77,False
19,2014-02-20,29.040000000000003,False
20,2014-02-21,16.830000000000002,False
21,2014-02-22,4.62,False
22,2014-02-23,3.96,False
23,2014-02-24,11.55,False
24,2014-02-25,33.0,False
25,2014-02-26,32.67,False
26,2014-02-27,26.07,False
27,2014-02-28,23.43,False
0,2014-03-01,9.12,False
1,2014-03-02,7.68,False
2,2014-03-03,24.0,False
3,2014-03-04,20.64,False
4,2014-03-05,20.16,False
5,2014-03-06,18.48,False
6,2014-03-07,16.32,False
7,2014-03-08,5.279999999999999,False
8,2014-03-09,5.279999999999999,False
9,2014-03-10,20.88,False
10,2014-03-11,20.88,False
11,2014-03-12,20.64,False
12,2014-03-13,18.48,False
13,2014-03-14,12.48,False
14,2014-03-15,4.32,False
15,2014-03-16,2.6399999999999997,False
16,2014-03-17,10.32,False
17,2014-03-18,13.92,False
18,2014-03-19,14.879999999999999,False
19,2014-03-20,11.04,False
20,2014-03-21,8.879999999999999,False
21,2014-03-22,3.12,False
22,2014-03-23,2.16,False
23,2014-03-24,10.08,False
24,2014-03-25,9.36,False
25,2014-03-26,11.76,False
26,2014-03-27,13.2,False
27,2014-03-28,12.48,False
28,2014-03-29,3.36,False
29,2014-03-30,4.56,False
30,2014-03-31,12.24,False
0,2014-04-01,10.71,False
1,2014-04-02,10.71,False
2,2014-04-03,14.110000000000001,False
3,2014-04-04,11.56,False
4,2014-04-05,3.06,False
5,2014-04-06,2.5500000000000003,False
6,2014-04-07,13.090000000000002,False
7,2014-04-08,14.280000000000001,False
8,2014-04-09,10.030000000000001,False
9,2014-04-10,9.350000000000001,False
10,2014-04-11,17.0,False
11,2014-04-12,3.74,False
12,2014-04-13,3.5700000000000003,False
13,2014-04-14,9.350000000000001,False
14,2014-04-15,10.200000000000001,False
15,2014-04-16,11.56,False
16,2014-04-17,9.180000000000001,False
17,2014-04-18,4.760000000000001,False
18,2014-04-19,1.53,False
19,2014-04-20,1.02,False
20,2014-04-21,7.65,False
21,2014-04-22,9.690000000000001,False
22,2014-04-23,7.3100000000000005,False
23,2014-04-24,7.82,False
24,2014-04-25,8.33,False
25,2014-04-26,1.53,False
26,2014-04-27,2.04,False
27,2014-04-28,7.3100000000000005,False
28,2014-04-29,8.33,False
29,2014-04-30,7.140000000000001,False
0,2014-05-01,7.2,False
1,2014-05-02,6.6000000000000005,False
2,2014-05-03,1.0,False
3,2014-05-04,2.4000000000000004,False
4,2014-05-05,6.0,False
5,2014-05-06,6.2,False
6,2014-05-07,11.600000000000001,False
7,2014-05-08,20.0,False
8,2014-05-09,13.200000000000001,False
9,2014-05-10,3.2,False
10,2014-05-11,1.8,False
11,2014-05-12,8.200000000000001,False
12,2014-05-13,7.0,False
13,2014-05-14,11.0,False
14,2014-05-15,7.6000000000000005,False
15,2014-05-16,6.0,False
16,2014-05-17,2.8000000000000003,False
17,2014-05-18,1.2000000000000002,False
18,2014-05-19,6.4,False
19,2014-05-20,8.4,False
20,2014-05-21,5.800000000000001,False
21,2014-05-22,6.2,False
22,2014-05-23,8.0,False
23,2014-05-24,1.6,False
24,2014-05-25,1.4000000000000001,False
25,2014-05-26,1.8,False
26,2014-05-27,7.6000000000000005,False
27,2014-05-28,6.4,False
28,2014-05-29,7.4,False
29,2014-05-30,4.6000000000000005,False
30,2014-05-31,2.4000000000000004,False
0,2014-06-01,2.66,False
1,2014-06-02,5.7,False
2,2014-06-03,9.5,False
3,2014-06-04,7.79,False
4,2014-06-05,9.31,False
5,2014-06-06,7.22,False
6,2014-06-07,3.8,False
7,2014-06-08,2.2800000000000002,False
8,2014-06-09,9.5,False
9,2014-06-10,7.79,False
10,2014-06-11,7.6,False
11,2014-06-12,9.69,False
12,2014-06-13,10.83,False
13,2014-06-14,3.04,False
14,2014-06-15,3.61,False
15,2014-06-16,13.68,False
16,2014-06-17,19.0,False
17,2014-06-18,12.73,False
18,2014-06-19,13.870000000000001,False
19,2014-06-20,9.120000000000001,False
20,2014-06-21,4.75,False
21,2014-06-22,3.99,False
22,2014-06-23,12.73,False
23,2014-06-24,14.25,False
24,2014-06-25,7.41,False
25,2014-06-26,9.5,False
26,2014-06-27,9.88,False
27,2014-06-28,3.8,False
28,2014-06-29,1.9,False
29,2014-06-30,11.02,False
0,2014-07-01,12.75,False
1,2014-07-02,12.75,False
2,2014-07-03,11.4,False
3,2014-07-04,3.15,False
4,2014-07-05,1.95,False
5,2014-07-06,2.85,False
6,2014-07-07,10.2,False
7,2014-07-08,9.299999999999999,False
8,2014-07-09,8.1,False
9,2014-07-10,7.35,False
10,2014-07-11,6.0,False
11,2014-07-12,1.2,False
12,2014-07-13,0.8999999999999999,False
13,2014-07-14,10.95,False
14,2014-07-15,9.15,False
15,2014-07-16,11.85,False
16,2014-07-17,8.4,False
17,2014-07-18,5.25,False
18,2014-07-19,1.3499999999999999,False
19,2014-07-20,2.55,False
20,2014-07-21,6.75,False
21,2014-07-22,8.549999999999999,False
22,2014-07-23,7.199999999999999,False
23,2014-07-24,8.1,False
24,2014-07-25,10.2,False
25,2014-07-26,2.25,False
26,2014-07-27,2.25,False
27,2014-07-28,5.55,False
28,2014-07-29,7.35,False
29,2014-07-30,10.35,False
30,2014-07-31,15.0,False
0,2014-08-01,16.0,False
1,2014-08-02,5.44,False
2,2014-08-03,3.68,False
3,2014-08-04,9.6,False
4,2014-08-05,9.28,False
5,2014-08-06,11.68,False
6,2014-08-07,15.84,False
7,2014-08-08,9.28,False
8,2014-08-09,2.88,False
9,2014-08-10,3.2,False
10,2014-08-11,15.84,False
11,2014-08-12,11.84,False
12,2014-08-13,12.96,False
13,2014-08-14,15.040000000000001,False
14,2014-08-15,11.200000000000001,False
15,2014-08-16,4.0,False
16,2014-08-17,1.44,False
17,2014-08-18,11.200000000000001,False
18,2014-08-19,9.92,False
19,2014-08-20,5.12,False
20,2014-08-21,11.040000000000001,False
21,2014-08-22,7.84,False
22,2014-08-23,2.08,False
23,2014-08-24,3.2,False
24,2014-08-25,12.8,False
25,2014-08-26,9.6,False
26,2014-08-27,8.16,False
27,2014-08-28,6.24,False
28,2014-08-29,11.84,False
29,2014-08-30,3.84,False
30,2014-08-31,1.76,False
0,2014-09-01,1.1900000000000002,False
1,2014-09-02,13.770000000000001,False
2,2014-09-03,17.0,False
3,2014-09-04,11.05,False
4,2014-09-05,13.430000000000001,False
5,2014-09-06,6.29,False
6,2014-09-07,1.87,False
7,2014-09-08,10.71,False
8,2014-09-09,11.73,False
9,2014-09-10,9.180000000000001,False
10,2014-09-11,9.01,False
11,2014-09-12,8.84,False
12,2014-09-13,3.2300000000000004,False
13,2014-09-14,0.68,False
14,2014-09-15,16.150000000000002,False
15,2014-09-16,15.13,False
16,2014-09-17,15.98,False
17,2014-09-18,12.24,False
18,2014-09-19,14.110000000000001,False
19,2014-09-20,2.89,False
20,2014-09-21,1.53,False
21,2014-09-22,10.71,False
22,2014-09-23,13.770000000000001,False
23,2014-09-24,11.05,False
24,2014-09-25,8.5,False
25,2014-09-26,7.65,False
26,2014-09-27,2.89,False
27,2014-09-28,1.87,False
28,2014-09-29,5.1000000000000005,False
29,2014-09-30,10.370000000000001,False
0,2014-10-01,5.44,False
1,2014-10-02,8.48,False
2,2014-10-03,4.48,False
3,2014-10-04,2.4,False
4,2014-10-05,0.64,False
5,2014-10-06,5.76,False
6,2014-10-07,8.48,False
7,2014-10-08,5.76,False
8,2014-10-09,10.24,False
9,2014-10-10,16.0,False
10,2014-10-11,2.24,False
11,2014-10-12,1.76,False
12,2014-10-13,8.8,False
13,2014-10-14,7.84,False
14,2014-10-15,8.16,False
15,2014-10-16,7.04,False
16,2014-10-17,8.0,False
17,2014-10-18,1.28,False
18,2014-10-19,1.44,False
19,2014-10-20,3.52,False
20,2014-10-21,6.08,False
21,2014-10-22,6.4,False
22,2014-10-23,5.6000000000000005,False
23,2014-10-24,6.72,False
24,2014-10-25,1.12,False
25,2014-10-26,1.44,False
26,2014-10-27,8.0,False
27,2014-10-28,8.32,False
28,2014-10-29,6.08,False
29,2014-10-30,6.88,False
30,2014-10-31,5.28,False
0,2014-11-01,2.16,False
1,2014-11-02,1.2,False
2,2014-11-03,4.56,False
3,2014-11-04,4.92,False
4,2014-11-05,12.0,False
5,2014-11-06,10.799999999999999,False
6,2014-11-07,7.319999999999999,False
7,2014-11-08,1.2,False
8,2014-11-09,0.84,False
9,2014-11-10,6.84,False
10,2014-11-11,6.4799999999999995,False
11,2014-11-12,8.16,False
12,2014-11-13,7.4399999999999995,False
13,2014-11-14,5.3999999999999995,False
14,2014-11-15,1.7999999999999998,False
15,2014-11-16,0.84,False
16,2014-11-17,6.359999999999999,False
17,2014-11-18,4.68,False
18,2014-11-19,6.0,False
19,2014-11-20,6.12,False
20,2014-11-21,6.24,False
21,2014-11-22,0.96,False
22,2014-11-23,1.2,False
23,2014-11-24,4.32,False
24,2014-11-25,2.76,False
25,2014-11-26,3.7199999999999998,False
26,2014-11-27,0.72,False
27,2014-11-28,2.16,False
28,2014-11-29,0.6,False
29,2014-11-30,1.2,False
0,2014-12-01,3.74,False
1,2014-12-02,8.58,False
2,2014-12-03,4.84,False
3,2014-12-04,7.81,False
4,2014-12-05,7.15,False
5,2014-12-06,1.76,False
6,2014-12-07,2.31,False
7,2014-12-08,7.48,False
8,2014-12-09,5.83,False
9,2014-12-10,8.36,False
10,2014-12-11,8.91,False
11,2014-12-12,6.16,False
12,2014-12-13,2.97,False
13,2014-12-14,1.21,False
14,2014-12-15,5.28,False
15,2014-12-16,6.93,False
16,2014-12-17,11.0,False
17,2014-12-18,6.71,False
18,2014-12-19,4.84,False
19,2014-12-20,2.42,False
20,2014-12-21,0.66,False
21,2014-12-22,5.72,False
22,2014-12-23,4.84,False
23,2014-12-24,4.29,False
24,2014-12-25,0.66,False
25,2014-12-26,6.93,False
26,2014-12-27,6.49,False
27,2014-12-28,1.21,False
28,2014-12-29,7.81,False
29,2014-12-30,4.73,False
30,2014-12-31,1.21,False
0,2015-01-01,1.4000000000000001,False
1,2015-01-02,5.4,False
2,2015-01-03,1.3,False
3,2015-01-04,1.3,False
4,2015-01-05,3.2,False
5,2015-01-06,4.5,False
6,2015-01-07,4.2,False
7,2015-01-08,2.9000000000000004,False
8,2015-01-09,4.7,False
9,2015-01-10,0.8,False
10,2015-01-11,1.0,False
11,2015-01-12,3.6,False
12,2015-01-13,3.8000000000000003,False
13,2015-01-14,10.0,False
14,2015-01-15,7.5,False
15,2015-01-16,4.7,False
16,2015-01-17,1.3,False
17,2015-01-18,0.4,False
18,2015-01-19,3.2,False
19,2015-01-20,6.6000000000000005,False
20,2015-01-21,4.5,False
21,2015-01-22,5.6000000000000005,False
22,2015-01-23,6.4,False
23,2015-01-24,0.8,False
24,2015-01-25,1.7000000000000002,False
25,2015-01-26,3.2,False
26,2015-01-27,5.1000000000000005,False
27,2015-01-28,4.5,False
28,2015-01-29,5.0,False
29,2015-01-30,4.800000000000001,False
30,2015-01-31,1.7000000000000002,False
0,2015-02-01,1.12,False
1,2015-02-02,3.9200000000000004,False
2,2015-02-03,5.180000000000001,False
3,2015-02-04,4.48,False
4,2015-02-05,3.9200000000000004,False
5,2015-02-06,5.180000000000001,False
6,2015-02-07,1.54,False
7,2015-02-08,0.7000000000000001,False
8,2015-02-09,4.2,False
9,2015-02-10,5.460000000000001,False
10,2015-02-11,8.540000000000001,False
11,2015-02-12,14.000000000000002,False
12,2015-02-13,7.98,False
13,2015-02-14,1.9600000000000002,False
14,2015-02-15,2.8000000000000003,False
15,2015-02-16,2.3800000000000003,False
16,2015-02-17,6.0200000000000005,False
17,2015-02-18,4.62,False
18,2015-02-19,7.700000000000001,False
19,2015-02-20,5.6000000000000005,False
20,2015-02-21,0.8400000000000001,False
21,2015-02-22,1.9600000000000002,False
22,2015-02-23,3.22,False
23,2015-02-24,7.140000000000001,False
24,2015-02-25,5.180000000000001,False
25,2015-02-26,6.16,False
26,2015-02-27,5.040000000000001,False
27,2015-02-28,1.54,False
0,2015-03-01,1.56,False
1,2015-03-02,7.08,False
2,2015-03-03,7.56,False
3,2015-03-04,10.92,False
4,2015-03-05,6.4799999999999995,False
5,2015-03-06,10.32,False
6,2015-03-07,3.48,False
7,2015-03-08,2.52,False
8,2015-03-09,5.52,False
9,2015-03-10,9.24,False
10,2015-03-11,6.359999999999999,False
11,2015-03-12,6.96,False
12,2015-03-13,8.52,False
13,2015-03-14,3.12,False
14,2015-03-15,2.4,False
15,2015-03-16,8.28,False
16,2015-03-17,9.24,False
17,2015-03-18,8.28,False
18,2015-03-19,8.76,False
19,2015-03-20,8.16,False
20,2015-03-21,1.92,False
21,2015-03-22,1.56,False
22,2015-03-23,8.76,False
23,2015-03-24,8.64,False
24,2015-03-25,7.8,False
25,2015-03-26,8.64,False
26,2015-03-27,9.719999999999999,False
27,2015-03-28,3.36,False
28,2015-03-29,1.3199999999999998,False
29,2015-03-30,11.16,False
30,2015-03-31,12.0,False
0,2015-04-01,6.37,False
1,2015-04-02,10.790000000000001,False
2,2015-04-03,7.800000000000001,False
3,2015-04-04,4.16,False
4,2015-04-05,1.4300000000000002,False
5,2015-04-06,12.74,False
6,2015-04-07,13.0,False
7,2015-04-08,13.0,False
8,2015-04-09,9.620000000000001,False
9,2015-04-10,10.14,False
10,2015-04-11,2.73,False
11,2015-04-12,1.3,False
12,2015-04-13,7.800000000000001,False
13,2015-04-14,12.22,False
14,2015-04-15,7.930000000000001,False
15,2015-04-16,4.55,False
16,2015-04-17,5.33,False
17,2015-04-18,1.9500000000000002,False
18,2015-04-19,1.9500000000000002,False
19,2015-04-20,7.15,False
20,2015-04-21,7.930000000000001,False
21,2015-04-22,9.1,False
22,2015-04-23,6.890000000000001,False
23,2015-04-24,4.68,False
24,2015-04-25,1.9500000000000002,False
25,2015-04-26,0.65,False
26,2015-04-27,10.66,False
27,2015-04-28,12.22,False
28,2015-04-29,8.32,False
29,2015-04-30,11.05,False
0,2015-05-01,15.0,False
1,2015-05-02,5.1,False
2,2015-05-03,1.95,False
3,2015-05-04,9.45,False
4,2015-05-05,7.199999999999999,False
5,2015-05-06,8.7,False
6,2015-05-07,12.45,False
7,2015-05-08,7.6499999999999995,False
8,2015-05-09,4.35,False
9,2015-05-10,1.95,False
10,2015-05-11,6.75,False
11,2015-05-12,8.1,False
12,2015-05-13,6.6,False
13,2015-05-14,9.0,False
14,2015-05-15,5.3999999999999995,False
15,2015-05-16,3.4499999999999997,False
16,2015-05-17,1.5,False
17,2015-05-18,3.9,False
18,2015-05-19,2.85,False
19,2015-05-20,6.45,False
20,2015-05-21,4.2,False
21,2015-05-22,2.6999999999999997,False
22,2015-05-23,1.5,False
23,2015-05-24,0.0,False
24,2015-05-25,0.75,False
25,2015-05-26,5.1,False
26,2015-05-27,3.4499999999999997,False
27,2015-05-28,4.5,False
28,2015-05-29,4.05,False
29,2015-05-30,0.75,False
30,2015-05-31,0.44999999999999996,False
0,2015-06-01,4.68,False
1,2015-06-02,4.5,False
2,2015-06-03,3.8699999999999997,False
3,2015-06-04,5.85,False
4,2015-06-05,5.49,False
5,2015-06-06,2.34,False
6,2015-06-07,0.54,False
7,2015-06-08,6.39,False
8,2015-06-09,7.02,False
9,2015-06-10,4.5,False
10,2015-06-11,4.14,False
11,2015-06-12,4.77,False
12,2015-06-13,1.53,False
13,2015-06-14,1.26,False
14,2015-06-15,4.68,False
15,2015-06-16,4.41,False
16,2015-06-17,4.32,False
17,2015-06-18,9.0,False
18,2015-06-19,4.59,False
19,2015-06-20,1.26,False
20,2015-06-21,0.8099999999999999,False
21,2015-06-22,6.4799999999999995,False
22,2015-06-23,7.47,False
23,2015-06-24,5.3999999999999995,False
24,2015-06-25,5.67,False
25,2015-06-26,5.04,False
26,2015-06-27,1.53,False
27,2015-06-28,1.08,False
28,2015-06-29,5.3999999999999995,False
29,2015-06-30,5.3999999999999995,False
0,2015-07-01,5.33,False
1,2015-07-02,6.63,False
2,2015-07-03,2.8600000000000003,False
3,2015-07-04,1.4300000000000002,False
4,2015-07-05,0.91,False
5,2015-07-06,7.930000000000001,False
6,2015-07-07,6.11,False
7,2015-07-08,13.0,False
8,2015-07-09,6.63,False
9,2015-07-10,4.42,False
10,2015-07-11,1.4300000000000002,False
11,2015-07-12,1.4300000000000002,False
12,2015-07-13,6.11,False
13,2015-07-14,5.8500000000000005,False
14,2015-07-15,6.24,False
15,2015-07-16,4.29,False
16,2015-07-17,4.94,False
17,2015-07-18,4.42,False
18,2015-07-19,3.5100000000000002,False
19,2015-07-20,10.66,False
20,2015-07-21,8.450000000000001,False
21,2015-07-22,7.0200000000000005,False
22,2015-07-23,2.73,False
23,2015-07-24,4.8100000000000005,False
24,2015-07-25,1.82,False
25,2015-07-26,2.34,False
26,2015-07-27,6.5,False
27,2015-07-28,4.94,False
28,2015-07-29,4.55,False
29,2015-07-30,8.58,False
30,2015-07-31,5.2,False
0,2015-08-01,1.2,False
1,2015-08-02,1.5,False
2,2015-08-03,4.05,False
3,2015-08-04,3.9,False
4,2015-08-05,9.45,False
5,2015-08-06,15.0,False
6,2015-08-07,5.25,False
7,2015-08-08,2.1,False
8,2015-08-09,2.6999999999999997,False
9,2015-08-10,5.85,False
10,2015-08-11,7.5,False
11,2015-08-12,6.3,False
12,2015-08-13,4.8,False
13,2015-08-14,4.8,False
14,2015-08-15,1.5,False
15,2015-08-16,1.5,False
16,2015-08-17,5.85,False
17,2015-08-18,5.3999999999999995,False
18,2015-08-19,6.1499999999999995,False
19,2015-08-20,5.55,False
20,2015-08-21,9.45,False
21,2015-08-22,1.95,False
22,2015-08-23,1.5,False
23,2015-08-24,12.6,False
24,2015-08-25,9.6,False
25,2015-08-26,9.299999999999999,False
26,2015-08-27,9.15,False
27,2015-08-28,7.949999999999999,False
28,2015-08-29,1.65,False
29,2015-08-30,1.3499999999999999,False
30,2015-08-31,5.1,False
0,2015-09-01,9.46,False
1,2015-09-02,7.48,False
2,2015-09-03,10.01,False
3,2015-09-04,5.17,False
4,2015-09-05,1.43,False
5,2015-09-06,1.21,False
6,2015-09-07,2.64,False
7,2015-09-08,8.47,False
8,2015-09-09,8.25,False
9,2015-09-10,7.81,False
10,2015-09-11,6.38,False
11,2015-09-12,1.43,False
12,2015-09-13,2.2,False
13,2015-09-14,5.06,False
14,2015-09-15,5.5,False
15,2015-09-16,8.69,False
16,2015-09-17,3.85,False
17,2015-09-18,7.37,False
18,2015-09-19,1.1,False
19,2015-09-20,0.55,False
20,2015-09-21,7.37,False
21,2015-09-22,5.94,False
22,2015-09-23,6.82,False
23,2015-09-24,8.03,False
24,2015-09-25,8.69,False
25,2015-09-26,3.74,False
26,2015-09-27,1.1,False
27,2015-09-28,7.37,False
28,2015-09-29,7.81,False
29,2015-09-30,11.0,False
0,2015-10-01,9.0,False
1,2015-10-02,6.0,False
2,2015-10-03,1.92,False
3,2015-10-04,1.92,False
4,2015-10-05,4.68,False
5,2015-10-06,6.24,False
6,2015-10-07,6.359999999999999,False
7,2015-10-08,5.52,False
8,2015-10-09,7.92,False
9,2015-10-10,1.68,False
10,2015-10-11,1.44,False
11,2015-10-12,5.88,False
12,2015-10-13,5.3999999999999995,False
13,2015-10-14,6.84,False
14,2015-10-15,4.92,False
15,2015-10-16,6.359999999999999,False
16,2015-10-17,1.2,False
17,2015-10-18,1.92,False
18,2015-10-19,7.08,False
19,2015-10-20,11.76,False
20,2015-10-21,12.0,False
21,2015-10-22,8.04,False
22,2015-10-23,8.16,False
23,2015-10-24,2.4,False
24,2015-10-25,1.44,False
25,2015-10-26,6.84,False
26,2015-10-27,7.08,False
27,2015-10-28,6.359999999999999,False
28,2015-10-29,7.56,False
29,2015-10-30,6.4799999999999995,False
30,2015-10-31,3.12,False
0,2015-11-01,0.66,False
1,2015-11-02,4.18,False
2,2015-11-03,9.57,False
3,2015-11-04,11.0,False
4,2015-11-05,7.26,False
5,2015-11-06,4.4,False
6,2015-11-07,1.76,False
7,2015-11-08,0.99,False
8,2015-11-09,3.63,False
9,2015-11-10,3.96,False
10,2015-11-11,4.18,False
11,2015-11-12,3.52,False
12,2015-11-13,4.07,False
13,2015-11-14,1.1,False
14,2015-11-15,0.33,False
15,2015-11-16,3.63,False
16,2015-11-17,3.3,False
17,2015-11-18,3.08,False
18,2015-11-19,4.84,False
19,2015-11-20,5.06,False
20,2015-11-21,0.99,False
21,2015-11-22,0.99,False
22,2015-11-23,2.75,False
23,2015-11-24,4.84,False
24,2015-11-25,3.19,False
25,2015-11-26,1.87,False
26,2015-11-27,3.08,False
27,2015-11-28,1.65,False
28,2015-11-29,0.77,False
29,2015-11-30,2.97,False
0,2015-12-01,6.72,False
1,2015-12-02,8.0,False
2,2015-12-03,4.48,False
3,2015-12-04,5.44,False
4,2015-12-05,1.92,False
5,2015-12-06,0.96,False
6,2015-12-07,0.8,False
7,2015-12-08,6.08,False
8,2015-12-09,1.6,False
9,2015-12-10,4.08,False
10,2015-12-11,5.44,False
11,2015-12-12,3.2800000000000002,False
12,2015-12-13,0.96,False
13,2015-12-14,5.5200000000000005,False
14,2015-12-15,4.16,False
15,2015-12-16,5.44,False
16,2015-12-17,6.0,False
17,2015-12-18,3.12,False
18,2015-12-19,0.96,False
19,2015-12-20,0.48,False
20,2015-12-21,3.84,False
21,2015-12-22,6.48,False
22,2015-12-23,5.44,False
23,2015-12-24,6.72,False
24,2015-12-25,1.12,False
25,2015-12-26,1.52,False
26,2015-12-27,1.04,False
27,2015-12-28,4.0,False
28,2015-12-29,2.64,False
29,2015-12-30,3.6,False
30,2015-12-31,6.4,False
0,2016-01-01,1.76,False
1,2016-01-02,0.55,False
2,2016-01-03,1.32,False
3,2016-01-04,7.48,False
4,2016-01-05,6.16,False
5,2016-01-06,8.36,False
6,2016-01-07,9.790000000000001,False
7,2016-01-08,5.61,False
8,2016-01-09,1.76,False
9,2016-01-10,0.99,False
10,2016-01-11,7.7,False
11,2016-01-12,5.5,False
12,2016-01-13,8.69,False
13,2016-01-14,8.25,False
14,2016-01-15,7.7,False
15,2016-01-16,2.64,False
16,2016-01-17,1.98,False
17,2016-01-18,3.85,False
18,2016-01-19,7.15,False
19,2016-01-20,9.46,False
20,2016-01-21,4.51,False
21,2016-01-22,6.2700000000000005,False
22,2016-01-23,1.76,False
23,2016-01-24,1.54,False
24,2016-01-25,5.39,False
25,2016-01-26,6.93,False
26,2016-01-27,8.25,False
27,2016-01-28,9.13,False
28,2016-01-29,11.0,False
29,2016-01-30,1.76,False
30,2016-01-31,1.32,False
0,2016-02-01,5.78,False
1,2016-02-02,6.460000000000001,False
2,2016-02-03,6.630000000000001,False
3,2016-02-04,7.140000000000001,False
4,2016-02-05,9.01,False
5,2016-02-06,4.590000000000001,False
6,2016-02-07,1.87,False
7,2016-02-08,10.71,False
8,2016-02-09,9.520000000000001,False
9,2016-02-10,12.920000000000002,False
10,2016-02-11,17.0,False
11,2016-02-12,7.99,False
12,2016-02-13,2.5500000000000003,False
13,2016-02-14,0.8500000000000001,False
14,2016-02-15,2.5500000000000003,False
15,2016-02-16,6.12,False
16,2016-02-17,6.460000000000001,False
17,2016-02-18,6.800000000000001,False
18,2016-02-19,5.95,False
19,2016-02-20,1.87,False
20,2016-02-21,1.02,False
21,2016-02-22,5.1000000000000005,False
22,2016-02-23,5.2700000000000005,False
23,2016-02-24,6.800000000000001,False
24,2016-02-25,5.95,False
25,2016-02-26,6.970000000000001,False
26,2016-02-27,1.1900000000000002,False
27,2016-02-28,0.68,False
28,2016-02-29,6.800000000000001,False
0,2016-03-01,6.3,False
1,2016-03-02,8.82,False
2,2016-03-03,8.459999999999999,False
3,2016-03-04,8.459999999999999,False
4,2016-03-05,1.44,False
5,2016-03-06,1.26,False
6,2016-03-07,7.92,False
7,2016-03-08,9.0,False
8,2016-03-09,8.1,False
9,2016-03-10,8.28,False
10,2016-03-11,7.56,False
11,2016-03-12,3.5999999999999996,False
12,2016-03-13,1.44,False
13,2016-03-14,9.18,False
14,2016-03-15,8.82,False
15,2016-03-16,9.719999999999999,False
16,2016-03-17,8.459999999999999,False
17,2016-03-18,9.36,False
18,2016-03-19,3.06,False
19,2016-03-20,1.98,False
20,2016-03-21,12.959999999999999,False
21,2016-03-22,10.799999999999999,False
22,2016-03-23,10.62,False
23,2016-03-24,10.799999999999999,False
24,2016-03-25,5.9399999999999995,False
25,2016-03-26,1.98,False
26,2016-03-27,1.44,False
27,2016-03-28,9.0,False
28,2016-03-29,6.84,False
29,2016-03-30,10.799999999999999,False
30,2016-03-31,18.0,False
0,2016-04-01,24.0,False
1,2016-04-02,5.76,False
2,2016-04-03,2.88,False
3,2016-04-04,12.24,False
4,2016-04-05,13.92,False
5,2016-04-06,10.559999999999999,False
6,2016-04-07,13.44,False
7,2016-04-08,8.879999999999999,False
8,2016-04-09,1.92,False
9,2016-04-10,1.92,False
10,2016-04-11,10.08,False
11,2016-04-12,8.879999999999999,False
12,2016-04-13,10.559999999999999,False
13,2016-04-14,6.96,False
14,2016-04-15,6.96,False
15,2016-04-16,1.44,False
16,2016-04-17,1.44,False
17,2016-04-18,6.24,False
18,2016-04-19,4.8,False
19,2016-04-20,6.72,False
20,2016-04-21,7.4399999999999995,False
21,2016-04-22,5.52,False
22,2016-04-23,1.44,False
23,2016-04-24,0.48,False
24,2016-04-25,5.279999999999999,False
25,2016-04-26,3.84,False
26,2016-04-27,7.199999999999999,False
27,2016-04-28,5.76,False
28,2016-04-29,4.56,False
29,2016-04-30,0.96,False
0,2016-05-01,0.8500000000000001,False
1,2016-05-02,4.42,False
2,2016-05-03,8.84,False
3,2016-05-04,13.600000000000001,False
4,2016-05-05,17.0,False
5,2016-05-06,8.33,False
6,2016-05-07,1.7000000000000002,False
7,2016-05-08,0.34,False
8,2016-05-09,9.860000000000001,False
9,2016-05-10,7.48,False
10,2016-05-11,7.65,False
11,2016-05-12,8.33,False
12,2016-05-13,5.2700000000000005,False
13,2016-05-14,0.8500000000000001,False
14,2016-05-15,1.1900000000000002,False
15,2016-05-16,5.61,False
16,2016-05-17,4.930000000000001,False
17,2016-05-18,8.5,False
18,2016-05-19,5.61,False
19,2016-05-20,4.930000000000001,False
20,2016-05-21,2.04,False
21,2016-05-22,0.51,False
22,2016-05-23,3.2300000000000004,False
23,2016-05-24,3.4000000000000004,False
24,2016-05-25,5.95,False
25,2016-05-26,4.42,False
26,2016-05-27,3.5700000000000003,False
27,2016-05-28,1.1900000000000002,False
28,2016-05-29,0.8500000000000001,False
29,2016-05-30,0.68,False
30,2016-05-31,4.590000000000001,False
0,2016-06-01,5.4,False
1,2016-06-02,4.2,False
2,2016-06-03,4.6000000000000005,False
3,2016-06-04,2.0,False
4,2016-06-05,1.4000000000000001,False
5,2016-06-06,3.6,False
6,2016-06-07,5.4,False
7,2016-06-08,7.800000000000001,False
8,2016-06-09,5.4,False
9,2016-06-10,7.4,False
10,2016-06-11,2.6,False
11,2016-06-12,0.6000000000000001,False
12,2016-06-13,4.800000000000001,False
13,2016-06-14,5.800000000000001,False
14,2016-06-15,5.800000000000001,False
15,2016-06-16,4.6000000000000005,False
16,2016-06-17,3.0,False
17,2016-06-18,2.0,False
18,2016-06-19,0.8,False
19,2016-06-20,5.4,False
20,2016-06-21,10.200000000000001,False
21,2016-06-22,20.0,False
22,2016-06-23,15.8,False
23,2016-06-24,17.0,False
24,2016-06-25,1.6,False
25,2016-06-26,1.0,False
26,2016-06-27,8.4,False
27,2016-06-28,9.0,False
28,2016-06-29,9.4,False
29,2016-06-30,12.0,False
0,2016-07-01,18.0,False
1,2016-07-02,4.859999999999999,False
2,2016-07-03,2.16,False
3,2016-07-04,1.98,False
4,2016-07-05,16.56,False
5,2016-07-06,11.7,False
6,2016-07-07,6.4799999999999995,False
7,2016-07-08,11.7,False
8,2016-07-09,5.04,False
9,2016-07-10,2.34,False
10,2016-07-11,10.26,False
11,2016-07-12,12.959999999999999,False
12,2016-07-13,8.82,False
13,2016-07-14,7.92,False
14,2016-07-15,6.4799999999999995,False
15,2016-07-16,3.5999999999999996,False
16,2016-07-17,1.7999999999999998,False
17,2016-07-18,11.879999999999999,False
18,2016-07-19,9.18,False
19,2016-07-20,5.9399999999999995,False
20,2016-07-21,13.32,False
21,2016-07-22,7.92,False
22,2016-07-23,3.2399999999999998,False
23,2016-07-24,1.7999999999999998,False
24,2016-07-25,10.26,False
25,2016-07-26,5.76,False
26,2016-07-27,10.26,False
27,2016-07-28,9.36,False
28,2016-07-29,8.1,False
29,2016-07-30,0.0,False
30,2016-07-31,0.8999999999999999,False
0,2016-08-01,13.160000000000002,False
1,2016-08-02,6.44,False
2,2016-08-03,10.360000000000001,False
3,2016-08-04,14.000000000000002,False
4,2016-08-05,7.5600000000000005,False
5,2016-08-06,3.5000000000000004,False
6,2016-08-07,0.42000000000000004,False
7,2016-08-08,4.9,False
8,2016-08-09,6.44,False
9,2016-08-10,4.9,False
10,2016-08-11,7.280000000000001,False
11,2016-08-12,6.16,False
12,2016-08-13,0.7000000000000001,False
13,2016-08-14,0.42000000000000004,False
14,2016-08-15,5.460000000000001,False
15,2016-08-16,7.000000000000001,False
16,2016-08-17,3.6400000000000006,False
17,2016-08-18,4.0600000000000005,False
18,2016-08-19,3.7800000000000002,False
19,2016-08-20,1.9600000000000002,False
20,2016-08-21,0.42000000000000004,False
21,2016-08-22,4.9,False
22,2016-08-23,6.580000000000001,False
23,2016-08-24,7.98,False
24,2016-08-25,4.0600000000000005,False
25,2016-08-26,5.880000000000001,False
26,2016-08-27,1.4000000000000001,False
27,2016-08-28,0.7000000000000001,False
28,2016-08-29,4.62,False
29,2016-08-30,4.62,False
30,2016-08-31,5.180000000000001,False
0,2016-09-01,17.0,False
1,2016-09-02,16.66,False
2,2016-09-03,2.72,False
3,2016-09-04,2.21,False
4,2016-09-05,3.06,False
5,2016-09-06,11.05,False
6,2016-09-07,12.07,False
7,2016-09-08,12.24,False
8,2016-09-09,10.370000000000001,False
9,2016-09-10,3.06,False
10,2016-09-11,2.04,False
11,2016-09-12,9.690000000000001,False
12,2016-09-13,10.030000000000001,False
13,2016-09-14,9.01,False
14,2016-09-15,11.56,False
15,2016-09-16,10.88,False
16,2016-09-17,2.72,False
17,2016-09-18,2.21,False
18,2016-09-19,7.48,False
19,2016-09-20,10.030000000000001,False
20,2016-09-21,7.140000000000001,False
21,2016-09-22,11.05,False
22,2016-09-23,9.01,False
23,2016-09-24,3.74,False
24,2016-09-25,2.72,False
25,2016-09-26,6.630000000000001,False
26,2016-09-27,7.82,False
27,2016-09-28,5.61,False
28,2016-09-29,6.460000000000001,False
29,2016-09-30,6.800000000000001,False
0,2016-10-01,1.44,False
1,2016-10-02,0.36,False
2,2016-10-03,9.18,False
3,2016-10-04,8.28,False
4,2016-10-05,5.22,False
5,2016-10-06,4.68,False
6,2016-10-07,5.3999999999999995,False
7,2016-10-08,2.52,False
8,2016-10-09,1.08,False
9,2016-10-10,7.199999999999999,False
10,2016-10-11,5.22,False
11,2016-10-12,5.9399999999999995,False
12,2016-10-13,4.859999999999999,False
13,2016-10-14,7.02,False
14,2016-10-15,1.7999999999999998,False
15,2016-10-16,1.44,False
16,2016-10-17,5.76,False
17,2016-10-18,8.1,False
18,2016-10-19,6.3,False
19,2016-10-20,13.68,False
20,2016-10-21,7.56,False
21,2016-10-22,1.08,False
22,2016-10-23,1.08,False
23,2016-10-24,8.28,False
24,2016-10-25,8.1,False
25,2016-10-26,18.0,False
26,2016-10-27,17.82,False
27,2016-10-28,9.36,False
28,2016-10-29,4.68,False
29,2016-10-30,1.44,False
30,2016-10-31,8.82,False
0,2016-11-01,12.8,False
1,2016-11-02,13.600000000000001,False
2,2016-11-03,10.0,False
3,2016-11-04,9.600000000000001,False
4,2016-11-05,2.8000000000000003,False
5,2016-11-06,1.0,False
6,2016-11-07,9.8,False
7,2016-11-08,11.0,False
8,2016-11-09,20.0,False
9,2016-11-10,17.400000000000002,False
10,2016-11-11,9.4,False
11,2016-11-12,2.2,False
12,2016-11-13,2.0,False
13,2016-11-14,8.200000000000001,False
14,2016-11-15,9.4,False
15,2016-11-16,8.8,False
16,2016-11-17,13.8,False
17,2016-11-18,12.0,False
18,2016-11-19,4.800000000000001,False
19,2016-11-20,4.2,False
20,2016-11-21,11.600000000000001,False
21,2016-11-22,14.0,False
22,2016-11-23,10.600000000000001,False
23,2016-11-24,2.8000000000000003,False
24,2016-11-25,6.800000000000001,False
25,2016-11-26,3.2,False
26,2016-11-27,1.6,False
27,2016-11-28,8.4,False
28,2016-11-29,9.8,False
29,2016-11-30,9.0,False
0,2016-12-01,16.32,False
1,2016-12-02,13.940000000000001,False
2,2016-12-03,3.2300000000000004,False
3,2016-12-04,0.51,False
4,2016-12-05,12.24,False
5,2016-12-06,15.3,False
6,2016-12-07,14.280000000000001,False
7,2016-12-08,15.98,False
8,2016-12-09,9.860000000000001,False
9,2016-12-10,3.2300000000000004,False
10,2016-12-11,1.02,False
11,2016-12-12,11.56,False
12,2016-12-13,14.96,False
13,2016-12-14,17.0,False
14,2016-12-15,13.090000000000002,False
15,2016-12-16,12.750000000000002,False
16,2016-12-17,3.91,False
17,2016-12-18,2.21,False
18,2016-12-19,10.370000000000001,False
19,2016-12-20,14.620000000000001,False
20,2016-12-21,11.73,False
21,2016-12-22,12.41,False
22,2016-12-23,13.770000000000001,False
23,2016-12-24,4.25,False
24,2016-12-25,0.68,False
25,2016-12-26,4.25,False
26,2016-12-27,12.24,False
27,2016-12-28,12.24,False
28,2016-12-29,14.96,False
29,2016-12-30,10.200000000000001,False
30,2016-12-31,2.3800000000000003,False
0,2017-01-01,1.98,False
1,2017-01-02,2.42,False
2,2017-01-03,10.34,False
3,2017-01-04,19.36,False
4,2017-01-05,13.42,False
5,2017-01-06,11.22,False
6,2017-01-07,3.08,False
7,2017-01-08,1.54,False
8,2017-01-09,10.12,False
9,2017-01-10,11.0,False
10,2017-01-11,9.46,False
11,2017-01-12,9.9,False
12,2017-01-13,11.88,False
13,2017-01-14,3.52,False
14,2017-01-15,2.2,False
15,2017-01-16,4.4,False
16,2017-01-17,15.62,False
17,2017-01-18,13.42,False
18,2017-01-19,22.0,False
19,2017-01-20,16.72,False
20,2017-01-21,2.64,False
21,2017-01-22,1.98,False
22,2017-01-23,14.74,False
23,2017-01-24,13.42,False
24,2017-01-25,17.82,False
25,2017-01-26,13.42,False
26,2017-01-27,17.16,False
27,2017-01-28,5.28,False
28,2017-01-29,2.2,False
29,2017-01-30,8.58,False
30,2017-01-31,13.42,False
0,2017-02-01,12.21,False
1,2017-02-02,7.92,False
2,2017-02-03,11.55,False
3,2017-02-04,2.97,False
4,2017-02-05,2.64,False
5,2017-02-06,12.540000000000001,False
6,2017-02-07,14.520000000000001,False
7,2017-02-08,12.21,False
8,2017-02-09,18.48,False
9,2017-02-10,19.470000000000002,False
10,2017-02-11,3.96,False
11,2017-02-12,1.98,False
12,2017-02-13,19.470000000000002,False
13,2017-02-14,17.16,False
14,2017-02-15,19.470000000000002,False
15,2017-02-16,19.8,False
16,2017-02-17,16.5,False
17,2017-02-18,3.96,False
18,2017-02-19,1.98,False
19,2017-02-20,5.94,False
20,2017-02-21,15.510000000000002,False
21,2017-02-22,32.01,False
22,2017-02-23,33.0,False
23,2017-02-24,23.76,False
24,2017-02-25,4.95,False
25,2017-02-26,2.31,False
26,2017-02-27,27.39,False
27,2017-02-28,20.130000000000003,False
0,2017-03-01,19.68,False
1,2017-03-02,24.0,False
2,2017-03-03,15.84,False
3,2017-03-04,3.5999999999999996,False
4,2017-03-05,2.6399999999999997,False
5,2017-03-06,12.24,False
6,2017-03-07,12.719999999999999,False
7,2017-03-08,12.48,False
8,2017-03-09,12.0,False
9,2017-03-10,15.36,False
10,2017-03-11,1.92,False
11,2017-03-12,1.68,False
12,2017-03-13,10.32,False
13,2017-03-14,10.799999999999999,False
14,2017-03-15,18.0,False
15,2017-03-16,15.84,False
16,2017-03-17,12.48,False
17,2017-03-18,1.44,False
18,2017-03-19,5.279999999999999,False
19,2017-03-20,7.68,False
20,2017-03-21,15.36,False
21,2017-03-22,12.959999999999999,False
22,2017-03-23,12.0,False
23,2017-03-24,16.32,False
24,2017-03-25,4.08,False
25,2017-03-26,1.92,False
26,2017-03-27,18.72,False
27,2017-03-28,22.56,False
28,2017-03-29,21.84,False
29,2017-03-30,16.8,False
30,2017-03-31,18.48,False
0,2017-04-01,2.0999999999999996,False
1,2017-04-02,4.8999999999999995,False
2,2017-04-03,33.599999999999994,False
3,2017-04-04,35.0,False
4,2017-04-05,24.5,False
5,2017-04-06,21.0,False
6,2017-04-07,17.849999999999998,False
7,2017-04-08,4.199999999999999,False
8,2017-04-09,3.15,False
9,2017-04-10,26.599999999999998,False
10,2017-04-11,25.2,False
11,2017-04-12,18.9,False
12,2017-04-13,23.799999999999997,False
13,2017-04-14,10.5,False
14,2017-04-15,4.8999999999999995,False
15,2017-04-16,2.4499999999999997,False
16,2017-04-17,14.35,False
17,2017-04-18,16.45,False
18,2017-04-19,14.7,False
19,2017-04-20,16.099999999999998,False
20,2017-04-21,15.399999999999999,False
21,2017-04-22,3.5,False
22,2017-04-23,2.0999999999999996,False
23,2017-04-24,16.45,False
24,2017-04-25,15.749999999999998,False
25,2017-04-26,12.25,False
26,2017-04-27,16.099999999999998,False
27,2017-04-28,14.35,False
28,2017-04-29,4.55,False
29,2017-04-30,1.75,False
0,2017-05-01,21.09,False
1,2017-05-02,21.46,False
2,2017-05-03,36.63,False
3,2017-05-04,37.0,False
4,2017-05-05,24.05,False
5,2017-05-06,4.81,False
6,2017-05-07,3.7,False
7,2017-05-08,18.87,False
8,2017-05-09,18.87,False
9,2017-05-10,21.09,False
10,2017-05-11,19.61,False
11,2017-05-12,15.54,False
12,2017-05-13,2.96,False
13,2017-05-14,4.07,False
14,2017-05-15,14.43,False
15,2017-05-16,19.98,False
16,2017-05-17,18.13,False
17,2017-05-18,15.17,False
18,2017-05-19,15.54,False
19,2017-05-20,4.4399999999999995,False
20,2017-05-21,1.85,False
21,2017-05-22,15.91,False
22,2017-05-23,8.14,False
23,2017-05-24,12.58,False
24,2017-05-25,11.47,False
25,2017-05-26,18.13,False
26,2017-05-27,3.33,False
27,2017-05-28,3.7,False
28,2017-05-29,3.7,False
29,2017-05-30,16.65,False
30,2017-05-31,15.17,False
0,2017-06-01,29.7,False
1,2017-06-02,31.5,False
2,2017-06-03,7.2,False
3,2017-06-04,2.7,False
4,2017-06-05,32.4,False
5,2017-06-06,35.1,False
6,2017-06-07,39.15,False
7,2017-06-08,40.95,False
8,2017-06-09,44.1,False
9,2017-06-10,11.25,False
10,2017-06-11,6.75,False
11,2017-06-12,40.95,False
12,2017-06-13,40.050000000000004,False
13,2017-06-14,36.9,False
14,2017-06-15,35.1,False
15,2017-06-16,32.85,False
16,2017-06-17,7.65,False
17,2017-06-18,1.35,False
18,2017-06-19,37.35,False
19,2017-06-20,45.0,False
20,2017-06-21,22.05,False
21,2017-06-22,38.7,False
22,2017-06-23,36.0,False
23,2017-06-24,7.2,False
24,2017-06-25,4.05,False
25,2017-06-26,28.35,False
26,2017-06-27,30.150000000000002,False
27,2017-06-28,27.45,False
28,2017-06-29,29.25,False
29,2017-06-30,28.35,False
0,2017-07-01,4.2299999999999995,False
1,2017-07-02,2.82,False
2,2017-07-03,29.61,False
3,2017-07-04,11.75,False
4,2017-07-05,29.61,False
5,2017-07-06,47.0,False
6,2017-07-07,38.07,False
7,2017-07-08,8.459999999999999,False
8,2017-07-09,4.2299999999999995,False
9,2017-07-10,28.2,False
10,2017-07-11,26.32,False
11,2017-07-12,28.2,False
12,2017-07-13,22.56,False
13,2017-07-14,15.979999999999999,False
14,2017-07-15,6.58,False
15,2017-07-16,3.29,False
16,2017-07-17,23.029999999999998,False
17,2017-07-18,23.5,False
18,2017-07-19,20.209999999999997,False
19,2017-07-20,20.68,False
20,2017-07-21,15.979999999999999,False
21,2017-07-22,6.109999999999999,False
22,2017-07-23,3.76,False
23,2017-07-24,20.68,False
24,2017-07-25,16.919999999999998,False
25,2017-07-26,22.56,False
26,2017-07-27,23.5,False
27,2017-07-28,16.919999999999998,False
28,2017-07-29,8.93,False
29,2017-07-30,7.05,False
30,2017-07-31,22.56,False
0,2017-08-01,17.48,False
1,2017-08-02,38.0,False
2,2017-08-03,36.86,False
3,2017-08-04,19.38,False
4,2017-08-05,4.18,False
5,2017-08-06,4.94,False
6,2017-08-07,19.76,False
7,2017-08-08,16.72,False
8,2017-08-09,16.72,False
9,2017-08-10,15.2,False
10,2017-08-11,16.72,False
11,2017-08-12,5.32,False
12,2017-08-13,2.66,False
13,2017-08-14,11.4,False
14,2017-08-15,12.92,False
15,2017-08-16,12.16,False
16,2017-08-17,12.540000000000001,False
17,2017-08-18,12.540000000000001,False
18,2017-08-19,4.18,False
19,2017-08-20,1.9,False
20,2017-08-21,10.26,False
21,2017-08-22,13.3,False
22,2017-08-23,11.4,False
23,2017-08-24,14.44,False
24,2017-08-25,10.26,False
25,2017-08-26,4.18,False
26,2017-08-27,1.52,False
27,2017-08-28,9.88,False
28,2017-08-29,9.120000000000001,False
29,2017-08-30,9.88,False
30,2017-08-31,10.26,False
0,2017-09-01,20.25,False
1,2017-09-02,2.7,False
2,2017-09-03,4.32,False
3,2017-09-04,4.050000000000001,False
4,2017-09-05,15.120000000000001,False
5,2017-09-06,16.740000000000002,False
6,2017-09-07,16.740000000000002,False
7,2017-09-08,18.09,False
8,2017-09-09,3.5100000000000002,False
9,2017-09-10,1.8900000000000001,False
10,2017-09-11,18.900000000000002,False
11,2017-09-12,23.490000000000002,False
12,2017-09-13,22.14,False
13,2017-09-14,24.57,False
14,2017-09-15,27.0,False
15,2017-09-16,6.75,False
16,2017-09-17,4.59,False
17,2017-09-18,25.380000000000003,False
18,2017-09-19,24.3,False
19,2017-09-20,22.41,False
20,2017-09-21,19.71,False
21,2017-09-22,23.220000000000002,False
22,2017-09-23,6.48,False
23,2017-09-24,4.32,False
24,2017-09-25,20.790000000000003,False
25,2017-09-26,24.03,False
26,2017-09-27,20.790000000000003,False
27,2017-09-28,22.950000000000003,False
28,2017-09-29,23.220000000000002,False
29,2017-09-30,4.32,False
0,2017-10-01,3.7699999999999996,False
1,2017-10-02,18.849999999999998,False
2,2017-10-03,23.779999999999998,False
3,2017-10-04,21.169999999999998,False
4,2017-10-05,19.43,False
5,2017-10-06,15.079999999999998,False
6,2017-10-07,3.7699999999999996,False
7,2017-10-08,4.06,False
8,2017-10-09,17.11,False
9,2017-10-10,21.459999999999997,False
10,2017-10-11,17.98,False
11,2017-10-12,13.34,False
12,2017-10-13,20.009999999999998,False
13,2017-10-14,6.38,False
14,2017-10-15,1.45,False
15,2017-10-16,15.079999999999998,False
16,2017-10-17,15.37,False
17,2017-10-18,17.4,False
18,2017-10-19,14.209999999999999,False
19,2017-10-20,13.34,False
20,2017-10-21,3.7699999999999996,False
21,2017-10-22,2.61,False
22,2017-10-23,12.18,False
23,2017-10-24,11.309999999999999,False
24,2017-10-25,17.4,False
25,2017-10-26,16.82,False
26,2017-10-27,28.999999999999996,False
27,2017-10-28,8.12,False
28,2017-10-29,2.61,False
29,2017-10-30,15.95,False
30,2017-10-31,20.59,False
0,2017-11-01,32.4,False
1,2017-11-02,40.0,False
2,2017-11-03,24.8,False
3,2017-11-04,5.6000000000000005,False
4,2017-11-05,2.8000000000000003,False
5,2017-11-06,13.200000000000001,False
6,2017-11-07,14.4,False
7,2017-11-08,13.200000000000001,False
8,2017-11-09,11.200000000000001,False
9,2017-11-10,10.0,False
10,2017-11-11,4.800000000000001,False
11,2017-11-12,2.0,False
12,2017-11-13,14.0,False
13,2017-11-14,13.200000000000001,False
14,2017-11-15,12.8,False
15,2017-11-16,13.600000000000001,False
16,2017-11-17,29.6,False
17,2017-11-18,4.800000000000001,False
18,2017-11-19,2.8000000000000003,False
19,2017-11-20,12.8,False
20,2017-11-21,13.200000000000001,False
21,2017-11-22,12.0,False
22,2017-11-23,3.2,False
23,2017-11-24,6.800000000000001,False
24,2017-11-25,2.8000000000000003,False
25,2017-11-26,1.2000000000000002,False
26,2017-11-27,12.8,False
27,2017-11-28,11.200000000000001,False
28,2017-11-29,12.8,False
29,2017-11-30,8.8,False
0,2017-12-01,18.98,False
1,2017-12-02,3.64,False
2,2017-12-03,2.08,False
3,2017-12-04,17.94,False
4,2017-12-05,17.42,False
5,2017-12-06,16.38,False
6,2017-12-07,15.860000000000001,False
7,2017-12-08,19.240000000000002,False
8,2017-12-09,3.64,False
9,2017-12-10,2.08,False
10,2017-12-11,15.860000000000001,False
11,2017-12-12,26.0,False
12,2017-12-13,23.14,False
13,2017-12-14,19.240000000000002,False
14,2017-12-15,18.72,False
15,2017-12-16,4.68,False
16,2017-12-17,1.56,False
17,2017-12-18,15.860000000000001,False
18,2017-12-19,18.46,False
19,2017-12-20,18.46,False
20,2017-12-21,16.38,False
21,2017-12-22,12.48,False
22,2017-12-23,6.76,False
23,2017-12-24,2.34,False
24,2017-12-25,3.9000000000000004,False
25,2017-12-26,11.96,False
26,2017-12-27,18.98,False
27,2017-12-28,16.64,False
28,2017-12-29,17.68,False
29,2017-12-30,4.94,False
30,2017-12-31,2.8600000000000003,False
0,2018-01-01,3.19,False
1,2018-01-02,13.049999999999999,False
2,2018-01-03,21.459999999999997,False
3,2018-01-04,28.999999999999996,False
4,2018-01-05,20.88,False
5,2018-01-06,4.06,False
6,2018-01-07,1.7399999999999998,False
7,2018-01-08,20.59,False
8,2018-01-09,19.43,False
9,2018-01-10,17.689999999999998,False
10,2018-01-11,18.56,False
11,2018-01-12,17.11,False
12,2018-01-13,3.7699999999999996,False
13,2018-01-14,2.32,False
14,2018-01-15,4.64,False
15,2018-01-16,13.629999999999999,False
16,2018-01-17,12.469999999999999,False
17,2018-01-18,17.11,False
18,2018-01-19,14.209999999999999,False
19,2018-01-20,3.4799999999999995,False
20,2018-01-21,4.06,False
21,2018-01-22,15.37,False
22,2018-01-23,19.139999999999997,False
23,2018-01-24,15.659999999999998,False
24,2018-01-25,18.849999999999998,False
25,2018-01-26,14.499999999999998,False
26,2018-01-27,3.19,False
27,2018-01-28,3.7699999999999996,False
28,2018-01-29,13.34,False
29,2018-01-30,14.209999999999999,False
30,2018-01-31,17.4,False
0,2018-02-01,9.9,False
1,2018-02-02,13.799999999999999,False
2,2018-02-03,4.2,False
3,2018-02-04,2.6999999999999997,False
4,2018-02-05,12.9,False
5,2018-02-06,21.599999999999998,False
6,2018-02-07,30.0,False
7,2018-02-08,28.799999999999997,False
8,2018-02-09,21.0,False
9,2018-02-10,4.8,False
10,2018-02-11,3.0,False
11,2018-02-12,14.7,False
12,2018-02-13,14.399999999999999,False
13,2018-02-14,13.2,False
14,2018-02-15,12.6,False
15,2018-02-16,12.0,False
16,2018-02-17,4.2,False
17,2018-02-18,1.5,False
18,2018-02-19,4.5,False
19,2018-02-20,9.9,False
20,2018-02-21,11.4,False
21,2018-02-22,11.4,False
22,2018-02-23,15.899999999999999,False
23,2018-02-24,3.0,False
24,2018-02-25,1.5,False
25,2018-02-26,12.6,False
26,2018-02-27,12.6,False
27,2018-02-28,12.299999999999999,False
0,2018-03-01,5.92,False
1,2018-03-02,5.55,False
2,2018-03-03,1.48,False
3,2018-03-04,1.1099999999999999,False
4,2018-03-05,5.92,False
5,2018-03-06,5.18,False
6,2018-03-07,6.66,False
7,2018-03-08,5.92,False
8,2018-03-09,7.03,False
9,2018-03-10,1.48,False
10,2018-03-11,0.37,False
11,2018-03-12,8.51,False
12,2018-03-13,6.66,False
13,2018-03-14,5.92,False
14,2018-03-15,7.03,False
15,2018-03-16,6.66,False
16,2018-03-17,1.85,False
17,2018-03-18,0.74,False
18,2018-03-19,7.4,False
19,2018-03-20,7.4,False
20,2018-03-21,11.1,False
21,2018-03-22,8.14,False
22,2018-03-23,8.14,False
23,2018-03-24,1.85,False
24,2018-03-25,1.1099999999999999,False
25,2018-03-26,9.99,False
26,2018-03-27,16.65,False
27,2018-03-28,37.0,False
28,2018-03-29,35.15,False
29,2018-03-30,18.87,False
30,2018-03-31,6.29,False
0,2018-04-01,5.1,False
1,2018-04-02,51.0,False
2,2018-04-03,46.92,False
3,2018-04-04,36.21,False
4,2018-04-05,34.68,False
5,2018-04-06,30.6,False
6,2018-04-07,5.61,False
7,2018-04-08,1.53,False
8,2018-04-09,18.36,False
9,2018-04-10,20.4,False
10,2018-04-11,23.97,False
11,2018-04-12,20.91,False
12,2018-04-13,18.36,False
13,2018-04-14,5.1,False
14,2018-04-15,2.55,False
15,2018-04-16,12.24,False
16,2018-04-17,20.4,False
17,2018-04-18,16.830000000000002,False
18,2018-04-19,13.77,False
19,2018-04-20,12.75,False
20,2018-04-21,5.61,False
21,2018-04-22,3.5700000000000003,False
22,2018-04-23,12.75,False
23,2018-04-24,13.26,False
24,2018-04-25,12.75,False
25,2018-04-26,14.790000000000001,False
26,2018-04-27,13.77,False
27,2018-04-28,3.5700000000000003,False
28,2018-04-29,1.02,False
29,2018-04-30,12.24,False
0,2018-05-01,12.42,False
1,2018-05-02,31.740000000000002,False
2,2018-05-03,46.0,False
3,2018-05-04,23.46,False
4,2018-05-05,4.140000000000001,False
5,2018-05-06,3.22,False
6,2018-05-07,17.48,False
7,2018-05-08,14.72,False
8,2018-05-09,11.96,False
9,2018-05-10,14.26,False
10,2018-05-11,10.58,False
11,2018-05-12,3.22,False
12,2018-05-13,1.3800000000000001,False
13,2018-05-14,10.58,False
14,2018-05-15,17.02,False
15,2018-05-16,12.88,False
16,2018-05-17,11.040000000000001,False
17,2018-05-18,12.88,False
18,2018-05-19,2.7600000000000002,False
19,2018-05-20,2.3000000000000003,False
20,2018-05-21,13.34,False
21,2018-05-22,15.64,False
22,2018-05-23,15.180000000000001,False
23,2018-05-24,11.96,False
24,2018-05-25,11.96,False
25,2018-05-26,2.7600000000000002,False
26,2018-05-27,0.46,False
27,2018-05-28,2.3000000000000003,False
28,2018-05-29,9.200000000000001,False
29,2018-05-30,12.88,False
30,2018-05-31,9.200000000000001,False
0,2018-06-01,18.48,False
1,2018-06-02,3.96,False
2,2018-06-03,3.52,False
3,2018-06-04,16.28,False
4,2018-06-05,25.96,False
5,2018-06-06,44.0,False
6,2018-06-07,40.92,False
7,2018-06-08,27.72,False
8,2018-06-09,6.6,False
9,2018-06-10,2.2,False
10,2018-06-11,28.6,False
11,2018-06-12,41.8,False
12,2018-06-13,32.12,False
13,2018-06-14,30.8,False
14,2018-06-15,22.44,False
15,2018-06-16,3.96,False
16,2018-06-17,4.4,False
17,2018-06-18,36.96,False
18,2018-06-19,40.04,False
19,2018-06-20,32.56,False
20,2018-06-21,29.48,False
21,2018-06-22,29.48,False
22,2018-06-23,6.6,False
23,2018-06-24,5.72,False
24,2018-06-25,22.88,False
25,2018-06-26,22.88,False
26,2018-06-27,25.52,False
27,2018-06-28,29.92,False
28,2018-06-29,23.76,False
29,2018-06-30,4.84,False
0,2018-07-01,4.6000000000000005,False
1,2018-07-02,46.0,False
2,2018-07-03,45.080000000000005,False
3,2018-07-04,5.5200000000000005,False
4,2018-07-05,31.740000000000002,False
5,2018-07-06,32.2,False
6,2018-07-07,11.040000000000001,False
7,2018-07-08,5.5200000000000005,False
8,2018-07-09,31.740000000000002,False
9,2018-07-10,23.0,False
10,2018-07-11,18.86,False
11,2018-07-12,24.380000000000003,False
12,2018-07-13,22.080000000000002,False
13,2018-07-14,5.98,False
14,2018-07-15,2.7600000000000002,False
15,2018-07-16,29.44,False
16,2018-07-17,31.28,False
17,2018-07-18,26.68,False
18,2018-07-19,30.360000000000003,False
19,2018-07-20,22.080000000000002,False
20,2018-07-21,4.6000000000000005,False
21,2018-07-22,10.120000000000001,False
22,2018-07-23,42.78,False
23,2018-07-24,36.34,False
24,2018-07-25,36.34,False
25,2018-07-26,39.56,False
26,2018-07-27,28.52,False
27,2018-07-28,7.82,False
28,2018-07-29,4.6000000000000005,False
29,2018-07-30,38.18,False
30,2018-07-31,30.82,False
0,2018-08-01,85.0,False
1,2018-08-02,96.0,False
2,2018-08-03,55.0,False
3,2018-08-04,12.0,False
4,2018-08-05,6.0,False
5,2018-08-06,31.0,False
6,2018-08-07,100.0,False
7,2018-08-08,89.0,False
8,2018-08-09,67.0,False
9,2018-08-10,53.0,False
10,2018-08-11,12.0,False
11,2018-08-12,8.0,False
12,2018-08-13,53.0,False
13,2018-08-14,43.0,False
14,2018-08-15,49.0,False
15,2018-08-16,41.0,False
16,2018-08-17,64.0,False
17,2018-08-18,22.0,False
18,2018-08-19,11.0,False
19,2018-08-20,70.0,False
20,2018-08-21,52.0,False
21,2018-08-22,44.0,False
22,2018-08-23,33.0,False
23,2018-08-24,31.0,False
24,2018-08-25,19.0,False
25,2018-08-26,9.0,False
26,2018-08-27,50.0,False
27,2018-08-28,38.0,False
28,2018-08-29,37.0,False
29,2018-08-30,32.0,False
30,2018-08-31,31.0,False
0,2018-09-01,3.95,False
1,2018-09-02,2.37,False
2,2018-09-03,3.95,False
3,2018-09-04,15.8,False
4,2018-09-05,23.700000000000003,False
5,2018-09-06,22.12,False
6,2018-09-07,51.35,False
7,2018-09-08,15.010000000000002,False
8,2018-09-09,8.690000000000001,False
9,2018-09-10,35.550000000000004,False
10,2018-09-11,26.86,False
11,2018-09-12,26.07,False
12,2018-09-13,24.490000000000002,False
13,2018-09-14,19.75,False
14,2018-09-15,3.95,False
15,2018-09-16,3.16,False
16,2018-09-17,15.8,False
17,2018-09-18,30.020000000000003,False
18,2018-09-19,22.12,False
19,2018-09-20,19.75,False
20,2018-09-21,17.380000000000003,False
21,2018-09-22,3.95,False
22,2018-09-23,3.16,False
23,2018-09-24,12.64,False
24,2018-09-25,14.22,False
25,2018-09-26,16.59,False
26,2018-09-27,33.97,False
27,2018-09-28,79.0,False
28,2018-09-29,19.75,False
29,2018-09-30,15.010000000000002,False
0,2018-10-01,96.0,False
1,2018-10-02,61.44,False
2,2018-10-03,39.36,False
3,2018-10-04,45.12,False
4,2018-10-05,52.8,False
5,2018-10-06,10.559999999999999,False
6,2018-10-07,6.72,False
7,2018-10-08,47.04,False
8,2018-10-09,46.08,False
9,2018-10-10,48.96,False
10,2018-10-11,48.0,False
11,2018-10-12,39.36,False
12,2018-10-13,8.64,False
13,2018-10-14,4.8,False
14,2018-10-15,30.72,False
15,2018-10-16,37.44,False
16,2018-10-17,37.44,False
17,2018-10-18,30.72,False
18,2018-10-19,32.64,False
19,2018-10-20,6.72,False
20,2018-10-21,3.84,False
21,2018-10-22,26.88,False
22,2018-10-23,48.96,False
23,2018-10-24,78.72,False
24,2018-10-25,80.64,False
25,2018-10-26,51.839999999999996,False
26,2018-10-27,12.48,False
27,2018-10-28,4.8,False
28,2018-10-29,40.32,False
29,2018-10-30,39.36,False
30,2018-10-31,30.72,False
0,2018-11-01,36.9,False
1,2018-11-02,41.0,False
2,2018-11-03,5.739999999999999,False
3,2018-11-04,4.1,False
4,2018-11-05,33.21,False
5,2018-11-06,27.88,False
6,2018-11-07,33.21,False
7,2018-11-08,40.18,False
8,2018-11-09,35.669999999999995,False
9,2018-11-10,11.069999999999999,False
10,2018-11-11,3.28,False
11,2018-11-12,28.29,False
12,2018-11-13,27.47,False
13,2018-11-14,27.06,False
14,2018-11-15,32.39,False
15,2018-11-16,22.139999999999997,False
16,2018-11-17,6.1499999999999995,False
17,2018-11-18,3.28,False
18,2018-11-19,29.93,False
19,2018-11-20,33.62,False
20,2018-11-21,21.32,False
21,2018-11-22,8.2,False
22,2018-11-23,18.45,False
23,2018-11-24,6.1499999999999995,False
24,2018-11-25,5.33,False
25,2018-11-26,31.569999999999997,False
26,2018-11-27,37.72,False
27,2018-11-28,28.29,False
28,2018-11-29,22.959999999999997,False
29,2018-11-30,29.52,False
0,2018-12-01,5.46,False
1,2018-12-02,3.12,False
2,2018-12-03,39.0,False
3,2018-12-04,30.810000000000002,False
4,2018-12-05,16.77,False
5,2018-12-06,24.18,False
6,2018-12-07,26.130000000000003,False
7,2018-12-08,5.46,False
8,2018-12-09,3.12,False
9,2018-12-10,29.25,False
10,2018-12-11,26.91,False
11,2018-12-12,30.03,False
12,2018-12-13,25.35,False
13,2018-12-14,28.080000000000002,False
14,2018-12-15,7.41,False
15,2018-12-16,4.29,False
16,2018-12-17,19.11,False
17,2018-12-18,25.35,False
18,2018-12-19,25.35,False
19,2018-12-20,28.080000000000002,False
20,2018-12-21,23.400000000000002,False
21,2018-12-22,6.24,False
22,2018-12-23,3.12,False
23,2018-12-24,29.64,False
24,2018-12-25,10.92,False
25,2018-12-26,28.470000000000002,False
26,2018-12-27,30.810000000000002,False
27,2018-12-28,26.130000000000003,False
28,2018-12-29,7.41,False
29,2018-12-30,3.9000000000000004,False
30,2018-12-31,19.11,False
0,2019-01-01,7.68,False
1,2019-01-02,26.88,False
2,2019-01-03,27.36,False
3,2019-01-04,24.96,False
4,2019-01-05,5.279999999999999,False
5,2019-01-06,2.88,False
6,2019-01-07,18.24,False
7,2019-01-08,18.72,False
8,2019-01-09,18.72,False
9,2019-01-10,15.84,False
10,2019-01-11,15.36,False
11,2019-01-12,3.84,False
12,2019-01-13,2.4,False
13,2019-01-14,12.48,False
14,2019-01-15,12.0,False
15,2019-01-16,16.32,False
16,2019-01-17,14.399999999999999,False
17,2019-01-18,36.0,False
18,2019-01-19,10.08,False
19,2019-01-20,4.8,False
20,2019-01-21,10.08,False
21,2019-01-22,23.52,False
22,2019-01-23,31.2,False
23,2019-01-24,27.84,False
24,2019-01-25,23.04,False
25,2019-01-26,6.24,False
26,2019-01-27,3.36,False
27,2019-01-28,19.68,False
28,2019-01-29,21.599999999999998,False
29,2019-01-30,41.28,False
30,2019-01-31,48.0,False
0,2019-02-01,19.89,False
1,2019-02-02,6.63,False
2,2019-02-03,1.17,False
3,2019-02-04,21.84,False
4,2019-02-05,20.28,False
5,2019-02-06,17.16,False
6,2019-02-07,17.94,False
7,2019-02-08,18.72,False
8,2019-02-09,5.07,False
9,2019-02-10,2.34,False
10,2019-02-11,19.5,False
11,2019-02-12,16.38,False
12,2019-02-13,17.55,False
13,2019-02-14,17.94,False
14,2019-02-15,17.16,False
15,2019-02-16,3.9000000000000004,False
16,2019-02-17,1.9500000000000002,False
17,2019-02-18,5.07,False
18,2019-02-19,16.77,False
19,2019-02-20,19.5,False
20,2019-02-21,22.62,False
21,2019-02-22,24.18,False
22,2019-02-23,5.07,False
23,2019-02-24,3.12,False
24,2019-02-25,18.330000000000002,False
25,2019-02-26,32.370000000000005,False
26,2019-02-27,27.69,False
27,2019-02-28,39.0,False
0,2019-03-01,56.99999999999999,False
1,2019-03-02,13.11,False
2,2019-03-03,6.27,False
3,2019-03-04,37.62,False
4,2019-03-05,49.019999999999996,False
5,2019-03-06,31.349999999999998,False
6,2019-03-07,33.059999999999995,False
7,2019-03-08,27.929999999999996,False
8,2019-03-09,9.69,False
9,2019-03-10,6.27,False
10,2019-03-11,27.36,False
11,2019-03-12,27.929999999999996,False
12,2019-03-13,29.069999999999997,False
13,2019-03-14,32.489999999999995,False
14,2019-03-15,41.61,False
15,2019-03-16,7.409999999999999,False
16,2019-03-17,5.699999999999999,False
