,date,TWTR stock,isPartial
0,2013-01-01,0.0,False
1,2013-01-02,0.0,False
2,2013-01-03,0.0,False
3,2013-01-04,0.0,False
4,2013-01-05,0.0,False
5,2013-01-06,0.0,False
6,2013-01-07,0.0,False
7,2013-01-08,0.0,False
8,2013-01-09,0.0,False
9,2013-01-10,0.0,False
10,2013-01-11,0.0,False
11,2013-01-12,0.0,False
12,2013-01-13,0.0,False
13,2013-01-14,0.0,False
14,2013-01-15,0.0,False
15,2013-01-16,0.0,False
16,2013-01-17,0.0,False
17,2013-01-18,0.0,False
18,2013-01-19,0.0,False
19,2013-01-20,0.0,False
20,2013-01-21,0.0,False
21,2013-01-22,0.0,False
22,2013-01-23,0.0,False
23,2013-01-24,0.0,False
24,2013-01-25,0.0,False
25,2013-01-26,0.0,False
26,2013-01-27,0.0,False
27,2013-01-28,0.0,False
28,2013-01-29,0.0,False
29,2013-01-30,0.0,False
30,2013-01-31,0.0,False
0,2013-04-01,0.0,False
1,2013-04-02,0.0,False
2,2013-04-03,0.0,False
3,2013-04-04,0.0,False
4,2013-04-05,0.0,False
5,2013-04-06,0.0,False
6,2013-04-07,0.0,False
7,2013-04-08,0.0,False
8,2013-04-09,0.0,False
9,2013-04-10,0.0,False
10,2013-04-11,0.0,False
11,2013-04-12,0.0,False
12,2013-04-13,0.0,False
13,2013-04-14,0.0,False
14,2013-04-15,0.0,False
15,2013-04-16,0.0,False
16,2013-04-17,0.0,False
17,2013-04-18,0.0,False
18,2013-04-19,0.0,False
19,2013-04-20,0.0,False
20,2013-04-21,0.0,False
21,2013-04-22,0.0,False
22,2013-04-23,0.0,False
23,2013-04-24,0.0,False
24,2013-04-25,0.0,False
25,2013-04-26,0.0,False
26,2013-04-27,0.0,False
27,2013-04-28,0.0,False
28,2013-04-29,0.0,False
29,2013-04-30,0.0,False
0,2013-10-01,0.0,False
1,2013-10-02,0.0,False
2,2013-10-03,0.0,False
3,2013-10-04,0.0,False
4,2013-10-05,0.0,False
5,2013-10-06,0.0,False
6,2013-10-07,0.0,False
7,2013-10-08,0.0,False
8,2013-10-09,0.0,False
9,2013-10-10,0.0,False
10,2013-10-11,0.0,False
11,2013-10-12,0.0,False
12,2013-10-13,0.0,False
13,2013-10-14,0.0,False
14,2013-10-15,0.0,False
15,2013-10-16,0.0,False
16,2013-10-17,0.0,False
17,2013-10-18,0.0,False
18,2013-10-19,0.0,False
19,2013-10-20,0.0,False
20,2013-10-21,0.0,False
21,2013-10-22,0.0,False
22,2013-10-23,0.0,False
23,2013-10-24,0.0,False
24,2013-10-25,0.0,False
25,2013-10-26,0.0,False
26,2013-10-27,0.0,False
27,2013-10-28,0.0,False
28,2013-10-29,0.0,False
29,2013-10-30,0.0,False
30,2013-10-31,0.0,False
0,2013-11-01,0.0,False
1,2013-11-02,0.0,False
2,2013-11-03,0.0,False
3,2013-11-04,0.0,False
4,2013-11-05,0.0,False
5,2013-11-06,0.0,False
6,2013-11-07,0.0,False
7,2013-11-08,0.0,False
8,2013-11-09,0.0,False
9,2013-11-10,0.0,False
10,2013-11-11,0.0,False
11,2013-11-12,0.0,False
12,2013-11-13,0.0,False
13,2013-11-14,0.0,False
14,2013-11-15,0.0,False
15,2013-11-16,0.0,False
16,2013-11-17,0.0,False
17,2013-11-18,0.0,False
18,2013-11-19,0.0,False
19,2013-11-20,0.0,False
20,2013-11-21,0.0,False
21,2013-11-22,0.0,False
22,2013-11-23,0.0,False
23,2013-11-24,0.0,False
24,2013-11-25,0.0,False
25,2013-11-26,0.0,False
26,2013-11-27,0.0,False
27,2013-11-28,0.0,False
28,2013-11-29,0.0,False
29,2013-11-30,0.0,False
0,2013-12-01,0.0,False
1,2013-12-02,0.0,False
2,2013-12-03,0.0,False
3,2013-12-04,0.0,False
4,2013-12-05,0.0,False
5,2013-12-06,0.0,False
6,2013-12-07,0.0,False
7,2013-12-08,0.0,False
8,2013-12-09,0.0,False
9,2013-12-10,0.0,False
10,2013-12-11,0.0,False
11,2013-12-12,0.0,False
12,2013-12-13,0.0,False
13,2013-12-14,0.0,False
14,2013-12-15,0.0,False
15,2013-12-16,0.0,False
16,2013-12-17,0.0,False
17,2013-12-18,0.0,False
18,2013-12-19,0.0,False
19,2013-12-20,0.0,False
20,2013-12-21,0.0,False
21,2013-12-22,0.0,False
22,2013-12-23,0.0,False
23,2013-12-24,0.0,False
24,2013-12-25,0.0,False
25,2013-12-26,0.0,False
26,2013-12-27,0.0,False
27,2013-12-28,0.0,False
28,2013-12-29,0.0,False
29,2013-12-30,0.0,False
30,2013-12-31,0.0,False
0,2014-01-01,0.0,False
1,2014-01-02,0.0,False
2,2014-01-03,0.0,False
3,2014-01-04,0.0,False
4,2014-01-05,0.0,False
5,2014-01-06,0.0,False
6,2014-01-07,0.0,False
7,2014-01-08,0.0,False
8,2014-01-09,0.0,False
9,2014-01-10,0.0,False
10,2014-01-11,0.0,False
11,2014-01-12,0.0,False
12,2014-01-13,0.0,False
13,2014-01-14,0.0,False
14,2014-01-15,0.0,False
15,2014-01-16,0.0,False
16,2014-01-17,0.0,False
17,2014-01-18,0.0,False
18,2014-01-19,0.0,False
19,2014-01-20,0.0,False
20,2014-01-21,0.0,False
21,2014-01-22,0.0,False
22,2014-01-23,0.0,False
23,2014-01-24,0.0,False
24,2014-01-25,0.0,False
25,2014-01-26,0.0,False
26,2014-01-27,0.0,False
27,2014-01-28,0.0,False
28,2014-01-29,0.0,False
29,2014-01-30,0.0,False
30,2014-01-31,0.0,False
0,2014-02-01,0.0,False
1,2014-02-02,0.0,False
2,2014-02-03,0.0,False
3,2014-02-04,0.0,False
4,2014-02-05,0.0,False
5,2014-02-06,0.0,False
6,2014-02-07,0.0,False
7,2014-02-08,0.0,False
8,2014-02-09,0.0,False
9,2014-02-10,0.0,False
10,2014-02-11,0.0,False
11,2014-02-12,0.0,False
12,2014-02-13,0.0,False
13,2014-02-14,0.0,False
14,2014-02-15,0.0,False
15,2014-02-16,0.0,False
16,2014-02-17,0.0,False
17,2014-02-18,0.0,False
18,2014-02-19,0.0,False
19,2014-02-20,0.0,False
20,2014-02-21,0.0,False
21,2014-02-22,0.0,False
22,2014-02-23,0.0,False
23,2014-02-24,0.0,False
24,2014-02-25,0.0,False
25,2014-02-26,0.0,False
26,2014-02-27,0.0,False
27,2014-02-28,0.0,False
0,2014-03-01,0.0,False
1,2014-03-02,0.0,False
2,2014-03-03,0.0,False
3,2014-03-04,0.0,False
4,2014-03-05,0.0,False
5,2014-03-06,0.0,False
6,2014-03-07,0.0,False
7,2014-03-08,0.0,False
8,2014-03-09,0.0,False
9,2014-03-10,0.0,False
10,2014-03-11,0.0,False
11,2014-03-12,0.0,False
12,2014-03-13,0.0,False
13,2014-03-14,0.0,False
14,2014-03-15,0.0,False
15,2014-03-16,0.0,False
16,2014-03-17,0.0,False
17,2014-03-18,0.0,False
18,2014-03-19,0.0,False
19,2014-03-20,0.0,False
20,2014-03-21,0.0,False
21,2014-03-22,0.0,False
22,2014-03-23,0.0,False
23,2014-03-24,0.0,False
24,2014-03-25,0.0,False
25,2014-03-26,0.0,False
26,2014-03-27,0.0,False
27,2014-03-28,0.0,False
28,2014-03-29,0.0,False
29,2014-03-30,0.0,False
30,2014-03-31,0.0,False
0,2014-04-01,0.0,False
1,2014-04-02,0.0,False
2,2014-04-03,0.0,False
3,2014-04-04,0.0,False
4,2014-04-05,0.0,False
5,2014-04-06,0.0,False
6,2014-04-07,0.0,False
7,2014-04-08,0.0,False
8,2014-04-09,0.0,False
9,2014-04-10,0.0,False
10,2014-04-11,0.0,False
11,2014-04-12,0.0,False
12,2014-04-13,0.0,False
13,2014-04-14,0.0,False
14,2014-04-15,0.0,False
15,2014-04-16,0.0,False
16,2014-04-17,0.0,False
17,2014-04-18,0.0,False
18,2014-04-19,0.0,False
19,2014-04-20,0.0,False
20,2014-04-21,0.0,False
21,2014-04-22,0.0,False
22,2014-04-23,0.0,False
23,2014-04-24,0.0,False
24,2014-04-25,0.0,False
25,2014-04-26,0.0,False
26,2014-04-27,0.0,False
27,2014-04-28,0.0,False
28,2014-04-29,0.0,False
29,2014-04-30,0.0,False
0,2014-05-01,0.0,False
1,2014-05-02,0.0,False
2,2014-05-03,0.0,False
3,2014-05-04,0.0,False
4,2014-05-05,0.0,False
5,2014-05-06,0.0,False
6,2014-05-07,0.0,False
7,2014-05-08,0.0,False
8,2014-05-09,0.0,False
9,2014-05-10,0.0,False
10,2014-05-11,0.0,False
11,2014-05-12,0.0,False
12,2014-05-13,0.0,False
13,2014-05-14,0.0,False
14,2014-05-15,0.0,False
15,2014-05-16,0.0,False
16,2014-05-17,0.0,False
17,2014-05-18,0.0,False
18,2014-05-19,0.0,False
19,2014-05-20,0.0,False
20,2014-05-21,0.0,False
21,2014-05-22,0.0,False
22,2014-05-23,0.0,False
23,2014-05-24,0.0,False
24,2014-05-25,0.0,False
25,2014-05-26,0.0,False
26,2014-05-27,0.0,False
27,2014-05-28,0.0,False
28,2014-05-29,0.0,False
29,2014-05-30,0.0,False
30,2014-05-31,0.0,False
0,2014-06-01,0.0,False
1,2014-06-02,0.0,False
2,2014-06-03,0.0,False
3,2014-06-04,0.0,False
4,2014-06-05,0.0,False
5,2014-06-06,0.0,False
6,2014-06-07,0.0,False
7,2014-06-08,0.0,False
8,2014-06-09,0.0,False
9,2014-06-10,0.0,False
10,2014-06-11,0.0,False
11,2014-06-12,0.0,False
12,2014-06-13,0.0,False
13,2014-06-14,0.0,False
14,2014-06-15,0.0,False
15,2014-06-16,0.0,False
16,2014-06-17,0.0,False
17,2014-06-18,0.0,False
18,2014-06-19,0.0,False
19,2014-06-20,0.0,False
20,2014-06-21,0.0,False
21,2014-06-22,0.0,False
22,2014-06-23,0.0,False
23,2014-06-24,0.0,False
24,2014-06-25,0.0,False
25,2014-06-26,0.0,False
26,2014-06-27,0.0,False
27,2014-06-28,0.0,False
28,2014-06-29,0.0,False
29,2014-06-30,0.0,False
0,2014-07-01,0.0,False
1,2014-07-02,0.0,False
2,2014-07-03,0.0,False
3,2014-07-04,0.0,False
4,2014-07-05,0.0,False
5,2014-07-06,0.0,False
6,2014-07-07,0.0,False
7,2014-07-08,0.0,False
8,2014-07-09,0.0,False
9,2014-07-10,0.0,False
10,2014-07-11,0.0,False
11,2014-07-12,0.0,False
12,2014-07-13,0.0,False
13,2014-07-14,0.0,False
14,2014-07-15,0.0,False
15,2014-07-16,0.0,False
16,2014-07-17,0.0,False
17,2014-07-18,0.0,False
18,2014-07-19,0.0,False
19,2014-07-20,0.0,False
20,2014-07-21,0.0,False
21,2014-07-22,0.0,False
22,2014-07-23,0.0,False
23,2014-07-24,0.0,False
24,2014-07-25,0.0,False
25,2014-07-26,0.0,False
26,2014-07-27,0.0,False
27,2014-07-28,0.0,False
28,2014-07-29,0.0,False
29,2014-07-30,0.0,False
30,2014-07-31,0.0,False
0,2014-08-01,0.0,False
1,2014-08-02,0.0,False
2,2014-08-03,0.0,False
3,2014-08-04,0.0,False
4,2014-08-05,0.0,False
5,2014-08-06,0.0,False
6,2014-08-07,0.0,False
7,2014-08-08,0.0,False
8,2014-08-09,0.0,False
9,2014-08-10,0.0,False
10,2014-08-11,0.0,False
11,2014-08-12,0.0,False
12,2014-08-13,0.0,False
13,2014-08-14,0.0,False
14,2014-08-15,0.0,False
15,2014-08-16,0.0,False
16,2014-08-17,0.0,False
17,2014-08-18,0.0,False
18,2014-08-19,0.0,False
19,2014-08-20,0.0,False
20,2014-08-21,0.0,False
21,2014-08-22,0.0,False
22,2014-08-23,0.0,False
23,2014-08-24,0.0,False
24,2014-08-25,0.0,False
25,2014-08-26,0.0,False
26,2014-08-27,0.0,False
27,2014-08-28,0.0,False
28,2014-08-29,0.0,False
29,2014-08-30,0.0,False
30,2014-08-31,0.0,False
0,2014-09-01,0.0,False
1,2014-09-02,0.0,False
2,2014-09-03,0.0,False
3,2014-09-04,0.0,False
4,2014-09-05,0.0,False
5,2014-09-06,0.0,False
6,2014-09-07,0.0,False
7,2014-09-08,0.0,False
8,2014-09-09,0.0,False
9,2014-09-10,0.0,False
10,2014-09-11,0.0,False
11,2014-09-12,0.0,False
12,2014-09-13,0.0,False
13,2014-09-14,0.0,False
14,2014-09-15,0.0,False
15,2014-09-16,0.0,False
16,2014-09-17,0.0,False
17,2014-09-18,0.0,False
18,2014-09-19,0.0,False
19,2014-09-20,0.0,False
20,2014-09-21,0.0,False
21,2014-09-22,0.0,False
22,2014-09-23,0.0,False
23,2014-09-24,0.0,False
24,2014-09-25,0.0,False
25,2014-09-26,0.0,False
26,2014-09-27,0.0,False
27,2014-09-28,0.0,False
28,2014-09-29,0.0,False
29,2014-09-30,0.0,False
0,2014-10-01,0.0,False
1,2014-10-02,0.0,False
2,2014-10-03,0.0,False
3,2014-10-04,0.0,False
4,2014-10-05,0.0,False
5,2014-10-06,0.0,False
6,2014-10-07,0.0,False
7,2014-10-08,0.0,False
8,2014-10-09,0.0,False
9,2014-10-10,0.0,False
10,2014-10-11,0.0,False
11,2014-10-12,0.0,False
12,2014-10-13,0.0,False
13,2014-10-14,0.0,False
14,2014-10-15,0.0,False
15,2014-10-16,0.0,False
16,2014-10-17,0.0,False
17,2014-10-18,0.0,False
18,2014-10-19,0.0,False
19,2014-10-20,0.0,False
20,2014-10-21,0.0,False
21,2014-10-22,0.0,False
22,2014-10-23,0.0,False
23,2014-10-24,0.0,False
24,2014-10-25,0.0,False
25,2014-10-26,0.0,False
26,2014-10-27,0.0,False
27,2014-10-28,0.0,False
28,2014-10-29,0.0,False
29,2014-10-30,0.0,False
30,2014-10-31,0.0,False
0,2014-11-01,0.0,False
1,2014-11-02,0.0,False
2,2014-11-03,0.0,False
3,2014-11-04,0.0,False
4,2014-11-05,0.0,False
5,2014-11-06,0.0,False
6,2014-11-07,0.0,False
7,2014-11-08,0.0,False
8,2014-11-09,0.0,False
9,2014-11-10,0.0,False
10,2014-11-11,0.0,False
11,2014-11-12,0.0,False
12,2014-11-13,0.0,False
13,2014-11-14,0.0,False
14,2014-11-15,0.0,False
15,2014-11-16,0.0,False
16,2014-11-17,0.0,False
17,2014-11-18,0.0,False
18,2014-11-19,0.0,False
19,2014-11-20,0.0,False
20,2014-11-21,0.0,False
21,2014-11-22,0.0,False
22,2014-11-23,0.0,False
23,2014-11-24,0.0,False
24,2014-11-25,0.0,False
25,2014-11-26,0.0,False
26,2014-11-27,0.0,False
27,2014-11-28,0.0,False
28,2014-11-29,0.0,False
29,2014-11-30,0.0,False
0,2014-12-01,0.0,False
1,2014-12-02,0.0,False
2,2014-12-03,0.0,False
3,2014-12-04,0.0,False
4,2014-12-05,0.0,False
5,2014-12-06,0.0,False
6,2014-12-07,0.0,False
7,2014-12-08,0.0,False
8,2014-12-09,0.0,False
9,2014-12-10,0.0,False
10,2014-12-11,0.0,False
11,2014-12-12,0.0,False
12,2014-12-13,0.0,False
13,2014-12-14,0.0,False
14,2014-12-15,0.0,False
15,2014-12-16,0.0,False
16,2014-12-17,0.0,False
17,2014-12-18,0.0,False
18,2014-12-19,0.0,False
19,2014-12-20,0.0,False
20,2014-12-21,0.0,False
21,2014-12-22,0.0,False
22,2014-12-23,0.0,False
23,2014-12-24,0.0,False
24,2014-12-25,0.0,False
25,2014-12-26,0.0,False
26,2014-12-27,0.0,False
27,2014-12-28,0.0,False
28,2014-12-29,0.0,False
29,2014-12-30,0.0,False
30,2014-12-31,0.0,False
0,2015-01-01,0.0,False
1,2015-01-02,0.0,False
2,2015-01-03,0.0,False
3,2015-01-04,0.0,False
4,2015-01-05,0.0,False
5,2015-01-06,0.0,False
6,2015-01-07,0.0,False
7,2015-01-08,0.0,False
8,2015-01-09,0.0,False
9,2015-01-10,0.0,False
10,2015-01-11,0.0,False
11,2015-01-12,0.0,False
12,2015-01-13,0.0,False
13,2015-01-14,0.0,False
14,2015-01-15,0.0,False
15,2015-01-16,0.0,False
16,2015-01-17,0.0,False
17,2015-01-18,0.0,False
18,2015-01-19,0.0,False
19,2015-01-20,0.0,False
20,2015-01-21,0.0,False
21,2015-01-22,0.0,False
22,2015-01-23,0.0,False
23,2015-01-24,0.0,False
24,2015-01-25,0.0,False
25,2015-01-26,0.0,False
26,2015-01-27,0.0,False
27,2015-01-28,0.0,False
28,2015-01-29,0.0,False
29,2015-01-30,0.0,False
30,2015-01-31,0.0,False
0,2015-02-01,0.0,False
1,2015-02-02,0.0,False
2,2015-02-03,0.0,False
3,2015-02-04,0.0,False
4,2015-02-05,0.0,False
5,2015-02-06,0.0,False
6,2015-02-07,0.0,False
7,2015-02-08,0.0,False
8,2015-02-09,0.0,False
9,2015-02-10,0.0,False
10,2015-02-11,0.0,False
11,2015-02-12,0.0,False
12,2015-02-13,0.0,False
13,2015-02-14,0.0,False
14,2015-02-15,0.0,False
15,2015-02-16,0.0,False
16,2015-02-17,0.0,False
17,2015-02-18,0.0,False
18,2015-02-19,0.0,False
19,2015-02-20,0.0,False
20,2015-02-21,0.0,False
21,2015-02-22,0.0,False
22,2015-02-23,0.0,False
23,2015-02-24,0.0,False
24,2015-02-25,0.0,False
25,2015-02-26,0.0,False
26,2015-02-27,0.0,False
27,2015-02-28,0.0,False
0,2015-03-01,0.0,False
1,2015-03-02,0.0,False
2,2015-03-03,0.0,False
3,2015-03-04,0.0,False
4,2015-03-05,0.0,False
5,2015-03-06,0.0,False
6,2015-03-07,0.0,False
7,2015-03-08,0.0,False
8,2015-03-09,0.0,False
9,2015-03-10,0.0,False
10,2015-03-11,0.0,False
11,2015-03-12,0.0,False
12,2015-03-13,0.0,False
13,2015-03-14,0.0,False
14,2015-03-15,0.0,False
15,2015-03-16,0.0,False
16,2015-03-17,0.0,False
17,2015-03-18,0.0,False
18,2015-03-19,0.0,False
19,2015-03-20,0.0,False
20,2015-03-21,0.0,False
21,2015-03-22,0.0,False
22,2015-03-23,0.0,False
23,2015-03-24,0.0,False
24,2015-03-25,0.0,False
25,2015-03-26,0.0,False
26,2015-03-27,0.0,False
27,2015-03-28,0.0,False
28,2015-03-29,0.0,False
29,2015-03-30,0.0,False
30,2015-03-31,0.0,False
0,2015-04-01,0.0,False
1,2015-04-02,0.0,False
2,2015-04-03,0.0,False
3,2015-04-04,0.0,False
4,2015-04-05,0.0,False
5,2015-04-06,0.0,False
6,2015-04-07,0.0,False
7,2015-04-08,0.0,False
8,2015-04-09,0.0,False
9,2015-04-10,0.0,False
10,2015-04-11,0.0,False
11,2015-04-12,0.0,False
12,2015-04-13,0.0,False
13,2015-04-14,0.0,False
14,2015-04-15,0.0,False
15,2015-04-16,0.0,False
16,2015-04-17,0.0,False
17,2015-04-18,0.0,False
18,2015-04-19,0.0,False
19,2015-04-20,0.0,False
20,2015-04-21,0.0,False
21,2015-04-22,0.0,False
22,2015-04-23,0.0,False
23,2015-04-24,0.0,False
24,2015-04-25,0.0,False
25,2015-04-26,0.0,False
26,2015-04-27,0.0,False
27,2015-04-28,0.0,False
28,2015-04-29,0.0,False
29,2015-04-30,0.0,False
0,2015-05-01,7.000000000000001,False
1,2015-05-02,1.6800000000000002,False
2,2015-05-03,1.61,False
3,2015-05-04,4.2700000000000005,False
4,2015-05-05,3.7100000000000004,False
5,2015-05-06,3.7100000000000004,False
6,2015-05-07,3.22,False
7,2015-05-08,2.8000000000000003,False
8,2015-05-09,0.9100000000000001,False
9,2015-05-10,1.05,False
10,2015-05-11,2.87,False
11,2015-05-12,1.61,False
12,2015-05-13,1.9600000000000002,False
13,2015-05-14,3.6400000000000006,False
14,2015-05-15,2.31,False
15,2015-05-16,0.9100000000000001,False
16,2015-05-17,0.49000000000000005,False
17,2015-05-18,2.66,False
18,2015-05-19,1.6800000000000002,False
19,2015-05-20,2.87,False
20,2015-05-21,2.3800000000000003,False
21,2015-05-22,2.8000000000000003,False
22,2015-05-23,0.6300000000000001,False
23,2015-05-24,0.42000000000000004,False
24,2015-05-25,0.9100000000000001,False
25,2015-05-26,2.31,False
26,2015-05-27,2.8000000000000003,False
27,2015-05-28,3.0100000000000002,False
28,2015-05-29,2.45,False
29,2015-05-30,1.05,False
30,2015-05-31,0.6300000000000001,False
0,2015-06-01,31.0,False
1,2015-06-02,31.0,False
2,2015-06-03,38.0,False
3,2015-06-04,62.0,False
4,2015-06-05,43.0,False
5,2015-06-06,11.0,False
6,2015-06-07,15.0,False
7,2015-06-08,28.0,False
8,2015-06-09,22.0,False
9,2015-06-10,44.0,False
10,2015-06-11,83.0,False
11,2015-06-12,100.0,False
12,2015-06-13,15.0,False
13,2015-06-14,4.0,False
14,2015-06-15,37.0,False
15,2015-06-16,68.0,False
16,2015-06-17,53.0,False
17,2015-06-18,29.0,False
18,2015-06-19,30.0,False
19,2015-06-20,15.0,False
20,2015-06-21,11.0,False
21,2015-06-22,28.0,False
22,2015-06-23,38.0,False
23,2015-06-24,22.0,False
24,2015-06-25,29.0,False
25,2015-06-26,16.0,False
26,2015-06-27,15.0,False
27,2015-06-28,4.0,False
28,2015-06-29,29.0,False
29,2015-06-30,38.0,False
0,2015-07-01,10.98,False
1,2015-07-02,16.47,False
2,2015-07-03,4.88,False
3,2015-07-04,1.22,False
4,2015-07-05,1.22,False
5,2015-07-06,8.54,False
6,2015-07-07,20.13,False
7,2015-07-08,15.25,False
8,2015-07-09,7.93,False
9,2015-07-10,9.15,False
10,2015-07-11,1.22,False
11,2015-07-12,0.0,False
12,2015-07-13,6.1,False
13,2015-07-14,16.47,False
14,2015-07-15,15.25,False
15,2015-07-16,9.15,False
16,2015-07-17,7.93,False
17,2015-07-18,5.49,False
18,2015-07-19,1.22,False
19,2015-07-20,12.81,False
20,2015-07-21,9.76,False
21,2015-07-22,10.98,False
22,2015-07-23,14.03,False
23,2015-07-24,12.81,False
24,2015-07-25,2.44,False
25,2015-07-26,3.66,False
26,2015-07-27,15.25,False
27,2015-07-28,37.21,False
28,2015-07-29,61.0,False
29,2015-07-30,29.28,False
30,2015-07-31,21.349999999999998,False
0,2015-08-01,7.0200000000000005,False
1,2015-08-02,9.72,False
2,2015-08-03,39.96,False
3,2015-08-04,45.36,False
4,2015-08-05,27.540000000000003,False
5,2015-08-06,38.34,False
6,2015-08-07,54.0,False
7,2015-08-08,11.88,False
8,2015-08-09,2.16,False
9,2015-08-10,50.760000000000005,False
10,2015-08-11,43.2,False
11,2015-08-12,33.480000000000004,False
12,2015-08-13,31.860000000000003,False
13,2015-08-14,28.62,False
14,2015-08-15,0.0,False
15,2015-08-16,11.34,False
16,2015-08-17,23.220000000000002,False
17,2015-08-18,25.380000000000003,False
18,2015-08-19,19.98,False
19,2015-08-20,33.480000000000004,False
20,2015-08-21,32.940000000000005,False
21,2015-08-22,11.88,False
22,2015-08-23,6.48,False
23,2015-08-24,36.18,False
24,2015-08-25,34.02,False
25,2015-08-26,24.840000000000003,False
26,2015-08-27,35.1,False
27,2015-08-28,24.3,False
28,2015-08-29,9.18,False
29,2015-08-30,4.32,False
30,2015-08-31,39.96,False
0,2015-09-01,54.519999999999996,False
1,2015-09-02,52.779999999999994,False
2,2015-09-03,49.879999999999995,False
3,2015-09-04,53.36,False
4,2015-09-05,6.959999999999999,False
5,2015-09-06,13.34,False
6,2015-09-07,11.6,False
7,2015-09-08,31.319999999999997,False
8,2015-09-09,57.99999999999999,False
9,2015-09-10,35.96,False
10,2015-09-11,31.319999999999997,False
11,2015-09-12,19.72,False
12,2015-09-13,4.06,False
13,2015-09-14,23.779999999999998,False
14,2015-09-15,33.059999999999995,False
15,2015-09-16,29.58,False
16,2015-09-17,44.66,False
17,2015-09-18,34.8,False
18,2015-09-19,8.7,False
19,2015-09-20,8.7,False
20,2015-09-21,36.54,False
21,2015-09-22,48.13999999999999,False
22,2015-09-23,27.839999999999996,False
23,2015-09-24,40.599999999999994,False
24,2015-09-25,33.64,False
25,2015-09-26,4.64,False
26,2015-09-27,8.7,False
27,2015-09-28,26.68,False
28,2015-09-29,23.779999999999998,False
29,2015-09-30,49.3,False
0,2015-10-01,12.9,False
1,2015-10-02,13.5,False
2,2015-10-03,1.7999999999999998,False
3,2015-10-04,1.2,False
4,2015-10-05,16.5,False
5,2015-10-06,15.6,False
6,2015-10-07,14.1,False
7,2015-10-08,19.5,False
8,2015-10-09,16.5,False
9,2015-10-10,5.1,False
10,2015-10-11,3.0,False
11,2015-10-12,9.0,False
12,2015-10-13,16.5,False
13,2015-10-14,16.5,False
14,2015-10-15,12.299999999999999,False
15,2015-10-16,16.5,False
16,2015-10-17,8.1,False
17,2015-10-18,1.7999999999999998,False
18,2015-10-19,19.8,False
19,2015-10-20,14.399999999999999,False
20,2015-10-21,20.7,False
21,2015-10-22,16.2,False
22,2015-10-23,19.5,False
23,2015-10-24,3.0,False
24,2015-10-25,1.7999999999999998,False
25,2015-10-26,12.299999999999999,False
26,2015-10-27,30.0,False
27,2015-10-28,27.0,False
28,2015-10-29,17.7,False
29,2015-10-30,9.299999999999999,False
30,2015-10-31,2.4,False
0,2015-11-01,4.8,False
1,2015-11-02,32.0,False
2,2015-11-03,25.6,False
3,2015-11-04,28.48,False
4,2015-11-05,25.28,False
5,2015-11-06,16.96,False
6,2015-11-07,3.84,False
7,2015-11-08,1.92,False
8,2015-11-09,20.16,False
9,2015-11-10,17.92,False
10,2015-11-11,21.76,False
11,2015-11-12,15.040000000000001,False
12,2015-11-13,16.32,False
13,2015-11-14,3.84,False
14,2015-11-15,1.92,False
15,2015-11-16,18.56,False
16,2015-11-17,20.16,False
17,2015-11-18,21.76,False
18,2015-11-19,18.88,False
19,2015-11-20,18.56,False
20,2015-11-21,5.76,False
21,2015-11-22,1.92,False
22,2015-11-23,14.4,False
23,2015-11-24,20.8,False
24,2015-11-25,12.16,False
25,2015-11-26,3.52,False
26,2015-11-27,11.200000000000001,False
27,2015-11-28,1.92,False
28,2015-11-29,3.84,False
29,2015-11-30,11.84,False
0,2015-12-01,30.08,False
1,2015-12-02,15.979999999999999,False
2,2015-12-03,25.38,False
3,2015-12-04,31.959999999999997,False
4,2015-12-05,10.34,False
5,2015-12-06,3.29,False
6,2015-12-07,31.02,False
7,2015-12-08,31.02,False
8,2015-12-09,23.5,False
9,2015-12-10,29.61,False
10,2015-12-11,45.589999999999996,False
11,2015-12-12,15.51,False
12,2015-12-13,5.17,False
13,2015-12-14,23.029999999999998,False
14,2015-12-15,31.49,False
15,2015-12-16,47.0,False
16,2015-12-17,26.32,False
17,2015-12-18,35.72,False
18,2015-12-19,3.76,False
19,2015-12-20,14.569999999999999,False
20,2015-12-21,31.02,False
21,2015-12-22,31.49,False
22,2015-12-23,36.66,False
23,2015-12-24,25.849999999999998,False
24,2015-12-25,9.87,False
25,2015-12-26,5.64,False
26,2015-12-27,5.64,False
27,2015-12-28,22.09,False
28,2015-12-29,31.959999999999997,False
29,2015-12-30,19.74,False
30,2015-12-31,42.769999999999996,False
0,2016-01-01,3.44,False
1,2016-01-02,4.7299999999999995,False
2,2016-01-03,3.01,False
3,2016-01-04,20.64,False
4,2016-01-05,17.63,False
5,2016-01-06,17.2,False
6,2016-01-07,22.36,False
7,2016-01-08,21.93,False
8,2016-01-09,6.88,False
9,2016-01-10,9.03,False
10,2016-01-11,15.48,False
11,2016-01-12,18.06,False
12,2016-01-13,24.509999999999998,False
13,2016-01-14,24.08,False
14,2016-01-15,27.52,False
15,2016-01-16,6.45,False
16,2016-01-17,3.01,False
17,2016-01-18,4.7299999999999995,False
18,2016-01-19,37.839999999999996,False
19,2016-01-20,43.0,False
20,2016-01-21,26.66,False
21,2016-01-22,17.63,False
22,2016-01-23,4.7299999999999995,False
23,2016-01-24,3.87,False
24,2016-01-25,36.12,False
25,2016-01-26,32.25,False
26,2016-01-27,26.23,False
27,2016-01-28,28.81,False
28,2016-01-29,18.919999999999998,False
29,2016-01-30,10.32,False
30,2016-01-31,3.01,False
0,2016-02-01,25.38,False
1,2016-02-02,26.32,False
2,2016-02-03,18.799999999999997,False
3,2016-02-04,23.97,False
4,2016-02-05,23.029999999999998,False
5,2016-02-06,8.459999999999999,False
6,2016-02-07,4.699999999999999,False
7,2016-02-08,25.849999999999998,False
8,2016-02-09,35.72,False
9,2016-02-10,47.0,False
10,2016-02-11,47.0,False
11,2016-02-12,35.25,False
12,2016-02-13,9.399999999999999,False
13,2016-02-14,2.3499999999999996,False
14,2016-02-15,6.109999999999999,False
15,2016-02-16,23.97,False
16,2016-02-17,24.439999999999998,False
17,2016-02-18,36.66,False
18,2016-02-19,17.86,False
19,2016-02-20,7.989999999999999,False
20,2016-02-21,3.29,False
21,2016-02-22,15.51,False
22,2016-02-23,18.33,False
23,2016-02-24,14.569999999999999,False
24,2016-02-25,17.39,False
25,2016-02-26,17.39,False
26,2016-02-27,4.699999999999999,False
27,2016-02-28,1.88,False
28,2016-02-29,19.74,False
0,2016-03-01,24.939999999999998,False
1,2016-03-02,28.999999999999996,False
2,2016-03-03,20.299999999999997,False
3,2016-03-04,23.2,False
4,2016-03-05,8.12,False
5,2016-03-06,2.32,False
6,2016-03-07,15.95,False
7,2016-03-08,19.43,False
8,2016-03-09,18.849999999999998,False
9,2016-03-10,22.91,False
10,2016-03-11,16.24,False
11,2016-03-12,4.93,False
12,2016-03-13,4.06,False
13,2016-03-14,21.459999999999997,False
14,2016-03-15,20.299999999999997,False
15,2016-03-16,15.95,False
16,2016-03-17,20.88,False
17,2016-03-18,16.24,False
18,2016-03-19,4.06,False
19,2016-03-20,7.829999999999999,False
20,2016-03-21,17.11,False
21,2016-03-22,22.91,False
22,2016-03-23,17.4,False
23,2016-03-24,17.4,False
24,2016-03-25,7.829999999999999,False
25,2016-03-26,4.93,False
26,2016-03-27,3.4799999999999995,False
27,2016-03-28,17.689999999999998,False
28,2016-03-29,13.34,False
29,2016-03-30,20.59,False
30,2016-03-31,16.529999999999998,False
0,2016-04-01,5.6000000000000005,False
1,2016-04-02,1.12,False
2,2016-04-03,0.56,False
3,2016-04-04,8.680000000000001,False
4,2016-04-05,8.4,False
5,2016-04-06,9.24,False
6,2016-04-07,7.5600000000000005,False
7,2016-04-08,9.24,False
8,2016-04-09,1.6800000000000002,False
9,2016-04-10,0.0,False
10,2016-04-11,5.32,False
11,2016-04-12,4.48,False
12,2016-04-13,5.880000000000001,False
13,2016-04-14,6.44,False
14,2016-04-15,7.280000000000001,False
15,2016-04-16,2.8000000000000003,False
16,2016-04-17,0.0,False
17,2016-04-18,6.720000000000001,False
18,2016-04-19,6.720000000000001,False
19,2016-04-20,7.000000000000001,False
20,2016-04-21,6.44,False
21,2016-04-22,5.040000000000001,False
22,2016-04-23,2.24,False
23,2016-04-24,1.12,False
24,2016-04-25,5.32,False
25,2016-04-26,24.64,False
26,2016-04-27,28.000000000000004,False
27,2016-04-28,12.88,False
28,2016-04-29,9.8,False
29,2016-04-30,1.6800000000000002,False
0,2016-05-01,9.36,False
1,2016-05-02,23.04,False
2,2016-05-03,35.28,False
3,2016-05-04,29.52,False
4,2016-05-05,30.599999999999998,False
5,2016-05-06,20.88,False
6,2016-05-07,3.96,False
7,2016-05-08,1.7999999999999998,False
8,2016-05-09,26.279999999999998,False
9,2016-05-10,35.64,False
10,2016-05-11,19.439999999999998,False
11,2016-05-12,25.919999999999998,False
12,2016-05-13,21.96,False
13,2016-05-14,1.7999999999999998,False
14,2016-05-15,0.0,False
15,2016-05-16,27.72,False
16,2016-05-17,20.88,False
17,2016-05-18,27.36,False
18,2016-05-19,12.959999999999999,False
19,2016-05-20,13.68,False
20,2016-05-21,3.96,False
21,2016-05-22,5.76,False
22,2016-05-23,19.08,False
23,2016-05-24,36.0,False
24,2016-05-25,26.279999999999998,False
25,2016-05-26,24.119999999999997,False
26,2016-05-27,17.64,False
27,2016-05-28,5.76,False
28,2016-05-29,3.96,False
29,2016-05-30,1.7999999999999998,False
30,2016-05-31,30.959999999999997,False
0,2016-06-01,17.28,False
1,2016-06-02,16.64,False
2,2016-06-03,8.96,False
3,2016-06-04,2.88,False
4,2016-06-05,2.88,False
5,2016-06-06,14.72,False
6,2016-06-07,11.84,False
7,2016-06-08,13.76,False
8,2016-06-09,8.96,False
9,2016-06-10,11.200000000000001,False
10,2016-06-11,2.88,False
11,2016-06-12,0.0,False
12,2016-06-13,22.72,False
13,2016-06-14,16.96,False
14,2016-06-15,24.32,False
15,2016-06-16,24.96,False
16,2016-06-17,24.96,False
17,2016-06-18,4.16,False
18,2016-06-19,2.88,False
19,2016-06-20,10.56,False
20,2016-06-21,24.0,False
21,2016-06-22,15.36,False
22,2016-06-23,18.56,False
23,2016-06-24,32.0,False
24,2016-06-25,4.16,False
25,2016-06-26,3.52,False
26,2016-06-27,14.4,False
27,2016-06-28,17.6,False
28,2016-06-29,19.84,False
29,2016-06-30,19.52,False
0,2016-07-01,8.14,False
1,2016-07-02,1.54,False
2,2016-07-03,1.1,False
3,2016-07-04,1.32,False
4,2016-07-05,3.96,False
5,2016-07-06,9.46,False
6,2016-07-07,9.9,False
7,2016-07-08,6.82,False
8,2016-07-09,1.54,False
9,2016-07-10,1.1,False
10,2016-07-11,9.9,False
11,2016-07-12,8.58,False
12,2016-07-13,3.96,False
13,2016-07-14,6.38,False
14,2016-07-15,7.26,False
15,2016-07-16,1.54,False
16,2016-07-17,0.0,False
17,2016-07-18,6.6,False
18,2016-07-19,13.64,False
19,2016-07-20,8.8,False
20,2016-07-21,7.48,False
21,2016-07-22,7.7,False
22,2016-07-23,3.52,False
23,2016-07-24,1.98,False
24,2016-07-25,4.4,False
25,2016-07-26,15.62,False
26,2016-07-27,22.0,False
27,2016-07-28,13.64,False
28,2016-07-29,5.94,False
29,2016-07-30,1.54,False
30,2016-07-31,2.42,False
0,2016-08-01,13.75,False
1,2016-08-02,9.5,False
2,2016-08-03,18.5,False
3,2016-08-04,25.0,False
4,2016-08-05,13.0,False
5,2016-08-06,3.5,False
6,2016-08-07,2.75,False
7,2016-08-08,8.25,False
8,2016-08-09,7.0,False
9,2016-08-10,8.75,False
10,2016-08-11,12.25,False
11,2016-08-12,5.75,False
12,2016-08-13,5.5,False
13,2016-08-14,1.5,False
14,2016-08-15,21.25,False
15,2016-08-16,18.25,False
16,2016-08-17,9.25,False
17,2016-08-18,8.5,False
18,2016-08-19,17.0,False
19,2016-08-20,1.5,False
20,2016-08-21,4.25,False
21,2016-08-22,7.75,False
22,2016-08-23,4.75,False
23,2016-08-24,9.25,False
24,2016-08-25,7.5,False
25,2016-08-26,4.0,False
26,2016-08-27,0.0,False
27,2016-08-28,0.75,False
28,2016-08-29,9.0,False
29,2016-08-30,4.0,False
30,2016-08-31,8.25,False
0,2016-09-01,15.040000000000001,False
1,2016-09-02,11.84,False
2,2016-09-03,0.64,False
3,2016-09-04,0.64,False
4,2016-09-05,0.96,False
5,2016-09-06,12.8,False
6,2016-09-07,7.68,False
7,2016-09-08,8.64,False
8,2016-09-09,6.72,False
9,2016-09-10,2.88,False
10,2016-09-11,1.6,False
11,2016-09-12,7.68,False
12,2016-09-13,5.44,False
13,2016-09-14,8.96,False
14,2016-09-15,11.84,False
15,2016-09-16,14.4,False
16,2016-09-17,1.6,False
17,2016-09-18,0.0,False
18,2016-09-19,6.4,False
19,2016-09-20,5.76,False
20,2016-09-21,5.44,False
21,2016-09-22,8.96,False
22,2016-09-23,32.0,False
23,2016-09-24,7.68,False
24,2016-09-25,3.52,False
25,2016-09-26,27.2,False
26,2016-09-27,22.080000000000002,False
27,2016-09-28,20.8,False
28,2016-09-29,16.96,False
29,2016-09-30,14.08,False
0,2016-10-01,2.88,False
1,2016-10-02,1.26,False
2,2016-10-03,6.4799999999999995,False
3,2016-10-04,7.92,False
4,2016-10-05,13.68,False
5,2016-10-06,18.0,False
6,2016-10-07,11.34,False
7,2016-10-08,2.88,False
8,2016-10-09,1.08,False
9,2016-10-10,11.34,False
10,2016-10-11,8.28,False
11,2016-10-12,9.36,False
12,2016-10-13,5.76,False
13,2016-10-14,8.64,False
14,2016-10-15,1.6199999999999999,False
15,2016-10-16,1.08,False
16,2016-10-17,6.84,False
17,2016-10-18,5.76,False
18,2016-10-19,4.859999999999999,False
19,2016-10-20,4.5,False
20,2016-10-21,4.68,False
21,2016-10-22,1.98,False
22,2016-10-23,1.98,False
23,2016-10-24,5.04,False
24,2016-10-25,10.08,False
25,2016-10-26,8.64,False
26,2016-10-27,9.9,False
27,2016-10-28,6.3,False
28,2016-10-29,0.54,False
29,2016-10-30,0.8999999999999999,False
30,2016-10-31,3.96,False
0,2016-11-01,18.88,False
1,2016-11-02,17.6,False
2,2016-11-03,16.96,False
3,2016-11-04,17.6,False
4,2016-11-05,0.96,False
5,2016-11-06,1.92,False
6,2016-11-07,19.84,False
7,2016-11-08,20.16,False
8,2016-11-09,32.0,False
9,2016-11-10,23.68,False
10,2016-11-11,19.2,False
11,2016-11-12,6.4,False
12,2016-11-13,2.24,False
13,2016-11-14,21.12,False
14,2016-11-15,23.04,False
15,2016-11-16,25.28,False
16,2016-11-17,18.240000000000002,False
17,2016-11-18,22.080000000000002,False
18,2016-11-19,5.44,False
19,2016-11-20,3.2,False
20,2016-11-21,9.6,False
21,2016-11-22,17.6,False
22,2016-11-23,12.48,False
23,2016-11-24,3.52,False
24,2016-11-25,9.92,False
25,2016-11-26,1.6,False
26,2016-11-27,1.92,False
27,2016-11-28,16.32,False
28,2016-11-29,13.76,False
29,2016-11-30,13.120000000000001,False
0,2016-12-01,16.43,False
1,2016-12-02,20.46,False
2,2016-12-03,4.96,False
3,2016-12-04,0.0,False
4,2016-12-05,21.7,False
5,2016-12-06,14.57,False
6,2016-12-07,25.73,False
7,2016-12-08,24.49,False
8,2016-12-09,21.39,False
9,2016-12-10,8.68,False
10,2016-12-11,0.0,False
11,2016-12-12,17.98,False
12,2016-12-13,25.73,False
13,2016-12-14,24.8,False
14,2016-12-15,26.66,False
15,2016-12-16,16.12,False
16,2016-12-17,4.03,False
17,2016-12-18,3.7199999999999998,False
18,2016-12-19,15.81,False
19,2016-12-20,17.36,False
20,2016-12-21,31.0,False
21,2016-12-22,20.15,False
22,2016-12-23,27.9,False
23,2016-12-24,5.58,False
24,2016-12-25,1.55,False
25,2016-12-26,6.2,False
26,2016-12-27,18.6,False
27,2016-12-28,23.25,False
28,2016-12-29,14.26,False
29,2016-12-30,9.92,False
30,2016-12-31,4.03,False
0,2017-01-01,2.6999999999999997,False
1,2017-01-02,6.6,False
2,2017-01-03,20.099999999999998,False
3,2017-01-04,24.3,False
4,2017-01-05,23.7,False
5,2017-01-06,22.2,False
6,2017-01-07,7.5,False
7,2017-01-08,4.5,False
8,2017-01-09,18.0,False
9,2017-01-10,24.3,False
10,2017-01-11,21.3,False
11,2017-01-12,15.299999999999999,False
12,2017-01-13,24.9,False
13,2017-01-14,3.9,False
14,2017-01-15,3.0,False
15,2017-01-16,6.0,False
16,2017-01-17,20.099999999999998,False
17,2017-01-18,18.9,False
18,2017-01-19,25.2,False
19,2017-01-20,30.0,False
20,2017-01-21,4.5,False
21,2017-01-22,3.0,False
22,2017-01-23,15.6,False
23,2017-01-24,24.3,False
24,2017-01-25,22.5,False
25,2017-01-26,19.8,False
26,2017-01-27,21.9,False
27,2017-01-28,5.3999999999999995,False
28,2017-01-29,7.5,False
29,2017-01-30,20.7,False
30,2017-01-31,27.599999999999998,False
0,2017-02-01,11.2,False
1,2017-02-02,11.2,False
2,2017-02-03,9.799999999999999,False
3,2017-02-04,3.5,False
4,2017-02-05,0.7,False
5,2017-02-06,7.699999999999999,False
6,2017-02-07,10.5,False
7,2017-02-08,14.7,False
8,2017-02-09,35.0,False
9,2017-02-10,21.0,False
10,2017-02-11,3.5,False
11,2017-02-12,1.75,False
12,2017-02-13,14.0,False
13,2017-02-14,16.799999999999997,False
14,2017-02-15,15.049999999999999,False
15,2017-02-16,11.899999999999999,False
16,2017-02-17,11.899999999999999,False
17,2017-02-18,2.8,False
18,2017-02-19,1.0499999999999998,False
19,2017-02-20,6.3,False
20,2017-02-21,9.799999999999999,False
21,2017-02-22,8.399999999999999,False
22,2017-02-23,13.649999999999999,False
23,2017-02-24,9.799999999999999,False
24,2017-02-25,2.8,False
25,2017-02-26,1.0499999999999998,False
26,2017-02-27,10.149999999999999,False
27,2017-02-28,8.75,False
0,2017-03-01,32.68,False
1,2017-03-02,42.57,False
2,2017-03-03,36.98,False
3,2017-03-04,11.61,False
4,2017-03-05,3.87,False
5,2017-03-06,39.13,False
6,2017-03-07,27.09,False
7,2017-03-08,26.66,False
8,2017-03-09,43.0,False
9,2017-03-10,15.91,False
10,2017-03-11,9.89,False
11,2017-03-12,3.87,False
12,2017-03-13,30.099999999999998,False
13,2017-03-14,35.69,False
14,2017-03-15,37.41,False
15,2017-03-16,20.64,False
16,2017-03-17,30.53,False
17,2017-03-18,2.15,False
18,2017-03-19,5.59,False
19,2017-03-20,13.33,False
20,2017-03-21,25.37,False
21,2017-03-22,20.21,False
22,2017-03-23,30.96,False
23,2017-03-24,30.099999999999998,False
24,2017-03-25,15.91,False
25,2017-03-26,3.87,False
26,2017-03-27,27.09,False
27,2017-03-28,27.09,False
28,2017-03-29,18.919999999999998,False
29,2017-03-30,22.36,False
30,2017-03-31,19.35,False
0,2017-04-01,1.84,False
1,2017-04-02,2.3000000000000003,False
2,2017-04-03,7.13,False
3,2017-04-04,6.21,False
4,2017-04-05,5.98,False
5,2017-04-06,6.21,False
6,2017-04-07,7.82,False
7,2017-04-08,1.1500000000000001,False
8,2017-04-09,1.61,False
9,2017-04-10,5.5200000000000005,False
10,2017-04-11,6.67,False
11,2017-04-12,7.13,False
12,2017-04-13,5.98,False
13,2017-04-14,1.84,False
14,2017-04-15,0.46,False
15,2017-04-16,1.61,False
16,2017-04-17,6.21,False
17,2017-04-18,4.6000000000000005,False
18,2017-04-19,5.5200000000000005,False
19,2017-04-20,4.140000000000001,False
20,2017-04-21,6.9,False
21,2017-04-22,1.84,False
22,2017-04-23,0.6900000000000001,False
23,2017-04-24,7.590000000000001,False
24,2017-04-25,8.74,False
25,2017-04-26,23.0,False
26,2017-04-27,16.560000000000002,False
27,2017-04-28,7.590000000000001,False
28,2017-04-29,2.7600000000000002,False
29,2017-04-30,1.1500000000000001,False
0,2017-05-01,33.67,False
1,2017-05-02,37.0,False
2,2017-05-03,28.12,False
3,2017-05-04,27.38,False
4,2017-05-05,19.98,False
5,2017-05-06,5.92,False
6,2017-05-07,2.59,False
7,2017-05-08,20.72,False
8,2017-05-09,17.39,False
9,2017-05-10,17.02,False
10,2017-05-11,20.72,False
11,2017-05-12,18.87,False
12,2017-05-13,5.55,False
13,2017-05-14,3.7,False
14,2017-05-15,21.09,False
15,2017-05-16,25.16,False
16,2017-05-17,23.31,False
17,2017-05-18,24.419999999999998,False
18,2017-05-19,15.91,False
19,2017-05-20,4.4399999999999995,False
20,2017-05-21,2.59,False
21,2017-05-22,16.28,False
22,2017-05-23,15.91,False
23,2017-05-24,10.73,False
24,2017-05-25,14.43,False
25,2017-05-26,13.32,False
26,2017-05-27,2.59,False
27,2017-05-28,1.85,False
28,2017-05-29,2.2199999999999998,False
29,2017-05-30,13.69,False
30,2017-05-31,15.54,False
0,2017-06-01,18.400000000000002,False
1,2017-06-02,15.870000000000001,False
2,2017-06-03,2.3000000000000003,False
3,2017-06-04,2.3000000000000003,False
4,2017-06-05,12.190000000000001,False
5,2017-06-06,16.1,False
6,2017-06-07,15.64,False
7,2017-06-08,17.94,False
8,2017-06-09,9.89,False
9,2017-06-10,5.29,False
10,2017-06-11,2.7600000000000002,False
11,2017-06-12,14.26,False
12,2017-06-13,13.57,False
13,2017-06-14,11.96,False
14,2017-06-15,16.330000000000002,False
15,2017-06-16,9.200000000000001,False
16,2017-06-17,1.84,False
17,2017-06-18,1.1500000000000001,False
18,2017-06-19,11.040000000000001,False
19,2017-06-20,17.48,False
20,2017-06-21,18.86,False
21,2017-06-22,23.0,False
22,2017-06-23,22.77,False
23,2017-06-24,2.3000000000000003,False
24,2017-06-25,3.91,False
25,2017-06-26,14.72,False
26,2017-06-27,11.96,False
27,2017-06-28,14.030000000000001,False
28,2017-06-29,12.88,False
29,2017-06-30,16.330000000000002,False
0,2017-07-01,1.1,False
1,2017-07-02,1.32,False
2,2017-07-03,2.42,False
3,2017-07-04,1.54,False
4,2017-07-05,3.74,False
5,2017-07-06,6.16,False
6,2017-07-07,3.74,False
7,2017-07-08,1.54,False
8,2017-07-09,1.32,False
9,2017-07-10,4.18,False
10,2017-07-11,6.38,False
11,2017-07-12,8.36,False
12,2017-07-13,7.26,False
13,2017-07-14,7.26,False
14,2017-07-15,1.32,False
15,2017-07-16,0.88,False
16,2017-07-17,6.6,False
17,2017-07-18,7.26,False
18,2017-07-19,6.82,False
19,2017-07-20,7.48,False
20,2017-07-21,7.04,False
21,2017-07-22,1.54,False
22,2017-07-23,0.88,False
23,2017-07-24,8.14,False
24,2017-07-25,6.38,False
25,2017-07-26,8.8,False
26,2017-07-27,22.0,False
27,2017-07-28,13.42,False
28,2017-07-29,3.08,False
29,2017-07-30,1.76,False
30,2017-07-31,7.48,False
0,2017-08-01,19.98,False
1,2017-08-02,24.79,False
2,2017-08-03,29.23,False
3,2017-08-04,37.0,False
4,2017-08-05,5.92,False
5,2017-08-06,8.14,False
6,2017-08-07,17.39,False
7,2017-08-08,21.83,False
8,2017-08-09,20.35,False
9,2017-08-10,22.2,False
10,2017-08-11,25.9,False
11,2017-08-12,5.92,False
12,2017-08-13,2.59,False
13,2017-08-14,12.209999999999999,False
14,2017-08-15,16.28,False
15,2017-08-16,22.57,False
16,2017-08-17,19.24,False
17,2017-08-18,18.5,False
18,2017-08-19,6.29,False
19,2017-08-20,3.33,False
20,2017-08-21,15.17,False
21,2017-08-22,29.97,False
22,2017-08-23,14.8,False
23,2017-08-24,27.75,False
24,2017-08-25,19.24,False
25,2017-08-26,3.33,False
26,2017-08-27,1.48,False
27,2017-08-28,13.32,False
28,2017-08-29,12.58,False
29,2017-08-30,12.58,False
30,2017-08-31,16.28,False
0,2017-09-01,31.11,False
1,2017-09-02,7.140000000000001,False
2,2017-09-03,7.140000000000001,False
3,2017-09-04,6.63,False
4,2017-09-05,28.560000000000002,False
5,2017-09-06,39.27,False
6,2017-09-07,29.580000000000002,False
7,2017-09-08,39.78,False
8,2017-09-09,3.5700000000000003,False
9,2017-09-10,10.2,False
10,2017-09-11,30.09,False
11,2017-09-12,45.39,False
12,2017-09-13,43.86,False
13,2017-09-14,51.0,False
14,2017-09-15,41.31,False
15,2017-09-16,9.18,False
16,2017-09-17,10.2,False
17,2017-09-18,35.19,False
18,2017-09-19,46.92,False
19,2017-09-20,48.96,False
20,2017-09-21,24.48,False
21,2017-09-22,25.5,False
22,2017-09-23,7.140000000000001,False
23,2017-09-24,7.140000000000001,False
24,2017-09-25,20.91,False
25,2017-09-26,31.62,False
26,2017-09-27,40.8,False
27,2017-09-28,38.76,False
28,2017-09-29,41.82,False
29,2017-09-30,10.71,False
0,2017-10-01,0.6,False
1,2017-10-02,2.4,False
2,2017-10-03,5.3999999999999995,False
3,2017-10-04,3.9,False
4,2017-10-05,7.8,False
5,2017-10-06,3.5999999999999996,False
6,2017-10-07,1.5,False
7,2017-10-08,1.7999999999999998,False
8,2017-10-09,2.4,False
9,2017-10-10,3.0,False
10,2017-10-11,6.3,False
11,2017-10-12,5.7,False
12,2017-10-13,8.4,False
13,2017-10-14,3.0,False
14,2017-10-15,0.8999999999999999,False
15,2017-10-16,4.2,False
16,2017-10-17,5.7,False
17,2017-10-18,7.5,False
18,2017-10-19,4.2,False
19,2017-10-20,6.6,False
20,2017-10-21,0.6,False
21,2017-10-22,0.0,False
22,2017-10-23,3.5999999999999996,False
23,2017-10-24,7.5,False
24,2017-10-25,5.7,False
25,2017-10-26,30.0,False
26,2017-10-27,15.6,False
27,2017-10-28,4.5,False
28,2017-10-29,0.8999999999999999,False
29,2017-10-30,9.9,False
30,2017-10-31,6.0,False
0,2017-11-01,25.35,False
1,2017-11-02,19.5,False
2,2017-11-03,39.0,False
3,2017-11-04,5.07,False
4,2017-11-05,3.12,False
5,2017-11-06,24.18,False
6,2017-11-07,38.22,False
7,2017-11-08,18.72,False
8,2017-11-09,28.86,False
9,2017-11-10,38.61,False
10,2017-11-11,10.14,False
11,2017-11-12,6.63,False
12,2017-11-13,18.330000000000002,False
13,2017-11-14,16.77,False
14,2017-11-15,23.01,False
15,2017-11-16,23.01,False
16,2017-11-17,26.52,False
17,2017-11-18,3.12,False
18,2017-11-19,4.68,False
19,2017-11-20,24.18,False
20,2017-11-21,23.01,False
21,2017-11-22,31.59,False
22,2017-11-23,1.56,False
23,2017-11-24,19.11,False
24,2017-11-25,1.56,False
25,2017-11-26,3.12,False
26,2017-11-27,30.42,False
27,2017-11-28,26.52,False
28,2017-11-29,21.45,False
29,2017-11-30,24.57,False
0,2017-12-01,13.940000000000001,False
1,2017-12-02,4.760000000000001,False
2,2017-12-03,1.7000000000000002,False
3,2017-12-04,17.34,False
4,2017-12-05,18.360000000000003,False
5,2017-12-06,15.3,False
6,2017-12-07,19.380000000000003,False
7,2017-12-08,11.9,False
8,2017-12-09,5.44,False
9,2017-12-10,2.3800000000000003,False
10,2017-12-11,14.620000000000001,False
11,2017-12-12,15.64,False
12,2017-12-13,10.540000000000001,False
13,2017-12-14,19.720000000000002,False
14,2017-12-15,22.78,False
15,2017-12-16,3.74,False
16,2017-12-17,3.74,False
17,2017-12-18,32.300000000000004,False
18,2017-12-19,34.0,False
19,2017-12-20,28.900000000000002,False
20,2017-12-21,28.220000000000002,False
21,2017-12-22,22.78,False
22,2017-12-23,2.72,False
23,2017-12-24,2.04,False
24,2017-12-25,4.08,False
25,2017-12-26,10.200000000000001,False
26,2017-12-27,17.68,False
27,2017-12-28,16.32,False
28,2017-12-29,17.34,False
29,2017-12-30,1.36,False
30,2017-12-31,4.08,False
0,2018-01-01,1.1099999999999999,False
1,2018-01-02,21.09,False
2,2018-01-03,21.09,False
3,2018-01-04,17.39,False
4,2018-01-05,22.57,False
5,2018-01-06,4.4399999999999995,False
6,2018-01-07,1.1099999999999999,False
7,2018-01-08,10.36,False
8,2018-01-09,11.1,False
9,2018-01-10,17.02,False
10,2018-01-11,18.87,False
11,2018-01-12,25.53,False
12,2018-01-13,7.4,False
13,2018-01-14,2.2199999999999998,False
14,2018-01-15,3.7,False
15,2018-01-16,8.51,False
16,2018-01-17,19.98,False
17,2018-01-18,17.39,False
18,2018-01-19,20.72,False
19,2018-01-20,4.07,False
20,2018-01-21,3.33,False
21,2018-01-22,9.99,False
22,2018-01-23,23.31,False
23,2018-01-24,13.69,False
24,2018-01-25,15.91,False
25,2018-01-26,31.45,False
26,2018-01-27,12.95,False
27,2018-01-28,5.18,False
28,2018-01-29,34.41,False
29,2018-01-30,37.0,False
30,2018-01-31,34.78,False
0,2018-02-01,15.75,False
1,2018-02-02,12.15,False
2,2018-02-03,2.25,False
3,2018-02-04,2.25,False
4,2018-02-05,11.25,False
5,2018-02-06,11.700000000000001,False
6,2018-02-07,16.2,False
7,2018-02-08,45.0,False
8,2018-02-09,27.900000000000002,False
9,2018-02-10,4.5,False
10,2018-02-11,3.15,False
11,2018-02-12,13.5,False
12,2018-02-13,17.1,False
13,2018-02-14,15.3,False
14,2018-02-15,15.3,False
15,2018-02-16,12.6,False
16,2018-02-17,2.7,False
17,2018-02-18,3.15,False
18,2018-02-19,2.7,False
19,2018-02-20,10.8,False
20,2018-02-21,8.55,False
21,2018-02-22,8.1,False
22,2018-02-23,9.450000000000001,False
23,2018-02-24,3.15,False
24,2018-02-25,1.8,False
25,2018-02-26,9.450000000000001,False
26,2018-02-27,8.1,False
27,2018-02-28,9.450000000000001,False
0,2018-03-01,14.1,False
1,2018-03-02,20.209999999999997,False
2,2018-03-03,4.699999999999999,False
3,2018-03-04,3.29,False
4,2018-03-05,24.91,False
5,2018-03-06,28.2,False
6,2018-03-07,31.49,False
7,2018-03-08,20.209999999999997,False
8,2018-03-09,24.439999999999998,False
9,2018-03-10,10.34,False
10,2018-03-11,7.05,False
11,2018-03-12,19.27,False
12,2018-03-13,27.729999999999997,False
13,2018-03-14,26.79,False
14,2018-03-15,34.78,False
15,2018-03-16,17.39,False
16,2018-03-17,7.05,False
17,2018-03-18,7.989999999999999,False
18,2018-03-19,28.2,False
19,2018-03-20,44.65,False
20,2018-03-21,40.89,False
21,2018-03-22,22.56,False
22,2018-03-23,26.32,False
23,2018-03-24,4.699999999999999,False
24,2018-03-25,4.699999999999999,False
25,2018-03-26,27.729999999999997,False
26,2018-03-27,47.0,False
27,2018-03-28,41.83,False
28,2018-03-29,41.36,False
29,2018-03-30,10.34,False
30,2018-03-31,1.41,False
0,2018-04-01,1.1,False
1,2018-04-02,24.750000000000004,False
2,2018-04-03,18.700000000000003,False
3,2018-04-04,12.100000000000001,False
4,2018-04-05,26.950000000000003,False
5,2018-04-06,19.25,False
6,2018-04-07,2.75,False
7,2018-04-08,1.1,False
8,2018-04-09,14.850000000000001,False
9,2018-04-10,17.05,False
10,2018-04-11,20.900000000000002,False
11,2018-04-12,17.6,False
12,2018-04-13,21.450000000000003,False
13,2018-04-14,4.95,False
14,2018-04-15,3.8500000000000005,False
15,2018-04-16,15.950000000000001,False
16,2018-04-17,36.300000000000004,False
17,2018-04-18,29.700000000000003,False
18,2018-04-19,18.700000000000003,False
19,2018-04-20,25.85,False
20,2018-04-21,3.3000000000000003,False
21,2018-04-22,2.2,False
22,2018-04-23,20.900000000000002,False
23,2018-04-24,28.05,False
24,2018-04-25,55.00000000000001,False
25,2018-04-26,40.7,False
26,2018-04-27,22.0,False
27,2018-04-28,2.2,False
28,2018-04-29,1.1,False
29,2018-04-30,34.1,False
0,2018-05-01,88.0,False
1,2018-05-02,73.92,False
2,2018-05-03,47.52,False
3,2018-05-04,66.88,False
4,2018-05-05,21.12,False
5,2018-05-06,4.4,False
6,2018-05-07,70.4,False
7,2018-05-08,62.48,False
8,2018-05-09,54.56,False
9,2018-05-10,75.68,False
10,2018-05-11,78.32000000000001,False
11,2018-05-12,9.68,False
12,2018-05-13,9.68,False
13,2018-05-14,51.04,False
14,2018-05-15,60.72,False
15,2018-05-16,36.96,False
16,2018-05-17,44.0,False
17,2018-05-18,34.32,False
18,2018-05-19,7.04,False
19,2018-05-20,8.8,False
20,2018-05-21,61.6,False
21,2018-05-22,57.2,False
22,2018-05-23,71.28,False
23,2018-05-24,58.96,False
24,2018-05-25,54.56,False
25,2018-05-26,8.8,False
26,2018-05-27,11.44,False
27,2018-05-28,11.44,False
28,2018-05-29,53.68,False
29,2018-05-30,55.44,False
30,2018-05-31,53.68,False
0,2018-06-01,20.21,False
1,2018-06-02,5.59,False
2,2018-06-03,1.72,False
3,2018-06-04,21.07,False
4,2018-06-05,43.0,False
5,2018-06-06,30.53,False
6,2018-06-07,21.93,False
7,2018-06-08,25.8,False
8,2018-06-09,5.59,False
9,2018-06-10,3.01,False
10,2018-06-11,21.07,False
11,2018-06-12,32.68,False
12,2018-06-13,27.95,False
13,2018-06-14,32.25,False
14,2018-06-15,29.669999999999998,False
15,2018-06-16,7.31,False
16,2018-06-17,3.44,False
17,2018-06-18,22.36,False
18,2018-06-19,19.78,False
19,2018-06-20,28.81,False
20,2018-06-21,26.66,False
21,2018-06-22,19.78,False
22,2018-06-23,5.59,False
23,2018-06-24,3.87,False
24,2018-06-25,21.07,False
25,2018-06-26,16.34,False
26,2018-06-27,17.2,False
27,2018-06-28,17.63,False
28,2018-06-29,20.64,False
29,2018-06-30,4.7299999999999995,False
0,2018-07-01,0.8,False
1,2018-07-02,6.4,False
2,2018-07-03,3.6,False
3,2018-07-04,0.8,False
4,2018-07-05,5.2,False
5,2018-07-06,4.800000000000001,False
6,2018-07-07,2.4000000000000004,False
7,2018-07-08,1.6,False
8,2018-07-09,12.8,False
9,2018-07-10,10.0,False
10,2018-07-11,9.200000000000001,False
11,2018-07-12,8.8,False
12,2018-07-13,8.4,False
13,2018-07-14,1.6,False
14,2018-07-15,1.6,False
15,2018-07-16,4.4,False
16,2018-07-17,5.2,False
17,2018-07-18,6.4,False
18,2018-07-19,6.0,False
19,2018-07-20,4.0,False
20,2018-07-21,0.8,False
21,2018-07-22,0.8,False
22,2018-07-23,5.6000000000000005,False
23,2018-07-24,8.0,False
24,2018-07-25,10.0,False
25,2018-07-26,17.2,False
26,2018-07-27,40.0,False
27,2018-07-28,8.4,False
28,2018-07-29,4.0,False
29,2018-07-30,18.0,False
30,2018-07-31,13.200000000000001,False
0,2018-08-01,32.0,False
1,2018-08-02,31.68,False
2,2018-08-03,31.04,False
3,2018-08-04,5.44,False
4,2018-08-05,6.4,False
5,2018-08-06,26.560000000000002,False
6,2018-08-07,28.16,False
7,2018-08-08,26.88,False
8,2018-08-09,24.96,False
9,2018-08-10,21.44,False
10,2018-08-11,3.84,False
11,2018-08-12,3.52,False
12,2018-08-13,23.68,False
13,2018-08-14,22.72,False
14,2018-08-15,22.080000000000002,False
15,2018-08-16,19.52,False
16,2018-08-17,24.0,False
17,2018-08-18,3.2,False
18,2018-08-19,3.52,False
19,2018-08-20,19.52,False
20,2018-08-21,19.2,False
21,2018-08-22,21.44,False
22,2018-08-23,19.52,False
23,2018-08-24,12.8,False
24,2018-08-25,3.2,False
25,2018-08-26,1.6,False
26,2018-08-27,19.2,False
27,2018-08-28,27.2,False
28,2018-08-29,20.16,False
29,2018-08-30,17.6,False
30,2018-08-31,18.240000000000002,False
0,2018-09-01,9.350000000000001,False
1,2018-09-02,6.050000000000001,False
2,2018-09-03,6.050000000000001,False
3,2018-09-04,31.900000000000002,False
4,2018-09-05,55.00000000000001,False
5,2018-09-06,55.00000000000001,False
6,2018-09-07,40.7,False
7,2018-09-08,16.5,False
8,2018-09-09,4.95,False
9,2018-09-10,41.800000000000004,False
10,2018-09-11,39.050000000000004,False
11,2018-09-12,45.1,False
12,2018-09-13,42.35,False
13,2018-09-14,42.900000000000006,False
14,2018-09-15,3.3000000000000003,False
15,2018-09-16,2.75,False
16,2018-09-17,33.0,False
17,2018-09-18,43.45,False
18,2018-09-19,34.650000000000006,False
19,2018-09-20,32.45,False
20,2018-09-21,36.85,False
21,2018-09-22,8.25,False
22,2018-09-23,3.8500000000000005,False
23,2018-09-24,37.95,False
24,2018-09-25,35.75,False
25,2018-09-26,25.85,False
26,2018-09-27,34.1,False
27,2018-09-28,38.5,False
28,2018-09-29,7.700000000000001,False
29,2018-09-30,8.25,False
0,2018-10-01,12.209999999999999,False
1,2018-10-02,9.99,False
2,2018-10-03,13.32,False
3,2018-10-04,9.25,False
4,2018-10-05,8.51,False
5,2018-10-06,1.85,False
6,2018-10-07,1.48,False
7,2018-10-08,7.03,False
8,2018-10-09,10.36,False
9,2018-10-10,20.72,False
10,2018-10-11,11.1,False
11,2018-10-12,11.1,False
12,2018-10-13,2.2199999999999998,False
13,2018-10-14,1.48,False
14,2018-10-15,12.58,False
15,2018-10-16,15.54,False
16,2018-10-17,11.84,False
17,2018-10-18,10.36,False
18,2018-10-19,7.03,False
19,2018-10-20,1.85,False
20,2018-10-21,1.48,False
21,2018-10-22,9.25,False
22,2018-10-23,9.99,False
23,2018-10-24,13.32,False
24,2018-10-25,37.0,False
25,2018-10-26,21.83,False
26,2018-10-27,3.33,False
27,2018-10-28,1.48,False
28,2018-10-29,11.1,False
29,2018-10-30,15.54,False
30,2018-10-31,14.8,False
0,2018-11-01,29.44,False
1,2018-11-02,23.68,False
2,2018-11-03,1.28,False
3,2018-11-04,1.28,False
4,2018-11-05,18.240000000000002,False
5,2018-11-06,26.560000000000002,False
6,2018-11-07,31.04,False
7,2018-11-08,32.0,False
8,2018-11-09,16.96,False
9,2018-11-10,3.84,False
10,2018-11-11,6.08,False
11,2018-11-12,10.56,False
12,2018-11-13,20.16,False
13,2018-11-14,17.28,False
14,2018-11-15,15.36,False
15,2018-11-16,27.84,False
16,2018-11-17,7.36,False
17,2018-11-18,0.0,False
18,2018-11-19,12.8,False
19,2018-11-20,17.28,False
20,2018-11-21,14.08,False
21,2018-11-22,2.24,False
22,2018-11-23,8.96,False
23,2018-11-24,3.52,False
24,2018-11-25,1.28,False
25,2018-11-26,12.48,False
26,2018-11-27,16.0,False
27,2018-11-28,20.48,False
28,2018-11-29,20.8,False
29,2018-11-30,19.52,False
0,2018-12-01,4.7700000000000005,False
1,2018-12-02,1.59,False
2,2018-12-03,20.14,False
3,2018-12-04,33.39,False
4,2018-12-05,11.66,False
5,2018-12-06,20.67,False
6,2018-12-07,29.150000000000002,False
7,2018-12-08,3.18,False
8,2018-12-09,3.18,False
9,2018-12-10,20.14,False
10,2018-12-11,25.970000000000002,False
11,2018-12-12,37.63,False
12,2018-12-13,31.8,False
13,2018-12-14,42.93,False
14,2018-12-15,6.890000000000001,False
15,2018-12-16,5.300000000000001,False
16,2018-12-17,23.32,False
17,2018-12-18,15.9,False
18,2018-12-19,33.92,False
19,2018-12-20,53.0,False
20,2018-12-21,34.45,False
21,2018-12-22,6.890000000000001,False
22,2018-12-23,9.01,False
23,2018-12-24,33.92,False
24,2018-12-25,7.42,False
25,2018-12-26,21.200000000000003,False
26,2018-12-27,27.03,False
27,2018-12-28,12.72,False
28,2018-12-29,5.300000000000001,False
29,2018-12-30,0.0,False
30,2018-12-31,13.780000000000001,False
0,2019-01-01,6.6499999999999995,False
1,2019-01-02,17.5,False
2,2019-01-03,19.599999999999998,False
3,2019-01-04,20.65,False
4,2019-01-05,5.25,False
5,2019-01-06,1.4,False
6,2019-01-07,20.65,False
7,2019-01-08,20.299999999999997,False
8,2019-01-09,21.7,False
9,2019-01-10,32.55,False
10,2019-01-11,25.549999999999997,False
11,2019-01-12,7.35,False
12,2019-01-13,4.55,False
13,2019-01-14,15.049999999999999,False
14,2019-01-15,18.2,False
15,2019-01-16,23.799999999999997,False
16,2019-01-17,24.15,False
17,2019-01-18,18.2,False
18,2019-01-19,2.8,False
19,2019-01-20,1.4,False
20,2019-01-21,5.25,False
21,2019-01-22,14.7,False
22,2019-01-23,31.15,False
23,2019-01-24,19.95,False
24,2019-01-25,21.349999999999998,False
25,2019-01-26,5.25,False
26,2019-01-27,5.25,False
27,2019-01-28,15.399999999999999,False
28,2019-01-29,20.299999999999997,False
29,2019-01-30,22.4,False
30,2019-01-31,35.0,False
0,2019-02-01,11.0,False
1,2019-02-02,2.2,False
2,2019-02-03,1.32,False
3,2019-02-04,14.08,False
4,2019-02-05,13.2,False
5,2019-02-06,23.32,False
6,2019-02-07,44.0,False
7,2019-02-08,24.64,False
8,2019-02-09,4.84,False
9,2019-02-10,2.64,False
10,2019-02-11,16.28,False
11,2019-02-12,17.6,False
12,2019-02-13,16.72,False
13,2019-02-14,10.12,False
14,2019-02-15,14.52,False
15,2019-02-16,3.96,False
16,2019-02-17,0.88,False
17,2019-02-18,3.52,False
18,2019-02-19,10.56,False
19,2019-02-20,13.64,False
20,2019-02-21,6.6,False
21,2019-02-22,12.32,False
22,2019-02-23,0.0,False
23,2019-02-24,1.32,False
24,2019-02-25,11.88,False
25,2019-02-26,13.2,False
26,2019-02-27,8.36,False
27,2019-02-28,5.28,False
0,2019-03-01,31.0,False
1,2019-03-02,8.37,False
2,2019-03-03,1.8599999999999999,False
3,2019-03-04,26.97,False
4,2019-03-05,26.97,False
5,2019-03-06,19.53,False
6,2019-03-07,26.97,False
7,2019-03-08,25.419999999999998,False
8,2019-03-09,4.96,False
9,2019-03-10,5.58,False
10,2019-03-11,21.08,False
11,2019-03-12,24.18,False
12,2019-03-13,23.56,False
13,2019-03-14,23.25,False
14,2019-03-15,20.46,False
15,2019-03-16,5.89,False
16,2019-03-17,3.7199999999999998,False
