,date,TXN stock,isPartial
0,2012-01-01,5.76,False
1,2012-01-02,8.879999999999999,False
2,2012-01-03,0.0,False
3,2012-01-04,8.16,False
4,2012-01-05,0.0,False
5,2012-01-06,4.32,False
6,2012-01-07,0.0,False
7,2012-01-08,0.0,False
8,2012-01-09,12.0,False
9,2012-01-10,7.92,False
10,2012-01-11,3.96,False
11,2012-01-12,0.0,False
12,2012-01-13,0.0,False
13,2012-01-14,4.8,False
14,2012-01-15,0.0,False
15,2012-01-16,3.84,False
16,2012-01-17,0.0,False
17,2012-01-18,5.88,False
18,2012-01-19,3.96,False
19,2012-01-20,6.12,False
20,2012-01-21,6.24,False
21,2012-01-22,4.68,False
22,2012-01-23,5.88,False
23,2012-01-24,3.84,False
24,2012-01-25,3.96,False
25,2012-01-26,3.96,False
26,2012-01-27,3.96,False
27,2012-01-28,4.68,False
28,2012-01-29,0.0,False
29,2012-01-30,7.56,False
30,2012-01-31,3.84,False
0,2012-02-01,0.0,False
1,2012-02-02,0.0,False
2,2012-02-03,3.5,False
3,2012-02-04,0.0,False
4,2012-02-05,0.0,False
5,2012-02-06,3.4000000000000004,False
6,2012-02-07,3.4000000000000004,False
7,2012-02-08,3.3000000000000003,False
8,2012-02-09,3.4000000000000004,False
9,2012-02-10,3.5,False
10,2012-02-11,8.200000000000001,False
11,2012-02-12,7.800000000000001,False
12,2012-02-13,0.0,False
13,2012-02-14,0.0,False
14,2012-02-15,0.0,False
15,2012-02-16,0.0,False
16,2012-02-17,3.6,False
17,2012-02-18,0.0,False
18,2012-02-19,0.0,False
19,2012-02-20,0.0,False
20,2012-02-21,0.0,False
21,2012-02-22,6.7,False
22,2012-02-23,3.4000000000000004,False
23,2012-02-24,3.5,False
24,2012-02-25,4.1000000000000005,False
25,2012-02-26,0.0,False
26,2012-02-27,3.3000000000000003,False
27,2012-02-28,10.0,False
28,2012-02-29,0.0,False
0,2012-03-01,0.0,False
1,2012-03-02,0.0,False
2,2012-03-03,5.0,False
3,2012-03-04,0.0,False
4,2012-03-05,0.0,False
5,2012-03-06,3.95,False
6,2012-03-07,3.95,False
7,2012-03-08,0.0,False
8,2012-03-09,4.2,False
9,2012-03-10,0.0,False
10,2012-03-11,0.0,False
11,2012-03-12,3.9000000000000004,False
12,2012-03-13,0.0,False
13,2012-03-14,0.0,False
14,2012-03-15,0.0,False
15,2012-03-16,4.2,False
16,2012-03-17,4.8500000000000005,False
17,2012-03-18,0.0,False
18,2012-03-19,0.0,False
19,2012-03-20,0.0,False
20,2012-03-21,0.0,False
21,2012-03-22,0.0,False
22,2012-03-23,4.25,False
23,2012-03-24,0.0,False
24,2012-03-25,0.0,False
25,2012-03-26,0.0,False
26,2012-03-27,0.0,False
27,2012-03-28,4.0,False
28,2012-03-29,4.05,False
29,2012-03-30,0.0,False
30,2012-03-31,0.0,False
0,2012-04-01,0.0,False
1,2012-04-02,0.0,False
2,2012-04-03,0.0,False
3,2012-04-04,0.0,False
4,2012-04-05,5.11,False
5,2012-04-06,5.53,False
6,2012-04-07,6.090000000000001,False
7,2012-04-08,0.0,False
8,2012-04-09,0.0,False
9,2012-04-10,4.970000000000001,False
10,2012-04-11,4.69,False
11,2012-04-12,4.83,False
12,2012-04-13,5.11,False
13,2012-04-14,0.0,False
14,2012-04-15,0.0,False
15,2012-04-16,4.69,False
16,2012-04-17,7.000000000000001,False
17,2012-04-18,4.69,False
18,2012-04-19,0.0,False
19,2012-04-20,5.040000000000001,False
20,2012-04-21,0.0,False
21,2012-04-22,0.0,False
22,2012-04-23,0.0,False
23,2012-04-24,0.0,False
24,2012-04-25,4.69,False
25,2012-04-26,0.0,False
26,2012-04-27,0.0,False
27,2012-04-28,5.880000000000001,False
28,2012-04-29,0.0,False
29,2012-04-30,0.0,False
0,2012-05-01,0.0,False
1,2012-05-02,2.76,False
2,2012-05-03,0.0,False
3,2012-05-04,0.0,False
4,2012-05-05,0.0,False
5,2012-05-06,0.0,False
6,2012-05-07,2.76,False
7,2012-05-08,2.73,False
8,2012-05-09,2.73,False
9,2012-05-10,2.79,False
10,2012-05-11,0.0,False
11,2012-05-12,0.0,False
12,2012-05-13,0.0,False
13,2012-05-14,0.0,False
14,2012-05-15,2.6999999999999997,False
15,2012-05-16,0.0,False
16,2012-05-17,2.88,False
17,2012-05-18,0.0,False
18,2012-05-19,0.0,False
19,2012-05-20,0.0,False
20,2012-05-21,0.0,False
21,2012-05-22,0.0,False
22,2012-05-23,2.79,False
23,2012-05-24,0.0,False
24,2012-05-25,3.0,False
25,2012-05-26,0.0,False
26,2012-05-27,0.0,False
27,2012-05-28,0.0,False
28,2012-05-29,0.0,False
29,2012-05-30,2.73,False
30,2012-05-31,0.0,False
0,2012-06-01,0.0,False
1,2012-06-02,0.0,False
2,2012-06-03,0.0,False
3,2012-06-04,3.16,False
4,2012-06-05,0.0,False
5,2012-06-06,0.0,False
6,2012-06-07,3.2800000000000002,False
7,2012-06-08,3.36,False
8,2012-06-09,0.0,False
9,2012-06-10,0.0,False
10,2012-06-11,0.0,False
11,2012-06-12,0.0,False
12,2012-06-13,0.0,False
13,2012-06-14,3.2,False
14,2012-06-15,3.36,False
15,2012-06-16,0.0,False
16,2012-06-17,4.0,False
17,2012-06-18,0.0,False
18,2012-06-19,3.16,False
19,2012-06-20,3.16,False
20,2012-06-21,3.2,False
21,2012-06-22,3.4,False
22,2012-06-23,0.0,False
23,2012-06-24,0.0,False
24,2012-06-25,0.0,False
25,2012-06-26,0.0,False
26,2012-06-27,0.0,False
27,2012-06-28,0.0,False
28,2012-06-29,0.0,False
29,2012-06-30,0.0,False
0,2012-07-01,6.370000000000001,False
1,2012-07-02,5.180000000000001,False
2,2012-07-03,0.0,False
3,2012-07-04,0.0,False
4,2012-07-05,0.0,False
5,2012-07-06,0.0,False
6,2012-07-07,0.0,False
7,2012-07-08,0.0,False
8,2012-07-09,5.180000000000001,False
9,2012-07-10,5.180000000000001,False
10,2012-07-11,5.250000000000001,False
11,2012-07-12,5.250000000000001,False
12,2012-07-13,5.460000000000001,False
13,2012-07-14,0.0,False
14,2012-07-15,6.370000000000001,False
15,2012-07-16,0.0,False
16,2012-07-17,5.11,False
17,2012-07-18,0.0,False
18,2012-07-19,0.0,False
19,2012-07-20,5.460000000000001,False
20,2012-07-21,6.580000000000001,False
21,2012-07-22,0.0,False
22,2012-07-23,5.250000000000001,False
23,2012-07-24,7.000000000000001,False
24,2012-07-25,0.0,False
25,2012-07-26,5.32,False
26,2012-07-27,5.460000000000001,False
27,2012-07-28,0.0,False
28,2012-07-29,0.0,False
29,2012-07-30,0.0,False
30,2012-07-31,5.11,False
0,2012-08-01,0.0,False
1,2012-08-02,5.6000000000000005,False
2,2012-08-03,5.8100000000000005,False
3,2012-08-04,0.0,False
4,2012-08-05,0.0,False
5,2012-08-06,0.0,False
6,2012-08-07,5.53,False
7,2012-08-08,5.53,False
8,2012-08-09,0.0,False
9,2012-08-10,5.8100000000000005,False
10,2012-08-11,0.0,False
11,2012-08-12,6.86,False
12,2012-08-13,5.53,False
13,2012-08-14,5.53,False
14,2012-08-15,0.0,False
15,2012-08-16,5.6000000000000005,False
16,2012-08-17,5.8100000000000005,False
17,2012-08-18,7.000000000000001,False
18,2012-08-19,0.0,False
19,2012-08-20,0.0,False
20,2012-08-21,5.6000000000000005,False
21,2012-08-22,0.0,False
22,2012-08-23,0.0,False
23,2012-08-24,0.0,False
24,2012-08-25,6.65,False
25,2012-08-26,6.510000000000001,False
26,2012-08-27,5.32,False
27,2012-08-28,0.0,False
28,2012-08-29,5.390000000000001,False
29,2012-08-30,0.0,False
30,2012-08-31,0.0,False
0,2012-09-01,0.0,False
1,2012-09-02,0.0,False
2,2012-09-03,0.0,False
3,2012-09-04,2.88,False
4,2012-09-05,5.76,False
5,2012-09-06,0.0,False
6,2012-09-07,0.0,False
7,2012-09-08,0.0,False
8,2012-09-09,3.54,False
9,2012-09-10,0.0,False
10,2012-09-11,5.76,False
11,2012-09-12,2.82,False
12,2012-09-13,0.0,False
13,2012-09-14,3.0,False
14,2012-09-15,0.0,False
15,2012-09-16,3.48,False
16,2012-09-17,0.0,False
17,2012-09-18,0.0,False
18,2012-09-19,2.82,False
19,2012-09-20,0.0,False
20,2012-09-21,6.0,False
21,2012-09-22,0.0,False
22,2012-09-23,0.0,False
23,2012-09-24,2.82,False
24,2012-09-25,0.0,False
25,2012-09-26,2.82,False
26,2012-09-27,0.0,False
27,2012-09-28,3.0,False
28,2012-09-29,0.0,False
29,2012-09-30,0.0,False
0,2012-10-01,0.0,False
1,2012-10-02,1.96,False
2,2012-10-03,0.0,False
3,2012-10-04,1.92,False
4,2012-10-05,4.0,False
5,2012-10-06,2.32,False
6,2012-10-07,0.0,False
7,2012-10-08,0.0,False
8,2012-10-09,1.8800000000000001,False
9,2012-10-10,0.0,False
10,2012-10-11,1.92,False
11,2012-10-12,3.0,False
12,2012-10-13,2.2800000000000002,False
13,2012-10-14,0.0,False
14,2012-10-15,1.84,False
15,2012-10-16,3.7600000000000002,False
16,2012-10-17,1.84,False
17,2012-10-18,1.8800000000000001,False
18,2012-10-19,3.96,False
19,2012-10-20,0.0,False
20,2012-10-21,0.0,False
21,2012-10-22,3.68,False
22,2012-10-23,3.08,False
23,2012-10-24,1.84,False
24,2012-10-25,1.92,False
25,2012-10-26,2.0,False
26,2012-10-27,0.0,False
27,2012-10-28,0.0,False
28,2012-10-29,0.0,False
29,2012-10-30,0.0,False
30,2012-10-31,1.8800000000000001,False
0,2012-11-01,4.5,False
1,2012-11-02,0.0,False
2,2012-11-03,0.0,False
3,2012-11-04,0.0,False
4,2012-11-05,4.2299999999999995,False
5,2012-11-06,0.0,False
6,2012-11-07,4.14,False
7,2012-11-08,0.0,False
8,2012-11-09,9.0,False
9,2012-11-10,5.04,False
10,2012-11-11,0.0,False
11,2012-11-12,4.2299999999999995,False
12,2012-11-13,4.2299999999999995,False
13,2012-11-14,4.32,False
14,2012-11-15,0.0,False
15,2012-11-16,6.66,False
16,2012-11-17,5.04,False
17,2012-11-18,0.0,False
18,2012-11-19,0.0,False
19,2012-11-20,4.14,False
20,2012-11-21,4.32,False
21,2012-11-22,4.41,False
22,2012-11-23,0.0,False
23,2012-11-24,0.0,False
24,2012-11-25,0.0,False
25,2012-11-26,0.0,False
26,2012-11-27,6.21,False
27,2012-11-28,4.14,False
28,2012-11-29,0.0,False
29,2012-11-30,4.41,False
0,2012-12-01,3.43,False
1,2012-12-02,0.0,False
2,2012-12-03,0.0,False
3,2012-12-04,2.8000000000000003,False
4,2012-12-05,2.87,False
5,2012-12-06,2.87,False
6,2012-12-07,0.0,False
7,2012-12-08,0.0,False
8,2012-12-09,0.0,False
9,2012-12-10,0.0,False
10,2012-12-11,2.87,False
11,2012-12-12,2.87,False
12,2012-12-13,2.9400000000000004,False
13,2012-12-14,3.0100000000000002,False
14,2012-12-15,3.43,False
15,2012-12-16,0.0,False
16,2012-12-17,0.0,False
17,2012-12-18,2.87,False
18,2012-12-19,5.880000000000001,False
19,2012-12-20,0.0,False
20,2012-12-21,0.0,False
21,2012-12-22,0.0,False
22,2012-12-23,0.0,False
23,2012-12-24,3.5700000000000003,False
24,2012-12-25,0.0,False
25,2012-12-26,0.0,False
26,2012-12-27,0.0,False
27,2012-12-28,0.0,False
28,2012-12-29,7.000000000000001,False
29,2012-12-30,0.0,False
30,2012-12-31,0.0,False
0,2013-01-01,0.0,False
1,2013-01-02,6.359999999999999,False
2,2013-01-03,6.24,False
3,2013-01-04,9.6,False
4,2013-01-05,0.0,False
5,2013-01-06,0.0,False
6,2013-01-07,12.0,False
7,2013-01-08,6.0,False
8,2013-01-09,5.88,False
9,2013-01-10,9.0,False
10,2013-01-11,0.0,False
11,2013-01-12,0.0,False
12,2013-01-13,0.0,False
13,2013-01-14,5.88,False
14,2013-01-15,5.76,False
15,2013-01-16,5.88,False
16,2013-01-17,5.88,False
17,2013-01-18,6.24,False
18,2013-01-19,0.0,False
19,2013-01-20,6.72,False
20,2013-01-21,5.76,False
21,2013-01-22,11.639999999999999,False
22,2013-01-23,0.0,False
23,2013-01-24,5.88,False
24,2013-01-25,0.0,False
25,2013-01-26,0.0,False
26,2013-01-27,0.0,False
27,2013-01-28,5.88,False
28,2013-01-29,5.76,False
29,2013-01-30,0.0,False
30,2013-01-31,0.0,False
0,2013-02-01,8.04,False
1,2013-02-02,0.0,False
2,2013-02-03,0.0,False
3,2013-02-04,7.56,False
4,2013-02-05,7.68,False
5,2013-02-06,7.56,False
6,2013-02-07,7.68,False
7,2013-02-08,12.0,False
8,2013-02-09,9.24,False
9,2013-02-10,0.0,False
10,2013-02-11,11.639999999999999,False
11,2013-02-12,11.879999999999999,False
12,2013-02-13,7.56,False
13,2013-02-14,7.92,False
14,2013-02-15,8.04,False
15,2013-02-16,9.0,False
16,2013-02-17,0.0,False
17,2013-02-18,7.56,False
18,2013-02-19,7.56,False
19,2013-02-20,7.56,False
20,2013-02-21,7.56,False
21,2013-02-22,0.0,False
22,2013-02-23,0.0,False
23,2013-02-24,0.0,False
24,2013-02-25,7.319999999999999,False
25,2013-02-26,7.319999999999999,False
26,2013-02-27,11.28,False
27,2013-02-28,7.56,False
0,2013-03-01,5.61,False
1,2013-03-02,0.0,False
2,2013-03-03,0.0,False
3,2013-03-04,10.67,False
4,2013-03-05,8.14,False
5,2013-03-06,10.78,False
6,2013-03-07,11.0,False
7,2013-03-08,8.36,False
8,2013-03-09,0.0,False
9,2013-03-10,0.0,False
10,2013-03-11,5.28,False
11,2013-03-12,5.17,False
12,2013-03-13,5.28,False
13,2013-03-14,0.0,False
14,2013-03-15,0.0,False
15,2013-03-16,0.0,False
16,2013-03-17,0.0,False
17,2013-03-18,5.28,False
18,2013-03-19,10.56,False
19,2013-03-20,0.0,False
20,2013-03-21,5.39,False
21,2013-03-22,0.0,False
22,2013-03-23,0.0,False
23,2013-03-24,0.0,False
24,2013-03-25,5.28,False
25,2013-03-26,0.0,False
26,2013-03-27,0.0,False
27,2013-03-28,5.72,False
28,2013-03-29,6.16,False
29,2013-03-30,0.0,False
30,2013-03-31,0.0,False
0,2013-04-01,8.04,False
1,2013-04-02,0.0,False
2,2013-04-03,3.84,False
3,2013-04-04,7.68,False
4,2013-04-05,12.0,False
5,2013-04-06,0.0,False
6,2013-04-07,4.56,False
7,2013-04-08,11.28,False
8,2013-04-09,11.28,False
9,2013-04-10,3.84,False
10,2013-04-11,3.84,False
11,2013-04-12,3.96,False
12,2013-04-13,0.0,False
13,2013-04-14,0.0,False
14,2013-04-15,3.84,False
15,2013-04-16,3.84,False
16,2013-04-17,3.84,False
17,2013-04-18,0.0,False
18,2013-04-19,4.08,False
19,2013-04-20,0.0,False
20,2013-04-21,0.0,False
21,2013-04-22,11.4,False
22,2013-04-23,3.84,False
23,2013-04-24,3.84,False
24,2013-04-25,5.88,False
25,2013-04-26,4.08,False
26,2013-04-27,4.56,False
27,2013-04-28,0.0,False
28,2013-04-29,3.84,False
29,2013-04-30,7.68,False
0,2013-05-01,10.0,False
1,2013-05-02,4.6000000000000005,False
2,2013-05-03,3.6,False
3,2013-05-04,0.0,False
4,2013-05-05,2.8000000000000003,False
5,2013-05-06,2.3000000000000003,False
6,2013-05-07,0.0,False
7,2013-05-08,0.0,False
8,2013-05-09,0.0,False
9,2013-05-10,2.4000000000000004,False
10,2013-05-11,0.0,False
11,2013-05-12,0.0,False
12,2013-05-13,0.0,False
13,2013-05-14,0.0,False
14,2013-05-15,2.2,False
15,2013-05-16,0.0,False
16,2013-05-17,2.4000000000000004,False
17,2013-05-18,2.7,False
18,2013-05-19,0.0,False
19,2013-05-20,6.800000000000001,False
20,2013-05-21,2.2,False
21,2013-05-22,0.0,False
22,2013-05-23,2.3000000000000003,False
23,2013-05-24,0.0,False
24,2013-05-25,2.7,False
25,2013-05-26,2.7,False
26,2013-05-27,0.0,False
27,2013-05-28,2.2,False
28,2013-05-29,2.2,False
29,2013-05-30,0.0,False
30,2013-05-31,4.7,False
0,2013-06-01,0.0,False
1,2013-06-02,3.51,False
2,2013-06-03,2.9699999999999998,False
3,2013-06-04,2.9699999999999998,False
4,2013-06-05,5.9399999999999995,False
5,2013-06-06,0.0,False
6,2013-06-07,3.06,False
7,2013-06-08,0.0,False
8,2013-06-09,0.0,False
9,2013-06-10,2.88,False
10,2013-06-11,2.88,False
11,2013-06-12,2.9699999999999998,False
12,2013-06-13,2.9699999999999998,False
13,2013-06-14,0.0,False
14,2013-06-15,0.0,False
15,2013-06-16,0.0,False
16,2013-06-17,2.9699999999999998,False
17,2013-06-18,9.0,False
18,2013-06-19,4.5,False
19,2013-06-20,3.06,False
20,2013-06-21,3.2399999999999998,False
21,2013-06-22,0.0,False
22,2013-06-23,0.0,False
23,2013-06-24,0.0,False
24,2013-06-25,2.9699999999999998,False
25,2013-06-26,2.9699999999999998,False
26,2013-06-27,4.5,False
27,2013-06-28,0.0,False
28,2013-06-29,3.78,False
29,2013-06-30,0.0,False
0,2013-07-01,3.0,False
1,2013-07-02,0.0,False
2,2013-07-03,3.0,False
3,2013-07-04,0.0,False
4,2013-07-05,3.2399999999999998,False
5,2013-07-06,0.0,False
6,2013-07-07,0.0,False
7,2013-07-08,3.0,False
8,2013-07-09,0.0,False
9,2013-07-10,4.56,False
10,2013-07-11,3.12,False
11,2013-07-12,3.2399999999999998,False
12,2013-07-13,3.7199999999999998,False
13,2013-07-14,3.7199999999999998,False
14,2013-07-15,7.68,False
15,2013-07-16,0.0,False
16,2013-07-17,4.68,False
17,2013-07-18,3.12,False
18,2013-07-19,6.4799999999999995,False
19,2013-07-20,3.7199999999999998,False
20,2013-07-21,0.0,False
21,2013-07-22,9.12,False
22,2013-07-23,12.0,False
23,2013-07-24,3.0,False
24,2013-07-25,3.12,False
25,2013-07-26,6.4799999999999995,False
26,2013-07-27,0.0,False
27,2013-07-28,3.7199999999999998,False
28,2013-07-29,6.0,False
29,2013-07-30,4.4399999999999995,False
30,2013-07-31,4.56,False
0,2013-08-01,11.0,False
1,2013-08-02,2.86,False
2,2013-08-03,3.41,False
3,2013-08-04,0.0,False
4,2013-08-05,2.75,False
5,2013-08-06,2.75,False
6,2013-08-07,0.0,False
7,2013-08-08,4.18,False
8,2013-08-09,2.86,False
9,2013-08-10,0.0,False
10,2013-08-11,0.0,False
11,2013-08-12,2.75,False
12,2013-08-13,0.0,False
13,2013-08-14,8.25,False
14,2013-08-15,2.86,False
15,2013-08-16,2.86,False
16,2013-08-17,3.3,False
17,2013-08-18,0.0,False
18,2013-08-19,0.0,False
19,2013-08-20,5.39,False
20,2013-08-21,2.64,False
21,2013-08-22,0.0,False
22,2013-08-23,0.0,False
23,2013-08-24,3.19,False
24,2013-08-25,0.0,False
25,2013-08-26,2.64,False
26,2013-08-27,0.0,False
27,2013-08-28,2.64,False
28,2013-08-29,3.96,False
29,2013-08-30,2.75,False
30,2013-08-31,0.0,False
0,2013-09-01,0.0,False
1,2013-09-02,2.25,False
2,2013-09-03,3.33,False
3,2013-09-04,9.0,False
4,2013-09-05,0.0,False
5,2013-09-06,2.34,False
6,2013-09-07,0.0,False
7,2013-09-08,0.0,False
8,2013-09-09,2.25,False
9,2013-09-10,0.0,False
10,2013-09-11,3.33,False
11,2013-09-12,4.5,False
12,2013-09-13,6.93,False
13,2013-09-14,2.61,False
14,2013-09-15,2.52,False
15,2013-09-16,4.41,False
16,2013-09-17,2.16,False
17,2013-09-18,0.0,False
18,2013-09-19,0.0,False
19,2013-09-20,2.34,False
20,2013-09-21,2.6999999999999997,False
21,2013-09-22,0.0,False
22,2013-09-23,0.0,False
23,2013-09-24,2.16,False
24,2013-09-25,4.41,False
25,2013-09-26,2.25,False
26,2013-09-27,4.68,False
27,2013-09-28,0.0,False
28,2013-09-29,0.0,False
29,2013-09-30,4.41,False
0,2013-10-01,3.63,False
1,2013-10-02,0.0,False
2,2013-10-03,0.0,False
3,2013-10-04,3.85,False
4,2013-10-05,0.0,False
5,2013-10-06,0.0,False
6,2013-10-07,9.24,False
7,2013-10-08,3.63,False
8,2013-10-09,7.48,False
9,2013-10-10,7.48,False
10,2013-10-11,7.81,False
11,2013-10-12,0.0,False
12,2013-10-13,0.0,False
13,2013-10-14,5.72,False
14,2013-10-15,0.0,False
15,2013-10-16,3.74,False
16,2013-10-17,3.74,False
17,2013-10-18,0.0,False
18,2013-10-19,4.4,False
19,2013-10-20,0.0,False
20,2013-10-21,3.63,False
21,2013-10-22,0.0,False
22,2013-10-23,3.63,False
23,2013-10-24,11.0,False
24,2013-10-25,3.85,False
25,2013-10-26,0.0,False
26,2013-10-27,0.0,False
27,2013-10-28,8.91,False
28,2013-10-29,7.26,False
29,2013-10-30,3.63,False
30,2013-10-31,3.74,False
0,2013-11-01,5.06,False
1,2013-11-02,5.61,False
2,2013-11-03,0.0,False
3,2013-11-04,4.73,False
4,2013-11-05,4.62,False
5,2013-11-06,4.62,False
6,2013-11-07,4.62,False
7,2013-11-08,9.68,False
8,2013-11-09,0.0,False
9,2013-11-10,5.39,False
10,2013-11-11,0.0,False
11,2013-11-12,0.0,False
12,2013-11-13,4.51,False
13,2013-11-14,9.46,False
14,2013-11-15,0.0,False
15,2013-11-16,11.0,False
16,2013-11-17,0.0,False
17,2013-11-18,4.62,False
18,2013-11-19,0.0,False
19,2013-11-20,4.62,False
20,2013-11-21,9.24,False
21,2013-11-22,4.84,False
22,2013-11-23,10.78,False
23,2013-11-24,0.0,False
24,2013-11-25,0.0,False
25,2013-11-26,4.51,False
26,2013-11-27,0.0,False
27,2013-11-28,0.0,False
28,2013-11-29,9.9,False
29,2013-11-30,5.39,False
0,2013-12-01,5.8500000000000005,False
1,2013-12-02,5.07,False
2,2013-12-03,0.0,False
3,2013-12-04,7.800000000000001,False
4,2013-12-05,10.4,False
5,2013-12-06,5.46,False
6,2013-12-07,6.24,False
7,2013-12-08,0.0,False
8,2013-12-09,5.07,False
9,2013-12-10,5.2,False
10,2013-12-11,5.2,False
11,2013-12-12,10.66,False
12,2013-12-13,5.59,False
13,2013-12-14,6.37,False
14,2013-12-15,0.0,False
15,2013-12-16,5.2,False
16,2013-12-17,8.06,False
17,2013-12-18,5.33,False
18,2013-12-19,8.19,False
19,2013-12-20,5.8500000000000005,False
20,2013-12-21,13.0,False
21,2013-12-22,6.5,False
22,2013-12-23,11.700000000000001,False
23,2013-12-24,12.870000000000001,False
24,2013-12-25,0.0,False
25,2013-12-26,8.97,False
26,2013-12-27,5.8500000000000005,False
27,2013-12-28,0.0,False
28,2013-12-29,0.0,False
29,2013-12-30,5.720000000000001,False
30,2013-12-31,6.37,False
0,2014-01-01,11.0,False
1,2014-01-02,8.91,False
2,2014-01-03,4.51,False
3,2014-01-04,9.9,False
4,2014-01-05,0.0,False
5,2014-01-06,8.47,False
6,2014-01-07,0.0,False
7,2014-01-08,5.61,False
8,2014-01-09,0.0,False
9,2014-01-10,5.83,False
10,2014-01-11,4.95,False
11,2014-01-12,0.0,False
12,2014-01-13,4.07,False
13,2014-01-14,8.25,False
14,2014-01-15,8.25,False
15,2014-01-16,0.0,False
16,2014-01-17,8.69,False
17,2014-01-18,4.95,False
18,2014-01-19,0.0,False
19,2014-01-20,4.07,False
20,2014-01-21,10.34,False
21,2014-01-22,8.14,False
22,2014-01-23,8.25,False
23,2014-01-24,0.0,False
24,2014-01-25,4.84,False
25,2014-01-26,4.84,False
26,2014-01-27,8.14,False
27,2014-01-28,6.05,False
28,2014-01-29,4.07,False
29,2014-01-30,4.18,False
30,2014-01-31,4.29,False
0,2014-02-01,0.0,False
1,2014-02-02,4.68,False
2,2014-02-03,8.04,False
3,2014-02-04,8.04,False
4,2014-02-05,4.08,False
5,2014-02-06,0.0,False
6,2014-02-07,9.12,False
7,2014-02-08,9.36,False
8,2014-02-09,4.68,False
9,2014-02-10,3.96,False
10,2014-02-11,11.879999999999999,False
11,2014-02-12,3.96,False
12,2014-02-13,8.04,False
13,2014-02-14,4.2,False
14,2014-02-15,4.68,False
15,2014-02-16,0.0,False
16,2014-02-17,6.0,False
17,2014-02-18,12.0,False
18,2014-02-19,4.08,False
19,2014-02-20,8.16,False
20,2014-02-21,8.28,False
21,2014-02-22,0.0,False
22,2014-02-23,4.68,False
23,2014-02-24,5.88,False
24,2014-02-25,3.96,False
25,2014-02-26,5.88,False
26,2014-02-27,4.08,False
27,2014-02-28,5.64,False
0,2014-03-01,0.0,False
1,2014-03-02,2.7,False
2,2014-03-03,0.0,False
3,2014-03-04,2.4000000000000004,False
4,2014-03-05,4.800000000000001,False
5,2014-03-06,3.6,False
6,2014-03-07,10.0,False
7,2014-03-08,0.0,False
8,2014-03-09,0.0,False
9,2014-03-10,2.4000000000000004,False
10,2014-03-11,2.3000000000000003,False
11,2014-03-12,2.4000000000000004,False
12,2014-03-13,2.4000000000000004,False
13,2014-03-14,3.7,False
14,2014-03-15,2.8000000000000003,False
15,2014-03-16,0.0,False
16,2014-03-17,0.0,False
17,2014-03-18,0.0,False
18,2014-03-19,0.0,False
19,2014-03-20,4.800000000000001,False
20,2014-03-21,4.9,False
21,2014-03-22,0.0,False
22,2014-03-23,2.7,False
23,2014-03-24,2.3000000000000003,False
24,2014-03-25,2.3000000000000003,False
25,2014-03-26,2.3000000000000003,False
26,2014-03-27,2.4000000000000004,False
27,2014-03-28,2.4000000000000004,False
28,2014-03-29,0.0,False
29,2014-03-30,2.7,False
30,2014-03-31,0.0,False
0,2014-04-01,8.879999999999999,False
1,2014-04-02,4.56,False
2,2014-04-03,0.0,False
3,2014-04-04,4.68,False
4,2014-04-05,0.0,False
5,2014-04-06,10.559999999999999,False
6,2014-04-07,8.879999999999999,False
7,2014-04-08,6.72,False
8,2014-04-09,4.4399999999999995,False
9,2014-04-10,4.56,False
10,2014-04-11,9.719999999999999,False
11,2014-04-12,5.52,False
12,2014-04-13,0.0,False
13,2014-04-14,4.56,False
14,2014-04-15,0.0,False
15,2014-04-16,6.96,False
16,2014-04-17,4.92,False
17,2014-04-18,5.16,False
18,2014-04-19,0.0,False
19,2014-04-20,0.0,False
20,2014-04-21,0.0,False
21,2014-04-22,8.879999999999999,False
22,2014-04-23,4.56,False
23,2014-04-24,0.0,False
24,2014-04-25,12.0,False
25,2014-04-26,0.0,False
26,2014-04-27,0.0,False
27,2014-04-28,4.4399999999999995,False
28,2014-04-29,4.56,False
29,2014-04-30,4.68,False
0,2014-05-01,4.32,False
1,2014-05-02,8.549999999999999,False
2,2014-05-03,0.0,False
3,2014-05-04,6.21,False
4,2014-05-05,2.6999999999999997,False
5,2014-05-06,2.61,False
6,2014-05-07,5.22,False
7,2014-05-08,5.22,False
8,2014-05-09,5.58,False
9,2014-05-10,4.68,False
10,2014-05-11,0.0,False
11,2014-05-12,0.0,False
12,2014-05-13,0.0,False
13,2014-05-14,2.61,False
14,2014-05-15,2.6999999999999997,False
15,2014-05-16,4.05,False
16,2014-05-17,3.2399999999999998,False
17,2014-05-18,0.0,False
18,2014-05-19,0.0,False
19,2014-05-20,5.31,False
20,2014-05-21,2.88,False
21,2014-05-22,2.88,False
22,2014-05-23,9.0,False
23,2014-05-24,0.0,False
24,2014-05-25,3.51,False
25,2014-05-26,0.0,False
26,2014-05-27,2.88,False
27,2014-05-28,4.32,False
28,2014-05-29,2.9699999999999998,False
29,2014-05-30,3.06,False
30,2014-05-31,0.0,False
0,2014-06-01,3.69,False
1,2014-06-02,2.9699999999999998,False
2,2014-06-03,0.0,False
3,2014-06-04,2.9699999999999998,False
4,2014-06-05,3.06,False
5,2014-06-06,0.0,False
6,2014-06-07,0.0,False
7,2014-06-08,3.78,False
8,2014-06-09,3.06,False
9,2014-06-10,0.0,False
10,2014-06-11,2.9699999999999998,False
11,2014-06-12,0.0,False
12,2014-06-13,3.15,False
13,2014-06-14,0.0,False
14,2014-06-15,0.0,False
15,2014-06-16,2.9699999999999998,False
16,2014-06-17,2.9699999999999998,False
17,2014-06-18,3.06,False
18,2014-06-19,5.22,False
19,2014-06-20,3.2399999999999998,False
20,2014-06-21,3.78,False
21,2014-06-22,0.0,False
22,2014-06-23,3.06,False
23,2014-06-24,9.0,False
24,2014-06-25,2.9699999999999998,False
25,2014-06-26,3.06,False
26,2014-06-27,6.39,False
27,2014-06-28,0.0,False
28,2014-06-29,3.69,False
29,2014-06-30,0.0,False
0,2014-07-01,12.610000000000001,False
1,2014-07-02,10.66,False
2,2014-07-03,8.71,False
3,2014-07-04,6.890000000000001,False
4,2014-07-05,7.800000000000001,False
5,2014-07-06,0.0,False
6,2014-07-07,6.37,False
7,2014-07-08,6.24,False
8,2014-07-09,6.37,False
9,2014-07-10,6.37,False
10,2014-07-11,6.63,False
11,2014-07-12,0.0,False
12,2014-07-13,0.0,False
13,2014-07-14,8.32,False
14,2014-07-15,6.24,False
15,2014-07-16,13.0,False
16,2014-07-17,6.5,False
17,2014-07-18,6.63,False
18,2014-07-19,7.800000000000001,False
19,2014-07-20,0.0,False
20,2014-07-21,10.530000000000001,False
21,2014-07-22,9.49,False
22,2014-07-23,9.75,False
23,2014-07-24,9.620000000000001,False
24,2014-07-25,6.76,False
25,2014-07-26,7.800000000000001,False
26,2014-07-27,0.0,False
27,2014-07-28,12.870000000000001,False
28,2014-07-29,12.74,False
29,2014-07-30,6.5,False
30,2014-07-31,6.37,False
0,2014-08-01,2.64,False
1,2014-08-02,3.08,False
2,2014-08-03,0.0,False
3,2014-08-04,5.06,False
4,2014-08-05,0.0,False
5,2014-08-06,0.0,False
6,2014-08-07,11.0,False
7,2014-08-08,5.39,False
8,2014-08-09,3.08,False
9,2014-08-10,0.0,False
10,2014-08-11,5.06,False
11,2014-08-12,3.74,False
12,2014-08-13,10.12,False
13,2014-08-14,2.53,False
14,2014-08-15,2.75,False
15,2014-08-16,6.05,False
16,2014-08-17,0.0,False
17,2014-08-18,0.0,False
18,2014-08-19,3.74,False
19,2014-08-20,0.0,False
20,2014-08-21,0.0,False
21,2014-08-22,2.64,False
22,2014-08-23,2.97,False
23,2014-08-24,0.0,False
24,2014-08-25,2.42,False
25,2014-08-26,2.42,False
26,2014-08-27,2.42,False
27,2014-08-28,2.53,False
28,2014-08-29,2.64,False
29,2014-08-30,0.0,False
30,2014-08-31,2.86,False
0,2014-09-01,1.56,False
1,2014-09-02,1.5,False
2,2014-09-03,0.0,False
3,2014-09-04,0.0,False
4,2014-09-05,0.0,False
5,2014-09-06,3.6599999999999997,False
6,2014-09-07,0.0,False
7,2014-09-08,1.5,False
8,2014-09-09,1.44,False
9,2014-09-10,0.0,False
10,2014-09-11,6.0,False
11,2014-09-12,3.12,False
12,2014-09-13,1.7999999999999998,False
13,2014-09-14,0.0,False
14,2014-09-15,0.0,False
15,2014-09-16,1.5,False
16,2014-09-17,1.5,False
17,2014-09-18,3.0,False
18,2014-09-19,0.0,False
19,2014-09-20,0.0,False
20,2014-09-21,0.0,False
21,2014-09-22,1.44,False
22,2014-09-23,1.5,False
23,2014-09-24,0.0,False
24,2014-09-25,3.06,False
25,2014-09-26,0.0,False
26,2014-09-27,1.7999999999999998,False
27,2014-09-28,0.0,False
28,2014-09-29,2.94,False
29,2014-09-30,2.94,False
0,2014-10-01,6.6,False
1,2014-10-02,9.0,False
2,2014-10-03,0.0,False
3,2014-10-04,5.3999999999999995,False
4,2014-10-05,0.0,False
5,2014-10-06,0.0,False
6,2014-10-07,4.35,False
7,2014-10-08,0.0,False
8,2014-10-09,4.5,False
9,2014-10-10,6.8999999999999995,False
10,2014-10-11,0.0,False
11,2014-10-12,0.0,False
12,2014-10-13,4.35,False
13,2014-10-14,6.45,False
14,2014-10-15,8.7,False
15,2014-10-16,0.0,False
16,2014-10-17,11.25,False
17,2014-10-18,7.8,False
18,2014-10-19,0.0,False
19,2014-10-20,0.0,False
20,2014-10-21,4.2,False
21,2014-10-22,15.0,False
22,2014-10-23,4.35,False
23,2014-10-24,0.0,False
24,2014-10-25,0.0,False
25,2014-10-26,10.2,False
26,2014-10-27,0.0,False
27,2014-10-28,0.0,False
28,2014-10-29,8.549999999999999,False
29,2014-10-30,4.35,False
30,2014-10-31,11.4,False
0,2014-11-01,11.96,False
1,2014-11-02,0.0,False
2,2014-11-03,10.01,False
3,2014-11-04,13.0,False
4,2014-11-05,13.0,False
5,2014-11-06,9.88,False
6,2014-11-07,9.23,False
7,2014-11-08,7.800000000000001,False
8,2014-11-09,0.0,False
9,2014-11-10,6.5,False
10,2014-11-11,6.5,False
11,2014-11-12,9.75,False
12,2014-11-13,6.5,False
13,2014-11-14,6.76,False
14,2014-11-15,7.67,False
15,2014-11-16,7.54,False
16,2014-11-17,6.5,False
17,2014-11-18,10.4,False
18,2014-11-19,6.76,False
19,2014-11-20,6.63,False
20,2014-11-21,10.14,False
21,2014-11-22,7.67,False
22,2014-11-23,0.0,False
23,2014-11-24,6.37,False
24,2014-11-25,0.0,False
25,2014-11-26,13.0,False
26,2014-11-27,6.76,False
27,2014-11-28,0.0,False
28,2014-11-29,0.0,False
29,2014-11-30,7.54,False
0,2014-12-01,5.2,False
1,2014-12-02,5.2,False
2,2014-12-03,0.0,False
3,2014-12-04,5.4,False
4,2014-12-05,5.6000000000000005,False
5,2014-12-06,6.4,False
6,2014-12-07,6.300000000000001,False
7,2014-12-08,5.4,False
8,2014-12-09,5.300000000000001,False
9,2014-12-10,7.2,False
10,2014-12-11,5.5,False
11,2014-12-12,5.7,False
12,2014-12-13,6.6000000000000005,False
13,2014-12-14,0.0,False
14,2014-12-15,7.2,False
15,2014-12-16,5.4,False
16,2014-12-17,0.0,False
17,2014-12-18,7.6000000000000005,False
18,2014-12-19,9.9,False
19,2014-12-20,6.7,False
20,2014-12-21,0.0,False
21,2014-12-22,5.800000000000001,False
22,2014-12-23,10.0,False
23,2014-12-24,0.0,False
24,2014-12-25,0.0,False
25,2014-12-26,0.0,False
26,2014-12-27,0.0,False
27,2014-12-28,0.0,False
28,2014-12-29,0.0,False
29,2014-12-30,5.9,False
30,2014-12-31,9.8,False
0,2015-01-01,0.0,False
1,2015-01-02,0.0,False
2,2015-01-03,3.2,False
3,2015-01-04,0.0,False
4,2015-01-05,2.72,False
5,2015-01-06,2.72,False
6,2015-01-07,2.64,False
7,2015-01-08,8.0,False
8,2015-01-09,2.72,False
9,2015-01-10,3.12,False
10,2015-01-11,0.0,False
11,2015-01-12,2.64,False
12,2015-01-13,2.64,False
13,2015-01-14,5.2,False
14,2015-01-15,2.64,False
15,2015-01-16,2.72,False
16,2015-01-17,3.12,False
17,2015-01-18,3.04,False
18,2015-01-19,0.0,False
19,2015-01-20,5.2,False
20,2015-01-21,0.0,False
21,2015-01-22,3.52,False
22,2015-01-23,0.0,False
23,2015-01-24,3.04,False
24,2015-01-25,0.0,False
25,2015-01-26,3.84,False
26,2015-01-27,7.76,False
27,2015-01-28,3.92,False
28,2015-01-29,3.92,False
29,2015-01-30,2.64,False
30,2015-01-31,3.04,False
0,2015-02-01,0.0,False
1,2015-02-02,7.000000000000001,False
2,2015-02-03,4.62,False
3,2015-02-04,7.000000000000001,False
4,2015-02-05,5.32,False
5,2015-02-06,7.420000000000001,False
6,2015-02-07,4.2,False
7,2015-02-08,0.0,False
8,2015-02-09,3.5000000000000004,False
9,2015-02-10,5.180000000000001,False
10,2015-02-11,5.32,False
11,2015-02-12,5.32,False
12,2015-02-13,11.200000000000001,False
13,2015-02-14,0.0,False
14,2015-02-15,4.2,False
15,2015-02-16,3.6400000000000006,False
16,2015-02-17,4.9,False
17,2015-02-18,3.6400000000000006,False
18,2015-02-19,7.280000000000001,False
19,2015-02-20,3.7800000000000002,False
20,2015-02-21,4.2,False
21,2015-02-22,0.0,False
22,2015-02-23,14.000000000000002,False
23,2015-02-24,3.5000000000000004,False
24,2015-02-25,3.6400000000000006,False
25,2015-02-26,8.82,False
26,2015-02-27,5.460000000000001,False
27,2015-02-28,4.0600000000000005,False
0,2015-03-01,0.0,False
1,2015-03-02,9.4,False
2,2015-03-03,4.7,False
3,2015-03-04,9.600000000000001,False
4,2015-03-05,7.2,False
5,2015-03-06,5.0,False
6,2015-03-07,5.7,False
7,2015-03-08,0.0,False
8,2015-03-09,4.800000000000001,False
9,2015-03-10,9.5,False
10,2015-03-11,9.5,False
11,2015-03-12,4.800000000000001,False
12,2015-03-13,10.0,False
13,2015-03-14,5.6000000000000005,False
14,2015-03-15,5.5,False
15,2015-03-16,4.800000000000001,False
16,2015-03-17,9.600000000000001,False
17,2015-03-18,7.2,False
18,2015-03-19,7.1000000000000005,False
19,2015-03-20,4.9,False
20,2015-03-21,5.7,False
21,2015-03-22,0.0,False
22,2015-03-23,0.0,False
23,2015-03-24,0.0,False
24,2015-03-25,7.0,False
25,2015-03-26,5.5,False
26,2015-03-27,7.5,False
27,2015-03-28,0.0,False
28,2015-03-29,0.0,False
29,2015-03-30,4.800000000000001,False
30,2015-03-31,4.800000000000001,False
0,2015-04-01,2.16,False
1,2015-04-02,2.28,False
2,2015-04-03,2.4,False
3,2015-04-04,0.0,False
4,2015-04-05,0.0,False
5,2015-04-06,3.48,False
6,2015-04-07,2.16,False
7,2015-04-08,2.16,False
8,2015-04-09,2.16,False
9,2015-04-10,6.84,False
10,2015-04-11,2.6399999999999997,False
11,2015-04-12,2.52,False
12,2015-04-13,2.16,False
13,2015-04-14,4.2,False
14,2015-04-15,5.3999999999999995,False
15,2015-04-16,3.2399999999999998,False
16,2015-04-17,3.36,False
17,2015-04-18,2.52,False
18,2015-04-19,0.0,False
19,2015-04-20,3.2399999999999998,False
20,2015-04-21,4.32,False
21,2015-04-22,5.04,False
22,2015-04-23,12.0,False
23,2015-04-24,6.72,False
24,2015-04-25,0.0,False
25,2015-04-26,2.52,False
26,2015-04-27,2.88,False
27,2015-04-28,2.76,False
28,2015-04-29,2.16,False
29,2015-04-30,2.28,False
0,2015-05-01,4.68,False
1,2015-05-02,4.94,False
2,2015-05-03,7.41,False
3,2015-05-04,6.37,False
4,2015-05-05,4.16,False
5,2015-05-06,4.16,False
6,2015-05-07,8.450000000000001,False
7,2015-05-08,4.42,False
8,2015-05-09,5.07,False
9,2015-05-10,0.0,False
10,2015-05-11,0.0,False
11,2015-05-12,4.16,False
12,2015-05-13,4.16,False
13,2015-05-14,4.29,False
14,2015-05-15,13.0,False
15,2015-05-16,9.88,False
16,2015-05-17,0.0,False
17,2015-05-18,6.24,False
18,2015-05-19,6.890000000000001,False
19,2015-05-20,4.16,False
20,2015-05-21,4.16,False
21,2015-05-22,4.42,False
22,2015-05-23,5.07,False
23,2015-05-24,5.07,False
24,2015-05-25,8.71,False
25,2015-05-26,4.03,False
26,2015-05-27,6.890000000000001,False
27,2015-05-28,4.16,False
28,2015-05-29,5.8500000000000005,False
29,2015-05-30,4.94,False
30,2015-05-31,0.0,False
0,2015-06-01,0.0,False
1,2015-06-02,6.93,False
2,2015-06-03,6.93,False
3,2015-06-04,3.63,False
4,2015-06-05,3.74,False
5,2015-06-06,0.0,False
6,2015-06-07,4.18,False
7,2015-06-08,4.62,False
8,2015-06-09,3.41,False
9,2015-06-10,3.52,False
10,2015-06-11,3.63,False
11,2015-06-12,11.0,False
12,2015-06-13,4.29,False
13,2015-06-14,4.18,False
14,2015-06-15,10.23,False
15,2015-06-16,8.58,False
16,2015-06-17,5.17,False
17,2015-06-18,4.73,False
18,2015-06-19,4.95,False
19,2015-06-20,0.0,False
20,2015-06-21,0.0,False
21,2015-06-22,6.93,False
22,2015-06-23,3.52,False
23,2015-06-24,0.0,False
24,2015-06-25,5.94,False
25,2015-06-26,7.37,False
26,2015-06-27,6.38,False
27,2015-06-28,0.0,False
28,2015-06-29,5.28,False
29,2015-06-30,3.52,False
0,2015-07-01,5.6000000000000005,False
1,2015-07-02,7.5600000000000005,False
2,2015-07-03,6.0200000000000005,False
3,2015-07-04,13.72,False
4,2015-07-05,0.0,False
5,2015-07-06,5.6000000000000005,False
6,2015-07-07,5.6000000000000005,False
7,2015-07-08,5.460000000000001,False
8,2015-07-09,11.340000000000002,False
9,2015-07-10,5.880000000000001,False
10,2015-07-11,6.720000000000001,False
11,2015-07-12,0.0,False
12,2015-07-13,12.88,False
13,2015-07-14,5.6000000000000005,False
14,2015-07-15,11.340000000000002,False
15,2015-07-16,5.74,False
16,2015-07-17,8.96,False
17,2015-07-18,0.0,False
18,2015-07-19,0.0,False
19,2015-07-20,5.880000000000001,False
20,2015-07-21,7.5600000000000005,False
21,2015-07-22,14.000000000000002,False
22,2015-07-23,9.38,False
23,2015-07-24,9.66,False
24,2015-07-25,6.720000000000001,False
25,2015-07-26,0.0,False
26,2015-07-27,0.0,False
27,2015-07-28,8.260000000000002,False
28,2015-07-29,9.24,False
29,2015-07-30,5.6000000000000005,False
30,2015-07-31,5.880000000000001,False
0,2015-08-01,0.0,False
1,2015-08-02,4.03,False
2,2015-08-03,3.38,False
3,2015-08-04,3.25,False
4,2015-08-05,3.38,False
5,2015-08-06,6.76,False
6,2015-08-07,7.0200000000000005,False
7,2015-08-08,0.0,False
8,2015-08-09,3.9000000000000004,False
9,2015-08-10,3.25,False
10,2015-08-11,4.94,False
11,2015-08-12,0.0,False
12,2015-08-13,3.38,False
13,2015-08-14,10.27,False
14,2015-08-15,0.0,False
15,2015-08-16,3.9000000000000004,False
16,2015-08-17,0.0,False
17,2015-08-18,13.0,False
18,2015-08-19,3.25,False
19,2015-08-20,4.94,False
20,2015-08-21,5.07,False
21,2015-08-22,3.9000000000000004,False
22,2015-08-23,0.0,False
23,2015-08-24,12.610000000000001,False
24,2015-08-25,11.05,False
25,2015-08-26,3.25,False
26,2015-08-27,9.75,False
27,2015-08-28,10.14,False
28,2015-08-29,0.0,False
29,2015-08-30,11.440000000000001,False
30,2015-08-31,3.12,False
0,2015-09-01,4.32,False
1,2015-09-02,3.2399999999999998,False
2,2015-09-03,2.25,False
3,2015-09-04,3.42,False
4,2015-09-05,2.61,False
5,2015-09-06,2.61,False
6,2015-09-07,0.0,False
7,2015-09-08,4.32,False
8,2015-09-09,3.2399999999999998,False
9,2015-09-10,2.88,False
10,2015-09-11,9.0,False
11,2015-09-12,0.0,False
12,2015-09-13,0.0,False
13,2015-09-14,2.16,False
14,2015-09-15,3.15,False
15,2015-09-16,2.16,False
16,2015-09-17,3.2399999999999998,False
17,2015-09-18,3.33,False
18,2015-09-19,5.13,False
19,2015-09-20,2.52,False
20,2015-09-21,3.15,False
21,2015-09-22,4.2299999999999995,False
22,2015-09-23,2.16,False
23,2015-09-24,3.33,False
24,2015-09-25,0.0,False
25,2015-09-26,2.52,False
26,2015-09-27,0.0,False
27,2015-09-28,2.07,False
28,2015-09-29,2.07,False
29,2015-09-30,2.07,False
0,2015-10-01,8.459999999999999,False
1,2015-10-02,7.02,False
2,2015-10-03,3.96,False
3,2015-10-04,3.96,False
4,2015-10-05,4.5,False
5,2015-10-06,5.58,False
6,2015-10-07,5.58,False
7,2015-10-08,6.84,False
8,2015-10-09,4.68,False
9,2015-10-10,3.96,False
10,2015-10-11,0.0,False
11,2015-10-12,3.42,False
12,2015-10-13,6.66,False
13,2015-10-14,6.66,False
14,2015-10-15,3.42,False
15,2015-10-16,10.44,False
16,2015-10-17,0.0,False
17,2015-10-18,0.0,False
18,2015-10-19,5.58,False
19,2015-10-20,4.859999999999999,False
20,2015-10-21,7.739999999999999,False
21,2015-10-22,18.0,False
22,2015-10-23,5.9399999999999995,False
23,2015-10-24,3.96,False
24,2015-10-25,0.0,False
25,2015-10-26,6.4799999999999995,False
26,2015-10-27,7.739999999999999,False
27,2015-10-28,6.66,False
28,2015-10-29,9.0,False
29,2015-10-30,0.0,False
30,2015-10-31,3.96,False
0,2015-11-01,0.0,False
1,2015-11-02,3.8000000000000003,False
2,2015-11-03,2.5,False
3,2015-11-04,2.5,False
4,2015-11-05,0.0,False
5,2015-11-06,6.6000000000000005,False
6,2015-11-07,0.0,False
7,2015-11-08,0.0,False
8,2015-11-09,3.7,False
9,2015-11-10,0.0,False
10,2015-11-11,7.800000000000001,False
11,2015-11-12,2.6,False
12,2015-11-13,6.7,False
13,2015-11-14,0.0,False
14,2015-11-15,2.9000000000000004,False
15,2015-11-16,2.5,False
16,2015-11-17,0.0,False
17,2015-11-18,2.5,False
18,2015-11-19,2.6,False
19,2015-11-20,5.300000000000001,False
20,2015-11-21,6.0,False
21,2015-11-22,0.0,False
22,2015-11-23,2.5,False
23,2015-11-24,2.5,False
24,2015-11-25,10.0,False
25,2015-11-26,2.6,False
26,2015-11-27,0.0,False
27,2015-11-28,0.0,False
28,2015-11-29,2.9000000000000004,False
29,2015-11-30,2.5,False
0,2015-12-01,8.8,False
1,2015-12-02,6.6000000000000005,False
2,2015-12-03,6.800000000000001,False
3,2015-12-04,4.6000000000000005,False
4,2015-12-05,8.0,False
5,2015-12-06,0.0,False
6,2015-12-07,4.4,False
7,2015-12-08,4.5,False
8,2015-12-09,6.0,False
9,2015-12-10,6.0,False
10,2015-12-11,4.7,False
11,2015-12-12,5.300000000000001,False
12,2015-12-13,0.0,False
13,2015-12-14,0.0,False
14,2015-12-15,4.6000000000000005,False
15,2015-12-16,4.6000000000000005,False
16,2015-12-17,7.800000000000001,False
17,2015-12-18,10.0,False
18,2015-12-19,5.6000000000000005,False
19,2015-12-20,0.0,False
20,2015-12-21,8.0,False
21,2015-12-22,4.800000000000001,False
22,2015-12-23,5.0,False
23,2015-12-24,5.7,False
24,2015-12-25,0.0,False
25,2015-12-26,0.0,False
26,2015-12-27,0.0,False
27,2015-12-28,0.0,False
28,2015-12-29,4.9,False
29,2015-12-30,0.0,False
30,2015-12-31,8.200000000000001,False
0,2016-01-01,12.750000000000002,False
1,2016-01-02,5.78,False
2,2016-01-03,0.0,False
3,2016-01-04,5.1000000000000005,False
4,2016-01-05,0.0,False
5,2016-01-06,10.200000000000001,False
6,2016-01-07,9.860000000000001,False
7,2016-01-08,5.1000000000000005,False
8,2016-01-09,5.61,False
9,2016-01-10,0.0,False
10,2016-01-11,0.0,False
11,2016-01-12,4.760000000000001,False
12,2016-01-13,0.0,False
13,2016-01-14,9.690000000000001,False
14,2016-01-15,12.750000000000002,False
15,2016-01-16,17.0,False
16,2016-01-17,0.0,False
17,2016-01-18,0.0,False
18,2016-01-19,4.930000000000001,False
19,2016-01-20,4.930000000000001,False
20,2016-01-21,12.41,False
21,2016-01-22,5.1000000000000005,False
22,2016-01-23,0.0,False
23,2016-01-24,0.0,False
24,2016-01-25,4.930000000000001,False
25,2016-01-26,0.0,False
26,2016-01-27,9.690000000000001,False
27,2016-01-28,9.860000000000001,False
28,2016-01-29,7.65,False
29,2016-01-30,5.61,False
30,2016-01-31,0.0,False
0,2016-02-01,14.7,False
1,2016-02-02,8.85,False
2,2016-02-03,7.949999999999999,False
3,2016-02-04,10.049999999999999,False
4,2016-02-05,10.35,False
5,2016-02-06,0.0,False
6,2016-02-07,0.0,False
7,2016-02-08,8.1,False
8,2016-02-09,12.0,False
9,2016-02-10,12.0,False
10,2016-02-11,15.0,False
11,2016-02-12,6.1499999999999995,False
12,2016-02-13,6.75,False
13,2016-02-14,0.0,False
14,2016-02-15,6.0,False
15,2016-02-16,9.75,False
16,2016-02-17,9.9,False
17,2016-02-18,5.85,False
18,2016-02-19,6.0,False
19,2016-02-20,6.75,False
20,2016-02-21,0.0,False
21,2016-02-22,7.8,False
22,2016-02-23,9.6,False
23,2016-02-24,11.7,False
24,2016-02-25,8.85,False
25,2016-02-26,6.1499999999999995,False
26,2016-02-27,13.35,False
27,2016-02-28,6.6,False
28,2016-02-29,8.549999999999999,False
0,2016-03-01,5.98,False
1,2016-03-02,5.98,False
2,2016-03-03,11.96,False
3,2016-03-04,9.23,False
4,2016-03-05,0.0,False
5,2016-03-06,0.0,False
6,2016-03-07,5.98,False
7,2016-03-08,0.0,False
8,2016-03-09,12.09,False
9,2016-03-10,6.11,False
10,2016-03-11,6.24,False
11,2016-03-12,7.0200000000000005,False
12,2016-03-13,0.0,False
13,2016-03-14,5.98,False
14,2016-03-15,11.96,False
15,2016-03-16,0.0,False
16,2016-03-17,0.0,False
17,2016-03-18,12.74,False
18,2016-03-19,0.0,False
19,2016-03-20,0.0,False
20,2016-03-21,0.0,False
21,2016-03-22,6.11,False
22,2016-03-23,6.24,False
23,2016-03-24,13.0,False
24,2016-03-25,6.76,False
25,2016-03-26,7.28,False
26,2016-03-27,0.0,False
27,2016-03-28,9.36,False
28,2016-03-29,11.96,False
29,2016-03-30,5.98,False
30,2016-03-31,9.1,False
0,2016-04-01,0.0,False
1,2016-04-02,4.5,False
2,2016-04-03,0.0,False
3,2016-04-04,0.0,False
4,2016-04-05,7.92,False
5,2016-04-06,3.96,False
6,2016-04-07,11.7,False
7,2016-04-08,4.14,False
8,2016-04-09,4.5,False
9,2016-04-10,0.0,False
10,2016-04-11,3.96,False
11,2016-04-12,7.739999999999999,False
12,2016-04-13,3.96,False
13,2016-04-14,7.92,False
14,2016-04-15,4.14,False
15,2016-04-16,0.0,False
16,2016-04-17,0.0,False
17,2016-04-18,11.7,False
18,2016-04-19,5.76,False
19,2016-04-20,7.92,False
20,2016-04-21,9.9,False
21,2016-04-22,4.14,False
22,2016-04-23,0.0,False
23,2016-04-24,0.0,False
24,2016-04-25,5.76,False
25,2016-04-26,5.76,False
26,2016-04-27,11.7,False
27,2016-04-28,18.0,False
28,2016-04-29,4.14,False
29,2016-04-30,0.0,False
0,2016-05-01,4.930000000000001,False
1,2016-05-02,5.78,False
2,2016-05-03,8.33,False
3,2016-05-04,12.750000000000002,False
4,2016-05-05,5.78,False
5,2016-05-06,8.84,False
6,2016-05-07,4.930000000000001,False
7,2016-05-08,0.0,False
8,2016-05-09,6.460000000000001,False
9,2016-05-10,4.25,False
10,2016-05-11,4.25,False
11,2016-05-12,4.25,False
12,2016-05-13,8.67,False
13,2016-05-14,0.0,False
14,2016-05-15,4.760000000000001,False
15,2016-05-16,16.66,False
16,2016-05-17,0.0,False
17,2016-05-18,0.0,False
18,2016-05-19,9.860000000000001,False
19,2016-05-20,6.630000000000001,False
20,2016-05-21,0.0,False
21,2016-05-22,0.0,False
22,2016-05-23,11.05,False
23,2016-05-24,4.25,False
24,2016-05-25,17.0,False
25,2016-05-26,5.95,False
26,2016-05-27,11.9,False
27,2016-05-28,0.0,False
28,2016-05-29,10.030000000000001,False
29,2016-05-30,0.0,False
30,2016-05-31,8.33,False
0,2016-06-01,9.350000000000001,False
1,2016-06-02,17.0,False
2,2016-06-03,7.82,False
3,2016-06-04,0.0,False
4,2016-06-05,0.0,False
5,2016-06-06,5.61,False
6,2016-06-07,9.350000000000001,False
7,2016-06-08,7.48,False
8,2016-06-09,7.48,False
9,2016-06-10,7.82,False
10,2016-06-11,6.460000000000001,False
11,2016-06-12,0.0,False
12,2016-06-13,5.44,False
13,2016-06-14,10.88,False
14,2016-06-15,16.490000000000002,False
15,2016-06-16,5.61,False
16,2016-06-17,8.84,False
17,2016-06-18,13.260000000000002,False
18,2016-06-19,0.0,False
19,2016-06-20,5.61,False
20,2016-06-21,11.22,False
21,2016-06-22,5.61,False
22,2016-06-23,11.56,False
23,2016-06-24,13.940000000000001,False
24,2016-06-25,6.630000000000001,False
25,2016-06-26,0.0,False
26,2016-06-27,13.090000000000002,False
27,2016-06-28,9.350000000000001,False
28,2016-06-29,11.39,False
29,2016-06-30,11.56,False
0,2016-07-01,17.4,False
1,2016-07-02,0.0,False
2,2016-07-03,0.0,False
3,2016-07-04,3.7699999999999996,False
4,2016-07-05,3.7699999999999996,False
5,2016-07-06,8.99,False
6,2016-07-07,3.7699999999999996,False
7,2016-07-08,6.09,False
8,2016-07-09,4.35,False
9,2016-07-10,4.35,False
10,2016-07-11,7.539999999999999,False
11,2016-07-12,3.7699999999999996,False
12,2016-07-13,5.8,False
13,2016-07-14,8.7,False
14,2016-07-15,9.86,False
15,2016-07-16,0.0,False
16,2016-07-17,4.35,False
17,2016-07-18,5.22,False
18,2016-07-19,6.38,False
19,2016-07-20,5.22,False
20,2016-07-21,7.829999999999999,False
21,2016-07-22,4.06,False
22,2016-07-23,4.35,False
23,2016-07-24,0.0,False
24,2016-07-25,11.309999999999999,False
25,2016-07-26,28.999999999999996,False
26,2016-07-27,15.079999999999998,False
27,2016-07-28,17.689999999999998,False
28,2016-07-29,10.44,False
29,2016-07-30,4.35,False
30,2016-07-31,5.8,False
0,2016-08-01,14.76,False
1,2016-08-02,14.58,False
2,2016-08-03,8.459999999999999,False
3,2016-08-04,14.04,False
4,2016-08-05,5.9399999999999995,False
5,2016-08-06,6.66,False
6,2016-08-07,0.0,False
7,2016-08-08,11.34,False
8,2016-08-09,14.04,False
9,2016-08-10,5.76,False
10,2016-08-11,14.58,False
11,2016-08-12,14.94,False
12,2016-08-13,6.66,False
13,2016-08-14,0.0,False
14,2016-08-15,18.0,False
15,2016-08-16,14.58,False
16,2016-08-17,11.7,False
17,2016-08-18,9.9,False
18,2016-08-19,15.12,False
19,2016-08-20,6.66,False
20,2016-08-21,6.66,False
21,2016-08-22,5.76,False
22,2016-08-23,5.76,False
23,2016-08-24,11.16,False
24,2016-08-25,5.3999999999999995,False
25,2016-08-26,7.56,False
26,2016-08-27,6.4799999999999995,False
27,2016-08-28,6.3,False
28,2016-08-29,5.3999999999999995,False
29,2016-08-30,10.799999999999999,False
30,2016-08-31,10.799999999999999,False
0,2016-09-01,16.0,False
1,2016-09-02,0.0,False
2,2016-09-03,3.2,False
3,2016-09-04,0.0,False
4,2016-09-05,0.0,False
5,2016-09-06,7.84,False
6,2016-09-07,5.28,False
7,2016-09-08,5.44,False
8,2016-09-09,2.72,False
9,2016-09-10,3.04,False
10,2016-09-11,0.0,False
11,2016-09-12,5.28,False
12,2016-09-13,6.5600000000000005,False
13,2016-09-14,5.28,False
14,2016-09-15,2.72,False
15,2016-09-16,8.16,False
16,2016-09-17,0.0,False
17,2016-09-18,3.04,False
18,2016-09-19,10.24,False
19,2016-09-20,7.68,False
20,2016-09-21,5.12,False
21,2016-09-22,5.28,False
22,2016-09-23,5.44,False
23,2016-09-24,0.0,False
24,2016-09-25,0.0,False
25,2016-09-26,5.12,False
26,2016-09-27,3.84,False
27,2016-09-28,7.68,False
28,2016-09-29,2.56,False
29,2016-09-30,8.16,False
0,2016-10-01,5.800000000000001,False
1,2016-10-02,5.6000000000000005,False
2,2016-10-03,10.0,False
3,2016-10-04,12.600000000000001,False
4,2016-10-05,8.4,False
5,2016-10-06,13.600000000000001,False
6,2016-10-07,8.8,False
7,2016-10-08,5.800000000000001,False
8,2016-10-09,0.0,False
9,2016-10-10,7.6000000000000005,False
10,2016-10-11,7.6000000000000005,False
11,2016-10-12,0.0,False
12,2016-10-13,10.200000000000001,False
13,2016-10-14,8.0,False
14,2016-10-15,0.0,False
15,2016-10-16,9.600000000000001,False
16,2016-10-17,15.0,False
17,2016-10-18,7.4,False
18,2016-10-19,5.0,False
19,2016-10-20,7.6000000000000005,False
20,2016-10-21,15.600000000000001,False
21,2016-10-22,5.800000000000001,False
22,2016-10-23,0.0,False
23,2016-10-24,19.8,False
24,2016-10-25,5.0,False
25,2016-10-26,20.0,False
26,2016-10-27,11.8,False
27,2016-10-28,16.0,False
28,2016-10-29,0.0,False
29,2016-10-30,0.0,False
30,2016-10-31,10.200000000000001,False
0,2016-11-01,8.4,False
1,2016-11-02,8.16,False
2,2016-11-03,8.16,False
3,2016-11-04,4.32,False
4,2016-11-05,4.8,False
5,2016-11-06,4.56,False
6,2016-11-07,7.92,False
7,2016-11-08,6.0,False
8,2016-11-09,11.04,False
9,2016-11-10,12.48,False
10,2016-11-11,8.64,False
11,2016-11-12,0.0,False
12,2016-11-13,4.56,False
13,2016-11-14,4.08,False
14,2016-11-15,10.08,False
15,2016-11-16,6.0,False
16,2016-11-17,10.32,False
17,2016-11-18,8.4,False
18,2016-11-19,4.56,False
19,2016-11-20,4.56,False
20,2016-11-21,6.0,False
21,2016-11-22,24.0,False
22,2016-11-23,10.08,False
23,2016-11-24,4.08,False
24,2016-11-25,8.4,False
25,2016-11-26,4.56,False
26,2016-11-27,0.0,False
27,2016-11-28,11.52,False
28,2016-11-29,3.84,False
29,2016-11-30,7.92,False
0,2016-12-01,9.68,False
1,2016-12-02,7.48,False
2,2016-12-03,0.0,False
3,2016-12-04,0.0,False
4,2016-12-05,8.8,False
5,2016-12-06,7.04,False
6,2016-12-07,9.46,False
7,2016-12-08,22.0,False
8,2016-12-09,7.48,False
9,2016-12-10,0.0,False
10,2016-12-11,0.0,False
11,2016-12-12,9.46,False
12,2016-12-13,11.88,False
13,2016-12-14,14.3,False
14,2016-12-15,12.32,False
15,2016-12-16,12.98,False
16,2016-12-17,11.44,False
17,2016-12-18,5.72,False
18,2016-12-19,7.48,False
19,2016-12-20,14.96,False
20,2016-12-21,20.24,False
21,2016-12-22,15.62,False
22,2016-12-23,8.14,False
23,2016-12-24,0.0,False
24,2016-12-25,0.0,False
25,2016-12-26,5.28,False
26,2016-12-27,5.06,False
27,2016-12-28,12.98,False
28,2016-12-29,20.68,False
29,2016-12-30,8.14,False
30,2016-12-31,5.94,False
0,2017-01-01,10.149999999999999,False
1,2017-01-02,4.35,False
2,2017-01-03,12.469999999999999,False
3,2017-01-04,8.12,False
4,2017-01-05,8.12,False
5,2017-01-06,14.79,False
6,2017-01-07,8.99,False
7,2017-01-08,0.0,False
8,2017-01-09,7.829999999999999,False
9,2017-01-10,9.86,False
10,2017-01-11,13.629999999999999,False
11,2017-01-12,4.06,False
12,2017-01-13,4.06,False
13,2017-01-14,0.0,False
14,2017-01-15,0.0,False
15,2017-01-16,5.8,False
16,2017-01-17,11.6,False
17,2017-01-18,9.569999999999999,False
18,2017-01-19,5.8,False
19,2017-01-20,22.04,False
20,2017-01-21,4.35,False
21,2017-01-22,0.0,False
22,2017-01-23,5.8,False
23,2017-01-24,25.229999999999997,False
24,2017-01-25,21.459999999999997,False
25,2017-01-26,28.999999999999996,False
26,2017-01-27,12.18,False
27,2017-01-28,4.64,False
28,2017-01-29,0.0,False
29,2017-01-30,11.6,False
30,2017-01-31,19.43,False
0,2017-02-01,11.549999999999999,False
1,2017-02-02,28.0,False
2,2017-02-03,12.25,False
3,2017-02-04,18.2,False
4,2017-02-05,17.5,False
5,2017-02-06,19.25,False
6,2017-02-07,31.15,False
7,2017-02-08,19.599999999999998,False
8,2017-02-09,28.0,False
9,2017-02-10,12.25,False
10,2017-02-11,13.649999999999999,False
11,2017-02-12,0.0,False
12,2017-02-13,30.799999999999997,False
13,2017-02-14,31.15,False
14,2017-02-15,28.0,False
15,2017-02-16,31.15,False
16,2017-02-17,27.299999999999997,False
17,2017-02-18,9.1,False
18,2017-02-19,0.0,False
19,2017-02-20,7.699999999999999,False
20,2017-02-21,15.399999999999999,False
21,2017-02-22,35.0,False
22,2017-02-23,8.049999999999999,False
23,2017-02-24,20.299999999999997,False
24,2017-02-25,0.0,False
25,2017-02-26,0.0,False
26,2017-02-27,30.45,False
27,2017-02-28,23.099999999999998,False
0,2017-03-01,37.24,False
1,2017-03-02,30.4,False
2,2017-03-03,17.86,False
3,2017-03-04,7.98,False
4,2017-03-05,0.0,False
5,2017-03-06,20.14,False
6,2017-03-07,29.64,False
7,2017-03-08,30.78,False
8,2017-03-09,13.68,False
9,2017-03-10,11.02,False
10,2017-03-11,7.98,False
11,2017-03-12,0.0,False
12,2017-03-13,29.26,False
13,2017-03-14,14.06,False
14,2017-03-15,20.9,False
15,2017-03-16,31.92,False
16,2017-03-17,25.84,False
17,2017-03-18,7.98,False
18,2017-03-19,7.98,False
19,2017-03-20,14.06,False
20,2017-03-21,24.32,False
21,2017-03-22,38.0,False
22,2017-03-23,17.48,False
23,2017-03-24,21.66,False
24,2017-03-25,0.0,False
25,2017-03-26,7.98,False
26,2017-03-27,10.26,False
27,2017-03-28,6.84,False
28,2017-03-29,24.32,False
29,2017-03-30,10.64,False
30,2017-03-31,0.0,False
0,2017-04-01,5.1,False
1,2017-04-02,9.9,False
2,2017-04-03,23.7,False
3,2017-04-04,12.9,False
4,2017-04-05,19.2,False
5,2017-04-06,6.6,False
6,2017-04-07,11.1,False
7,2017-04-08,0.0,False
8,2017-04-09,0.0,False
9,2017-04-10,0.0,False
10,2017-04-11,13.2,False
11,2017-04-12,13.2,False
12,2017-04-13,11.7,False
13,2017-04-14,7.5,False
14,2017-04-15,5.1,False
15,2017-04-16,0.0,False
16,2017-04-17,9.0,False
17,2017-04-18,17.099999999999998,False
18,2017-04-19,12.9,False
19,2017-04-20,19.5,False
20,2017-04-21,9.0,False
21,2017-04-22,5.1,False
22,2017-04-23,9.6,False
23,2017-04-24,19.2,False
24,2017-04-25,30.0,False
25,2017-04-26,12.6,False
26,2017-04-27,19.5,False
27,2017-04-28,9.0,False
28,2017-04-29,0.0,False
29,2017-04-30,5.1,False
0,2017-05-01,25.919999999999998,False
1,2017-05-02,14.399999999999999,False
2,2017-05-03,28.439999999999998,False
3,2017-05-04,16.919999999999998,False
4,2017-05-05,29.88,False
5,2017-05-06,8.28,False
6,2017-05-07,0.0,False
7,2017-05-08,21.599999999999998,False
8,2017-05-09,7.199999999999999,False
9,2017-05-10,21.24,False
10,2017-05-11,19.439999999999998,False
11,2017-05-12,17.64,False
12,2017-05-13,16.919999999999998,False
13,2017-05-14,8.28,False
14,2017-05-15,20.16,False
15,2017-05-16,36.0,False
16,2017-05-17,33.48,False
17,2017-05-18,34.56,False
18,2017-05-19,18.72,False
19,2017-05-20,13.68,False
20,2017-05-21,9.0,False
21,2017-05-22,34.56,False
22,2017-05-23,17.64,False
23,2017-05-24,23.4,False
24,2017-05-25,23.4,False
25,2017-05-26,16.56,False
26,2017-05-27,9.36,False
27,2017-05-28,13.68,False
28,2017-05-29,7.92,False
29,2017-05-30,17.64,False
30,2017-05-31,22.32,False
0,2017-06-01,11.16,False
1,2017-06-02,20.52,False
2,2017-06-03,8.28,False
3,2017-06-04,0.0,False
4,2017-06-05,25.2,False
5,2017-06-06,28.08,False
6,2017-06-07,21.24,False
7,2017-06-08,28.439999999999998,False
8,2017-06-09,32.04,False
9,2017-06-10,11.52,False
10,2017-06-11,8.28,False
11,2017-06-12,18.72,False
12,2017-06-13,14.04,False
13,2017-06-14,36.0,False
14,2017-06-15,17.28,False
15,2017-06-16,12.6,False
16,2017-06-17,12.959999999999999,False
17,2017-06-18,8.64,False
18,2017-06-19,23.759999999999998,False
19,2017-06-20,25.2,False
20,2017-06-21,9.36,False
21,2017-06-22,23.4,False
22,2017-06-23,28.799999999999997,False
23,2017-06-24,0.0,False
24,2017-06-25,8.64,False
25,2017-06-26,19.439999999999998,False
26,2017-06-27,24.48,False
27,2017-06-28,29.88,False
28,2017-06-29,24.84,False
29,2017-06-30,20.52,False
0,2017-07-01,11.2,False
1,2017-07-02,0.0,False
2,2017-07-03,13.299999999999999,False
3,2017-07-04,0.0,False
4,2017-07-05,9.799999999999999,False
5,2017-07-06,18.2,False
6,2017-07-07,10.149999999999999,False
7,2017-07-08,5.6,False
8,2017-07-09,11.2,False
9,2017-07-10,4.8999999999999995,False
10,2017-07-11,17.5,False
11,2017-07-12,9.799999999999999,False
12,2017-07-13,17.849999999999998,False
13,2017-07-14,21.7,False
14,2017-07-15,11.549999999999999,False
15,2017-07-16,5.6,False
16,2017-07-17,17.849999999999998,False
17,2017-07-18,22.75,False
18,2017-07-19,21.0,False
19,2017-07-20,9.799999999999999,False
20,2017-07-21,7.699999999999999,False
21,2017-07-22,14.0,False
22,2017-07-23,11.2,False
23,2017-07-24,12.6,False
24,2017-07-25,35.0,False
25,2017-07-26,20.65,False
26,2017-07-27,17.5,False
27,2017-07-28,16.45,False
28,2017-07-29,7.35,False
29,2017-07-30,5.6,False
30,2017-07-31,14.35,False
0,2017-08-01,13.69,False
1,2017-08-02,37.0,False
2,2017-08-03,24.05,False
3,2017-08-04,21.83,False
4,2017-08-05,24.79,False
5,2017-08-06,8.14,False
6,2017-08-07,23.68,False
7,2017-08-08,33.3,False
8,2017-08-09,20.72,False
9,2017-08-10,17.759999999999998,False
10,2017-08-11,36.26,False
11,2017-08-12,16.28,False
12,2017-08-13,0.0,False
13,2017-08-14,14.43,False
14,2017-08-15,14.43,False
15,2017-08-16,21.09,False
16,2017-08-17,14.06,False
17,2017-08-18,14.43,False
18,2017-08-19,0.0,False
19,2017-08-20,8.14,False
20,2017-08-21,20.72,False
21,2017-08-22,27.38,False
22,2017-08-23,24.419999999999998,False
23,2017-08-24,24.419999999999998,False
24,2017-08-25,14.8,False
25,2017-08-26,8.14,False
26,2017-08-27,0.0,False
27,2017-08-28,20.72,False
28,2017-08-29,27.38,False
29,2017-08-30,27.75,False
30,2017-08-31,21.09,False
0,2017-09-01,9.24,False
1,2017-09-02,13.530000000000001,False
2,2017-09-03,0.0,False
3,2017-09-04,5.94,False
4,2017-09-05,14.190000000000001,False
5,2017-09-06,11.22,False
6,2017-09-07,17.490000000000002,False
7,2017-09-08,11.88,False
8,2017-09-09,19.8,False
9,2017-09-10,6.6000000000000005,False
10,2017-09-11,5.61,False
11,2017-09-12,14.190000000000001,False
12,2017-09-13,19.8,False
13,2017-09-14,11.55,False
14,2017-09-15,17.490000000000002,False
15,2017-09-16,13.200000000000001,False
16,2017-09-17,0.0,False
17,2017-09-18,14.190000000000001,False
18,2017-09-19,13.860000000000001,False
19,2017-09-20,11.22,False
20,2017-09-21,28.71,False
21,2017-09-22,26.73,False
22,2017-09-23,19.8,False
23,2017-09-24,6.6000000000000005,False
24,2017-09-25,19.8,False
25,2017-09-26,19.470000000000002,False
26,2017-09-27,25.41,False
27,2017-09-28,28.71,False
28,2017-09-29,33.0,False
29,2017-09-30,9.9,False
0,2017-10-01,6.6,False
1,2017-10-02,31.799999999999997,False
2,2017-10-03,34.8,False
3,2017-10-04,23.4,False
4,2017-10-05,26.4,False
5,2017-10-06,12.0,False
6,2017-10-07,19.8,False
7,2017-10-08,6.6,False
8,2017-10-09,17.4,False
9,2017-10-10,28.2,False
10,2017-10-11,14.399999999999999,False
11,2017-10-12,20.4,False
12,2017-10-13,15.0,False
13,2017-10-14,33.6,False
14,2017-10-15,13.2,False
15,2017-10-16,31.799999999999997,False
16,2017-10-17,22.8,False
17,2017-10-18,20.4,False
18,2017-10-19,20.4,False
19,2017-10-20,21.0,False
20,2017-10-21,19.8,False
21,2017-10-22,6.6,False
22,2017-10-23,25.8,False
23,2017-10-24,60.0,False
24,2017-10-25,57.0,False
25,2017-10-26,46.199999999999996,False
26,2017-10-27,36.0,False
27,2017-10-28,6.6,False
28,2017-10-29,9.6,False
29,2017-10-30,14.399999999999999,False
30,2017-10-31,37.8,False
0,2017-11-01,36.400000000000006,False
1,2017-11-02,44.24,False
2,2017-11-03,25.200000000000003,False
3,2017-11-04,12.32,False
4,2017-11-05,13.440000000000001,False
5,2017-11-06,31.92,False
6,2017-11-07,42.56,False
7,2017-11-08,48.720000000000006,False
8,2017-11-09,53.760000000000005,False
9,2017-11-10,42.00000000000001,False
10,2017-11-11,32.480000000000004,False
11,2017-11-12,8.96,False
12,2017-11-13,21.28,False
13,2017-11-14,36.96,False
14,2017-11-15,24.080000000000002,False
15,2017-11-16,37.52,False
16,2017-11-17,42.00000000000001,False
17,2017-11-18,22.96,False
18,2017-11-19,8.96,False
19,2017-11-20,16.240000000000002,False
20,2017-11-21,34.720000000000006,False
21,2017-11-22,37.52,False
22,2017-11-23,14.000000000000002,False
23,2017-11-24,19.6,False
24,2017-11-25,8.96,False
25,2017-11-26,8.96,False
26,2017-11-27,54.32000000000001,False
27,2017-11-28,36.96,False
28,2017-11-29,56.00000000000001,False
29,2017-11-30,45.92,False
0,2017-12-01,27.560000000000002,False
1,2017-12-02,22.880000000000003,False
2,2017-12-03,15.08,False
3,2017-12-04,35.88,False
4,2017-12-05,26.0,False
5,2017-12-06,26.52,False
6,2017-12-07,27.04,False
7,2017-12-08,24.44,False
8,2017-12-09,0.0,False
9,2017-12-10,0.0,False
10,2017-12-11,16.12,False
11,2017-12-12,13.0,False
12,2017-12-13,32.76,False
13,2017-12-14,36.92,False
14,2017-12-15,37.96,False
15,2017-12-16,15.600000000000001,False
16,2017-12-17,0.0,False
17,2017-12-18,40.04,False
18,2017-12-19,33.800000000000004,False
19,2017-12-20,52.0,False
20,2017-12-21,35.36,False
21,2017-12-22,37.44,False
22,2017-12-23,0.0,False
23,2017-12-24,13.0,False
24,2017-12-25,8.32,False
25,2017-12-26,22.36,False
26,2017-12-27,46.800000000000004,False
27,2017-12-28,39.52,False
28,2017-12-29,51.480000000000004,False
29,2017-12-30,15.600000000000001,False
30,2017-12-31,8.32,False
0,2018-01-01,0.0,False
1,2018-01-02,15.0,False
2,2018-01-03,20.0,False
3,2018-01-04,32.0,False
4,2018-01-05,24.0,False
5,2018-01-06,9.0,False
6,2018-01-07,4.0,False
7,2018-01-08,28.0,False
8,2018-01-09,27.0,False
9,2018-01-10,21.0,False
10,2018-01-11,18.0,False
11,2018-01-12,24.0,False
12,2018-01-13,13.0,False
13,2018-01-14,7.0,False
14,2018-01-15,19.0,False
15,2018-01-16,25.0,False
16,2018-01-17,33.0,False
17,2018-01-18,40.0,False
18,2018-01-19,24.0,False
19,2018-01-20,10.0,False
20,2018-01-21,7.0,False
21,2018-01-22,30.0,False
22,2018-01-23,100.0,False
23,2018-01-24,88.0,False
24,2018-01-25,67.0,False
25,2018-01-26,52.0,False
26,2018-01-27,16.0,False
27,2018-01-28,7.0,False
28,2018-01-29,23.0,False
29,2018-01-30,33.0,False
30,2018-01-31,36.0,False
0,2018-02-01,65.25,False
1,2018-02-02,64.5,False
2,2018-02-03,15.0,False
3,2018-02-04,21.75,False
4,2018-02-05,66.75,False
5,2018-02-06,75.0,False
6,2018-02-07,59.25,False
7,2018-02-08,63.0,False
8,2018-02-09,69.75,False
9,2018-02-10,18.0,False
10,2018-02-11,0.0,False
11,2018-02-12,45.0,False
12,2018-02-13,49.5,False
13,2018-02-14,42.0,False
14,2018-02-15,48.0,False
15,2018-02-16,48.75,False
16,2018-02-17,13.5,False
17,2018-02-18,9.0,False
18,2018-02-19,26.25,False
19,2018-02-20,54.0,False
20,2018-02-21,58.5,False
21,2018-02-22,46.5,False
22,2018-02-23,37.5,False
23,2018-02-24,26.25,False
24,2018-02-25,21.75,False
25,2018-02-26,48.0,False
26,2018-02-27,45.75,False
27,2018-02-28,51.0,False
0,2018-03-01,44.550000000000004,False
1,2018-03-02,34.1,False
2,2018-03-03,17.05,False
3,2018-03-04,8.8,False
4,2018-03-05,17.6,False
5,2018-03-06,52.25000000000001,False
6,2018-03-07,37.95,False
7,2018-03-08,51.150000000000006,False
8,2018-03-09,31.900000000000002,False
9,2018-03-10,25.85,False
10,2018-03-11,25.85,False
11,2018-03-12,55.00000000000001,False
12,2018-03-13,50.050000000000004,False
13,2018-03-14,47.300000000000004,False
14,2018-03-15,40.7,False
15,2018-03-16,34.1,False
16,2018-03-17,17.6,False
17,2018-03-18,14.3,False
18,2018-03-19,28.05,False
19,2018-03-20,37.95,False
20,2018-03-21,42.900000000000006,False
21,2018-03-22,46.2,False
22,2018-03-23,50.6,False
23,2018-03-24,12.100000000000001,False
24,2018-03-25,17.6,False
25,2018-03-26,46.2,False
26,2018-03-27,41.25,False
27,2018-03-28,41.800000000000004,False
28,2018-03-29,22.0,False
29,2018-03-30,14.3,False
30,2018-03-31,0.0,False
0,2018-04-01,8.4,False
1,2018-04-02,15.680000000000001,False
2,2018-04-03,17.92,False
3,2018-04-04,21.840000000000003,False
4,2018-04-05,16.240000000000002,False
5,2018-04-06,14.560000000000002,False
6,2018-04-07,14.000000000000002,False
7,2018-04-08,3.9200000000000004,False
8,2018-04-09,17.92,False
9,2018-04-10,11.200000000000001,False
10,2018-04-11,12.32,False
11,2018-04-12,15.680000000000001,False
12,2018-04-13,22.400000000000002,False
13,2018-04-14,6.16,False
14,2018-04-15,7.840000000000001,False
15,2018-04-16,10.080000000000002,False
16,2018-04-17,14.560000000000002,False
17,2018-04-18,16.240000000000002,False
18,2018-04-19,14.000000000000002,False
19,2018-04-20,13.440000000000001,False
20,2018-04-21,7.840000000000001,False
21,2018-04-22,3.9200000000000004,False
22,2018-04-23,15.680000000000001,False
23,2018-04-24,56.00000000000001,False
24,2018-04-25,52.080000000000005,False
25,2018-04-26,26.320000000000004,False
26,2018-04-27,22.96,False
27,2018-04-28,3.9200000000000004,False
28,2018-04-29,3.9200000000000004,False
29,2018-04-30,11.760000000000002,False
0,2018-05-01,47.79,False
1,2018-05-02,30.68,False
2,2018-05-03,50.739999999999995,False
3,2018-05-04,11.799999999999999,False
4,2018-05-05,14.75,False
5,2018-05-06,9.44,False
6,2018-05-07,42.48,False
7,2018-05-08,25.369999999999997,False
8,2018-05-09,59.0,False
9,2018-05-10,40.12,False
10,2018-05-11,52.51,False
11,2018-05-12,24.779999999999998,False
12,2018-05-13,10.03,False
13,2018-05-14,19.47,False
14,2018-05-15,44.25,False
15,2018-05-16,56.05,False
16,2018-05-17,48.379999999999995,False
17,2018-05-18,47.199999999999996,False
18,2018-05-19,19.47,False
19,2018-05-20,10.03,False
20,2018-05-21,46.019999999999996,False
21,2018-05-22,38.94,False
22,2018-05-23,45.43,False
23,2018-05-24,25.959999999999997,False
24,2018-05-25,47.79,False
25,2018-05-26,20.06,False
26,2018-05-27,0.0,False
27,2018-05-28,8.85,False
28,2018-05-29,38.94,False
29,2018-05-30,33.629999999999995,False
30,2018-05-31,34.809999999999995,False
0,2018-06-01,54.0,False
1,2018-06-02,11.34,False
2,2018-06-03,7.5600000000000005,False
3,2018-06-04,42.120000000000005,False
4,2018-06-05,25.380000000000003,False
5,2018-06-06,38.88,False
6,2018-06-07,45.36,False
7,2018-06-08,37.260000000000005,False
8,2018-06-09,7.5600000000000005,False
9,2018-06-10,0.0,False
10,2018-06-11,18.900000000000002,False
11,2018-06-12,21.060000000000002,False
12,2018-06-13,24.3,False
13,2018-06-14,31.860000000000003,False
14,2018-06-15,37.260000000000005,False
15,2018-06-16,15.120000000000001,False
16,2018-06-17,18.36,False
17,2018-06-18,18.900000000000002,False
18,2018-06-19,22.14,False
19,2018-06-20,25.380000000000003,False
20,2018-06-21,22.68,False
21,2018-06-22,30.240000000000002,False
22,2018-06-23,7.5600000000000005,False
23,2018-06-24,14.580000000000002,False
24,2018-06-25,47.52,False
25,2018-06-26,12.420000000000002,False
26,2018-06-27,22.14,False
27,2018-06-28,31.860000000000003,False
28,2018-06-29,20.520000000000003,False
29,2018-06-30,22.14,False
0,2018-07-01,0.0,False
1,2018-07-02,18.87,False
2,2018-07-03,22.44,False
3,2018-07-04,16.32,False
4,2018-07-05,16.32,False
5,2018-07-06,22.95,False
6,2018-07-07,9.69,False
7,2018-07-08,10.2,False
8,2018-07-09,20.4,False
9,2018-07-10,38.25,False
10,2018-07-11,20.91,False
11,2018-07-12,30.6,False
12,2018-07-13,18.36,False
13,2018-07-14,0.0,False
14,2018-07-15,12.24,False
15,2018-07-16,15.81,False
16,2018-07-17,49.47,False
17,2018-07-18,28.560000000000002,False
18,2018-07-19,24.990000000000002,False
19,2018-07-20,16.830000000000002,False
20,2018-07-21,8.16,False
21,2018-07-22,6.12,False
22,2018-07-23,21.42,False
23,2018-07-24,51.0,False
24,2018-07-25,44.37,False
25,2018-07-26,28.560000000000002,False
26,2018-07-27,18.36,False
27,2018-07-28,10.2,False
28,2018-07-29,9.18,False
29,2018-07-30,20.91,False
30,2018-07-31,33.15,False
0,2018-08-01,42.14,False
1,2018-08-02,21.56,False
2,2018-08-03,33.81,False
3,2018-08-04,8.82,False
4,2018-08-05,8.33,False
5,2018-08-06,26.95,False
6,2018-08-07,26.46,False
7,2018-08-08,43.61,False
8,2018-08-09,29.4,False
9,2018-08-10,45.57,False
10,2018-08-11,8.82,False
11,2018-08-12,8.33,False
12,2018-08-13,34.79,False
13,2018-08-14,34.3,False
14,2018-08-15,35.28,False
15,2018-08-16,35.28,False
16,2018-08-17,48.51,False
17,2018-08-18,14.7,False
18,2018-08-19,0.0,False
19,2018-08-20,25.48,False
20,2018-08-21,42.63,False
21,2018-08-22,26.95,False
22,2018-08-23,30.38,False
23,2018-08-24,28.419999999999998,False
24,2018-08-25,25.97,False
25,2018-08-26,8.33,False
26,2018-08-27,33.32,False
27,2018-08-28,49.0,False
28,2018-08-29,36.75,False
29,2018-08-30,26.95,False
30,2018-08-31,32.83,False
0,2018-09-01,19.78,False
1,2018-09-02,6.45,False
2,2018-09-03,6.02,False
3,2018-09-04,16.77,False
4,2018-09-05,28.38,False
5,2018-09-06,19.78,False
6,2018-09-07,23.65,False
7,2018-09-08,19.35,False
8,2018-09-09,12.9,False
9,2018-09-10,25.37,False
10,2018-09-11,16.77,False
11,2018-09-12,36.55,False
12,2018-09-13,43.0,False
13,2018-09-14,29.24,False
14,2018-09-15,6.45,False
15,2018-09-16,6.45,False
16,2018-09-17,22.36,False
17,2018-09-18,25.37,False
18,2018-09-19,25.37,False
19,2018-09-20,25.37,False
20,2018-09-21,29.24,False
21,2018-09-22,6.45,False
22,2018-09-23,12.9,False
23,2018-09-24,19.78,False
24,2018-09-25,16.77,False
25,2018-09-26,25.37,False
26,2018-09-27,28.38,False
27,2018-09-28,14.62,False
28,2018-09-29,6.45,False
29,2018-09-30,15.91,False
0,2018-10-01,16.900000000000002,False
1,2018-10-02,16.900000000000002,False
2,2018-10-03,24.05,False
3,2018-10-04,16.900000000000002,False
4,2018-10-05,19.5,False
5,2018-10-06,4.55,False
6,2018-10-07,8.450000000000001,False
7,2018-10-08,5.8500000000000005,False
8,2018-10-09,23.400000000000002,False
9,2018-10-10,14.950000000000001,False
10,2018-10-11,34.45,False
11,2018-10-12,20.150000000000002,False
12,2018-10-13,4.55,False
13,2018-10-14,4.55,False
14,2018-10-15,24.7,False
15,2018-10-16,16.900000000000002,False
16,2018-10-17,24.7,False
17,2018-10-18,15.600000000000001,False
18,2018-10-19,22.1,False
19,2018-10-20,4.55,False
20,2018-10-21,4.55,False
21,2018-10-22,13.0,False
22,2018-10-23,65.0,False
23,2018-10-24,65.0,False
24,2018-10-25,35.75,False
25,2018-10-26,15.600000000000001,False
26,2018-10-27,0.0,False
27,2018-10-28,0.0,False
28,2018-10-29,16.25,False
29,2018-10-30,24.05,False
30,2018-10-31,24.7,False
0,2018-11-01,27.36,False
1,2018-11-02,48.0,False
2,2018-11-03,5.76,False
3,2018-11-04,5.279999999999999,False
4,2018-11-05,13.92,False
5,2018-11-06,19.2,False
6,2018-11-07,40.8,False
7,2018-11-08,28.799999999999997,False
8,2018-11-09,25.439999999999998,False
9,2018-11-10,8.16,False
10,2018-11-11,5.279999999999999,False
11,2018-11-12,27.36,False
12,2018-11-13,24.48,False
13,2018-11-14,24.48,False
14,2018-11-15,37.92,False
15,2018-11-16,20.16,False
16,2018-11-17,5.76,False
17,2018-11-18,11.04,False
18,2018-11-19,18.24,False
19,2018-11-20,24.48,False
20,2018-11-21,23.04,False
21,2018-11-22,4.8,False
22,2018-11-23,14.879999999999999,False
23,2018-11-24,11.04,False
24,2018-11-25,5.279999999999999,False
25,2018-11-26,17.28,False
26,2018-11-27,15.84,False
27,2018-11-28,29.279999999999998,False
28,2018-11-29,11.52,False
29,2018-11-30,23.04,False
0,2018-12-01,8.33,False
1,2018-12-02,15.68,False
2,2018-12-03,38.71,False
3,2018-12-04,28.419999999999998,False
4,2018-12-05,28.419999999999998,False
5,2018-12-06,32.339999999999996,False
6,2018-12-07,41.16,False
7,2018-12-08,16.66,False
8,2018-12-09,7.84,False
9,2018-12-10,24.99,False
10,2018-12-11,21.07,False
11,2018-12-12,18.13,False
12,2018-12-13,36.75,False
13,2018-12-14,10.78,False
14,2018-12-15,8.82,False
15,2018-12-16,16.66,False
16,2018-12-17,26.95,False
17,2018-12-18,38.71,False
18,2018-12-19,49.0,False
19,2018-12-20,41.65,False
20,2018-12-21,24.009999999999998,False
21,2018-12-22,12.74,False
22,2018-12-23,8.82,False
23,2018-12-24,25.97,False
24,2018-12-25,9.31,False
25,2018-12-26,48.51,False
26,2018-12-27,46.55,False
27,2018-12-28,24.009999999999998,False
28,2018-12-29,8.33,False
29,2018-12-30,8.33,False
30,2018-12-31,25.48,False
0,2019-01-01,5.76,False
1,2019-01-02,23.04,False
2,2019-01-03,47.36,False
3,2019-01-04,14.08,False
4,2019-01-05,10.24,False
5,2019-01-06,15.36,False
6,2019-01-07,15.36,False
7,2019-01-08,26.240000000000002,False
8,2019-01-09,26.240000000000002,False
9,2019-01-10,37.76,False
10,2019-01-11,29.44,False
11,2019-01-12,12.16,False
12,2019-01-13,9.6,False
13,2019-01-14,15.36,False
14,2019-01-15,12.8,False
15,2019-01-16,15.36,False
16,2019-01-17,19.84,False
17,2019-01-18,15.36,False
18,2019-01-19,10.24,False
19,2019-01-20,14.08,False
20,2019-01-21,8.96,False
21,2019-01-22,25.6,False
22,2019-01-23,51.2,False
23,2019-01-24,64.0,False
24,2019-01-25,28.8,False
25,2019-01-26,7.68,False
26,2019-01-27,5.12,False
27,2019-01-28,17.28,False
28,2019-01-29,23.04,False
29,2019-01-30,30.080000000000002,False
30,2019-01-31,32.64,False
0,2019-02-01,31.720000000000002,False
1,2019-02-02,18.72,False
2,2019-02-03,6.24,False
3,2019-02-04,30.16,False
4,2019-02-05,21.84,False
5,2019-02-06,52.0,False
6,2019-02-07,23.400000000000002,False
7,2019-02-08,23.92,False
8,2019-02-09,9.36,False
9,2019-02-10,8.84,False
10,2019-02-11,26.52,False
11,2019-02-12,28.080000000000002,False
12,2019-02-13,21.32,False
13,2019-02-14,40.04,False
14,2019-02-15,28.080000000000002,False
15,2019-02-16,24.96,False
16,2019-02-17,12.48,False
17,2019-02-18,5.2,False
18,2019-02-19,23.400000000000002,False
19,2019-02-20,23.400000000000002,False
20,2019-02-21,27.04,False
21,2019-02-22,28.080000000000002,False
22,2019-02-23,8.32,False
23,2019-02-24,12.48,False
24,2019-02-25,24.96,False
25,2019-02-26,21.32,False
26,2019-02-27,27.560000000000002,False
27,2019-02-28,19.76,False
0,2019-03-01,18.45,False
1,2019-03-02,23.85,False
2,2019-03-03,6.75,False
3,2019-03-04,27.900000000000002,False
4,2019-03-05,15.75,False
5,2019-03-06,28.8,False
6,2019-03-07,22.05,False
7,2019-03-08,14.4,False
8,2019-03-09,6.75,False
9,2019-03-10,9.9,False
10,2019-03-11,43.65,False
11,2019-03-12,15.75,False
12,2019-03-13,21.150000000000002,False
13,2019-03-14,29.7,False
14,2019-03-15,32.4,False
15,2019-03-16,10.35,False
16,2019-03-17,6.75,False
17,2019-03-18,38.25,False
18,2019-03-19,41.85,False
19,2019-03-20,30.150000000000002,False
20,2019-03-21,45.0,False
21,2019-03-22,25.2,False
22,2019-03-23,13.5,False
23,2019-03-24,6.3,False
24,2019-03-25,27.900000000000002,False
25,2019-03-26,26.1,False
26,2019-03-27,36.45,False
27,2019-03-28,20.25,False
28,2019-03-29,33.75,False
29,2019-03-30,13.950000000000001,False
30,2019-03-31,0.0,False
