,date,WMT stock,isPartial
0,2012-01-01,1.74,False
1,2012-01-02,1.3199999999999998,False
2,2012-01-03,1.26,False
3,2012-01-04,3.12,False
4,2012-01-05,2.52,False
5,2012-01-06,1.3199999999999998,False
6,2012-01-07,2.2199999999999998,False
7,2012-01-08,1.44,False
8,2012-01-09,3.06,False
9,2012-01-10,6.0,False
10,2012-01-11,2.4,False
11,2012-01-12,1.2,False
12,2012-01-13,1.26,False
13,2012-01-14,2.94,False
14,2012-01-15,0.0,False
15,2012-01-16,3.5999999999999996,False
16,2012-01-17,0.0,False
17,2012-01-18,1.2,False
18,2012-01-19,1.2,False
19,2012-01-20,2.46,False
20,2012-01-21,2.88,False
21,2012-01-22,0.0,False
22,2012-01-23,2.94,False
23,2012-01-24,2.34,False
24,2012-01-25,1.7999999999999998,False
25,2012-01-26,2.4,False
26,2012-01-27,2.46,False
27,2012-01-28,1.44,False
28,2012-01-29,0.0,False
29,2012-01-30,1.2,False
30,2012-01-31,1.2,False
0,2012-02-01,4.5600000000000005,False
1,2012-02-02,2.24,False
2,2012-02-03,4.72,False
3,2012-02-04,2.72,False
4,2012-02-05,0.0,False
5,2012-02-06,0.0,False
6,2012-02-07,3.36,False
7,2012-02-08,3.36,False
8,2012-02-09,5.68,False
9,2012-02-10,4.72,False
10,2012-02-11,0.0,False
11,2012-02-12,0.0,False
12,2012-02-13,3.36,False
13,2012-02-14,5.68,False
14,2012-02-15,2.32,False
15,2012-02-16,3.44,False
16,2012-02-17,5.92,False
17,2012-02-18,4.16,False
18,2012-02-19,2.8000000000000003,False
19,2012-02-20,2.32,False
20,2012-02-21,5.84,False
21,2012-02-22,8.0,False
22,2012-02-23,8.0,False
23,2012-02-24,7.04,False
24,2012-02-25,4.08,False
25,2012-02-26,0.0,False
26,2012-02-27,2.24,False
27,2012-02-28,4.4,False
28,2012-02-29,3.36,False
0,2012-03-01,1.5,False
1,2012-03-02,1.56,False
2,2012-03-03,0.0,False
3,2012-03-04,0.0,False
4,2012-03-05,1.44,False
5,2012-03-06,2.82,False
6,2012-03-07,1.38,False
7,2012-03-08,2.94,False
8,2012-03-09,6.0,False
9,2012-03-10,0.0,False
10,2012-03-11,0.0,False
11,2012-03-12,4.2,False
12,2012-03-13,1.44,False
13,2012-03-14,0.0,False
14,2012-03-15,2.88,False
15,2012-03-16,0.0,False
16,2012-03-17,1.74,False
17,2012-03-18,1.74,False
18,2012-03-19,5.76,False
19,2012-03-20,1.44,False
20,2012-03-21,0.0,False
21,2012-03-22,0.0,False
22,2012-03-23,1.5,False
23,2012-03-24,0.0,False
24,2012-03-25,0.0,False
25,2012-03-26,0.0,False
26,2012-03-27,2.82,False
27,2012-03-28,4.32,False
28,2012-03-29,0.0,False
29,2012-03-30,1.5,False
30,2012-03-31,0.0,False
0,2012-04-01,0.0,False
1,2012-04-02,0.0,False
2,2012-04-03,1.52,False
3,2012-04-04,2.32,False
4,2012-04-05,3.12,False
5,2012-04-06,1.68,False
6,2012-04-07,1.92,False
7,2012-04-08,0.0,False
8,2012-04-09,0.0,False
9,2012-04-10,4.64,False
10,2012-04-11,5.92,False
11,2012-04-12,1.52,False
12,2012-04-13,2.32,False
13,2012-04-14,3.6,False
14,2012-04-15,1.76,False
15,2012-04-16,5.12,False
16,2012-04-17,2.96,False
17,2012-04-18,1.44,False
18,2012-04-19,1.44,False
19,2012-04-20,1.52,False
20,2012-04-21,1.76,False
21,2012-04-22,0.0,False
22,2012-04-23,7.2,False
23,2012-04-24,8.0,False
24,2012-04-25,5.92,False
25,2012-04-26,1.52,False
26,2012-04-27,4.72,False
27,2012-04-28,3.6,False
28,2012-04-29,0.0,False
29,2012-04-30,1.52,False
0,2012-05-01,7.000000000000001,False
1,2012-05-02,6.370000000000001,False
2,2012-05-03,6.370000000000001,False
3,2012-05-04,0.0,False
4,2012-05-05,5.180000000000001,False
5,2012-05-06,2.5200000000000005,False
6,2012-05-07,4.2,False
7,2012-05-08,6.23,False
8,2012-05-09,3.1500000000000004,False
9,2012-05-10,4.2700000000000005,False
10,2012-05-11,4.41,False
11,2012-05-12,0.0,False
12,2012-05-13,0.0,False
13,2012-05-14,4.130000000000001,False
14,2012-05-15,2.1,False
15,2012-05-16,0.0,False
16,2012-05-17,5.460000000000001,False
17,2012-05-18,6.720000000000001,False
18,2012-05-19,2.66,False
19,2012-05-20,5.180000000000001,False
20,2012-05-21,6.23,False
21,2012-05-22,4.2,False
22,2012-05-23,6.300000000000001,False
23,2012-05-24,2.1,False
24,2012-05-25,2.24,False
25,2012-05-26,2.7300000000000004,False
26,2012-05-27,2.66,False
27,2012-05-28,0.0,False
28,2012-05-29,2.0300000000000002,False
29,2012-05-30,6.23,False
30,2012-05-31,5.250000000000001,False
0,2012-06-01,4.5,False
1,2012-06-02,2.6999999999999997,False
2,2012-06-03,0.0,False
3,2012-06-04,6.3,False
4,2012-06-05,4.2299999999999995,False
5,2012-06-06,2.07,False
6,2012-06-07,2.16,False
7,2012-06-08,9.0,False
8,2012-06-09,5.31,False
9,2012-06-10,0.0,False
10,2012-06-11,6.3,False
11,2012-06-12,8.37,False
12,2012-06-13,4.32,False
13,2012-06-14,0.0,False
14,2012-06-15,0.0,False
15,2012-06-16,0.0,False
16,2012-06-17,5.31,False
17,2012-06-18,4.2299999999999995,False
18,2012-06-19,0.0,False
19,2012-06-20,4.2299999999999995,False
20,2012-06-21,8.549999999999999,False
21,2012-06-22,0.0,False
22,2012-06-23,0.0,False
23,2012-06-24,2.61,False
24,2012-06-25,8.459999999999999,False
25,2012-06-26,6.21,False
26,2012-06-27,4.32,False
27,2012-06-28,2.16,False
28,2012-06-29,2.34,False
29,2012-06-30,2.6999999999999997,False
0,2012-07-01,0.0,False
1,2012-07-02,4.4,False
2,2012-07-03,2.2,False
3,2012-07-04,4.62,False
4,2012-07-05,4.62,False
5,2012-07-06,2.31,False
6,2012-07-07,0.0,False
7,2012-07-08,0.0,False
8,2012-07-09,4.4,False
9,2012-07-10,11.0,False
10,2012-07-11,6.82,False
11,2012-07-12,9.02,False
12,2012-07-13,0.0,False
13,2012-07-14,8.36,False
14,2012-07-15,0.0,False
15,2012-07-16,4.4,False
16,2012-07-17,8.8,False
17,2012-07-18,0.0,False
18,2012-07-19,0.0,False
19,2012-07-20,7.04,False
20,2012-07-21,0.0,False
21,2012-07-22,2.86,False
22,2012-07-23,4.4,False
23,2012-07-24,4.51,False
24,2012-07-25,4.51,False
25,2012-07-26,6.93,False
26,2012-07-27,4.73,False
27,2012-07-28,2.75,False
28,2012-07-29,2.75,False
29,2012-07-30,2.2,False
30,2012-07-31,8.91,False
0,2012-08-01,2.52,False
1,2012-08-02,5.13,False
2,2012-08-03,1.98,False
3,2012-08-04,1.53,False
4,2012-08-05,0.0,False
5,2012-08-06,2.52,False
6,2012-08-07,2.52,False
7,2012-08-08,4.41,False
8,2012-08-09,9.0,False
9,2012-08-10,2.6999999999999997,False
10,2012-08-11,1.53,False
11,2012-08-12,3.15,False
12,2012-08-13,1.26,False
13,2012-08-14,5.67,False
14,2012-08-15,1.98,False
15,2012-08-16,4.5,False
16,2012-08-17,2.6999999999999997,False
17,2012-08-18,2.34,False
18,2012-08-19,1.6199999999999999,False
19,2012-08-20,2.61,False
20,2012-08-21,3.2399999999999998,False
21,2012-08-22,2.52,False
22,2012-08-23,1.89,False
23,2012-08-24,3.33,False
24,2012-08-25,1.53,False
25,2012-08-26,1.53,False
26,2012-08-27,2.4299999999999997,False
27,2012-08-28,2.4299999999999997,False
28,2012-08-29,1.26,False
29,2012-08-30,3.15,False
30,2012-08-31,3.8699999999999997,False
0,2012-09-01,2.24,False
1,2012-09-02,2.1700000000000004,False
2,2012-09-03,0.0,False
3,2012-09-04,3.5700000000000003,False
4,2012-09-05,4.48,False
5,2012-09-06,3.6400000000000006,False
6,2012-09-07,1.8900000000000001,False
7,2012-09-08,2.1700000000000004,False
8,2012-09-09,0.0,False
9,2012-09-10,3.5000000000000004,False
10,2012-09-11,4.41,False
11,2012-09-12,3.5700000000000003,False
12,2012-09-13,6.300000000000001,False
13,2012-09-14,3.7100000000000004,False
14,2012-09-15,2.1700000000000004,False
15,2012-09-16,0.0,False
16,2012-09-17,1.8200000000000003,False
17,2012-09-18,4.340000000000001,False
18,2012-09-19,3.5000000000000004,False
19,2012-09-20,2.66,False
20,2012-09-21,2.8000000000000003,False
21,2012-09-22,2.1700000000000004,False
22,2012-09-23,2.1,False
23,2012-09-24,4.41,False
24,2012-09-25,7.000000000000001,False
25,2012-09-26,5.32,False
26,2012-09-27,2.66,False
27,2012-09-28,3.7100000000000004,False
28,2012-09-29,2.1700000000000004,False
29,2012-09-30,2.1,False
0,2012-10-01,5.800000000000001,False
1,2012-10-02,8.1,False
2,2012-10-03,8.3,False
3,2012-10-04,4.6000000000000005,False
4,2012-10-05,3.6,False
5,2012-10-06,2.8000000000000003,False
6,2012-10-07,2.7,False
7,2012-10-08,4.5,False
8,2012-10-09,4.5,False
9,2012-10-10,3.4000000000000004,False
10,2012-10-11,5.7,False
11,2012-10-12,3.6,False
12,2012-10-13,2.8000000000000003,False
13,2012-10-14,2.7,False
14,2012-10-15,10.0,False
15,2012-10-16,8.9,False
16,2012-10-17,7.9,False
17,2012-10-18,3.4000000000000004,False
18,2012-10-19,3.5,False
19,2012-10-20,0.0,False
20,2012-10-21,2.7,False
21,2012-10-22,6.7,False
22,2012-10-23,8.9,False
23,2012-10-24,4.5,False
24,2012-10-25,3.4000000000000004,False
25,2012-10-26,6.0,False
26,2012-10-27,0.0,False
27,2012-10-28,2.6,False
28,2012-10-29,3.2,False
29,2012-10-30,3.3000000000000003,False
30,2012-10-31,9.1,False
0,2012-11-01,7.02,False
1,2012-11-02,4.77,False
2,2012-11-03,0.0,False
3,2012-11-04,0.0,False
4,2012-11-05,4.32,False
5,2012-11-06,6.4799999999999995,False
6,2012-11-07,6.39,False
7,2012-11-08,4.41,False
8,2012-11-09,6.93,False
9,2012-11-10,2.6999999999999997,False
10,2012-11-11,2.52,False
11,2012-11-12,2.16,False
12,2012-11-13,8.73,False
13,2012-11-14,4.32,False
14,2012-11-15,9.0,False
15,2012-11-16,4.5,False
16,2012-11-17,0.0,False
17,2012-11-18,0.0,False
18,2012-11-19,4.32,False
19,2012-11-20,6.4799999999999995,False
20,2012-11-21,4.41,False
21,2012-11-22,2.25,False
22,2012-11-23,2.34,False
23,2012-11-24,0.0,False
24,2012-11-25,2.52,False
25,2012-11-26,6.21,False
26,2012-11-27,0.0,False
27,2012-11-28,6.39,False
28,2012-11-29,2.16,False
29,2012-11-30,9.0,False
0,2012-12-01,2.16,False
1,2012-12-02,4.24,False
2,2012-12-03,2.64,False
3,2012-12-04,3.52,False
4,2012-12-05,4.48,False
5,2012-12-06,3.68,False
6,2012-12-07,3.84,False
7,2012-12-08,3.2800000000000002,False
8,2012-12-09,0.0,False
9,2012-12-10,1.76,False
10,2012-12-11,7.12,False
11,2012-12-12,6.4,False
12,2012-12-13,5.5200000000000005,False
13,2012-12-14,7.6000000000000005,False
14,2012-12-15,2.16,False
15,2012-12-16,0.0,False
16,2012-12-17,7.28,False
17,2012-12-18,1.84,False
18,2012-12-19,5.6000000000000005,False
19,2012-12-20,1.92,False
20,2012-12-21,5.04,False
21,2012-12-22,3.36,False
22,2012-12-23,2.32,False
23,2012-12-24,8.0,False
24,2012-12-25,0.0,False
25,2012-12-26,3.12,False
26,2012-12-27,3.92,False
27,2012-12-28,4.0,False
28,2012-12-29,2.24,False
29,2012-12-30,2.24,False
30,2012-12-31,4.48,False
0,2013-01-01,2.96,False
1,2013-01-02,5.92,False
2,2013-01-03,6.88,False
3,2013-01-04,5.92,False
4,2013-01-05,0.0,False
5,2013-01-06,5.28,False
6,2013-01-07,5.68,False
7,2013-01-08,3.36,False
8,2013-01-09,6.640000000000001,False
9,2013-01-10,3.36,False
10,2013-01-11,6.96,False
11,2013-01-12,2.64,False
12,2013-01-13,2.56,False
13,2013-01-14,7.68,False
14,2013-01-15,6.48,False
15,2013-01-16,4.4,False
16,2013-01-17,5.5200000000000005,False
17,2013-01-18,6.8,False
18,2013-01-19,5.2,False
19,2013-01-20,2.56,False
20,2013-01-21,6.4,False
21,2013-01-22,4.32,False
22,2013-01-23,7.68,False
23,2013-01-24,5.5200000000000005,False
24,2013-01-25,8.0,False
25,2013-01-26,2.56,False
26,2013-01-27,2.56,False
27,2013-01-28,3.2,False
28,2013-01-29,7.5200000000000005,False
29,2013-01-30,6.48,False
30,2013-01-31,5.44,False
0,2013-02-01,4.24,False
1,2013-02-02,2.72,False
2,2013-02-03,1.36,False
3,2013-02-04,4.64,False
4,2013-02-05,2.8000000000000003,False
5,2013-02-06,4.0,False
6,2013-02-07,2.96,False
7,2013-02-08,3.04,False
8,2013-02-09,2.8000000000000003,False
9,2013-02-10,1.36,False
10,2013-02-11,5.28,False
11,2013-02-12,3.52,False
12,2013-02-13,1.12,False
13,2013-02-14,1.2,False
14,2013-02-15,3.6,False
15,2013-02-16,1.36,False
16,2013-02-17,2.64,False
17,2013-02-18,2.32,False
18,2013-02-19,4.5600000000000005,False
19,2013-02-20,1.68,False
20,2013-02-21,8.0,False
21,2013-02-22,4.16,False
22,2013-02-23,5.28,False
23,2013-02-24,1.36,False
24,2013-02-25,1.68,False
25,2013-02-26,1.12,False
26,2013-02-27,5.04,False
27,2013-02-28,2.32,False
0,2013-03-01,4.9,False
1,2013-03-02,3.7,False
2,2013-03-03,0.0,False
3,2013-03-04,3.9000000000000004,False
4,2013-03-05,10.0,False
5,2013-03-06,4.6000000000000005,False
6,2013-03-07,4.7,False
7,2013-03-08,6.4,False
8,2013-03-09,1.8,False
9,2013-03-10,1.8,False
10,2013-03-11,3.8000000000000003,False
11,2013-03-12,5.2,False
12,2013-03-13,6.0,False
13,2013-03-14,3.8000000000000003,False
14,2013-03-15,5.5,False
15,2013-03-16,2.7,False
16,2013-03-17,3.5,False
17,2013-03-18,3.8000000000000003,False
18,2013-03-19,6.0,False
19,2013-03-20,6.1000000000000005,False
20,2013-03-21,5.4,False
21,2013-03-22,4.7,False
22,2013-03-23,1.8,False
23,2013-03-24,0.0,False
24,2013-03-25,6.1000000000000005,False
25,2013-03-26,4.6000000000000005,False
26,2013-03-27,3.1,False
27,2013-03-28,5.7,False
28,2013-03-29,3.5,False
29,2013-03-30,0.0,False
30,2013-03-31,1.9000000000000001,False
0,2013-04-01,1.4000000000000001,False
1,2013-04-02,6.800000000000001,False
2,2013-04-03,2.7,False
3,2013-04-04,2.8000000000000003,False
4,2013-04-05,4.2,False
5,2013-04-06,3.3000000000000003,False
6,2013-04-07,0.0,False
7,2013-04-08,5.300000000000001,False
8,2013-04-09,6.7,False
9,2013-04-10,6.800000000000001,False
10,2013-04-11,4.1000000000000005,False
11,2013-04-12,10.0,False
12,2013-04-13,0.0,False
13,2013-04-14,0.0,False
14,2013-04-15,1.4000000000000001,False
15,2013-04-16,1.4000000000000001,False
16,2013-04-17,2.7,False
17,2013-04-18,2.8000000000000003,False
18,2013-04-19,5.7,False
19,2013-04-20,1.6,False
20,2013-04-21,1.6,False
21,2013-04-22,2.7,False
22,2013-04-23,2.7,False
23,2013-04-24,2.7,False
24,2013-04-25,8.6,False
25,2013-04-26,1.4000000000000001,False
26,2013-04-27,0.0,False
27,2013-04-28,1.6,False
28,2013-04-29,4.1000000000000005,False
29,2013-04-30,2.8000000000000003,False
0,2013-05-01,6.029999999999999,False
1,2013-05-02,3.78,False
2,2013-05-03,4.95,False
3,2013-05-04,4.41,False
4,2013-05-05,2.25,False
5,2013-05-06,3.69,False
6,2013-05-07,6.4799999999999995,False
7,2013-05-08,4.68,False
8,2013-05-09,5.67,False
9,2013-05-10,6.84,False
10,2013-05-11,0.0,False
11,2013-05-12,0.0,False
12,2013-05-13,3.5999999999999996,False
13,2013-05-14,5.3999999999999995,False
14,2013-05-15,1.7999999999999998,False
15,2013-05-16,5.49,False
16,2013-05-17,8.64,False
17,2013-05-18,4.41,False
18,2013-05-19,0.0,False
19,2013-05-20,4.59,False
20,2013-05-21,5.3999999999999995,False
21,2013-05-22,9.0,False
22,2013-05-23,4.59,False
23,2013-05-24,5.67,False
24,2013-05-25,2.25,False
25,2013-05-26,0.0,False
26,2013-05-27,1.89,False
27,2013-05-28,3.5999999999999996,False
28,2013-05-29,4.5,False
29,2013-05-30,7.38,False
30,2013-05-31,1.89,False
0,2013-06-01,3.68,False
1,2013-06-02,2.4,False
2,2013-06-03,2.0,False
3,2013-06-04,7.04,False
4,2013-06-05,8.0,False
5,2013-06-06,5.04,False
6,2013-06-07,6.24,False
7,2013-06-08,2.48,False
8,2013-06-09,4.8,False
9,2013-06-10,2.96,False
10,2013-06-11,5.92,False
11,2013-06-12,4.0,False
12,2013-06-13,5.04,False
13,2013-06-14,6.4,False
14,2013-06-15,0.0,False
15,2013-06-16,0.0,False
16,2013-06-17,2.96,False
17,2013-06-18,5.04,False
18,2013-06-19,3.04,False
19,2013-06-20,5.04,False
20,2013-06-21,2.16,False
21,2013-06-22,3.7600000000000002,False
22,2013-06-23,2.4,False
23,2013-06-24,4.0,False
24,2013-06-25,2.96,False
25,2013-06-26,3.04,False
26,2013-06-27,2.0,False
27,2013-06-28,4.24,False
28,2013-06-29,0.0,False
29,2013-06-30,3.7600000000000002,False
0,2013-07-01,2.64,False
1,2013-07-02,4.0,False
2,2013-07-03,1.36,False
3,2013-07-04,2.8000000000000003,False
4,2013-07-05,4.32,False
5,2013-07-06,1.68,False
6,2013-07-07,0.0,False
7,2013-07-08,8.0,False
8,2013-07-09,2.72,False
9,2013-07-10,5.44,False
10,2013-07-11,5.44,False
11,2013-07-12,7.12,False
12,2013-07-13,1.68,False
13,2013-07-14,3.2800000000000002,False
14,2013-07-15,5.36,False
15,2013-07-16,2.64,False
16,2013-07-17,1.36,False
17,2013-07-18,2.72,False
18,2013-07-19,1.44,False
19,2013-07-20,0.0,False
20,2013-07-21,1.68,False
21,2013-07-22,6.72,False
22,2013-07-23,7.92,False
23,2013-07-24,1.36,False
24,2013-07-25,0.0,False
25,2013-07-26,1.44,False
26,2013-07-27,0.0,False
27,2013-07-28,3.2800000000000002,False
28,2013-07-29,1.28,False
29,2013-07-30,2.64,False
30,2013-07-31,1.36,False
0,2013-08-01,3.96,False
1,2013-08-02,1.6199999999999999,False
2,2013-08-03,1.89,False
3,2013-08-04,0.0,False
4,2013-08-05,0.0,False
5,2013-08-06,3.15,False
6,2013-08-07,2.34,False
7,2013-08-08,3.15,False
8,2013-08-09,3.2399999999999998,False
9,2013-08-10,2.88,False
10,2013-08-11,3.69,False
11,2013-08-12,2.34,False
12,2013-08-13,6.12,False
13,2013-08-14,3.06,False
14,2013-08-15,9.0,False
15,2013-08-16,4.05,False
16,2013-08-17,4.68,False
17,2013-08-18,0.0,False
18,2013-08-19,3.06,False
19,2013-08-20,4.5,False
20,2013-08-21,4.59,False
21,2013-08-22,7.739999999999999,False
22,2013-08-23,3.15,False
23,2013-08-24,2.79,False
24,2013-08-25,0.0,False
25,2013-08-26,1.44,False
26,2013-08-27,2.16,False
27,2013-08-28,6.66,False
28,2013-08-29,2.25,False
29,2013-08-30,3.15,False
30,2013-08-31,3.5999999999999996,False
0,2013-09-01,0.0,False
1,2013-09-02,1.68,False
2,2013-09-03,4.32,False
3,2013-09-04,1.12,False
4,2013-09-05,1.68,False
5,2013-09-06,2.32,False
6,2013-09-07,2.0,False
7,2013-09-08,1.92,False
8,2013-09-09,3.7600000000000002,False
9,2013-09-10,2.08,False
10,2013-09-11,6.48,False
11,2013-09-12,2.72,False
12,2013-09-13,3.92,False
13,2013-09-14,1.28,False
14,2013-09-15,1.28,False
15,2013-09-16,0.0,False
16,2013-09-17,4.8,False
17,2013-09-18,3.2,False
18,2013-09-19,3.84,False
19,2013-09-20,8.0,False
20,2013-09-21,3.84,False
21,2013-09-22,1.28,False
22,2013-09-23,3.2,False
23,2013-09-24,1.6,False
24,2013-09-25,1.12,False
25,2013-09-26,1.68,False
26,2013-09-27,2.24,False
27,2013-09-28,0.0,False
28,2013-09-29,1.28,False
29,2013-09-30,4.24,False
0,2013-10-01,4.32,False
1,2013-10-02,6.4799999999999995,False
2,2013-10-03,4.41,False
3,2013-10-04,4.5,False
4,2013-10-05,2.61,False
5,2013-10-06,2.52,False
6,2013-10-07,6.39,False
7,2013-10-08,2.16,False
8,2013-10-09,6.4799999999999995,False
9,2013-10-10,8.82,False
10,2013-10-11,2.25,False
11,2013-10-12,2.6999999999999997,False
12,2013-10-13,5.22,False
13,2013-10-14,4.41,False
14,2013-10-15,2.25,False
15,2013-10-16,4.32,False
16,2013-10-17,4.41,False
17,2013-10-18,0.0,False
18,2013-10-19,7.739999999999999,False
19,2013-10-20,2.52,False
20,2013-10-21,6.39,False
21,2013-10-22,2.07,False
22,2013-10-23,2.16,False
23,2013-10-24,2.16,False
24,2013-10-25,9.0,False
25,2013-10-26,5.13,False
26,2013-10-27,0.0,False
27,2013-10-28,6.21,False
28,2013-10-29,2.16,False
29,2013-10-30,6.4799999999999995,False
30,2013-10-31,4.41,False
0,2013-11-01,1.68,False
1,2013-11-02,5.3999999999999995,False
2,2013-11-03,1.7999999999999998,False
3,2013-11-04,1.44,False
4,2013-11-05,8.879999999999999,False
5,2013-11-06,1.44,False
6,2013-11-07,6.0,False
7,2013-11-08,3.12,False
8,2013-11-09,1.7999999999999998,False
9,2013-11-10,0.0,False
10,2013-11-11,3.0,False
11,2013-11-12,4.4399999999999995,False
12,2013-11-13,1.44,False
13,2013-11-14,6.0,False
14,2013-11-15,7.92,False
15,2013-11-16,7.08,False
16,2013-11-17,3.48,False
17,2013-11-18,4.4399999999999995,False
18,2013-11-19,5.88,False
19,2013-11-20,8.879999999999999,False
20,2013-11-21,12.0,False
21,2013-11-22,4.56,False
22,2013-11-23,0.0,False
23,2013-11-24,3.48,False
24,2013-11-25,8.76,False
25,2013-11-26,10.2,False
26,2013-11-27,6.0,False
27,2013-11-28,3.12,False
28,2013-11-29,1.56,False
29,2013-11-30,1.7999999999999998,False
0,2013-12-01,1.3,False
1,2013-12-02,3.9000000000000004,False
2,2013-12-03,3.5,False
3,2013-12-04,2.3000000000000003,False
4,2013-12-05,5.800000000000001,False
5,2013-12-06,6.1000000000000005,False
6,2013-12-07,1.4000000000000001,False
7,2013-12-08,1.4000000000000001,False
8,2013-12-09,2.9000000000000004,False
9,2013-12-10,3.5,False
10,2013-12-11,2.9000000000000004,False
11,2013-12-12,4.2,False
12,2013-12-13,5.6000000000000005,False
13,2013-12-14,1.4000000000000001,False
14,2013-12-15,1.4000000000000001,False
15,2013-12-16,2.3000000000000003,False
16,2013-12-17,3.6,False
17,2013-12-18,2.4000000000000004,False
18,2013-12-19,4.3,False
19,2013-12-20,3.2,False
20,2013-12-21,1.4000000000000001,False
21,2013-12-22,0.0,False
22,2013-12-23,3.9000000000000004,False
23,2013-12-24,4.3,False
24,2013-12-25,2.4000000000000004,False
25,2013-12-26,3.4000000000000004,False
26,2013-12-27,2.6,False
27,2013-12-28,2.1,False
28,2013-12-29,0.0,False
29,2013-12-30,2.5,False
30,2013-12-31,10.0,False
0,2014-01-01,2.6,False
1,2014-01-02,6.300000000000001,False
2,2014-01-03,7.300000000000001,False
3,2014-01-04,3.5,False
4,2014-01-05,2.3000000000000003,False
5,2014-01-06,3.0,False
6,2014-01-07,4.9,False
7,2014-01-08,4.800000000000001,False
8,2014-01-09,8.8,False
9,2014-01-10,8.1,False
10,2014-01-11,2.3000000000000003,False
11,2014-01-12,4.6000000000000005,False
12,2014-01-13,3.8000000000000003,False
13,2014-01-14,4.800000000000001,False
14,2014-01-15,9.700000000000001,False
15,2014-01-16,9.8,False
16,2014-01-17,6.0,False
17,2014-01-18,4.6000000000000005,False
18,2014-01-19,2.2,False
19,2014-01-20,3.8000000000000003,False
20,2014-01-21,6.7,False
21,2014-01-22,8.6,False
22,2014-01-23,4.800000000000001,False
23,2014-01-24,7.9,False
24,2014-01-25,6.6000000000000005,False
25,2014-01-26,2.2,False
26,2014-01-27,5.6000000000000005,False
27,2014-01-28,8.4,False
28,2014-01-29,4.800000000000001,False
29,2014-01-30,7.7,False
30,2014-01-31,10.0,False
0,2014-02-01,5.28,False
1,2014-02-02,0.99,False
2,2014-02-03,4.51,False
3,2014-02-04,5.5,False
4,2014-02-05,3.63,False
5,2014-02-06,2.53,False
6,2014-02-07,4.07,False
7,2014-02-08,0.0,False
8,2014-02-09,3.08,False
9,2014-02-10,5.28,False
10,2014-02-11,2.64,False
11,2014-02-12,2.64,False
12,2014-02-13,4.51,False
13,2014-02-14,8.58,False
14,2014-02-15,2.09,False
15,2014-02-16,1.1,False
16,2014-02-17,0.0,False
17,2014-02-18,6.16,False
18,2014-02-19,4.51,False
19,2014-02-20,11.0,False
20,2014-02-21,2.86,False
21,2014-02-22,2.09,False
22,2014-02-23,1.1,False
23,2014-02-24,0.88,False
24,2014-02-25,2.64,False
25,2014-02-26,1.76,False
26,2014-02-27,2.75,False
27,2014-02-28,3.85,False
0,2014-03-01,4.95,False
1,2014-03-02,1.98,False
2,2014-03-03,5.83,False
3,2014-03-04,5.17,False
4,2014-03-05,9.24,False
5,2014-03-06,5.94,False
6,2014-03-07,7.04,False
7,2014-03-08,2.97,False
8,2014-03-09,1.98,False
9,2014-03-10,4.29,False
10,2014-03-11,3.3,False
11,2014-03-12,4.18,False
12,2014-03-13,11.0,False
13,2014-03-14,4.4,False
14,2014-03-15,3.96,False
15,2014-03-16,0.0,False
16,2014-03-17,3.41,False
17,2014-03-18,2.53,False
18,2014-03-19,5.06,False
19,2014-03-20,3.41,False
20,2014-03-21,5.28,False
21,2014-03-22,4.95,False
22,2014-03-23,5.72,False
23,2014-03-24,4.95,False
24,2014-03-25,4.95,False
25,2014-03-26,2.53,False
26,2014-03-27,8.47,False
27,2014-03-28,7.81,False
28,2014-03-29,0.0,False
29,2014-03-30,3.96,False
30,2014-03-31,4.18,False
0,2014-04-01,4.2,False
1,2014-04-02,7.0,False
2,2014-04-03,4.3,False
3,2014-04-04,8.700000000000001,False
4,2014-04-05,3.3000000000000003,False
5,2014-04-06,4.9,False
6,2014-04-07,6.9,False
7,2014-04-08,9.700000000000001,False
8,2014-04-09,1.4000000000000001,False
9,2014-04-10,10.0,False
10,2014-04-11,3.0,False
11,2014-04-12,0.0,False
12,2014-04-13,1.7000000000000002,False
13,2014-04-14,7.1000000000000005,False
14,2014-04-15,2.8000000000000003,False
15,2014-04-16,7.300000000000001,False
16,2014-04-17,3.0,False
17,2014-04-18,3.2,False
18,2014-04-19,3.5,False
19,2014-04-20,0.0,False
20,2014-04-21,6.0,False
21,2014-04-22,5.6000000000000005,False
22,2014-04-23,7.0,False
23,2014-04-24,2.8000000000000003,False
24,2014-04-25,3.0,False
25,2014-04-26,1.7000000000000002,False
26,2014-04-27,0.0,False
27,2014-04-28,0.0,False
28,2014-04-29,1.4000000000000001,False
29,2014-04-30,2.9000000000000004,False
0,2014-05-01,4.84,False
1,2014-05-02,3.52,False
2,2014-05-03,1.32,False
3,2014-05-04,1.32,False
4,2014-05-05,3.3,False
5,2014-05-06,1.1,False
6,2014-05-07,0.0,False
7,2014-05-08,3.41,False
8,2014-05-09,2.31,False
9,2014-05-10,2.64,False
10,2014-05-11,2.53,False
11,2014-05-12,3.19,False
12,2014-05-13,3.19,False
13,2014-05-14,4.29,False
14,2014-05-15,11.0,False
15,2014-05-16,5.72,False
16,2014-05-17,0.0,False
17,2014-05-18,3.96,False
18,2014-05-19,6.6,False
19,2014-05-20,4.4,False
20,2014-05-21,4.73,False
21,2014-05-22,4.84,False
22,2014-05-23,1.21,False
23,2014-05-24,1.43,False
24,2014-05-25,0.0,False
25,2014-05-26,0.0,False
26,2014-05-27,4.73,False
27,2014-05-28,1.21,False
28,2014-05-29,2.42,False
29,2014-05-30,5.06,False
30,2014-05-31,0.0,False
0,2014-06-01,2.16,False
1,2014-06-02,4.41,False
2,2014-06-03,5.22,False
3,2014-06-04,7.02,False
4,2014-06-05,9.0,False
5,2014-06-06,4.77,False
6,2014-06-07,3.33,False
7,2014-06-08,0.0,False
8,2014-06-09,7.29,False
9,2014-06-10,2.6999999999999997,False
10,2014-06-11,4.41,False
11,2014-06-12,5.3999999999999995,False
12,2014-06-13,6.4799999999999995,False
13,2014-06-14,4.32,False
14,2014-06-15,0.0,False
15,2014-06-16,8.01,False
16,2014-06-17,5.31,False
17,2014-06-18,6.3,False
18,2014-06-19,8.28,False
19,2014-06-20,7.6499999999999995,False
20,2014-06-21,5.58,False
21,2014-06-22,2.16,False
22,2014-06-23,5.3999999999999995,False
23,2014-06-24,5.31,False
24,2014-06-25,6.21,False
25,2014-06-26,4.5,False
26,2014-06-27,8.549999999999999,False
27,2014-06-28,4.41,False
28,2014-06-29,2.16,False
29,2014-06-30,8.1,False
0,2014-07-01,4.95,False
1,2014-07-02,1.26,False
2,2014-07-03,1.3499999999999999,False
3,2014-07-04,2.6999999999999997,False
4,2014-07-05,1.53,False
5,2014-07-06,0.0,False
6,2014-07-07,2.52,False
7,2014-07-08,1.26,False
8,2014-07-09,3.78,False
9,2014-07-10,2.52,False
10,2014-07-11,3.96,False
11,2014-07-12,0.0,False
12,2014-07-13,2.9699999999999998,False
13,2014-07-14,3.78,False
14,2014-07-15,1.26,False
15,2014-07-16,5.13,False
16,2014-07-17,3.8699999999999997,False
17,2014-07-18,6.66,False
18,2014-07-19,3.06,False
19,2014-07-20,1.53,False
20,2014-07-21,2.52,False
21,2014-07-22,1.26,False
22,2014-07-23,3.8699999999999997,False
23,2014-07-24,2.52,False
24,2014-07-25,2.6999999999999997,False
25,2014-07-26,3.06,False
26,2014-07-27,3.06,False
27,2014-07-28,3.78,False
28,2014-07-29,3.78,False
29,2014-07-30,5.04,False
30,2014-07-31,9.0,False
0,2014-08-01,3.96,False
1,2014-08-02,3.78,False
2,2014-08-03,0.0,False
3,2014-08-04,2.52,False
4,2014-08-05,3.69,False
5,2014-08-06,2.52,False
6,2014-08-07,9.0,False
7,2014-08-08,2.61,False
8,2014-08-09,2.25,False
9,2014-08-10,2.25,False
10,2014-08-11,1.26,False
11,2014-08-12,2.4299999999999997,False
12,2014-08-13,1.89,False
13,2014-08-14,4.41,False
14,2014-08-15,4.68,False
15,2014-08-16,1.53,False
16,2014-08-17,2.25,False
17,2014-08-18,3.06,False
18,2014-08-19,6.12,False
19,2014-08-20,4.32,False
20,2014-08-21,2.4299999999999997,False
21,2014-08-22,3.2399999999999998,False
22,2014-08-23,2.9699999999999998,False
23,2014-08-24,2.88,False
24,2014-08-25,2.9699999999999998,False
25,2014-08-26,2.4299999999999997,False
26,2014-08-27,3.5999999999999996,False
27,2014-08-28,4.859999999999999,False
28,2014-08-29,7.56,False
29,2014-08-30,4.41,False
30,2014-08-31,1.44,False
0,2014-09-01,1.6,False
1,2014-09-02,0.0,False
2,2014-09-03,4.72,False
3,2014-09-04,1.6,False
4,2014-09-05,5.04,False
5,2014-09-06,1.92,False
6,2014-09-07,3.7600000000000002,False
7,2014-09-08,4.72,False
8,2014-09-09,1.52,False
9,2014-09-10,4.72,False
10,2014-09-11,1.6,False
11,2014-09-12,1.6,False
12,2014-09-13,1.92,False
13,2014-09-14,1.84,False
14,2014-09-15,6.24,False
15,2014-09-16,3.12,False
16,2014-09-17,1.6,False
17,2014-09-18,1.6,False
18,2014-09-19,6.5600000000000005,False
19,2014-09-20,0.0,False
20,2014-09-21,1.84,False
21,2014-09-22,3.12,False
22,2014-09-23,4.72,False
23,2014-09-24,1.6,False
24,2014-09-25,8.0,False
25,2014-09-26,6.640000000000001,False
26,2014-09-27,0.0,False
27,2014-09-28,0.0,False
28,2014-09-29,3.12,False
29,2014-09-30,1.52,False
0,2014-10-01,3.06,False
1,2014-10-02,3.15,False
2,2014-10-03,1.6199999999999999,False
3,2014-10-04,3.78,False
4,2014-10-05,0.0,False
5,2014-10-06,4.59,False
6,2014-10-07,2.9699999999999998,False
7,2014-10-08,6.12,False
8,2014-10-09,3.06,False
9,2014-10-10,4.77,False
10,2014-10-11,1.7999999999999998,False
11,2014-10-12,1.7999999999999998,False
12,2014-10-13,9.0,False
13,2014-10-14,4.5,False
14,2014-10-15,7.47,False
15,2014-10-16,9.0,False
16,2014-10-17,6.3,False
17,2014-10-18,5.49,False
18,2014-10-19,1.7999999999999998,False
19,2014-10-20,2.9699999999999998,False
20,2014-10-21,7.47,False
21,2014-10-22,2.9699999999999998,False
22,2014-10-23,6.12,False
23,2014-10-24,3.15,False
24,2014-10-25,1.7999999999999998,False
25,2014-10-26,1.71,False
26,2014-10-27,4.41,False
27,2014-10-28,5.85,False
28,2014-10-29,4.5,False
29,2014-10-30,6.12,False
30,2014-10-31,7.92,False
0,2014-11-01,4.48,False
1,2014-11-02,5.180000000000001,False
2,2014-11-03,4.48,False
3,2014-11-04,8.120000000000001,False
4,2014-11-05,3.6400000000000006,False
5,2014-11-06,3.6400000000000006,False
6,2014-11-07,6.16,False
7,2014-11-08,2.66,False
8,2014-11-09,1.6800000000000002,False
9,2014-11-10,6.580000000000001,False
10,2014-11-11,7.420000000000001,False
11,2014-11-12,5.180000000000001,False
12,2014-11-13,14.000000000000002,False
13,2014-11-14,11.48,False
14,2014-11-15,6.86,False
15,2014-11-16,3.3600000000000003,False
16,2014-11-17,10.920000000000002,False
17,2014-11-18,8.680000000000001,False
18,2014-11-19,11.48,False
19,2014-11-20,4.48,False
20,2014-11-21,10.780000000000001,False
21,2014-11-22,1.6800000000000002,False
22,2014-11-23,1.6800000000000002,False
23,2014-11-24,9.38,False
24,2014-11-25,7.140000000000001,False
25,2014-11-26,7.420000000000001,False
26,2014-11-27,2.24,False
27,2014-11-28,7.700000000000001,False
28,2014-11-29,7.840000000000001,False
29,2014-11-30,5.040000000000001,False
0,2014-12-01,7.5600000000000005,False
1,2014-12-02,8.4,False
2,2014-12-03,7.000000000000001,False
3,2014-12-04,9.38,False
4,2014-12-05,8.120000000000001,False
5,2014-12-06,3.6400000000000006,False
6,2014-12-07,1.8200000000000003,False
7,2014-12-08,5.6000000000000005,False
8,2014-12-09,7.840000000000001,False
9,2014-12-10,6.300000000000001,False
10,2014-12-11,7.140000000000001,False
11,2014-12-12,5.74,False
12,2014-12-13,1.8200000000000003,False
13,2014-12-14,1.8200000000000003,False
14,2014-12-15,5.460000000000001,False
15,2014-12-16,6.300000000000001,False
16,2014-12-17,3.22,False
17,2014-12-18,14.000000000000002,False
18,2014-12-19,11.200000000000001,False
19,2014-12-20,3.9200000000000004,False
20,2014-12-21,1.9600000000000002,False
21,2014-12-22,5.880000000000001,False
22,2014-12-23,6.0200000000000005,False
23,2014-12-24,8.680000000000001,False
24,2014-12-25,2.1,False
25,2014-12-26,11.200000000000001,False
26,2014-12-27,3.7800000000000002,False
27,2014-12-28,1.9600000000000002,False
28,2014-12-29,6.720000000000001,False
29,2014-12-30,6.0200000000000005,False
30,2014-12-31,2.8000000000000003,False
0,2015-01-01,4.0600000000000005,False
1,2015-01-02,1.6800000000000002,False
2,2015-01-03,7.420000000000001,False
3,2015-01-04,3.6400000000000006,False
4,2015-01-05,14.000000000000002,False
5,2015-01-06,4.62,False
6,2015-01-07,10.64,False
7,2015-01-08,13.860000000000001,False
8,2015-01-09,10.920000000000002,False
9,2015-01-10,3.5000000000000004,False
10,2015-01-11,0.0,False
11,2015-01-12,12.040000000000001,False
12,2015-01-13,7.5600000000000005,False
13,2015-01-14,7.5600000000000005,False
14,2015-01-15,6.0200000000000005,False
15,2015-01-16,9.38,False
16,2015-01-17,3.5000000000000004,False
17,2015-01-18,1.8200000000000003,False
18,2015-01-19,4.48,False
19,2015-01-20,4.48,False
20,2015-01-21,7.420000000000001,False
21,2015-01-22,10.64,False
22,2015-01-23,9.38,False
23,2015-01-24,8.82,False
24,2015-01-25,3.5000000000000004,False
25,2015-01-26,4.48,False
26,2015-01-27,4.48,False
27,2015-01-28,6.0200000000000005,False
28,2015-01-29,9.100000000000001,False
29,2015-01-30,7.840000000000001,False
30,2015-01-31,5.32,False
0,2015-02-01,1.5,False
1,2015-02-02,8.7,False
2,2015-02-03,6.75,False
3,2015-02-04,4.05,False
4,2015-02-05,6.8999999999999995,False
5,2015-02-06,9.9,False
6,2015-02-07,3.15,False
7,2015-02-08,0.0,False
8,2015-02-09,4.05,False
9,2015-02-10,6.75,False
10,2015-02-11,8.1,False
11,2015-02-12,6.8999999999999995,False
12,2015-02-13,4.35,False
13,2015-02-14,2.4,False
14,2015-02-15,1.65,False
15,2015-02-16,1.3499999999999999,False
16,2015-02-17,4.2,False
17,2015-02-18,6.8999999999999995,False
18,2015-02-19,13.2,False
19,2015-02-20,15.0,False
20,2015-02-21,4.05,False
21,2015-02-22,1.65,False
22,2015-02-23,7.35,False
23,2015-02-24,2.6999999999999997,False
24,2015-02-25,6.0,False
25,2015-02-26,4.8,False
26,2015-02-27,4.95,False
27,2015-02-28,2.4,False
0,2015-03-01,1.7999999999999998,False
1,2015-03-02,4.8,False
2,2015-03-03,12.0,False
3,2015-03-04,8.879999999999999,False
4,2015-03-05,9.0,False
5,2015-03-06,9.36,False
6,2015-03-07,2.88,False
7,2015-03-08,1.92,False
8,2015-03-09,4.8,False
9,2015-03-10,8.04,False
10,2015-03-11,8.04,False
11,2015-03-12,7.319999999999999,False
12,2015-03-13,10.08,False
13,2015-03-14,3.84,False
14,2015-03-15,3.7199999999999998,False
15,2015-03-16,8.16,False
16,2015-03-17,8.879999999999999,False
17,2015-03-18,7.319999999999999,False
18,2015-03-19,6.4799999999999995,False
19,2015-03-20,5.88,False
20,2015-03-21,3.84,False
21,2015-03-22,0.0,False
22,2015-03-23,6.4799999999999995,False
23,2015-03-24,7.199999999999999,False
24,2015-03-25,6.0,False
25,2015-03-26,7.56,False
26,2015-03-27,10.2,False
27,2015-03-28,2.04,False
28,2015-03-29,0.0,False
29,2015-03-30,4.08,False
30,2015-03-31,2.4,False
0,2015-04-01,12.22,False
1,2015-04-02,12.74,False
2,2015-04-03,7.41,False
3,2015-04-04,5.33,False
4,2015-04-05,2.73,False
5,2015-04-06,9.36,False
6,2015-04-07,8.71,False
7,2015-04-08,2.21,False
8,2015-04-09,12.09,False
9,2015-04-10,11.57,False
10,2015-04-11,2.6,False
11,2015-04-12,3.9000000000000004,False
12,2015-04-13,5.46,False
13,2015-04-14,6.5,False
14,2015-04-15,5.46,False
15,2015-04-16,7.67,False
16,2015-04-17,6.890000000000001,False
17,2015-04-18,2.6,False
18,2015-04-19,0.0,False
19,2015-04-20,11.83,False
20,2015-04-21,8.71,False
21,2015-04-22,8.71,False
22,2015-04-23,5.59,False
23,2015-04-24,9.1,False
24,2015-04-25,6.37,False
25,2015-04-26,8.97,False
26,2015-04-27,7.54,False
27,2015-04-28,12.870000000000001,False
28,2015-04-29,13.0,False
29,2015-04-30,6.76,False
0,2015-05-01,2.2,False
1,2015-05-02,0.0,False
2,2015-05-03,1.1,False
3,2015-05-04,0.99,False
4,2015-05-05,6.82,False
5,2015-05-06,1.98,False
6,2015-05-07,4.95,False
7,2015-05-08,3.08,False
8,2015-05-09,2.31,False
9,2015-05-10,0.0,False
10,2015-05-11,1.98,False
11,2015-05-12,1.87,False
12,2015-05-13,2.97,False
13,2015-05-14,11.0,False
14,2015-05-15,2.09,False
15,2015-05-16,2.31,False
16,2015-05-17,0.0,False
17,2015-05-18,3.85,False
18,2015-05-19,4.84,False
19,2015-05-20,4.73,False
20,2015-05-21,1.98,False
21,2015-05-22,4.07,False
22,2015-05-23,1.21,False
23,2015-05-24,0.0,False
24,2015-05-25,0.99,False
25,2015-05-26,5.72,False
26,2015-05-27,2.86,False
27,2015-05-28,8.69,False
28,2015-05-29,6.05,False
29,2015-05-30,0.0,False
30,2015-05-31,1.1,False
0,2015-06-01,7.000000000000001,False
1,2015-06-02,7.000000000000001,False
2,2015-06-03,5.180000000000001,False
3,2015-06-04,5.460000000000001,False
4,2015-06-05,13.160000000000002,False
5,2015-06-06,2.1,False
6,2015-06-07,2.1,False
7,2015-06-08,8.680000000000001,False
8,2015-06-09,0.0,False
9,2015-06-10,14.000000000000002,False
10,2015-06-11,10.780000000000001,False
11,2015-06-12,13.020000000000001,False
12,2015-06-13,2.1,False
13,2015-06-14,2.1,False
14,2015-06-15,8.680000000000001,False
15,2015-06-16,5.180000000000001,False
16,2015-06-17,5.180000000000001,False
17,2015-06-18,10.780000000000001,False
18,2015-06-19,3.7800000000000002,False
19,2015-06-20,4.2,False
20,2015-06-21,4.340000000000001,False
21,2015-06-22,7.140000000000001,False
22,2015-06-23,12.180000000000001,False
23,2015-06-24,10.64,False
24,2015-06-25,8.96,False
25,2015-06-26,5.6000000000000005,False
26,2015-06-27,6.300000000000001,False
27,2015-06-28,2.1,False
28,2015-06-29,7.140000000000001,False
29,2015-06-30,7.140000000000001,False
0,2015-07-01,13.0,False
1,2015-07-02,4.94,False
2,2015-07-03,3.5100000000000002,False
3,2015-07-04,2.99,False
4,2015-07-05,4.03,False
5,2015-07-06,7.930000000000001,False
6,2015-07-07,7.15,False
7,2015-07-08,10.4,False
8,2015-07-09,4.94,False
9,2015-07-10,5.8500000000000005,False
10,2015-07-11,1.9500000000000002,False
11,2015-07-12,3.9000000000000004,False
12,2015-07-13,6.37,False
13,2015-07-14,11.31,False
14,2015-07-15,7.28,False
15,2015-07-16,10.01,False
16,2015-07-17,5.2,False
17,2015-07-18,2.08,False
18,2015-07-19,2.08,False
19,2015-07-20,6.76,False
20,2015-07-21,2.47,False
21,2015-07-22,3.25,False
22,2015-07-23,4.03,False
23,2015-07-24,6.76,False
24,2015-07-25,7.67,False
25,2015-07-26,2.8600000000000003,False
26,2015-07-27,6.37,False
27,2015-07-28,4.03,False
28,2015-07-29,5.59,False
29,2015-07-30,4.94,False
30,2015-07-31,9.23,False
0,2015-08-01,1.26,False
1,2015-08-02,1.26,False
2,2015-08-03,6.72,False
3,2015-08-04,2.31,False
4,2015-08-05,5.67,False
5,2015-08-06,9.03,False
6,2015-08-07,1.26,False
7,2015-08-08,5.25,False
8,2015-08-09,2.73,False
9,2015-08-10,1.05,False
10,2015-08-11,5.46,False
11,2015-08-12,3.36,False
12,2015-08-13,4.41,False
13,2015-08-14,4.62,False
14,2015-08-15,1.26,False
15,2015-08-16,2.73,False
16,2015-08-17,0.0,False
17,2015-08-18,21.0,False
18,2015-08-19,8.82,False
19,2015-08-20,10.08,False
20,2015-08-21,10.29,False
21,2015-08-22,5.25,False
22,2015-08-23,1.26,False
23,2015-08-24,17.009999999999998,False
24,2015-08-25,17.22,False
25,2015-08-26,14.07,False
26,2015-08-27,5.46,False
27,2015-08-28,11.34,False
28,2015-08-29,2.52,False
29,2015-08-30,2.52,False
30,2015-08-31,8.61,False
0,2015-09-01,11.84,False
1,2015-09-02,15.52,False
2,2015-09-03,7.84,False
3,2015-09-04,13.44,False
4,2015-09-05,7.2,False
5,2015-09-06,2.08,False
6,2015-09-07,5.44,False
7,2015-09-08,4.16,False
8,2015-09-09,16.0,False
9,2015-09-10,13.6,False
10,2015-09-11,13.280000000000001,False
11,2015-09-12,10.08,False
12,2015-09-13,3.84,False
13,2015-09-14,9.120000000000001,False
14,2015-09-15,10.08,False
15,2015-09-16,13.44,False
16,2015-09-17,11.84,False
17,2015-09-18,7.04,False
18,2015-09-19,8.96,False
19,2015-09-20,2.88,False
20,2015-09-21,4.96,False
21,2015-09-22,3.36,False
22,2015-09-23,10.08,False
23,2015-09-24,13.92,False
24,2015-09-25,9.92,False
25,2015-09-26,4.96,False
26,2015-09-27,5.92,False
27,2015-09-28,4.96,False
28,2015-09-29,4.16,False
29,2015-09-30,7.5200000000000005,False
0,2015-10-01,4.199999999999999,False
1,2015-10-02,4.8999999999999995,False
2,2015-10-03,4.199999999999999,False
3,2015-10-04,1.0499999999999998,False
4,2015-10-05,7.0,False
5,2015-10-06,8.399999999999999,False
6,2015-10-07,3.15,False
7,2015-10-08,6.3,False
8,2015-10-09,2.4499999999999997,False
9,2015-10-10,2.0999999999999996,False
10,2015-10-11,1.0499999999999998,False
11,2015-10-12,7.35,False
12,2015-10-13,5.25,False
13,2015-10-14,30.799999999999997,False
14,2015-10-15,35.0,False
15,2015-10-16,25.9,False
16,2015-10-17,8.399999999999999,False
17,2015-10-18,5.6,False
18,2015-10-19,12.95,False
19,2015-10-20,14.0,False
20,2015-10-21,14.35,False
21,2015-10-22,16.45,False
22,2015-10-23,8.399999999999999,False
23,2015-10-24,4.199999999999999,False
24,2015-10-25,2.4499999999999997,False
25,2015-10-26,9.799999999999999,False
26,2015-10-27,14.35,False
27,2015-10-28,16.45,False
28,2015-10-29,10.5,False
29,2015-10-30,13.649999999999999,False
30,2015-10-31,4.8999999999999995,False
0,2015-11-01,4.86,False
1,2015-11-02,16.200000000000003,False
2,2015-11-03,16.200000000000003,False
3,2015-11-04,21.87,False
4,2015-11-05,13.770000000000001,False
5,2015-11-06,11.34,False
6,2015-11-07,1.62,False
7,2015-11-08,1.62,False
8,2015-11-09,6.75,False
9,2015-11-10,9.450000000000001,False
10,2015-11-11,9.72,False
11,2015-11-12,14.040000000000001,False
12,2015-11-13,7.0200000000000005,False
13,2015-11-14,3.24,False
14,2015-11-15,0.0,False
15,2015-11-16,20.520000000000003,False
16,2015-11-17,25.650000000000002,False
17,2015-11-18,27.0,False
18,2015-11-19,13.770000000000001,False
19,2015-11-20,18.36,False
20,2015-11-21,6.48,False
21,2015-11-22,1.62,False
22,2015-11-23,16.200000000000003,False
23,2015-11-24,13.5,False
24,2015-11-25,12.15,False
25,2015-11-26,5.67,False
26,2015-11-27,9.99,False
27,2015-11-28,3.24,False
28,2015-11-29,1.62,False
29,2015-11-30,14.580000000000002,False
0,2015-12-01,14.030000000000001,False
1,2015-12-02,12.42,False
2,2015-12-03,20.470000000000002,False
3,2015-12-04,15.64,False
4,2015-12-05,3.91,False
5,2015-12-06,7.82,False
6,2015-12-07,13.34,False
7,2015-12-08,11.040000000000001,False
8,2015-12-09,11.73,False
9,2015-12-10,23.0,False
10,2015-12-11,10.58,False
11,2015-12-12,3.91,False
12,2015-12-13,5.75,False
13,2015-12-14,16.560000000000002,False
14,2015-12-15,17.25,False
15,2015-12-16,14.72,False
16,2015-12-17,12.42,False
17,2015-12-18,17.71,False
18,2015-12-19,6.21,False
19,2015-12-20,5.0600000000000005,False
20,2015-12-21,11.5,False
21,2015-12-22,12.88,False
22,2015-12-23,20.01,False
23,2015-12-24,12.88,False
24,2015-12-25,4.6000000000000005,False
25,2015-12-26,4.140000000000001,False
26,2015-12-27,2.0700000000000003,False
27,2015-12-28,15.64,False
28,2015-12-29,18.400000000000002,False
29,2015-12-30,17.02,False
30,2015-12-31,14.49,False
0,2016-01-01,5.949999999999999,False
1,2016-01-02,1.75,False
2,2016-01-03,3.5,False
3,2016-01-04,26.95,False
4,2016-01-05,23.799999999999997,False
5,2016-01-06,28.7,False
6,2016-01-07,31.849999999999998,False
7,2016-01-08,35.0,False
8,2016-01-09,8.75,False
9,2016-01-10,5.25,False
10,2016-01-11,20.65,False
11,2016-01-12,12.95,False
12,2016-01-13,23.099999999999998,False
13,2016-01-14,23.799999999999997,False
14,2016-01-15,24.15,False
15,2016-01-16,9.799999999999999,False
16,2016-01-17,4.199999999999999,False
17,2016-01-18,10.149999999999999,False
18,2016-01-19,15.399999999999999,False
19,2016-01-20,24.15,False
20,2016-01-21,26.95,False
21,2016-01-22,17.15,False
22,2016-01-23,7.0,False
23,2016-01-24,0.0,False
24,2016-01-25,8.399999999999999,False
25,2016-01-26,14.0,False
26,2016-01-27,14.7,False
27,2016-01-28,16.45,False
28,2016-01-29,26.599999999999998,False
29,2016-01-30,10.85,False
30,2016-01-31,2.8,False
0,2016-02-01,8.06,False
1,2016-02-02,13.64,False
2,2016-02-03,13.95,False
3,2016-02-04,9.3,False
4,2016-02-05,13.02,False
5,2016-02-06,5.27,False
6,2016-02-07,0.0,False
7,2016-02-08,8.06,False
8,2016-02-09,16.43,False
9,2016-02-10,8.06,False
10,2016-02-11,15.19,False
11,2016-02-12,17.98,False
12,2016-02-13,5.27,False
13,2016-02-14,1.24,False
14,2016-02-15,4.65,False
15,2016-02-16,12.4,False
16,2016-02-17,16.12,False
17,2016-02-18,31.0,False
18,2016-02-19,15.5,False
19,2016-02-20,4.03,False
20,2016-02-21,1.24,False
21,2016-02-22,11.16,False
22,2016-02-23,9.92,False
23,2016-02-24,7.75,False
24,2016-02-25,8.06,False
25,2016-02-26,10.85,False
26,2016-02-27,2.48,False
27,2016-02-28,0.0,False
28,2016-02-29,9.92,False
0,2016-03-01,13.8,False
1,2016-03-02,16.79,False
2,2016-03-03,14.030000000000001,False
3,2016-03-04,16.560000000000002,False
4,2016-03-05,2.0700000000000003,False
5,2016-03-06,2.0700000000000003,False
6,2016-03-07,20.470000000000002,False
7,2016-03-08,14.030000000000001,False
8,2016-03-09,17.94,False
9,2016-03-10,14.26,False
10,2016-03-11,13.8,False
11,2016-03-12,5.5200000000000005,False
12,2016-03-13,2.0700000000000003,False
13,2016-03-14,17.94,False
14,2016-03-15,12.190000000000001,False
15,2016-03-16,17.02,False
16,2016-03-17,14.49,False
17,2016-03-18,23.0,False
18,2016-03-19,6.44,False
19,2016-03-20,4.37,False
20,2016-03-21,18.17,False
21,2016-03-22,20.01,False
22,2016-03-23,10.58,False
23,2016-03-24,19.09,False
24,2016-03-25,9.66,False
25,2016-03-26,3.45,False
26,2016-03-27,3.45,False
27,2016-03-28,12.88,False
28,2016-03-29,9.43,False
29,2016-03-30,18.17,False
30,2016-03-31,16.1,False
0,2016-04-01,11.76,False
1,2016-04-02,5.67,False
2,2016-04-03,2.94,False
3,2016-04-04,12.18,False
4,2016-04-05,9.87,False
5,2016-04-06,16.169999999999998,False
6,2016-04-07,2.52,False
7,2016-04-08,10.5,False
8,2016-04-09,2.94,False
9,2016-04-10,1.47,False
10,2016-04-11,7.56,False
11,2016-04-12,12.389999999999999,False
12,2016-04-13,12.6,False
13,2016-04-14,5.04,False
14,2016-04-15,3.9899999999999998,False
15,2016-04-16,4.41,False
16,2016-04-17,1.47,False
17,2016-04-18,8.61,False
18,2016-04-19,21.0,False
19,2016-04-20,9.87,False
20,2016-04-21,8.82,False
21,2016-04-22,9.24,False
22,2016-04-23,2.94,False
23,2016-04-24,2.73,False
24,2016-04-25,9.87,False
25,2016-04-26,12.389999999999999,False
26,2016-04-27,12.389999999999999,False
27,2016-04-28,13.86,False
28,2016-04-29,14.28,False
29,2016-04-30,2.94,False
0,2016-05-01,1.12,False
1,2016-05-02,6.44,False
2,2016-05-03,4.2,False
3,2016-05-04,6.720000000000001,False
4,2016-05-05,6.16,False
5,2016-05-06,8.4,False
6,2016-05-07,2.24,False
7,2016-05-08,1.12,False
8,2016-05-09,5.880000000000001,False
9,2016-05-10,10.64,False
10,2016-05-11,9.520000000000001,False
11,2016-05-12,5.880000000000001,False
12,2016-05-13,10.64,False
13,2016-05-14,4.48,False
14,2016-05-15,2.8000000000000003,False
15,2016-05-16,8.680000000000001,False
16,2016-05-17,7.5600000000000005,False
17,2016-05-18,16.8,False
18,2016-05-19,28.000000000000004,False
19,2016-05-20,18.200000000000003,False
20,2016-05-21,1.6800000000000002,False
21,2016-05-22,2.24,False
22,2016-05-23,10.080000000000002,False
23,2016-05-24,10.920000000000002,False
24,2016-05-25,11.760000000000002,False
25,2016-05-26,8.120000000000001,False
26,2016-05-27,7.280000000000001,False
27,2016-05-28,2.24,False
28,2016-05-29,0.0,False
29,2016-05-30,3.9200000000000004,False
30,2016-05-31,8.680000000000001,False
0,2016-06-01,16.79,False
1,2016-06-02,10.35,False
2,2016-06-03,13.57,False
3,2016-06-04,3.45,False
4,2016-06-05,4.140000000000001,False
5,2016-06-06,14.49,False
6,2016-06-07,13.8,False
7,2016-06-08,11.73,False
8,2016-06-09,11.040000000000001,False
9,2016-06-10,12.190000000000001,False
10,2016-06-11,4.140000000000001,False
11,2016-06-12,0.0,False
12,2016-06-13,7.82,False
13,2016-06-14,13.57,False
14,2016-06-15,13.8,False
15,2016-06-16,15.870000000000001,False
16,2016-06-17,5.98,False
17,2016-06-18,3.45,False
18,2016-06-19,2.5300000000000002,False
19,2016-06-20,12.190000000000001,False
20,2016-06-21,12.190000000000001,False
21,2016-06-22,8.05,False
22,2016-06-23,14.26,False
23,2016-06-24,23.0,False
24,2016-06-25,5.29,False
25,2016-06-26,3.45,False
26,2016-06-27,15.180000000000001,False
27,2016-06-28,17.48,False
28,2016-06-29,13.34,False
29,2016-06-30,17.94,False
0,2016-07-01,7.48,False
1,2016-07-02,2.5500000000000003,False
2,2016-07-03,1.7000000000000002,False
3,2016-07-04,4.590000000000001,False
4,2016-07-05,13.430000000000001,False
5,2016-07-06,13.600000000000001,False
6,2016-07-07,13.770000000000001,False
7,2016-07-08,14.110000000000001,False
8,2016-07-09,4.42,False
9,2016-07-10,1.7000000000000002,False
10,2016-07-11,10.370000000000001,False
11,2016-07-12,17.0,False
12,2016-07-13,9.01,False
13,2016-07-14,13.600000000000001,False
14,2016-07-15,13.090000000000002,False
15,2016-07-16,5.1000000000000005,False
16,2016-07-17,0.0,False
17,2016-07-18,6.800000000000001,False
18,2016-07-19,5.95,False
19,2016-07-20,12.07,False
20,2016-07-21,15.13,False
21,2016-07-22,9.350000000000001,False
22,2016-07-23,6.12,False
23,2016-07-24,1.7000000000000002,False
24,2016-07-25,12.58,False
25,2016-07-26,5.95,False
26,2016-07-27,10.370000000000001,False
27,2016-07-28,8.84,False
28,2016-07-29,16.32,False
29,2016-07-30,1.7000000000000002,False
30,2016-07-31,0.0,False
0,2016-08-01,7.4399999999999995,False
1,2016-08-02,5.52,False
2,2016-08-03,8.4,False
3,2016-08-04,4.8,False
4,2016-08-05,5.04,False
5,2016-08-06,3.36,False
6,2016-08-07,1.2,False
7,2016-08-08,16.32,False
8,2016-08-09,7.68,False
9,2016-08-10,3.84,False
10,2016-08-11,11.76,False
11,2016-08-12,8.16,False
12,2016-08-13,2.16,False
13,2016-08-14,3.36,False
14,2016-08-15,12.24,False
15,2016-08-16,7.92,False
16,2016-08-17,5.04,False
17,2016-08-18,24.0,False
18,2016-08-19,9.12,False
19,2016-08-20,2.16,False
20,2016-08-21,0.0,False
21,2016-08-22,5.76,False
22,2016-08-23,1.92,False
23,2016-08-24,6.4799999999999995,False
24,2016-08-25,6.4799999999999995,False
25,2016-08-26,9.6,False
26,2016-08-27,2.16,False
27,2016-08-28,0.96,False
28,2016-08-29,5.279999999999999,False
29,2016-08-30,6.24,False
30,2016-08-31,9.12,False
0,2016-09-01,14.94,False
1,2016-09-02,11.7,False
2,2016-09-03,5.04,False
3,2016-09-04,1.98,False
4,2016-09-05,1.7999999999999998,False
5,2016-09-06,13.68,False
6,2016-09-07,6.12,False
7,2016-09-08,16.74,False
8,2016-09-09,11.7,False
9,2016-09-10,5.04,False
10,2016-09-11,1.98,False
11,2016-09-12,10.62,False
12,2016-09-13,18.0,False
13,2016-09-14,8.64,False
14,2016-09-15,14.94,False
15,2016-09-16,6.3,False
16,2016-09-17,3.96,False
17,2016-09-18,1.98,False
18,2016-09-19,10.08,False
19,2016-09-20,10.98,False
20,2016-09-21,10.26,False
21,2016-09-22,7.739999999999999,False
22,2016-09-23,12.6,False
23,2016-09-24,5.9399999999999995,False
24,2016-09-25,1.98,False
25,2016-09-26,1.6199999999999999,False
26,2016-09-27,6.66,False
27,2016-09-28,11.879999999999999,False
28,2016-09-29,9.36,False
29,2016-09-30,8.82,False
0,2016-10-01,0.0,False
1,2016-10-02,1.6199999999999999,False
2,2016-10-03,5.3999999999999995,False
3,2016-10-04,9.54,False
4,2016-10-05,6.84,False
5,2016-10-06,10.98,False
6,2016-10-07,17.28,False
7,2016-10-08,7.92,False
8,2016-10-09,0.0,False
9,2016-10-10,10.98,False
10,2016-10-11,18.0,False
11,2016-10-12,12.6,False
12,2016-10-13,9.719999999999999,False
13,2016-10-14,10.08,False
14,2016-10-15,1.6199999999999999,False
15,2016-10-16,3.06,False
16,2016-10-17,6.84,False
17,2016-10-18,10.799999999999999,False
18,2016-10-19,8.1,False
19,2016-10-20,10.799999999999999,False
20,2016-10-21,4.32,False
21,2016-10-22,4.859999999999999,False
22,2016-10-23,1.6199999999999999,False
23,2016-10-24,8.1,False
24,2016-10-25,8.1,False
25,2016-10-26,9.36,False
26,2016-10-27,4.14,False
27,2016-10-28,14.399999999999999,False
28,2016-10-29,0.0,False
29,2016-10-30,0.0,False
30,2016-10-31,5.58,False
0,2016-11-01,4.32,False
1,2016-11-02,11.52,False
2,2016-11-03,4.32,False
3,2016-11-04,8.879999999999999,False
4,2016-11-05,0.0,False
5,2016-11-06,0.0,False
6,2016-11-07,16.56,False
7,2016-11-08,8.4,False
8,2016-11-09,12.719999999999999,False
9,2016-11-10,23.04,False
10,2016-11-11,20.4,False
11,2016-11-12,4.8,False
12,2016-11-13,3.12,False
13,2016-11-14,8.4,False
14,2016-11-15,16.8,False
15,2016-11-16,9.6,False
16,2016-11-17,24.0,False
17,2016-11-18,15.84,False
18,2016-11-19,4.8,False
19,2016-11-20,7.68,False
20,2016-11-21,21.84,False
21,2016-11-22,13.68,False
22,2016-11-23,5.52,False
23,2016-11-24,10.08,False
24,2016-11-25,11.52,False
25,2016-11-26,3.12,False
26,2016-11-27,0.0,False
27,2016-11-28,10.559999999999999,False
28,2016-11-29,14.399999999999999,False
29,2016-11-30,22.8,False
0,2016-12-01,8.19,False
1,2016-12-02,10.709999999999999,False
2,2016-12-03,6.51,False
3,2016-12-04,1.26,False
4,2016-12-05,9.45,False
5,2016-12-06,10.08,False
6,2016-12-07,12.389999999999999,False
7,2016-12-08,21.0,False
8,2016-12-09,4.83,False
9,2016-12-10,1.26,False
10,2016-12-11,1.26,False
11,2016-12-12,11.129999999999999,False
12,2016-12-13,15.959999999999999,False
13,2016-12-14,13.86,False
14,2016-12-15,9.24,False
15,2016-12-16,11.129999999999999,False
16,2016-12-17,1.26,False
17,2016-12-18,2.73,False
18,2016-12-19,8.19,False
19,2016-12-20,3.57,False
20,2016-12-21,13.44,False
21,2016-12-22,9.87,False
22,2016-12-23,11.549999999999999,False
23,2016-12-24,0.0,False
24,2016-12-25,1.47,False
25,2016-12-26,3.78,False
26,2016-12-27,7.35,False
27,2016-12-28,13.65,False
28,2016-12-29,11.129999999999999,False
29,2016-12-30,7.77,False
30,2016-12-31,4.2,False
0,2017-01-01,4.6000000000000005,False
1,2017-01-02,2.6,False
2,2017-01-03,9.8,False
3,2017-01-04,11.0,False
4,2017-01-05,11.200000000000001,False
5,2017-01-06,7.6000000000000005,False
6,2017-01-07,0.0,False
7,2017-01-08,2.8000000000000003,False
8,2017-01-09,8.200000000000001,False
9,2017-01-10,8.200000000000001,False
10,2017-01-11,20.0,False
11,2017-01-12,13.0,False
12,2017-01-13,11.0,False
13,2017-01-14,5.6000000000000005,False
14,2017-01-15,0.0,False
15,2017-01-16,2.4000000000000004,False
16,2017-01-17,10.600000000000001,False
17,2017-01-18,9.4,False
18,2017-01-19,5.800000000000001,False
19,2017-01-20,7.4,False
20,2017-01-21,4.0,False
21,2017-01-22,5.2,False
22,2017-01-23,14.0,False
23,2017-01-24,11.600000000000001,False
24,2017-01-25,17.8,False
25,2017-01-26,17.400000000000002,False
26,2017-01-27,14.600000000000001,False
27,2017-01-28,2.8000000000000003,False
28,2017-01-29,1.4000000000000001,False
29,2017-01-30,10.200000000000001,False
30,2017-01-31,5.800000000000001,False
0,2017-02-01,10.729999999999999,False
1,2017-02-02,13.34,False
2,2017-02-03,12.76,False
3,2017-02-04,6.38,False
4,2017-02-05,0.0,False
5,2017-02-06,5.51,False
6,2017-02-07,5.51,False
7,2017-02-08,7.539999999999999,False
8,2017-02-09,15.659999999999998,False
9,2017-02-10,13.919999999999998,False
10,2017-02-11,6.38,False
11,2017-02-12,2.61,False
12,2017-02-13,9.86,False
13,2017-02-14,17.4,False
14,2017-02-15,16.82,False
15,2017-02-16,9.86,False
16,2017-02-17,11.02,False
17,2017-02-18,7.539999999999999,False
18,2017-02-19,1.16,False
19,2017-02-20,3.19,False
20,2017-02-21,15.37,False
21,2017-02-22,12.18,False
22,2017-02-23,20.299999999999997,False
23,2017-02-24,18.27,False
24,2017-02-25,6.38,False
25,2017-02-26,2.61,False
26,2017-02-27,12.76,False
27,2017-02-28,28.999999999999996,False
0,2017-03-01,22.5,False
1,2017-03-02,25.0,False
2,2017-03-03,23.0,False
3,2017-03-04,5.75,False
4,2017-03-05,6.5,False
5,2017-03-06,16.5,False
6,2017-03-07,18.75,False
7,2017-03-08,20.5,False
8,2017-03-09,14.75,False
9,2017-03-10,20.75,False
10,2017-03-11,2.75,False
11,2017-03-12,4.5,False
12,2017-03-13,12.25,False
13,2017-03-14,16.5,False
14,2017-03-15,19.25,False
15,2017-03-16,15.0,False
16,2017-03-17,17.5,False
17,2017-03-18,2.0,False
18,2017-03-19,4.75,False
19,2017-03-20,19.0,False
20,2017-03-21,19.75,False
21,2017-03-22,14.75,False
22,2017-03-23,15.75,False
23,2017-03-24,13.75,False
24,2017-03-25,4.0,False
25,2017-03-26,2.0,False
26,2017-03-27,12.5,False
27,2017-03-28,16.75,False
28,2017-03-29,15.0,False
29,2017-03-30,21.25,False
30,2017-03-31,21.75,False
0,2017-04-01,2.99,False
1,2017-04-02,2.99,False
2,2017-04-03,14.26,False
3,2017-04-04,6.44,False
4,2017-04-05,12.88,False
5,2017-04-06,11.96,False
6,2017-04-07,23.0,False
7,2017-04-08,2.99,False
8,2017-04-09,2.99,False
9,2017-04-10,17.02,False
10,2017-04-11,10.81,False
11,2017-04-12,12.190000000000001,False
12,2017-04-13,11.270000000000001,False
13,2017-04-14,2.99,False
14,2017-04-15,1.61,False
15,2017-04-16,4.83,False
16,2017-04-17,9.43,False
17,2017-04-18,11.5,False
18,2017-04-19,8.97,False
19,2017-04-20,10.58,False
20,2017-04-21,19.32,False
21,2017-04-22,4.6000000000000005,False
22,2017-04-23,2.99,False
23,2017-04-24,14.26,False
24,2017-04-25,14.26,False
25,2017-04-26,15.41,False
26,2017-04-27,18.400000000000002,False
27,2017-04-28,9.43,False
28,2017-04-29,2.99,False
29,2017-04-30,1.61,False
0,2017-05-01,8.4,False
1,2017-05-02,8.1,False
2,2017-05-03,9.299999999999999,False
3,2017-05-04,12.0,False
4,2017-05-05,11.4,False
5,2017-05-06,4.5,False
6,2017-05-07,1.7999999999999998,False
7,2017-05-08,7.5,False
8,2017-05-09,16.2,False
9,2017-05-10,11.4,False
10,2017-05-11,8.4,False
11,2017-05-12,16.2,False
12,2017-05-13,5.1,False
13,2017-05-14,2.6999999999999997,False
14,2017-05-15,10.799999999999999,False
15,2017-05-16,11.7,False
16,2017-05-17,15.899999999999999,False
17,2017-05-18,30.0,False
18,2017-05-19,22.2,False
19,2017-05-20,4.8,False
20,2017-05-21,1.2,False
21,2017-05-22,15.299999999999999,False
22,2017-05-23,16.5,False
23,2017-05-24,11.4,False
24,2017-05-25,15.0,False
25,2017-05-26,10.799999999999999,False
26,2017-05-27,2.6999999999999997,False
27,2017-05-28,2.1,False
28,2017-05-29,2.4,False
29,2017-05-30,15.6,False
30,2017-05-31,13.799999999999999,False
0,2017-06-01,7.41,False
1,2017-06-02,19.11,False
2,2017-06-03,1.56,False
3,2017-06-04,1.56,False
4,2017-06-05,13.26,False
5,2017-06-06,15.21,False
6,2017-06-07,10.530000000000001,False
7,2017-06-08,9.36,False
8,2017-06-09,6.24,False
9,2017-06-10,4.29,False
10,2017-06-11,8.19,False
11,2017-06-12,14.040000000000001,False
12,2017-06-13,15.21,False
13,2017-06-14,13.26,False
14,2017-06-15,9.75,False
15,2017-06-16,39.0,False
16,2017-06-17,7.41,False
17,2017-06-18,5.46,False
18,2017-06-19,31.98,False
19,2017-06-20,15.99,False
20,2017-06-21,18.330000000000002,False
21,2017-06-22,17.55,False
22,2017-06-23,15.600000000000001,False
23,2017-06-24,5.46,False
24,2017-06-25,2.73,False
25,2017-06-26,17.16,False
26,2017-06-27,15.99,False
27,2017-06-28,18.72,False
28,2017-06-29,13.65,False
29,2017-06-30,10.14,False
0,2017-07-01,9.520000000000001,False
1,2017-07-02,1.6800000000000002,False
2,2017-07-03,8.4,False
3,2017-07-04,5.040000000000001,False
4,2017-07-05,10.64,False
5,2017-07-06,14.000000000000002,False
6,2017-07-07,14.280000000000001,False
7,2017-07-08,3.3600000000000003,False
8,2017-07-09,2.5200000000000005,False
9,2017-07-10,19.040000000000003,False
10,2017-07-11,6.16,False
11,2017-07-12,14.280000000000001,False
12,2017-07-13,21.000000000000004,False
13,2017-07-14,14.280000000000001,False
14,2017-07-15,6.44,False
15,2017-07-16,3.08,False
16,2017-07-17,9.520000000000001,False
17,2017-07-18,16.520000000000003,False
18,2017-07-19,16.520000000000003,False
19,2017-07-20,14.280000000000001,False
20,2017-07-21,15.680000000000001,False
21,2017-07-22,4.760000000000001,False
22,2017-07-23,1.6800000000000002,False
23,2017-07-24,10.920000000000002,False
24,2017-07-25,12.88,False
25,2017-07-26,28.000000000000004,False
26,2017-07-27,21.000000000000004,False
27,2017-07-28,21.000000000000004,False
28,2017-07-29,5.6000000000000005,False
29,2017-07-30,2.24,False
30,2017-07-31,16.240000000000002,False
0,2017-08-01,15.049999999999999,False
1,2017-08-02,16.34,False
2,2017-08-03,19.78,False
3,2017-08-04,17.2,False
4,2017-08-05,6.02,False
5,2017-08-06,3.01,False
6,2017-08-07,19.78,False
7,2017-08-08,21.07,False
8,2017-08-09,14.19,False
9,2017-08-10,15.049999999999999,False
10,2017-08-11,13.76,False
11,2017-08-12,7.74,False
12,2017-08-13,1.72,False
13,2017-08-14,15.48,False
14,2017-08-15,16.34,False
15,2017-08-16,19.35,False
16,2017-08-17,43.0,False
17,2017-08-18,27.95,False
18,2017-08-19,4.3,False
19,2017-08-20,2.58,False
20,2017-08-21,18.919999999999998,False
21,2017-08-22,18.49,False
22,2017-08-23,16.34,False
23,2017-08-24,21.93,False
24,2017-08-25,18.06,False
25,2017-08-26,5.16,False
26,2017-08-27,5.16,False
27,2017-08-28,17.63,False
28,2017-08-29,14.19,False
29,2017-08-30,11.61,False
30,2017-08-31,14.19,False
0,2017-09-01,11.18,False
1,2017-09-02,3.12,False
2,2017-09-03,0.0,False
3,2017-09-04,8.32,False
4,2017-09-05,19.5,False
5,2017-09-06,26.0,False
6,2017-09-07,10.66,False
7,2017-09-08,13.780000000000001,False
8,2017-09-09,4.42,False
9,2017-09-10,4.42,False
10,2017-09-11,15.600000000000001,False
11,2017-09-12,13.0,False
12,2017-09-13,15.860000000000001,False
13,2017-09-14,10.66,False
14,2017-09-15,12.22,False
15,2017-09-16,12.22,False
16,2017-09-17,8.84,False
17,2017-09-18,22.1,False
18,2017-09-19,13.0,False
19,2017-09-20,10.4,False
20,2017-09-21,24.96,False
21,2017-09-22,12.48,False
22,2017-09-23,4.68,False
23,2017-09-24,0.0,False
24,2017-09-25,11.700000000000001,False
25,2017-09-26,16.64,False
26,2017-09-27,11.700000000000001,False
27,2017-09-28,8.06,False
28,2017-09-29,9.88,False
29,2017-09-30,7.54,False
0,2017-10-01,6.02,False
1,2017-10-02,8.6,False
2,2017-10-03,16.77,False
3,2017-10-04,12.9,False
4,2017-10-05,9.03,False
5,2017-10-06,9.03,False
6,2017-10-07,6.02,False
7,2017-10-08,3.01,False
8,2017-10-09,11.61,False
9,2017-10-10,33.54,False
10,2017-10-11,43.0,False
11,2017-10-12,38.7,False
12,2017-10-13,18.06,False
13,2017-10-14,11.61,False
14,2017-10-15,1.29,False
15,2017-10-16,27.52,False
16,2017-10-17,18.919999999999998,False
17,2017-10-18,26.23,False
18,2017-10-19,21.5,False
19,2017-10-20,17.2,False
20,2017-10-21,7.31,False
21,2017-10-22,5.59,False
22,2017-10-23,21.07,False
23,2017-10-24,18.49,False
24,2017-10-25,23.65,False
25,2017-10-26,18.919999999999998,False
26,2017-10-27,27.52,False
27,2017-10-28,7.31,False
28,2017-10-29,3.01,False
29,2017-10-30,17.2,False
30,2017-10-31,21.5,False
0,2017-11-01,12.81,False
1,2017-11-02,14.64,False
2,2017-11-03,17.08,False
3,2017-11-04,2.44,False
4,2017-11-05,4.27,False
5,2017-11-06,12.81,False
6,2017-11-07,16.47,False
7,2017-11-08,11.59,False
8,2017-11-09,12.2,False
9,2017-11-10,17.08,False
10,2017-11-11,5.49,False
11,2017-11-12,1.83,False
12,2017-11-13,14.64,False
13,2017-11-14,12.81,False
14,2017-11-15,21.349999999999998,False
15,2017-11-16,61.0,False
16,2017-11-17,49.41,False
17,2017-11-18,6.71,False
18,2017-11-19,4.27,False
19,2017-11-20,20.13,False
20,2017-11-21,28.669999999999998,False
21,2017-11-22,23.79,False
22,2017-11-23,6.71,False
23,2017-11-24,10.98,False
24,2017-11-25,1.83,False
25,2017-11-26,0.61,False
26,2017-11-27,12.81,False
27,2017-11-28,15.86,False
28,2017-11-29,23.18,False
29,2017-11-30,19.52,False
0,2017-12-01,38.879999999999995,False
1,2017-12-02,14.879999999999999,False
2,2017-12-03,2.88,False
3,2017-12-04,33.6,False
4,2017-12-05,48.0,False
5,2017-12-06,37.92,False
6,2017-12-07,36.48,False
7,2017-12-08,35.519999999999996,False
8,2017-12-09,16.32,False
9,2017-12-10,5.76,False
10,2017-12-11,27.84,False
11,2017-12-12,34.08,False
12,2017-12-13,33.6,False
13,2017-12-14,32.64,False
14,2017-12-15,27.84,False
15,2017-12-16,9.6,False
16,2017-12-17,8.64,False
17,2017-12-18,29.759999999999998,False
18,2017-12-19,33.6,False
19,2017-12-20,39.839999999999996,False
20,2017-12-21,35.519999999999996,False
21,2017-12-22,38.879999999999995,False
22,2017-12-23,15.84,False
23,2017-12-24,3.36,False
24,2017-12-25,1.92,False
25,2017-12-26,35.04,False
26,2017-12-27,31.68,False
27,2017-12-28,31.2,False
28,2017-12-29,38.879999999999995,False
29,2017-12-30,15.84,False
30,2017-12-31,5.279999999999999,False
0,2018-01-01,8.450000000000001,False
1,2018-01-02,30.55,False
2,2018-01-03,29.900000000000002,False
3,2018-01-04,34.45,False
4,2018-01-05,46.800000000000004,False
5,2018-01-06,12.35,False
6,2018-01-07,7.15,False
7,2018-01-08,41.6,False
8,2018-01-09,42.25,False
9,2018-01-10,28.6,False
10,2018-01-11,65.0,False
11,2018-01-12,48.1,False
12,2018-01-13,12.35,False
13,2018-01-14,4.55,False
14,2018-01-15,11.700000000000001,False
15,2018-01-16,35.75,False
16,2018-01-17,33.15,False
17,2018-01-18,46.15,False
18,2018-01-19,45.5,False
19,2018-01-20,13.0,False
20,2018-01-21,7.15,False
21,2018-01-22,27.95,False
22,2018-01-23,44.2,False
23,2018-01-24,35.75,False
24,2018-01-25,34.45,False
25,2018-01-26,42.25,False
26,2018-01-27,16.900000000000002,False
27,2018-01-28,9.1,False
28,2018-01-29,45.5,False
29,2018-01-30,40.95,False
30,2018-01-31,41.6,False
0,2018-02-01,27.0,False
1,2018-02-02,34.0,False
2,2018-02-03,10.0,False
3,2018-02-04,2.0,False
4,2018-02-05,32.0,False
5,2018-02-06,38.0,False
6,2018-02-07,26.0,False
7,2018-02-08,27.0,False
8,2018-02-09,30.0,False
9,2018-02-10,11.0,False
10,2018-02-11,6.0,False
11,2018-02-12,23.0,False
12,2018-02-13,21.0,False
13,2018-02-14,24.0,False
14,2018-02-15,23.0,False
15,2018-02-16,27.0,False
16,2018-02-17,8.0,False
17,2018-02-18,3.0,False
18,2018-02-19,13.0,False
19,2018-02-20,100.0,False
20,2018-02-21,87.0,False
21,2018-02-22,66.0,False
22,2018-02-23,54.0,False
23,2018-02-24,11.0,False
24,2018-02-25,9.0,False
25,2018-02-26,41.0,False
26,2018-02-27,35.0,False
27,2018-02-28,33.0,False
0,2018-03-01,62.78,False
1,2018-03-02,73.0,False
2,2018-03-03,12.41,False
3,2018-03-04,12.41,False
4,2018-03-05,55.48,False
5,2018-03-06,71.53999999999999,False
6,2018-03-07,46.72,False
7,2018-03-08,56.21,False
8,2018-03-09,48.18,False
9,2018-03-10,16.79,False
10,2018-03-11,5.84,False
11,2018-03-12,37.23,False
12,2018-03-13,41.61,False
13,2018-03-14,37.96,False
14,2018-03-15,62.05,False
15,2018-03-16,60.589999999999996,False
16,2018-03-17,9.49,False
17,2018-03-18,8.03,False
18,2018-03-19,37.96,False
19,2018-03-20,37.96,False
20,2018-03-21,37.23,False
21,2018-03-22,50.37,False
22,2018-03-23,37.96,False
23,2018-03-24,17.52,False
24,2018-03-25,2.92,False
25,2018-03-26,37.96,False
26,2018-03-27,32.85,False
27,2018-03-28,29.93,False
28,2018-03-29,37.96,False
29,2018-03-30,29.2,False
30,2018-03-31,6.57,False
0,2018-04-01,6.890000000000001,False
1,2018-04-02,53.0,False
2,2018-04-03,47.17,False
3,2018-04-04,43.46,False
4,2018-04-05,32.86,False
5,2018-04-06,29.150000000000002,False
6,2018-04-07,4.7700000000000005,False
7,2018-04-08,4.7700000000000005,False
8,2018-04-09,33.92,False
9,2018-04-10,37.1,False
10,2018-04-11,40.28,False
11,2018-04-12,36.57,False
12,2018-04-13,26.5,False
13,2018-04-14,5.83,False
14,2018-04-15,4.24,False
15,2018-04-16,25.44,False
16,2018-04-17,32.33,False
17,2018-04-18,24.91,False
18,2018-04-19,29.150000000000002,False
19,2018-04-20,29.150000000000002,False
20,2018-04-21,9.01,False
21,2018-04-22,6.36,False
22,2018-04-23,32.33,False
23,2018-04-24,24.380000000000003,False
24,2018-04-25,40.28,False
25,2018-04-26,31.270000000000003,False
26,2018-04-27,35.510000000000005,False
27,2018-04-28,4.24,False
28,2018-04-29,7.42,False
29,2018-04-30,32.33,False
0,2018-05-01,21.599999999999998,False
1,2018-05-02,14.399999999999999,False
2,2018-05-03,11.52,False
3,2018-05-04,19.439999999999998,False
4,2018-05-05,5.76,False
5,2018-05-06,4.32,False
6,2018-05-07,11.52,False
7,2018-05-08,24.48,False
8,2018-05-09,45.36,False
9,2018-05-10,43.199999999999996,False
10,2018-05-11,33.839999999999996,False
11,2018-05-12,12.24,False
12,2018-05-13,5.04,False
13,2018-05-14,31.68,False
14,2018-05-15,31.68,False
15,2018-05-16,38.879999999999995,False
16,2018-05-17,72.0,False
17,2018-05-18,42.48,False
18,2018-05-19,7.199999999999999,False
19,2018-05-20,2.16,False
20,2018-05-21,34.56,False
21,2018-05-22,18.72,False
22,2018-05-23,20.16,False
23,2018-05-24,22.32,False
24,2018-05-25,23.04,False
25,2018-05-26,5.04,False
26,2018-05-27,5.76,False
27,2018-05-28,3.5999999999999996,False
28,2018-05-29,10.08,False
29,2018-05-30,18.72,False
30,2018-05-31,19.439999999999998,False
0,2018-06-01,21.56,False
1,2018-06-02,12.25,False
2,2018-06-03,8.82,False
3,2018-06-04,38.71,False
4,2018-06-05,44.1,False
5,2018-06-06,32.83,False
6,2018-06-07,32.83,False
7,2018-06-08,26.46,False
8,2018-06-09,1.96,False
9,2018-06-10,6.859999999999999,False
10,2018-06-11,23.03,False
11,2018-06-12,32.83,False
12,2018-06-13,49.0,False
13,2018-06-14,35.28,False
14,2018-06-15,27.93,False
15,2018-06-16,6.859999999999999,False
16,2018-06-17,0.0,False
17,2018-06-18,27.93,False
18,2018-06-19,22.05,False
19,2018-06-20,29.4,False
20,2018-06-21,22.05,False
21,2018-06-22,25.97,False
22,2018-06-23,10.29,False
23,2018-06-24,1.47,False
24,2018-06-25,27.439999999999998,False
25,2018-06-26,40.67,False
26,2018-06-27,24.009999999999998,False
27,2018-06-28,28.419999999999998,False
28,2018-06-29,22.05,False
29,2018-06-30,3.4299999999999997,False
0,2018-07-01,4.800000000000001,False
1,2018-07-02,18.0,False
2,2018-07-03,21.6,False
3,2018-07-04,10.0,False
4,2018-07-05,24.400000000000002,False
5,2018-07-06,28.0,False
6,2018-07-07,10.8,False
7,2018-07-08,5.6000000000000005,False
8,2018-07-09,24.0,False
9,2018-07-10,26.8,False
10,2018-07-11,37.6,False
11,2018-07-12,27.200000000000003,False
12,2018-07-13,30.400000000000002,False
13,2018-07-14,4.0,False
14,2018-07-15,4.0,False
15,2018-07-16,24.8,False
16,2018-07-17,40.0,False
17,2018-07-18,26.8,False
18,2018-07-19,33.2,False
19,2018-07-20,27.200000000000003,False
20,2018-07-21,10.8,False
21,2018-07-22,4.0,False
22,2018-07-23,16.400000000000002,False
23,2018-07-24,22.400000000000002,False
24,2018-07-25,18.400000000000002,False
25,2018-07-26,35.2,False
26,2018-07-27,33.2,False
27,2018-07-28,4.0,False
28,2018-07-29,2.4000000000000004,False
29,2018-07-30,31.6,False
30,2018-07-31,31.200000000000003,False
0,2018-08-01,13.860000000000001,False
1,2018-08-02,8.58,False
2,2018-08-03,15.84,False
3,2018-08-04,3.96,False
4,2018-08-05,1.32,False
5,2018-08-06,10.56,False
6,2018-08-07,23.1,False
7,2018-08-08,11.22,False
8,2018-08-09,13.200000000000001,False
9,2018-08-10,10.56,False
10,2018-08-11,7.260000000000001,False
11,2018-08-12,1.98,False
12,2018-08-13,12.540000000000001,False
13,2018-08-14,11.88,False
14,2018-08-15,14.520000000000001,False
15,2018-08-16,66.0,False
16,2018-08-17,29.040000000000003,False
17,2018-08-18,5.28,False
18,2018-08-19,4.62,False
19,2018-08-20,21.12,False
20,2018-08-21,22.44,False
21,2018-08-22,21.12,False
22,2018-08-23,19.8,False
23,2018-08-24,15.84,False
24,2018-08-25,6.6000000000000005,False
25,2018-08-26,4.62,False
26,2018-08-27,20.46,False
27,2018-08-28,17.82,False
28,2018-08-29,15.180000000000001,False
29,2018-08-30,16.5,False
30,2018-08-31,15.180000000000001,False
0,2018-09-01,2.59,False
1,2018-09-02,5.92,False
2,2018-09-03,7.77,False
3,2018-09-04,34.04,False
4,2018-09-05,37.0,False
5,2018-09-06,32.19,False
6,2018-09-07,25.53,False
7,2018-09-08,5.92,False
8,2018-09-09,5.18,False
9,2018-09-10,26.27,False
10,2018-09-11,31.82,False
11,2018-09-12,22.94,False
12,2018-09-13,36.63,False
13,2018-09-14,31.08,False
14,2018-09-15,5.18,False
15,2018-09-16,8.51,False
16,2018-09-17,27.009999999999998,False
17,2018-09-18,25.9,False
18,2018-09-19,36.63,False
19,2018-09-20,35.519999999999996,False
20,2018-09-21,28.12,False
21,2018-09-22,8.51,False
22,2018-09-23,4.07,False
23,2018-09-24,24.419999999999998,False
24,2018-09-25,17.759999999999998,False
25,2018-09-26,22.2,False
26,2018-09-27,21.09,False
27,2018-09-28,27.38,False
28,2018-09-29,5.18,False
29,2018-09-30,3.33,False
0,2018-10-01,23.46,False
1,2018-10-02,26.68,False
2,2018-10-03,21.16,False
3,2018-10-04,16.1,False
4,2018-10-05,16.1,False
5,2018-10-06,5.5200000000000005,False
6,2018-10-07,2.7600000000000002,False
7,2018-10-08,22.080000000000002,False
8,2018-10-09,32.2,False
9,2018-10-10,28.060000000000002,False
10,2018-10-11,34.96,False
11,2018-10-12,28.52,False
12,2018-10-13,4.6000000000000005,False
13,2018-10-14,1.3800000000000001,False
14,2018-10-15,17.02,False
15,2018-10-16,46.0,False
16,2018-10-17,27.14,False
17,2018-10-18,23.46,False
18,2018-10-19,39.1,False
19,2018-10-20,3.68,False
20,2018-10-21,2.3000000000000003,False
21,2018-10-22,18.400000000000002,False
22,2018-10-23,23.92,False
23,2018-10-24,23.0,False
24,2018-10-25,30.82,False
25,2018-10-26,38.64,False
26,2018-10-27,11.040000000000001,False
27,2018-10-28,4.6000000000000005,False
28,2018-10-29,24.380000000000003,False
29,2018-10-30,32.660000000000004,False
30,2018-10-31,41.4,False
0,2018-11-01,22.0,False
1,2018-11-02,22.55,False
2,2018-11-03,3.8500000000000005,False
3,2018-11-04,2.75,False
4,2018-11-05,22.0,False
5,2018-11-06,28.05,False
6,2018-11-07,22.0,False
7,2018-11-08,25.85,False
8,2018-11-09,26.950000000000003,False
9,2018-11-10,12.65,False
10,2018-11-11,2.2,False
11,2018-11-12,19.25,False
12,2018-11-13,28.6,False
13,2018-11-14,28.05,False
14,2018-11-15,55.00000000000001,False
15,2018-11-16,29.700000000000003,False
16,2018-11-17,8.8,False
17,2018-11-18,3.3000000000000003,False
18,2018-11-19,19.8,False
19,2018-11-20,25.3,False
20,2018-11-21,27.500000000000004,False
21,2018-11-22,6.6000000000000005,False
22,2018-11-23,15.950000000000001,False
23,2018-11-24,3.3000000000000003,False
24,2018-11-25,2.2,False
25,2018-11-26,17.6,False
26,2018-11-27,23.650000000000002,False
27,2018-11-28,31.35,False
28,2018-11-29,22.55,False
29,2018-11-30,28.6,False
0,2018-12-01,5.739999999999999,False
1,2018-12-02,4.92,False
2,2018-12-03,25.009999999999998,False
3,2018-12-04,35.26,False
4,2018-12-05,13.53,False
5,2018-12-06,29.93,False
6,2018-12-07,32.39,False
7,2018-12-08,10.25,False
8,2018-12-09,4.92,False
9,2018-12-10,23.779999999999998,False
10,2018-12-11,18.86,False
11,2018-12-12,23.779999999999998,False
12,2018-12-13,28.7,False
13,2018-12-14,24.189999999999998,False
14,2018-12-15,7.789999999999999,False
15,2018-12-16,6.56,False
16,2018-12-17,23.369999999999997,False
17,2018-12-18,29.11,False
18,2018-12-19,22.139999999999997,False
19,2018-12-20,30.34,False
20,2018-12-21,25.83,False
21,2018-12-22,17.22,False
22,2018-12-23,8.2,False
23,2018-12-24,19.27,False
24,2018-12-25,7.38,False
25,2018-12-26,36.08,False
26,2018-12-27,28.29,False
27,2018-12-28,41.0,False
28,2018-12-29,10.25,False
29,2018-12-30,5.33,False
30,2018-12-31,29.93,False
0,2019-01-01,9.99,False
1,2019-01-02,21.46,False
2,2019-01-03,34.78,False
3,2019-01-04,32.93,False
4,2019-01-05,4.81,False
5,2019-01-06,4.81,False
6,2019-01-07,17.759999999999998,False
7,2019-01-08,29.97,False
8,2019-01-09,20.72,False
9,2019-01-10,19.24,False
10,2019-01-11,26.64,False
11,2019-01-12,1.48,False
12,2019-01-13,4.4399999999999995,False
13,2019-01-14,10.73,False
14,2019-01-15,18.87,False
15,2019-01-16,27.009999999999998,False
16,2019-01-17,24.419999999999998,False
17,2019-01-18,16.65,False
18,2019-01-19,2.96,False
19,2019-01-20,1.48,False
20,2019-01-21,10.73,False
21,2019-01-22,25.53,False
22,2019-01-23,28.86,False
23,2019-01-24,30.34,False
24,2019-01-25,27.75,False
25,2019-01-26,9.25,False
26,2019-01-27,1.48,False
27,2019-01-28,7.77,False
28,2019-01-29,17.02,False
29,2019-01-30,37.0,False
30,2019-01-31,28.12,False
0,2019-02-01,12.75,False
1,2019-02-02,3.5700000000000003,False
2,2019-02-03,4.08,False
3,2019-02-04,7.140000000000001,False
4,2019-02-05,10.2,False
5,2019-02-06,10.2,False
6,2019-02-07,8.16,False
7,2019-02-08,8.67,False
8,2019-02-09,3.06,False
9,2019-02-10,1.53,False
10,2019-02-11,10.2,False
11,2019-02-12,14.790000000000001,False
12,2019-02-13,11.22,False
13,2019-02-14,13.77,False
14,2019-02-15,15.81,False
15,2019-02-16,5.1,False
16,2019-02-17,3.06,False
17,2019-02-18,5.1,False
18,2019-02-19,51.0,False
19,2019-02-20,26.01,False
20,2019-02-21,20.4,False
21,2019-02-22,17.34,False
22,2019-02-23,5.61,False
23,2019-02-24,3.06,False
24,2019-02-25,14.280000000000001,False
25,2019-02-26,19.38,False
26,2019-02-27,15.81,False
27,2019-02-28,10.2,False
0,2019-03-01,31.59,False
1,2019-03-02,8.19,False
2,2019-03-03,5.07,False
3,2019-03-04,21.84,False
4,2019-03-05,39.0,False
5,2019-03-06,24.18,False
6,2019-03-07,35.1,False
7,2019-03-08,33.15,False
8,2019-03-09,8.19,False
9,2019-03-10,12.870000000000001,False
10,2019-03-11,21.84,False
11,2019-03-12,24.18,False
12,2019-03-13,19.89,False
13,2019-03-14,23.01,False
14,2019-03-15,31.200000000000003,False
15,2019-03-16,5.07,False
16,2019-03-17,6.63,False
